{"name":{"0":"ENS_SIZE_QDO_0","1":"ENS_SIZE_QDO_1","2":"ENS_SIZE_QDO_2","3":"ENS_SIZE_QDO_3","4":"ENS_SIZE_QDO_4","5":"ENS_SIZE_QDO_5","6":"ENS_SIZE_QDO_6","7":"ENS_SIZE_QDO_7","8":"ENS_SIZE_QDO_8","9":"ENS_SIZE_QDO_9","10":"ENS_SIZE_QDO_10","11":"ENS_SIZE_QDO_11","12":"ENS_SIZE_QDO_12","13":"ENS_SIZE_QDO_13","14":"ENS_SIZE_QDO_14","15":"ENS_SIZE_QDO_15","16":"ENS_SIZE_QDO_16","17":"ENS_SIZE_QDO_17","18":"ENS_SIZE_QDO_18","19":"ENS_SIZE_QDO_19","20":"ENS_SIZE_QDO_20","21":"ENS_SIZE_QDO_21","22":"ENS_SIZE_QDO_22","23":"ENS_SIZE_QDO_23","24":"ENS_SIZE_QDO_24","25":"ENS_SIZE_QDO_25","26":"ENS_SIZE_QDO_26","27":"ENS_SIZE_QDO_27","28":"ENS_SIZE_QDO_28","29":"ENS_SIZE_QDO_29","30":"ENS_SIZE_QDO_30","31":"ENS_SIZE_QDO_31","32":"ENS_SIZE_QDO_32","33":"ENS_SIZE_QDO_33","34":"ENS_SIZE_QDO_34","35":"ENS_SIZE_QDO_35","36":"ENS_SIZE_QDO_36"},"roc_auc_val":{"0":0.9132356236,"1":0.9137886712,"2":0.9128120242,"3":0.9128940979,"4":0.9116534947,"5":0.9034241586,"6":0.9154985291,"7":0.9055610085,"8":0.9104478404,"9":0.9097121914,"10":0.9083840647,"11":0.9155603596,"12":0.9156080467,"13":0.9124578725,"14":0.913352889,"15":0.9131845637,"16":0.9047857838,"17":0.9144472202,"18":0.904823627,"19":0.9096169838,"20":0.9071221908,"21":0.9156238055,"22":0.9098323028,"23":0.9149568472,"24":0.9122019937,"25":0.9041565944,"26":0.9159275298,"27":0.9105974646,"28":0.91039185,"29":0.8866216609,"30":0.9157709282,"31":0.9071603067,"32":0.8920189221,"33":0.9134086243,"34":0.913828815,"35":0.8996158013,"36":0.9108902251},"roc_auc_test":{"0":0.9247167935,"1":0.9268889945,"2":0.9274460113,"3":0.9261882539,"4":0.9293658517,"5":0.9322065189,"6":0.9265399573,"7":0.9263044993,"8":0.9294381104,"9":0.9288733509,"10":0.9297658123,"11":0.9271621698,"12":0.9278817059,"13":0.9243797492,"14":0.925630297,"15":0.9258392167,"16":0.9288656082,"17":0.9272717593,"18":0.9261757074,"19":0.9232121389,"20":0.9296678089,"21":0.9276223961,"22":0.9302344283,"23":0.9259886767,"24":0.91954178,"25":0.9263723612,"26":0.9263774379,"27":0.929695267,"28":0.9168434974,"29":0.9308391818,"30":0.9272722925,"31":0.9201606825,"32":0.9180676536,"33":0.9268109997,"34":0.9252686073,"35":0.9258012186,"36":0.9235570396},"models_used":{"0":["KNeighbors_r49_BAG_L1","LightGBM_r144_BAG_L1","LightGBM_r5_BAG_L1","NeuralNetFastAI_r156_BAG_L1","NeuralNetFastAI_r188_BAG_L1","NeuralNetFastAI_r2_BAG_L1","NeuralNetTorch_r105_BAG_L1","NeuralNetTorch_r11_BAG_L1","NeuralNetTorch_r145_BAG_L1","NeuralNetTorch_r1_BAG_L1","NeuralNetTorch_r29_BAG_L1","NeuralNetTorch_r49_BAG_L1"],"1":["LightGBM_r144_BAG_L1","LightGBM_r173_BAG_L1","LightGBM_r27_BAG_L1","LightGBM_r5_BAG_L1","NeuralNetFastAI_r156_BAG_L1","NeuralNetFastAI_r188_BAG_L1","NeuralNetTorch_r105_BAG_L1","NeuralNetTorch_r11_BAG_L1","NeuralNetTorch_r1_BAG_L1","NeuralNetTorch_r29_BAG_L1","NeuralNetTorch_r49_BAG_L1"],"2":["LightGBM_r126_BAG_L1","LightGBM_r144_BAG_L1","NeuralNetFastAI_r156_BAG_L1","NeuralNetFastAI_r188_BAG_L1","NeuralNetTorch_r105_BAG_L1","NeuralNetTorch_r11_BAG_L1","NeuralNetTorch_r49_BAG_L1"],"3":["LightGBM_r144_BAG_L1","LightGBM_r5_BAG_L1","NeuralNetFastAI_r156_BAG_L1","NeuralNetFastAI_r188_BAG_L1","NeuralNetTorch_r105_BAG_L1","NeuralNetTorch_r11_BAG_L1","NeuralNetTorch_r49_BAG_L1"],"4":["ExtraTrees_r68_BAG_L1","KNeighbors_r48_BAG_L1","KNeighbors_r49_BAG_L1","LightGBM_r144_BAG_L1","LightGBM_r5_BAG_L1","NeuralNetFastAI_r114_BAG_L1","NeuralNetFastAI_r155_BAG_L1","NeuralNetFastAI_r156_BAG_L1","NeuralNetFastAI_r188_BAG_L1","NeuralNetFastAI_r21_BAG_L1","NeuralNetFastAI_r2_BAG_L1","NeuralNetTorch_r105_BAG_L1","NeuralNetTorch_r117_BAG_L1","NeuralNetTorch_r11_BAG_L1","NeuralNetTorch_r148_BAG_L1","NeuralNetTorch_r166_BAG_L1","NeuralNetTorch_r1_BAG_L1","NeuralNetTorch_r29_BAG_L1","NeuralNetTorch_r49_BAG_L1","NeuralNetTorch_r77_BAG_L1"],"5":["LightGBM_r116_BAG_L1","NeuralNetFastAI_r160_BAG_L1"],"6":["KNeighbors_r48_BAG_L1","LightGBM_r126_BAG_L1","LightGBM_r144_BAG_L1","LightGBM_r27_BAG_L1","LightGBM_r5_BAG_L1","NeuralNetFastAI_r156_BAG_L1","NeuralNetFastAI_r188_BAG_L1","NeuralNetFastAI_r9_BAG_L1","NeuralNetTorch_r105_BAG_L1","NeuralNetTorch_r11_BAG_L1","NeuralNetTorch_r121_BAG_L1","NeuralNetTorch_r144_BAG_L1","NeuralNetTorch_r145_BAG_L1","NeuralNetTorch_r166_BAG_L1","NeuralNetTorch_r1_BAG_L1","NeuralNetTorch_r29_BAG_L1","NeuralNetTorch_r49_BAG_L1","NeuralNetTorch_r57_BAG_L1","NeuralNetTorch_r77_BAG_L1","NeuralNetTorch_r95_BAG_L1","XGBoost_r94_BAG_L1"],"7":["CatBoost_r83_BAG_L1","NeuralNetFastAI_r18_BAG_L1","NeuralNetTorch_r105_BAG_L1","NeuralNetTorch_r126_BAG_L1","NeuralNetTorch_r194_BAG_L1","NeuralNetTorch_r197_BAG_L1","NeuralNetTorch_r29_BAG_L1","XGBoost_r190_BAG_L1"],"8":["ExtraTrees_r68_BAG_L1","KNeighbors_r49_BAG_L1","LightGBM_r102_BAG_L1","LightGBM_r144_BAG_L1","LightGBM_r5_BAG_L1","NeuralNetFastAI_r156_BAG_L1","NeuralNetFastAI_r188_BAG_L1","NeuralNetFastAI_r21_BAG_L1","NeuralNetFastAI_r2_BAG_L1","NeuralNetTorch_r105_BAG_L1","NeuralNetTorch_r11_BAG_L1","NeuralNetTorch_r1_BAG_L1","NeuralNetTorch_r49_BAG_L1"],"9":["LightGBM_r144_BAG_L1","LightGBM_r79_BAG_L1","NeuralNetFastAI_r156_BAG_L1","NeuralNetTorch_r105_BAG_L1","NeuralNetTorch_r11_BAG_L1","NeuralNetTorch_r49_BAG_L1","NeuralNetTorch_r77_BAG_L1"],"10":["CatBoost_r8_BAG_L1","ExtraTrees_r68_BAG_L1","KNeighbors_r42_BAG_L1","KNeighbors_r49_BAG_L1","LightGBM_r144_BAG_L1","LightGBM_r39_BAG_L1","LightGBM_r5_BAG_L1","NeuralNetFastAI_r114_BAG_L1","NeuralNetFastAI_r155_BAG_L1","NeuralNetFastAI_r156_BAG_L1","NeuralNetFastAI_r188_BAG_L1","NeuralNetFastAI_r21_BAG_L1","NeuralNetFastAI_r2_BAG_L1","NeuralNetFastAI_r65_BAG_L1","NeuralNetFastAI_r93_BAG_L1","NeuralNetTorch_r103_BAG_L1","NeuralNetTorch_r105_BAG_L1","NeuralNetTorch_r11_BAG_L1","NeuralNetTorch_r1_BAG_L1","NeuralNetTorch_r49_BAG_L1","NeuralNetTorch_r79_BAG_L1","NeuralNetTorch_r97_BAG_L1"],"11":["KNeighbors_r48_BAG_L1","LightGBM_r102_BAG_L1","LightGBM_r126_BAG_L1","LightGBM_r144_BAG_L1","LightGBM_r5_BAG_L1","NeuralNetFastAI_r156_BAG_L1","NeuralNetFastAI_r188_BAG_L1","NeuralNetFastAI_r9_BAG_L1","NeuralNetTorch_r105_BAG_L1","NeuralNetTorch_r11_BAG_L1","NeuralNetTorch_r121_BAG_L1","NeuralNetTorch_r144_BAG_L1","NeuralNetTorch_r145_BAG_L1","NeuralNetTorch_r166_BAG_L1","NeuralNetTorch_r1_BAG_L1","NeuralNetTorch_r29_BAG_L1","NeuralNetTorch_r49_BAG_L1","NeuralNetTorch_r57_BAG_L1","NeuralNetTorch_r77_BAG_L1","NeuralNetTorch_r95_BAG_L1","XGBoost_r94_BAG_L1"],"12":["KNeighbors_r48_BAG_L1","LightGBM_r126_BAG_L1","LightGBM_r144_BAG_L1","LightGBM_r157_BAG_L1","LightGBM_r5_BAG_L1","NeuralNetFastAI_r156_BAG_L1","NeuralNetFastAI_r188_BAG_L1","NeuralNetFastAI_r9_BAG_L1","NeuralNetTorch_r105_BAG_L1","NeuralNetTorch_r115_BAG_L1","NeuralNetTorch_r11_BAG_L1","NeuralNetTorch_r121_BAG_L1","NeuralNetTorch_r144_BAG_L1","NeuralNetTorch_r145_BAG_L1","NeuralNetTorch_r166_BAG_L1","NeuralNetTorch_r1_BAG_L1","NeuralNetTorch_r29_BAG_L1","NeuralNetTorch_r49_BAG_L1","NeuralNetTorch_r57_BAG_L1","NeuralNetTorch_r77_BAG_L1","NeuralNetTorch_r95_BAG_L1","XGBoost_r94_BAG_L1"],"13":["LightGBM_r144_BAG_L1","LightGBM_r27_BAG_L1","LightGBM_r5_BAG_L1","NeuralNetFastAI_r156_BAG_L1","NeuralNetFastAI_r188_BAG_L1","NeuralNetTorch_r105_BAG_L1","NeuralNetTorch_r11_BAG_L1","NeuralNetTorch_r49_BAG_L1"],"14":["LightGBM_r144_BAG_L1","LightGBM_r5_BAG_L1","NeuralNetFastAI_r156_BAG_L1","NeuralNetFastAI_r188_BAG_L1","NeuralNetTorch_r105_BAG_L1","NeuralNetTorch_r11_BAG_L1","NeuralNetTorch_r1_BAG_L1","NeuralNetTorch_r29_BAG_L1","NeuralNetTorch_r49_BAG_L1"],"15":["LightGBM_r144_BAG_L1","LightGBM_r5_BAG_L1","NeuralNetFastAI_r156_BAG_L1","NeuralNetFastAI_r188_BAG_L1","NeuralNetTorch_r105_BAG_L1","NeuralNetTorch_r11_BAG_L1","NeuralNetTorch_r1_BAG_L1","NeuralNetTorch_r49_BAG_L1"],"16":["LightGBM_r140_BAG_L1","NeuralNetTorch_r103_BAG_L1"],"17":["KNeighbors_r48_BAG_L1","LightGBM_r144_BAG_L1","LightGBM_r5_BAG_L1","NeuralNetFastAI_r156_BAG_L1","NeuralNetFastAI_r188_BAG_L1","NeuralNetTorch_r105_BAG_L1","NeuralNetTorch_r11_BAG_L1","NeuralNetTorch_r144_BAG_L1","NeuralNetTorch_r145_BAG_L1","NeuralNetTorch_r166_BAG_L1","NeuralNetTorch_r1_BAG_L1","NeuralNetTorch_r29_BAG_L1","NeuralNetTorch_r49_BAG_L1","NeuralNetTorch_r77_BAG_L1","XGBoost_r94_BAG_L1"],"18":["NeuralNetTorch_r144_BAG_L1","XGBoost_r94_BAG_L1"],"19":["KNeighbors_r49_BAG_L1","LightGBM_r144_BAG_L1","NeuralNetFastAI_r156_BAG_L1","NeuralNetFastAI_r2_BAG_L1","NeuralNetTorch_r105_BAG_L1","NeuralNetTorch_r11_BAG_L1","NeuralNetTorch_r42_BAG_L1","NeuralNetTorch_r49_BAG_L1"],"20":["LightGBM_r144_BAG_L1","NeuralNetTorch_r105_BAG_L1"],"21":["KNeighbors_r48_BAG_L1","LightGBM_r126_BAG_L1","LightGBM_r144_BAG_L1","LightGBM_r5_BAG_L1","NeuralNetFastAI_r156_BAG_L1","NeuralNetFastAI_r188_BAG_L1","NeuralNetFastAI_r9_BAG_L1","NeuralNetTorch_r105_BAG_L1","NeuralNetTorch_r115_BAG_L1","NeuralNetTorch_r11_BAG_L1","NeuralNetTorch_r121_BAG_L1","NeuralNetTorch_r144_BAG_L1","NeuralNetTorch_r145_BAG_L1","NeuralNetTorch_r166_BAG_L1","NeuralNetTorch_r1_BAG_L1","NeuralNetTorch_r29_BAG_L1","NeuralNetTorch_r49_BAG_L1","NeuralNetTorch_r57_BAG_L1","NeuralNetTorch_r77_BAG_L1","NeuralNetTorch_r95_BAG_L1","XGBoost_r94_BAG_L1"],"22":["LightGBM_r126_BAG_L1","LightGBM_r144_BAG_L1","LightGBM_r85_BAG_L1","LightGBM_r89_BAG_L1","NeuralNetFastAI_r156_BAG_L1","NeuralNetFastAI_r188_BAG_L1","NeuralNetTorch_r105_BAG_L1","NeuralNetTorch_r11_BAG_L1","NeuralNetTorch_r49_BAG_L1","NeuralNetTorch_r77_BAG_L1"],"23":["KNeighbors_r48_BAG_L1","KNeighbors_r49_BAG_L1","LightGBM_r126_BAG_L1","LightGBM_r144_BAG_L1","LightGBM_r27_BAG_L1","LightGBM_r5_BAG_L1","NeuralNetFastAI_r156_BAG_L1","NeuralNetFastAI_r188_BAG_L1","NeuralNetFastAI_r2_BAG_L1","NeuralNetFastAI_r74_BAG_L1","NeuralNetFastAI_r9_BAG_L1","NeuralNetTorch_r105_BAG_L1","NeuralNetTorch_r115_BAG_L1","NeuralNetTorch_r117_BAG_L1","NeuralNetTorch_r11_BAG_L1","NeuralNetTorch_r121_BAG_L1","NeuralNetTorch_r144_BAG_L1","NeuralNetTorch_r145_BAG_L1","NeuralNetTorch_r166_BAG_L1","NeuralNetTorch_r1_BAG_L1","NeuralNetTorch_r29_BAG_L1","NeuralNetTorch_r49_BAG_L1","NeuralNetTorch_r57_BAG_L1","NeuralNetTorch_r77_BAG_L1","NeuralNetTorch_r95_BAG_L1","XGBoost_r94_BAG_L1"],"24":["KNeighbors_r38_BAG_L1","LightGBM_r144_BAG_L1","NeuralNetFastAI_r156_BAG_L1","NeuralNetFastAI_r188_BAG_L1","NeuralNetTorch_r105_BAG_L1","NeuralNetTorch_r11_BAG_L1","NeuralNetTorch_r126_BAG_L1","NeuralNetTorch_r197_BAG_L1","NeuralNetTorch_r49_BAG_L1"],"25":["NeuralNetTorch_r29_BAG_L1","XGBoost_r190_BAG_L1"],"26":["KNeighbors_r48_BAG_L1","LightGBM_r126_BAG_L1","LightGBM_r144_BAG_L1","LightGBM_r27_BAG_L1","LightGBM_r5_BAG_L1","NeuralNetFastAI_r156_BAG_L1","NeuralNetFastAI_r188_BAG_L1","NeuralNetFastAI_r74_BAG_L1","NeuralNetFastAI_r9_BAG_L1","NeuralNetTorch_r105_BAG_L1","NeuralNetTorch_r115_BAG_L1","NeuralNetTorch_r11_BAG_L1","NeuralNetTorch_r121_BAG_L1","NeuralNetTorch_r144_BAG_L1","NeuralNetTorch_r145_BAG_L1","NeuralNetTorch_r166_BAG_L1","NeuralNetTorch_r1_BAG_L1","NeuralNetTorch_r29_BAG_L1","NeuralNetTorch_r49_BAG_L1","NeuralNetTorch_r57_BAG_L1","NeuralNetTorch_r66_BAG_L1","NeuralNetTorch_r77_BAG_L1","NeuralNetTorch_r95_BAG_L1","XGBoost_r94_BAG_L1"],"27":["LightGBM_r144_BAG_L1","NeuralNetFastAI_r14_BAG_L1","NeuralNetFastAI_r156_BAG_L1","NeuralNetTorch_r105_BAG_L1","NeuralNetTorch_r11_BAG_L1","NeuralNetTorch_r49_BAG_L1","NeuralNetTorch_r77_BAG_L1"],"28":["KNeighbors_r38_BAG_L1","LightGBM_r144_BAG_L1","NeuralNetFastAI_r156_BAG_L1","NeuralNetFastAI_r188_BAG_L1","NeuralNetTorch_r105_BAG_L1","NeuralNetTorch_r11_BAG_L1","NeuralNetTorch_r49_BAG_L1"],"29":["NeuralNetFastAI_r114_BAG_L1","NeuralNetFastAI_r155_BAG_L1"],"30":["KNeighbors_r48_BAG_L1","LightGBM_r126_BAG_L1","LightGBM_r144_BAG_L1","LightGBM_r27_BAG_L1","LightGBM_r5_BAG_L1","NeuralNetFastAI_r156_BAG_L1","NeuralNetFastAI_r188_BAG_L1","NeuralNetFastAI_r74_BAG_L1","NeuralNetFastAI_r9_BAG_L1","NeuralNetTorch_r105_BAG_L1","NeuralNetTorch_r115_BAG_L1","NeuralNetTorch_r11_BAG_L1","NeuralNetTorch_r121_BAG_L1","NeuralNetTorch_r144_BAG_L1","NeuralNetTorch_r145_BAG_L1","NeuralNetTorch_r166_BAG_L1","NeuralNetTorch_r1_BAG_L1","NeuralNetTorch_r29_BAG_L1","NeuralNetTorch_r49_BAG_L1","NeuralNetTorch_r57_BAG_L1","NeuralNetTorch_r77_BAG_L1","NeuralNetTorch_r95_BAG_L1","XGBoost_r94_BAG_L1"],"31":["KNeighbors_r49_BAG_L1","LightGBM_r144_BAG_L1","NeuralNetFastAI_r156_BAG_L1","NeuralNetFastAI_r2_BAG_L1","NeuralNetTorch_r105_BAG_L1","NeuralNetTorch_r11_BAG_L1","NeuralNetTorch_r49_BAG_L1"],"32":["NeuralNetFastAI_r170_BAG_L1","NeuralNetTorch_r150_BAG_L1"],"33":["LightGBM_r144_BAG_L1","LightGBM_r173_BAG_L1","LightGBM_r5_BAG_L1","NeuralNetFastAI_r156_BAG_L1","NeuralNetFastAI_r188_BAG_L1","NeuralNetTorch_r105_BAG_L1","NeuralNetTorch_r11_BAG_L1","NeuralNetTorch_r1_BAG_L1","NeuralNetTorch_r29_BAG_L1","NeuralNetTorch_r49_BAG_L1"],"34":["KNeighbors_r48_BAG_L1","KNeighbors_r49_BAG_L1","LightGBM_r126_BAG_L1","LightGBM_r144_BAG_L1","LightGBM_r5_BAG_L1","NeuralNetFastAI_r156_BAG_L1","NeuralNetFastAI_r188_BAG_L1","NeuralNetFastAI_r2_BAG_L1","NeuralNetTorch_r105_BAG_L1","NeuralNetTorch_r11_BAG_L1","NeuralNetTorch_r121_BAG_L1","NeuralNetTorch_r144_BAG_L1","NeuralNetTorch_r145_BAG_L1","NeuralNetTorch_r166_BAG_L1","NeuralNetTorch_r1_BAG_L1","NeuralNetTorch_r29_BAG_L1","NeuralNetTorch_r49_BAG_L1","NeuralNetTorch_r57_BAG_L1","NeuralNetTorch_r77_BAG_L1","NeuralNetTorch_r95_BAG_L1","XGBoost_r94_BAG_L1"],"35":["NeuralNetTorch_r144_BAG_L1","NeuralNetTorch_r51_BAG_L1","XGBoost_r94_BAG_L1"],"36":["KNeighbors_r49_BAG_L1","LightGBM_r144_BAG_L1","NeuralNetFastAI_r156_BAG_L1","NeuralNetFastAI_r2_BAG_L1","NeuralNetTorch_r105_BAG_L1","NeuralNetTorch_r117_BAG_L1","NeuralNetTorch_r11_BAG_L1","NeuralNetTorch_r165_BAG_L1","NeuralNetTorch_r49_BAG_L1"]},"weights":{"0":[0.0833333333,0.0833333333,0.0833333333,0.0833333333,0.0833333333,0.0833333333,0.0833333333,0.0833333333,0.0833333333,0.0833333333,0.0833333333,0.0833333333],"1":[0.0909090909,0.0909090909,0.0909090909,0.0909090909,0.0909090909,0.0909090909,0.0909090909,0.0909090909,0.0909090909,0.0909090909,0.0909090909],"2":[0.1428571429,0.1428571429,0.1428571429,0.1428571429,0.1428571429,0.1428571429,0.1428571429],"3":[0.1428571429,0.1428571429,0.1428571429,0.1428571429,0.1428571429,0.1428571429,0.1428571429],"4":[0.05,0.05,0.05,0.05,0.05,0.05,0.05,0.05,0.05,0.05,0.05,0.05,0.05,0.05,0.05,0.05,0.05,0.05,0.05,0.05],"5":[0.5,0.5],"6":[0.0476190476,0.0476190476,0.0476190476,0.0476190476,0.0476190476,0.0476190476,0.0476190476,0.0476190476,0.0476190476,0.0476190476,0.0476190476,0.0476190476,0.0476190476,0.0476190476,0.0476190476,0.0476190476,0.0476190476,0.0476190476,0.0476190476,0.0476190476,0.0476190476],"7":[0.125,0.125,0.125,0.125,0.125,0.125,0.125,0.125],"8":[0.0769230769,0.0769230769,0.0769230769,0.0769230769,0.0769230769,0.0769230769,0.0769230769,0.0769230769,0.0769230769,0.0769230769,0.0769230769,0.0769230769,0.0769230769],"9":[0.1428571429,0.1428571429,0.1428571429,0.1428571429,0.1428571429,0.1428571429,0.1428571429],"10":[0.0454545455,0.0454545455,0.0454545455,0.0454545455,0.0454545455,0.0454545455,0.0454545455,0.0454545455,0.0454545455,0.0454545455,0.0454545455,0.0454545455,0.0454545455,0.0454545455,0.0454545455,0.0454545455,0.0454545455,0.0454545455,0.0454545455,0.0454545455,0.0454545455,0.0454545455],"11":[0.0476190476,0.0476190476,0.0476190476,0.0476190476,0.0476190476,0.0476190476,0.0476190476,0.0476190476,0.0476190476,0.0476190476,0.0476190476,0.0476190476,0.0476190476,0.0476190476,0.0476190476,0.0476190476,0.0476190476,0.0476190476,0.0476190476,0.0476190476,0.0476190476],"12":[0.0454545455,0.0454545455,0.0454545455,0.0454545455,0.0454545455,0.0454545455,0.0454545455,0.0454545455,0.0454545455,0.0454545455,0.0454545455,0.0454545455,0.0454545455,0.0454545455,0.0454545455,0.0454545455,0.0454545455,0.0454545455,0.0454545455,0.0454545455,0.0454545455,0.0454545455],"13":[0.125,0.125,0.125,0.125,0.125,0.125,0.125,0.125],"14":[0.1111111111,0.1111111111,0.1111111111,0.1111111111,0.1111111111,0.1111111111,0.1111111111,0.1111111111,0.1111111111],"15":[0.125,0.125,0.125,0.125,0.125,0.125,0.125,0.125],"16":[0.5,0.5],"17":[0.0666666667,0.0666666667,0.0666666667,0.0666666667,0.0666666667,0.0666666667,0.0666666667,0.0666666667,0.0666666667,0.0666666667,0.0666666667,0.0666666667,0.0666666667,0.0666666667,0.0666666667],"18":[0.5,0.5],"19":[0.125,0.125,0.125,0.125,0.125,0.125,0.125,0.125],"20":[0.5,0.5],"21":[0.0476190476,0.0476190476,0.0476190476,0.0476190476,0.0476190476,0.0476190476,0.0476190476,0.0476190476,0.0476190476,0.0476190476,0.0476190476,0.0476190476,0.0476190476,0.0476190476,0.0476190476,0.0476190476,0.0476190476,0.0476190476,0.0476190476,0.0476190476,0.0476190476],"22":[0.1,0.1,0.1,0.1,0.1,0.1,0.1,0.1,0.1,0.1],"23":[0.0384615385,0.0384615385,0.0384615385,0.0384615385,0.0384615385,0.0384615385,0.0384615385,0.0384615385,0.0384615385,0.0384615385,0.0384615385,0.0384615385,0.0384615385,0.0384615385,0.0384615385,0.0384615385,0.0384615385,0.0384615385,0.0384615385,0.0384615385,0.0384615385,0.0384615385,0.0384615385,0.0384615385,0.0384615385,0.0384615385],"24":[0.1111111111,0.1111111111,0.1111111111,0.1111111111,0.1111111111,0.1111111111,0.1111111111,0.1111111111,0.1111111111],"25":[0.5,0.5],"26":[0.04,0.04,0.04,0.04,0.04,0.04,0.04,0.04,0.04,0.04,0.04,0.04,0.04,0.04,0.04,0.04,0.04,0.04,0.04,0.04,0.04,0.04,0.08,0.04],"27":[0.1428571429,0.1428571429,0.1428571429,0.1428571429,0.1428571429,0.1428571429,0.1428571429],"28":[0.1428571429,0.1428571429,0.1428571429,0.1428571429,0.1428571429,0.1428571429,0.1428571429],"29":[0.5,0.5],"30":[0.0416666667,0.0416666667,0.0416666667,0.0416666667,0.0416666667,0.0416666667,0.0416666667,0.0416666667,0.0416666667,0.0416666667,0.0416666667,0.0416666667,0.0416666667,0.0416666667,0.0416666667,0.0416666667,0.0416666667,0.0416666667,0.0416666667,0.0416666667,0.0416666667,0.0833333333,0.0416666667],"31":[0.1428571429,0.1428571429,0.1428571429,0.1428571429,0.1428571429,0.1428571429,0.1428571429],"32":[0.5,0.5],"33":[0.1,0.1,0.1,0.1,0.1,0.1,0.1,0.1,0.1,0.1],"34":[0.0476190476,0.0476190476,0.0476190476,0.0476190476,0.0476190476,0.0476190476,0.0476190476,0.0476190476,0.0476190476,0.0476190476,0.0476190476,0.0476190476,0.0476190476,0.0476190476,0.0476190476,0.0476190476,0.0476190476,0.0476190476,0.0476190476,0.0476190476,0.0476190476],"35":[0.3333333333,0.3333333333,0.3333333333],"36":[0.1111111111,0.1111111111,0.1111111111,0.1111111111,0.1111111111,0.1111111111,0.1111111111,0.1111111111,0.1111111111]},"meta":{"0":7,"1":7,"2":20,"3":25,"4":8,"5":26,"6":7,"7":7,"8":2,"9":7,"10":8,"11":9,"12":9,"13":8,"14":10,"15":22,"16":8,"17":2,"18":2,"19":2,"20":2,"21":2,"22":2,"23":7,"24":13,"25":12,"26":9,"27":22,"28":21,"29":15,"30":11,"31":21,"32":21,"33":3,"34":24,"35":21,"36":10},"task":{"0":"9926_1","1":"9926_1","2":"9926_1","3":"9926_1","4":"9926_1","5":"9926_1","6":"9926_1","7":"9926_1","8":"9926_1","9":"9926_1","10":"9926_1","11":"9926_1","12":"9926_1","13":"9926_1","14":"9926_1","15":"9926_1","16":"9926_1","17":"9926_1","18":"9926_1","19":"9926_1","20":"9926_1","21":"9926_1","22":"9926_1","23":"9926_1","24":"9926_1","25":"9926_1","26":"9926_1","27":"9926_1","28":"9926_1","29":"9926_1","30":"9926_1","31":"9926_1","32":"9926_1","33":"9926_1","34":"9926_1","35":"9926_1","36":"9926_1"},"dataset":{"0":"volcanoes-a4","1":"volcanoes-a4","2":"volcanoes-a4","3":"volcanoes-a4","4":"volcanoes-a4","5":"volcanoes-a4","6":"volcanoes-a4","7":"volcanoes-a4","8":"volcanoes-a4","9":"volcanoes-a4","10":"volcanoes-a4","11":"volcanoes-a4","12":"volcanoes-a4","13":"volcanoes-a4","14":"volcanoes-a4","15":"volcanoes-a4","16":"volcanoes-a4","17":"volcanoes-a4","18":"volcanoes-a4","19":"volcanoes-a4","20":"volcanoes-a4","21":"volcanoes-a4","22":"volcanoes-a4","23":"volcanoes-a4","24":"volcanoes-a4","25":"volcanoes-a4","26":"volcanoes-a4","27":"volcanoes-a4","28":"volcanoes-a4","29":"volcanoes-a4","30":"volcanoes-a4","31":"volcanoes-a4","32":"volcanoes-a4","33":"volcanoes-a4","34":"volcanoes-a4","35":"volcanoes-a4","36":"volcanoes-a4"},"fold":{"0":1,"1":1,"2":1,"3":1,"4":1,"5":1,"6":1,"7":1,"8":1,"9":1,"10":1,"11":1,"12":1,"13":1,"14":1,"15":1,"16":1,"17":1,"18":1,"19":1,"20":1,"21":1,"22":1,"23":1,"24":1,"25":1,"26":1,"27":1,"28":1,"29":1,"30":1,"31":1,"32":1,"33":1,"34":1,"35":1,"36":1},"method":{"0":"ENS_SIZE_QDO","1":"ENS_SIZE_QDO","2":"ENS_SIZE_QDO","3":"ENS_SIZE_QDO","4":"ENS_SIZE_QDO","5":"ENS_SIZE_QDO","6":"ENS_SIZE_QDO","7":"ENS_SIZE_QDO","8":"ENS_SIZE_QDO","9":"ENS_SIZE_QDO","10":"ENS_SIZE_QDO","11":"ENS_SIZE_QDO","12":"ENS_SIZE_QDO","13":"ENS_SIZE_QDO","14":"ENS_SIZE_QDO","15":"ENS_SIZE_QDO","16":"ENS_SIZE_QDO","17":"ENS_SIZE_QDO","18":"ENS_SIZE_QDO","19":"ENS_SIZE_QDO","20":"ENS_SIZE_QDO","21":"ENS_SIZE_QDO","22":"ENS_SIZE_QDO","23":"ENS_SIZE_QDO","24":"ENS_SIZE_QDO","25":"ENS_SIZE_QDO","26":"ENS_SIZE_QDO","27":"ENS_SIZE_QDO","28":"ENS_SIZE_QDO","29":"ENS_SIZE_QDO","30":"ENS_SIZE_QDO","31":"ENS_SIZE_QDO","32":"ENS_SIZE_QDO","33":"ENS_SIZE_QDO","34":"ENS_SIZE_QDO","35":"ENS_SIZE_QDO","36":"ENS_SIZE_QDO"}}