{"name":{"0":"ENS_SIZE_QDO_0","1":"ENS_SIZE_QDO_1","2":"ENS_SIZE_QDO_2","3":"ENS_SIZE_QDO_3","4":"ENS_SIZE_QDO_4","5":"ENS_SIZE_QDO_5","6":"ENS_SIZE_QDO_6","7":"ENS_SIZE_QDO_7","8":"ENS_SIZE_QDO_8","9":"ENS_SIZE_QDO_9","10":"ENS_SIZE_QDO_10","11":"ENS_SIZE_QDO_11","12":"ENS_SIZE_QDO_12","13":"ENS_SIZE_QDO_13","14":"ENS_SIZE_QDO_14","15":"ENS_SIZE_QDO_15","16":"ENS_SIZE_QDO_16","17":"ENS_SIZE_QDO_17","18":"ENS_SIZE_QDO_18","19":"ENS_SIZE_QDO_19","20":"ENS_SIZE_QDO_20","21":"ENS_SIZE_QDO_21","22":"ENS_SIZE_QDO_22","23":"ENS_SIZE_QDO_23","24":"ENS_SIZE_QDO_24","25":"ENS_SIZE_QDO_25","26":"ENS_SIZE_QDO_26","27":"ENS_SIZE_QDO_27","28":"ENS_SIZE_QDO_28","29":"ENS_SIZE_QDO_29","30":"ENS_SIZE_QDO_30","31":"ENS_SIZE_QDO_31","32":"ENS_SIZE_QDO_32","33":"ENS_SIZE_QDO_33","34":"ENS_SIZE_QDO_34","35":"ENS_SIZE_QDO_35","36":"ENS_SIZE_QDO_36","37":"ENS_SIZE_QDO_37","38":"ENS_SIZE_QDO_38"},"roc_auc_val":{"0":0.8981609878,"1":0.8939403944,"2":0.8958333333,"3":0.8870344691,"4":0.8964881581,"5":0.8967687973,"6":0.8910734724,"7":0.8822636027,"8":0.8863906498,"9":0.8967412837,"10":0.896246038,"11":0.895717776,"12":0.8778339056,"13":0.8971870048,"14":0.8866877971,"15":0.8951344867,"16":0.8982435288,"17":0.8941825145,"18":0.8868143599,"19":0.8935276897,"20":0.8996522275,"21":0.8976107149,"22":0.8986617362,"23":0.8974841521,"24":0.8990029054,"25":0.896449639,"26":0.8888723807,"27":0.8819059253,"28":0.8957948142,"29":0.8966092182,"30":0.8853836503,"31":0.8955581969,"32":0.8923611111,"33":0.8952940659,"34":0.8966257264,"35":0.8950849621,"36":0.8767085975,"37":0.8994101074,"38":0.8830835094},"roc_auc_test":{"0":0.8253546099,"1":0.8315602837,"2":0.8266843972,"3":0.8266843972,"4":0.8306737589,"5":0.8280141844,"6":0.8364361702,"7":0.8337765957,"8":0.8333333333,"9":0.8289007092,"10":0.8359929078,"11":0.829787234,"12":0.8337765957,"13":0.8253546099,"14":0.8151595745,"15":0.8337765957,"16":0.8280141844,"17":0.827570922,"18":0.8324468085,"19":0.8320035461,"20":0.8249113475,"21":0.8284574468,"22":0.8266843972,"23":0.829787234,"24":0.8226950355,"25":0.827570922,"26":0.822251773,"27":0.8382092199,"28":0.8368794326,"29":0.8293439716,"30":0.8346631206,"31":0.827570922,"32":0.829787234,"33":0.8324468085,"34":0.8311170213,"35":0.829787234,"36":0.8031914894,"37":0.8257978723,"38":0.8253546099},"models_used":{"0":["ExtraTrees_c1_BAG_L1","ExtraTrees_r199_BAG_L1","LightGBM_r12_BAG_L1","LightGBM_r145_BAG_L1","LightGBM_r149_BAG_L1","LightGBM_r170_BAG_L1","LightGBM_r54_BAG_L1","NeuralNetFastAI_r100_BAG_L1","NeuralNetFastAI_r109_BAG_L1","NeuralNetFastAI_r83_BAG_L1","NeuralNetFastAI_r95_BAG_L1","NeuralNetTorch_r120_BAG_L1","NeuralNetTorch_r158_BAG_L1","NeuralNetTorch_r171_BAG_L1","NeuralNetTorch_r186_BAG_L1","NeuralNetTorch_r200_BAG_L1","NeuralNetTorch_r32_BAG_L1","NeuralNetTorch_r40_BAG_L1","NeuralNetTorch_r65_BAG_L1","NeuralNetTorch_r8_BAG_L1","RandomForest_r197_BAG_L1"],"1":["ExtraTrees_r199_BAG_L1","LightGBM_r149_BAG_L1","NeuralNetTorch_r171_BAG_L1","NeuralNetTorch_r32_BAG_L1","RandomForest_r197_BAG_L1"],"2":["ExtraTrees_r199_BAG_L1","LightGBM_r145_BAG_L1","NeuralNetFastAI_r109_BAG_L1","NeuralNetFastAI_r157_BAG_L1","NeuralNetTorch_r171_BAG_L1","NeuralNetTorch_r200_BAG_L1","NeuralNetTorch_r32_BAG_L1","NeuralNetTorch_r65_BAG_L1","RandomForest_r197_BAG_L1"],"3":["NeuralNetTorch_r142_BAG_L1","NeuralNetTorch_r32_BAG_L1","RandomForest_r197_BAG_L1"],"4":["ExtraTrees_r199_BAG_L1","ExtraTrees_r48_BAG_L1","LightGBM_r145_BAG_L1","LightGBM_r149_BAG_L1","LightGBM_r54_BAG_L1","NeuralNetFastAI_r100_BAG_L1","NeuralNetFastAI_r109_BAG_L1","NeuralNetTorch_r171_BAG_L1","NeuralNetTorch_r200_BAG_L1","NeuralNetTorch_r32_BAG_L1","NeuralNetTorch_r40_BAG_L1","NeuralNetTorch_r65_BAG_L1","RandomForest_r197_BAG_L1"],"5":["ExtraTrees_r199_BAG_L1","LightGBM_r145_BAG_L1","LightGBM_r54_BAG_L1","NeuralNetFastAI_r109_BAG_L1","NeuralNetTorch_r171_BAG_L1","NeuralNetTorch_r200_BAG_L1","NeuralNetTorch_r32_BAG_L1","NeuralNetTorch_r65_BAG_L1","RandomForest_r197_BAG_L1"],"6":["ExtraTrees_r148_BAG_L1","ExtraTrees_r199_BAG_L1","NeuralNetFastAI_r2_BAG_L1","NeuralNetTorch_r171_BAG_L1","NeuralNetTorch_r32_BAG_L1","RandomForest_r197_BAG_L1"],"7":["ExtraTrees_r32_BAG_L1","NeuralNetTorch_r152_BAG_L1"],"8":["ExtraTrees_c1_BAG_L1","ExtraTrees_r199_BAG_L1","ExtraTrees_r69_BAG_L1","ExtraTrees_r89_BAG_L1","LightGBM_r170_BAG_L1","NeuralNetTorch_r171_BAG_L1","NeuralNetTorch_r32_BAG_L1","NeuralNetTorch_r50_BAG_L1","RandomForest_r197_BAG_L1","XGBoost_r152_BAG_L1","XGBoost_r166_BAG_L1"],"9":["ExtraTrees_r199_BAG_L1","ExtraTrees_r69_BAG_L1","LightGBM_r145_BAG_L1","LightGBM_r149_BAG_L1","LightGBM_r54_BAG_L1","NeuralNetFastAI_r100_BAG_L1","NeuralNetFastAI_r109_BAG_L1","NeuralNetTorch_r158_BAG_L1","NeuralNetTorch_r171_BAG_L1","NeuralNetTorch_r200_BAG_L1","NeuralNetTorch_r32_BAG_L1","NeuralNetTorch_r40_BAG_L1","NeuralNetTorch_r65_BAG_L1","RandomForest_r197_BAG_L1"],"10":["ExtraTrees_r148_BAG_L1","ExtraTrees_r199_BAG_L1","NeuralNetFastAI_r134_BAG_L1","NeuralNetFastAI_r2_BAG_L1","NeuralNetTorch_r115_BAG_L1","NeuralNetTorch_r171_BAG_L1","NeuralNetTorch_r32_BAG_L1","NeuralNetTorch_r4_BAG_L1","RandomForest_r197_BAG_L1"],"11":["ExtraTrees_r199_BAG_L1","LightGBM_r145_BAG_L1","NeuralNetFastAI_r100_BAG_L1","NeuralNetFastAI_r109_BAG_L1","NeuralNetTorch_r153_BAG_L1","NeuralNetTorch_r171_BAG_L1","NeuralNetTorch_r32_BAG_L1","NeuralNetTorch_r40_BAG_L1","RandomForest_r197_BAG_L1"],"12":["ExtraTrees_r69_BAG_L1","LightGBM_r170_BAG_L1","NeuralNetTorch_r50_BAG_L1"],"13":["ExtraTrees_r199_BAG_L1","LightGBM_r145_BAG_L1","LightGBM_r54_BAG_L1","NeuralNetFastAI_r100_BAG_L1","NeuralNetFastAI_r109_BAG_L1","NeuralNetTorch_r168_BAG_L1","NeuralNetTorch_r171_BAG_L1","NeuralNetTorch_r200_BAG_L1","NeuralNetTorch_r32_BAG_L1","NeuralNetTorch_r40_BAG_L1","NeuralNetTorch_r65_BAG_L1","RandomForest_r197_BAG_L1"],"14":["ExtraTrees_r199_BAG_L1","NeuralNetTorch_r171_BAG_L1","NeuralNetTorch_r47_BAG_L1"],"15":["ExtraTrees_r148_BAG_L1","ExtraTrees_r199_BAG_L1","LightGBM_r145_BAG_L1","LightGBM_r149_BAG_L1","LightGBM_r54_BAG_L1","NeuralNetFastAI_r100_BAG_L1","NeuralNetFastAI_r109_BAG_L1","NeuralNetFastAI_r134_BAG_L1","NeuralNetFastAI_r17_BAG_L1","NeuralNetFastAI_r2_BAG_L1","NeuralNetTorch_r115_BAG_L1","NeuralNetTorch_r171_BAG_L1","NeuralNetTorch_r200_BAG_L1","NeuralNetTorch_r32_BAG_L1","NeuralNetTorch_r40_BAG_L1","NeuralNetTorch_r65_BAG_L1","RandomForest_r197_BAG_L1"],"16":["ExtraTrees_c1_BAG_L1","ExtraTrees_r199_BAG_L1","LightGBM_r145_BAG_L1","LightGBM_r149_BAG_L1","LightGBM_r54_BAG_L1","NeuralNetFastAI_r100_BAG_L1","NeuralNetFastAI_r109_BAG_L1","NeuralNetFastAI_r95_BAG_L1","NeuralNetTorch_r120_BAG_L1","NeuralNetTorch_r158_BAG_L1","NeuralNetTorch_r171_BAG_L1","NeuralNetTorch_r200_BAG_L1","NeuralNetTorch_r32_BAG_L1","NeuralNetTorch_r40_BAG_L1","NeuralNetTorch_r65_BAG_L1","NeuralNetTorch_r8_BAG_L1","RandomForest_r197_BAG_L1"],"17":["ExtraTrees_r199_BAG_L1","NeuralNetFastAI_r109_BAG_L1","NeuralNetTorch_r171_BAG_L1","NeuralNetTorch_r32_BAG_L1","RandomForest_r197_BAG_L1"],"18":["ExtraTrees_c1_BAG_L1","ExtraTrees_r199_BAG_L1","ExtraTrees_r69_BAG_L1","LightGBM_r170_BAG_L1","NeuralNetTorch_r171_BAG_L1","NeuralNetTorch_r32_BAG_L1","RandomForest_r197_BAG_L1","RandomForest_r89_BAG_L1","XGBoost_r152_BAG_L1"],"19":["ExtraTrees_r199_BAG_L1","ExtraTrees_r69_BAG_L1","LightGBM_r145_BAG_L1","LightGBM_r149_BAG_L1","LightGBM_r170_BAG_L1","LightGBM_r54_BAG_L1","NeuralNetFastAI_r100_BAG_L1","NeuralNetFastAI_r109_BAG_L1","NeuralNetTorch_r158_BAG_L1","NeuralNetTorch_r171_BAG_L1","NeuralNetTorch_r200_BAG_L1","NeuralNetTorch_r32_BAG_L1","NeuralNetTorch_r40_BAG_L1","NeuralNetTorch_r50_BAG_L1","NeuralNetTorch_r65_BAG_L1","RandomForest_r158_BAG_L1","RandomForest_r197_BAG_L1","XGBoost_r166_BAG_L1","XGBoost_r25_BAG_L1"],"20":["ExtraTrees_c1_BAG_L1","ExtraTrees_r199_BAG_L1","LightGBM_r145_BAG_L1","LightGBM_r149_BAG_L1","LightGBM_r54_BAG_L1","NeuralNetFastAI_r100_BAG_L1","NeuralNetFastAI_r109_BAG_L1","NeuralNetFastAI_r83_BAG_L1","NeuralNetFastAI_r95_BAG_L1","NeuralNetTorch_r120_BAG_L1","NeuralNetTorch_r158_BAG_L1","NeuralNetTorch_r171_BAG_L1","NeuralNetTorch_r186_BAG_L1","NeuralNetTorch_r200_BAG_L1","NeuralNetTorch_r32_BAG_L1","NeuralNetTorch_r40_BAG_L1","NeuralNetTorch_r65_BAG_L1","NeuralNetTorch_r66_BAG_L1","NeuralNetTorch_r8_BAG_L1","RandomForest_r197_BAG_L1"],"21":["ExtraTrees_r199_BAG_L1","LightGBM_r145_BAG_L1","LightGBM_r149_BAG_L1","LightGBM_r54_BAG_L1","NeuralNetFastAI_r100_BAG_L1","NeuralNetFastAI_r109_BAG_L1","NeuralNetTorch_r158_BAG_L1","NeuralNetTorch_r171_BAG_L1","NeuralNetTorch_r200_BAG_L1","NeuralNetTorch_r32_BAG_L1","NeuralNetTorch_r40_BAG_L1","NeuralNetTorch_r65_BAG_L1","RandomForest_r197_BAG_L1"],"22":["ExtraTrees_c1_BAG_L1","ExtraTrees_r199_BAG_L1","LightGBM_r145_BAG_L1","LightGBM_r149_BAG_L1","LightGBM_r54_BAG_L1","NeuralNetFastAI_r100_BAG_L1","NeuralNetFastAI_r109_BAG_L1","NeuralNetFastAI_r83_BAG_L1","NeuralNetFastAI_r95_BAG_L1","NeuralNetTorch_r113_BAG_L1","NeuralNetTorch_r120_BAG_L1","NeuralNetTorch_r158_BAG_L1","NeuralNetTorch_r171_BAG_L1","NeuralNetTorch_r200_BAG_L1","NeuralNetTorch_r32_BAG_L1","NeuralNetTorch_r40_BAG_L1","NeuralNetTorch_r65_BAG_L1","NeuralNetTorch_r8_BAG_L1","RandomForest_r197_BAG_L1"],"23":["ExtraTrees_c1_BAG_L1","ExtraTrees_r148_BAG_L1","ExtraTrees_r199_BAG_L1","LightGBM_r145_BAG_L1","LightGBM_r149_BAG_L1","LightGBM_r54_BAG_L1","NeuralNetFastAI_r100_BAG_L1","NeuralNetFastAI_r109_BAG_L1","NeuralNetFastAI_r2_BAG_L1","NeuralNetFastAI_r70_BAG_L1","NeuralNetFastAI_r83_BAG_L1","NeuralNetFastAI_r95_BAG_L1","NeuralNetTorch_r120_BAG_L1","NeuralNetTorch_r158_BAG_L1","NeuralNetTorch_r171_BAG_L1","NeuralNetTorch_r186_BAG_L1","NeuralNetTorch_r200_BAG_L1","NeuralNetTorch_r32_BAG_L1","NeuralNetTorch_r40_BAG_L1","NeuralNetTorch_r65_BAG_L1","NeuralNetTorch_r8_BAG_L1","RandomForest_r197_BAG_L1"],"24":["ExtraTrees_c1_BAG_L1","ExtraTrees_r199_BAG_L1","KNeighbors_r40_BAG_L1","LightGBM_r145_BAG_L1","LightGBM_r149_BAG_L1","LightGBM_r54_BAG_L1","NeuralNetFastAI_r100_BAG_L1","NeuralNetFastAI_r109_BAG_L1","NeuralNetFastAI_r83_BAG_L1","NeuralNetFastAI_r95_BAG_L1","NeuralNetTorch_r120_BAG_L1","NeuralNetTorch_r158_BAG_L1","NeuralNetTorch_r171_BAG_L1","NeuralNetTorch_r186_BAG_L1","NeuralNetTorch_r200_BAG_L1","NeuralNetTorch_r32_BAG_L1","NeuralNetTorch_r40_BAG_L1","NeuralNetTorch_r65_BAG_L1","NeuralNetTorch_r8_BAG_L1","RandomForest_r197_BAG_L1"],"25":["ExtraTrees_c1_BAG_L1","ExtraTrees_r199_BAG_L1","ExtraTrees_r3_BAG_L1","ExtraTrees_r69_BAG_L1","LightGBM_r145_BAG_L1","LightGBM_r149_BAG_L1","LightGBM_r170_BAG_L1","LightGBM_r54_BAG_L1","NeuralNetFastAI_r100_BAG_L1","NeuralNetFastAI_r109_BAG_L1","NeuralNetFastAI_r83_BAG_L1","NeuralNetFastAI_r95_BAG_L1","NeuralNetTorch_r120_BAG_L1","NeuralNetTorch_r158_BAG_L1","NeuralNetTorch_r171_BAG_L1","NeuralNetTorch_r186_BAG_L1","NeuralNetTorch_r200_BAG_L1","NeuralNetTorch_r32_BAG_L1","NeuralNetTorch_r40_BAG_L1","NeuralNetTorch_r65_BAG_L1","NeuralNetTorch_r8_BAG_L1","RandomForest_r197_BAG_L1","XGBoost_r152_BAG_L1"],"26":["ExtraTrees_r199_BAG_L1","KNeighbors_r36_BAG_L1","NeuralNetTorch_r142_BAG_L1","NeuralNetTorch_r171_BAG_L1","NeuralNetTorch_r32_BAG_L1","RandomForest_r197_BAG_L1"],"27":["ExtraTrees_r148_BAG_L1","NeuralNetFastAI_r2_BAG_L1","NeuralNetTorch_r155_BAG_L1"],"28":["ExtraTrees_r148_BAG_L1","ExtraTrees_r199_BAG_L1","NeuralNetFastAI_r134_BAG_L1","NeuralNetFastAI_r2_BAG_L1","NeuralNetTorch_r115_BAG_L1","NeuralNetTorch_r171_BAG_L1","NeuralNetTorch_r32_BAG_L1","NeuralNetTorch_r4_BAG_L1","RandomForest_r144_BAG_L1","RandomForest_r197_BAG_L1"],"29":["ExtraTrees_r199_BAG_L1","LightGBM_r145_BAG_L1","LightGBM_r54_BAG_L1","NeuralNetFastAI_r100_BAG_L1","NeuralNetFastAI_r109_BAG_L1","NeuralNetFastAI_r87_BAG_L1","NeuralNetTorch_r171_BAG_L1","NeuralNetTorch_r200_BAG_L1","NeuralNetTorch_r32_BAG_L1","NeuralNetTorch_r40_BAG_L1","NeuralNetTorch_r65_BAG_L1","RandomForest_r197_BAG_L1"],"30":["NeuralNetTorch_r32_BAG_L1","RandomForest_r197_BAG_L1"],"31":["ExtraTrees_r199_BAG_L1","LightGBM_r149_BAG_L1","NeuralNetTorch_r171_BAG_L1","NeuralNetTorch_r32_BAG_L1","NeuralNetTorch_r47_BAG_L1","RandomForest_r197_BAG_L1"],"32":["ExtraTrees_r199_BAG_L1","NeuralNetFastAI_r109_BAG_L1","NeuralNetTorch_r171_BAG_L1","NeuralNetTorch_r32_BAG_L1","NeuralNetTorch_r40_BAG_L1","RandomForest_r197_BAG_L1"],"33":["ExtraTrees_r199_BAG_L1","LightGBM_r145_BAG_L1","LightGBM_r54_BAG_L1","NeuralNetFastAI_r109_BAG_L1","NeuralNetTorch_r171_BAG_L1","NeuralNetTorch_r200_BAG_L1","NeuralNetTorch_r32_BAG_L1","NeuralNetTorch_r65_BAG_L1","RandomForest_r133_BAG_L1","RandomForest_r197_BAG_L1"],"34":["ExtraTrees_r199_BAG_L1","LightGBM_r145_BAG_L1","NeuralNetFastAI_r100_BAG_L1","NeuralNetFastAI_r109_BAG_L1","NeuralNetTorch_r171_BAG_L1","NeuralNetTorch_r32_BAG_L1","NeuralNetTorch_r40_BAG_L1","NeuralNetTorch_r61_BAG_L1","RandomForest_r197_BAG_L1"],"35":["ExtraTrees_r199_BAG_L1","LightGBM_r145_BAG_L1","NeuralNetFastAI_r109_BAG_L1","NeuralNetTorch_r171_BAG_L1","NeuralNetTorch_r200_BAG_L1","NeuralNetTorch_r32_BAG_L1","NeuralNetTorch_r65_BAG_L1","RandomForest_r132_BAG_L1","RandomForest_r197_BAG_L1"],"36":["NeuralNetTorch_r168_BAG_L1","XGBoost_r72_BAG_L1"],"37":["ExtraTrees_c1_BAG_L1","ExtraTrees_r199_BAG_L1","LightGBM_r145_BAG_L1","LightGBM_r149_BAG_L1","LightGBM_r54_BAG_L1","NeuralNetFastAI_r100_BAG_L1","NeuralNetFastAI_r109_BAG_L1","NeuralNetFastAI_r83_BAG_L1","NeuralNetFastAI_r95_BAG_L1","NeuralNetTorch_r120_BAG_L1","NeuralNetTorch_r158_BAG_L1","NeuralNetTorch_r171_BAG_L1","NeuralNetTorch_r186_BAG_L1","NeuralNetTorch_r200_BAG_L1","NeuralNetTorch_r32_BAG_L1","NeuralNetTorch_r40_BAG_L1","NeuralNetTorch_r65_BAG_L1","NeuralNetTorch_r8_BAG_L1","RandomForest_r197_BAG_L1"],"38":["ExtraTrees_r69_BAG_L1","LightGBM_r170_BAG_L1","NeuralNetTorch_r171_BAG_L1","NeuralNetTorch_r50_BAG_L1","XGBoost_r166_BAG_L1","XGBoost_r25_BAG_L1"]},"weights":{"0":[0.0476190476,0.0476190476,0.0476190476,0.0476190476,0.0476190476,0.0476190476,0.0476190476,0.0476190476,0.0476190476,0.0476190476,0.0476190476,0.0476190476,0.0476190476,0.0476190476,0.0476190476,0.0476190476,0.0476190476,0.0476190476,0.0476190476,0.0476190476,0.0476190476],"1":[0.2,0.2,0.2,0.2,0.2],"2":[0.1111111111,0.1111111111,0.1111111111,0.1111111111,0.1111111111,0.1111111111,0.1111111111,0.1111111111,0.1111111111],"3":[0.3333333333,0.3333333333,0.3333333333],"4":[0.0769230769,0.0769230769,0.0769230769,0.0769230769,0.0769230769,0.0769230769,0.0769230769,0.0769230769,0.0769230769,0.0769230769,0.0769230769,0.0769230769,0.0769230769],"5":[0.1111111111,0.1111111111,0.1111111111,0.1111111111,0.1111111111,0.1111111111,0.1111111111,0.1111111111,0.1111111111],"6":[0.1666666667,0.1666666667,0.1666666667,0.1666666667,0.1666666667,0.1666666667],"7":[0.5,0.5],"8":[0.0909090909,0.0909090909,0.0909090909,0.0909090909,0.0909090909,0.0909090909,0.0909090909,0.0909090909,0.0909090909,0.0909090909,0.0909090909],"9":[0.0666666667,0.0666666667,0.0666666667,0.0666666667,0.0666666667,0.1333333333,0.0666666667,0.0666666667,0.0666666667,0.0666666667,0.0666666667,0.0666666667,0.0666666667,0.0666666667],"10":[0.1111111111,0.1111111111,0.1111111111,0.1111111111,0.1111111111,0.1111111111,0.1111111111,0.1111111111,0.1111111111],"11":[0.1111111111,0.1111111111,0.1111111111,0.1111111111,0.1111111111,0.1111111111,0.1111111111,0.1111111111,0.1111111111],"12":[0.3333333333,0.3333333333,0.3333333333],"13":[0.0833333333,0.0833333333,0.0833333333,0.0833333333,0.0833333333,0.0833333333,0.0833333333,0.0833333333,0.0833333333,0.0833333333,0.0833333333,0.0833333333],"14":[0.3333333333,0.3333333333,0.3333333333],"15":[0.0588235294,0.0588235294,0.0588235294,0.0588235294,0.0588235294,0.0588235294,0.0588235294,0.0588235294,0.0588235294,0.0588235294,0.0588235294,0.0588235294,0.0588235294,0.0588235294,0.0588235294,0.0588235294,0.0588235294],"16":[0.0555555556,0.0555555556,0.0555555556,0.0555555556,0.0555555556,0.1111111111,0.0555555556,0.0555555556,0.0555555556,0.0555555556,0.0555555556,0.0555555556,0.0555555556,0.0555555556,0.0555555556,0.0555555556,0.0555555556],"17":[0.2,0.2,0.2,0.2,0.2],"18":[0.1111111111,0.1111111111,0.1111111111,0.1111111111,0.1111111111,0.1111111111,0.1111111111,0.1111111111,0.1111111111],"19":[0.0526315789,0.0526315789,0.0526315789,0.0526315789,0.0526315789,0.0526315789,0.0526315789,0.0526315789,0.0526315789,0.0526315789,0.0526315789,0.0526315789,0.0526315789,0.0526315789,0.0526315789,0.0526315789,0.0526315789,0.0526315789,0.0526315789],"20":[0.05,0.05,0.05,0.05,0.05,0.05,0.05,0.05,0.05,0.05,0.05,0.05,0.05,0.05,0.05,0.05,0.05,0.05,0.05,0.05],"21":[0.0714285714,0.0714285714,0.0714285714,0.0714285714,0.1428571429,0.0714285714,0.0714285714,0.0714285714,0.0714285714,0.0714285714,0.0714285714,0.0714285714,0.0714285714],"22":[0.05,0.05,0.05,0.05,0.05,0.1,0.05,0.05,0.05,0.05,0.05,0.05,0.05,0.05,0.05,0.05,0.05,0.05,0.05],"23":[0.0454545455,0.0454545455,0.0454545455,0.0454545455,0.0454545455,0.0454545455,0.0454545455,0.0454545455,0.0454545455,0.0454545455,0.0454545455,0.0454545455,0.0454545455,0.0454545455,0.0454545455,0.0454545455,0.0454545455,0.0454545455,0.0454545455,0.0454545455,0.0454545455,0.0454545455],"24":[0.05,0.05,0.05,0.05,0.05,0.05,0.05,0.05,0.05,0.05,0.05,0.05,0.05,0.05,0.05,0.05,0.05,0.05,0.05,0.05],"25":[0.0434782609,0.0434782609,0.0434782609,0.0434782609,0.0434782609,0.0434782609,0.0434782609,0.0434782609,0.0434782609,0.0434782609,0.0434782609,0.0434782609,0.0434782609,0.0434782609,0.0434782609,0.0434782609,0.0434782609,0.0434782609,0.0434782609,0.0434782609,0.0434782609,0.0434782609,0.0434782609],"26":[0.1666666667,0.1666666667,0.1666666667,0.1666666667,0.1666666667,0.1666666667],"27":[0.3333333333,0.3333333333,0.3333333333],"28":[0.1,0.1,0.1,0.1,0.1,0.1,0.1,0.1,0.1,0.1],"29":[0.0833333333,0.0833333333,0.0833333333,0.0833333333,0.0833333333,0.0833333333,0.0833333333,0.0833333333,0.0833333333,0.0833333333,0.0833333333,0.0833333333],"30":[0.5,0.5],"31":[0.1666666667,0.1666666667,0.1666666667,0.1666666667,0.1666666667,0.1666666667],"32":[0.1666666667,0.1666666667,0.1666666667,0.1666666667,0.1666666667,0.1666666667],"33":[0.1,0.1,0.1,0.1,0.1,0.1,0.1,0.1,0.1,0.1],"34":[0.1111111111,0.1111111111,0.1111111111,0.1111111111,0.1111111111,0.1111111111,0.1111111111,0.1111111111,0.1111111111],"35":[0.1111111111,0.1111111111,0.1111111111,0.1111111111,0.1111111111,0.1111111111,0.1111111111,0.1111111111,0.1111111111],"36":[0.5,0.5],"37":[0.0526315789,0.0526315789,0.0526315789,0.0526315789,0.0526315789,0.0526315789,0.0526315789,0.0526315789,0.0526315789,0.0526315789,0.0526315789,0.0526315789,0.0526315789,0.0526315789,0.0526315789,0.0526315789,0.0526315789,0.0526315789,0.0526315789],"38":[0.1666666667,0.1666666667,0.1666666667,0.1666666667,0.1666666667,0.1666666667]},"meta":{"0":9,"1":9,"2":6,"3":9,"4":20,"5":20,"6":5,"7":6,"8":6,"9":3,"10":6,"11":9,"12":10,"13":3,"14":3,"15":2,"16":3,"17":2,"18":2,"19":5,"20":6,"21":10,"22":12,"23":9,"24":9,"25":20,"26":14,"27":13,"28":12,"29":17,"30":15,"31":18,"32":19,"33":19,"34":23,"35":21,"36":9,"37":11,"38":22},"task":{"0":"3903_0","1":"3903_0","2":"3903_0","3":"3903_0","4":"3903_0","5":"3903_0","6":"3903_0","7":"3903_0","8":"3903_0","9":"3903_0","10":"3903_0","11":"3903_0","12":"3903_0","13":"3903_0","14":"3903_0","15":"3903_0","16":"3903_0","17":"3903_0","18":"3903_0","19":"3903_0","20":"3903_0","21":"3903_0","22":"3903_0","23":"3903_0","24":"3903_0","25":"3903_0","26":"3903_0","27":"3903_0","28":"3903_0","29":"3903_0","30":"3903_0","31":"3903_0","32":"3903_0","33":"3903_0","34":"3903_0","35":"3903_0","36":"3903_0","37":"3903_0","38":"3903_0"},"dataset":{"0":"pc3","1":"pc3","2":"pc3","3":"pc3","4":"pc3","5":"pc3","6":"pc3","7":"pc3","8":"pc3","9":"pc3","10":"pc3","11":"pc3","12":"pc3","13":"pc3","14":"pc3","15":"pc3","16":"pc3","17":"pc3","18":"pc3","19":"pc3","20":"pc3","21":"pc3","22":"pc3","23":"pc3","24":"pc3","25":"pc3","26":"pc3","27":"pc3","28":"pc3","29":"pc3","30":"pc3","31":"pc3","32":"pc3","33":"pc3","34":"pc3","35":"pc3","36":"pc3","37":"pc3","38":"pc3"},"fold":{"0":0,"1":0,"2":0,"3":0,"4":0,"5":0,"6":0,"7":0,"8":0,"9":0,"10":0,"11":0,"12":0,"13":0,"14":0,"15":0,"16":0,"17":0,"18":0,"19":0,"20":0,"21":0,"22":0,"23":0,"24":0,"25":0,"26":0,"27":0,"28":0,"29":0,"30":0,"31":0,"32":0,"33":0,"34":0,"35":0,"36":0,"37":0,"38":0},"method":{"0":"ENS_SIZE_QDO","1":"ENS_SIZE_QDO","2":"ENS_SIZE_QDO","3":"ENS_SIZE_QDO","4":"ENS_SIZE_QDO","5":"ENS_SIZE_QDO","6":"ENS_SIZE_QDO","7":"ENS_SIZE_QDO","8":"ENS_SIZE_QDO","9":"ENS_SIZE_QDO","10":"ENS_SIZE_QDO","11":"ENS_SIZE_QDO","12":"ENS_SIZE_QDO","13":"ENS_SIZE_QDO","14":"ENS_SIZE_QDO","15":"ENS_SIZE_QDO","16":"ENS_SIZE_QDO","17":"ENS_SIZE_QDO","18":"ENS_SIZE_QDO","19":"ENS_SIZE_QDO","20":"ENS_SIZE_QDO","21":"ENS_SIZE_QDO","22":"ENS_SIZE_QDO","23":"ENS_SIZE_QDO","24":"ENS_SIZE_QDO","25":"ENS_SIZE_QDO","26":"ENS_SIZE_QDO","27":"ENS_SIZE_QDO","28":"ENS_SIZE_QDO","29":"ENS_SIZE_QDO","30":"ENS_SIZE_QDO","31":"ENS_SIZE_QDO","32":"ENS_SIZE_QDO","33":"ENS_SIZE_QDO","34":"ENS_SIZE_QDO","35":"ENS_SIZE_QDO","36":"ENS_SIZE_QDO","37":"ENS_SIZE_QDO","38":"ENS_SIZE_QDO"}}