{"name":{"0":"ENS_SIZE_QDO_0","1":"ENS_SIZE_QDO_1","2":"ENS_SIZE_QDO_2","3":"ENS_SIZE_QDO_3","4":"ENS_SIZE_QDO_4","5":"ENS_SIZE_QDO_5","6":"ENS_SIZE_QDO_6","7":"ENS_SIZE_QDO_7","8":"ENS_SIZE_QDO_8","9":"ENS_SIZE_QDO_9","10":"ENS_SIZE_QDO_10","11":"ENS_SIZE_QDO_11","12":"ENS_SIZE_QDO_12","13":"ENS_SIZE_QDO_13","14":"ENS_SIZE_QDO_14","15":"ENS_SIZE_QDO_15","16":"ENS_SIZE_QDO_16","17":"ENS_SIZE_QDO_17","18":"ENS_SIZE_QDO_18","19":"ENS_SIZE_QDO_19","20":"ENS_SIZE_QDO_20","21":"ENS_SIZE_QDO_21","22":"ENS_SIZE_QDO_22","23":"ENS_SIZE_QDO_23","24":"ENS_SIZE_QDO_24","25":"ENS_SIZE_QDO_25","26":"ENS_SIZE_QDO_26","27":"ENS_SIZE_QDO_27","28":"ENS_SIZE_QDO_28","29":"ENS_SIZE_QDO_29","30":"ENS_SIZE_QDO_30","31":"ENS_SIZE_QDO_31","32":"ENS_SIZE_QDO_32","33":"ENS_SIZE_QDO_33","34":"ENS_SIZE_QDO_34","35":"ENS_SIZE_QDO_35","36":"ENS_SIZE_QDO_36","37":"ENS_SIZE_QDO_37"},"roc_auc_val":{"0":0.9903474903,"1":0.9888996139,"2":0.988953239,"3":0.9900793651,"4":0.9865401115,"5":0.9883633634,"6":0.99002574,"7":0.9878271128,"8":0.9762441012,"9":0.9876662377,"10":0.99002574,"11":0.9865401115,"12":0.9884169884,"13":0.9903474903,"14":0.9757614758,"15":0.9849313599,"16":0.9893286143,"17":0.9766194766,"18":0.9900793651,"19":0.9903474903,"20":0.9681467181,"21":0.9794079794,"22":0.9898112398,"23":0.9882024882,"24":0.9883633634,"25":0.9883633634,"26":0.9861647362,"27":0.9841806092,"28":0.9874517375,"29":0.9780673531,"30":0.9902402402,"31":0.9862719863,"32":0.9880952381,"33":0.9900793651,"34":0.9876126126,"35":0.9892749893,"36":0.9877734878,"37":0.9892749893},"roc_auc_test":{"0":0.975,"1":0.98,"2":0.975,"3":0.975,"4":0.975,"5":0.98,"6":0.975,"7":0.975,"8":0.97,"9":0.975,"10":0.97,"11":0.975,"12":0.975,"13":0.975,"14":0.95,"15":0.98,"16":0.975,"17":0.975,"18":0.97,"19":0.975,"20":0.975,"21":0.95,"22":0.975,"23":0.97,"24":0.98,"25":0.975,"26":0.975,"27":0.98,"28":0.975,"29":0.98,"30":0.97,"31":0.965,"32":0.98,"33":0.975,"34":0.98,"35":0.97,"36":0.98,"37":0.975},"models_used":{"0":["CatBoost_r127_BAG_L1","CatBoost_r188_BAG_L1","LightGBM_r147_BAG_L1","LightGBM_r14_BAG_L1","LightGBM_r185_BAG_L1","LightGBM_r68_BAG_L1","NeuralNetFastAI_r146_BAG_L1","NeuralNetFastAI_r150_BAG_L1","NeuralNetFastAI_r189_BAG_L1","NeuralNetFastAI_r37_BAG_L1","NeuralNetFastAI_r41_BAG_L1","NeuralNetFastAI_r53_BAG_L1","NeuralNetFastAI_r63_BAG_L1","NeuralNetFastAI_r74_BAG_L1","NeuralNetFastAI_r99_BAG_L1","NeuralNetTorch_r148_BAG_L1","NeuralNetTorch_r37_BAG_L1","NeuralNetTorch_r41_BAG_L1","NeuralNetTorch_r76_BAG_L1","XGBoost_r106_BAG_L1","XGBoost_r109_BAG_L1","XGBoost_r68_BAG_L1"],"1":["CatBoost_r127_BAG_L1","CatBoost_r188_BAG_L1","LightGBM_r147_BAG_L1","LightGBM_r14_BAG_L1","LightGBM_r185_BAG_L1","LightGBM_r68_BAG_L1","NeuralNetFastAI_r146_BAG_L1","NeuralNetFastAI_r150_BAG_L1","NeuralNetFastAI_r189_BAG_L1","NeuralNetFastAI_r37_BAG_L1","NeuralNetFastAI_r41_BAG_L1","NeuralNetFastAI_r63_BAG_L1","NeuralNetFastAI_r99_BAG_L1","NeuralNetTorch_r148_BAG_L1","NeuralNetTorch_r37_BAG_L1","NeuralNetTorch_r76_BAG_L1","XGBoost_r109_BAG_L1","XGBoost_r195_BAG_L1","XGBoost_r68_BAG_L1"],"2":["CatBoost_r127_BAG_L1","CatBoost_r188_BAG_L1","LightGBM_r147_BAG_L1","LightGBM_r14_BAG_L1","LightGBM_r185_BAG_L1","LightGBM_r68_BAG_L1","NeuralNetFastAI_r146_BAG_L1","NeuralNetFastAI_r150_BAG_L1","NeuralNetFastAI_r189_BAG_L1","NeuralNetFastAI_r37_BAG_L1","NeuralNetFastAI_r41_BAG_L1","NeuralNetFastAI_r63_BAG_L1","NeuralNetFastAI_r99_BAG_L1","NeuralNetTorch_r148_BAG_L1","NeuralNetTorch_r37_BAG_L1","NeuralNetTorch_r76_BAG_L1","XGBoost_r109_BAG_L1","XGBoost_r68_BAG_L1"],"3":["CatBoost_r127_BAG_L1","CatBoost_r188_BAG_L1","CatBoost_r50_BAG_L1","LightGBM_r147_BAG_L1","LightGBM_r14_BAG_L1","LightGBM_r185_BAG_L1","LightGBM_r68_BAG_L1","NeuralNetFastAI_r146_BAG_L1","NeuralNetFastAI_r150_BAG_L1","NeuralNetFastAI_r189_BAG_L1","NeuralNetFastAI_r37_BAG_L1","NeuralNetFastAI_r41_BAG_L1","NeuralNetFastAI_r53_BAG_L1","NeuralNetFastAI_r63_BAG_L1","NeuralNetFastAI_r99_BAG_L1","NeuralNetTorch_r148_BAG_L1","NeuralNetTorch_r37_BAG_L1","NeuralNetTorch_r41_BAG_L1","NeuralNetTorch_r76_BAG_L1","XGBoost_r106_BAG_L1","XGBoost_r109_BAG_L1","XGBoost_r68_BAG_L1"],"4":["CatBoost_r188_BAG_L1","LightGBM_r14_BAG_L1","LightGBM_r185_BAG_L1","LightGBM_r68_BAG_L1","NeuralNetFastAI_r146_BAG_L1","NeuralNetFastAI_r150_BAG_L1","NeuralNetFastAI_r189_BAG_L1","NeuralNetFastAI_r18_BAG_L1","NeuralNetFastAI_r63_BAG_L1","NeuralNetFastAI_r98_BAG_L1","NeuralNetTorch_r37_BAG_L1","NeuralNetTorch_r76_BAG_L1","XGBoost_r132_BAG_L1","XGBoost_r68_BAG_L1"],"5":["CatBoost_r127_BAG_L1","CatBoost_r188_BAG_L1","CatBoost_r3_BAG_L1","CatBoost_r63_BAG_L1","LightGBM_r147_BAG_L1","LightGBM_r14_BAG_L1","LightGBM_r185_BAG_L1","LightGBM_r188_BAG_L1","LightGBM_r68_BAG_L1","NeuralNetFastAI_r146_BAG_L1","NeuralNetFastAI_r150_BAG_L1","NeuralNetFastAI_r189_BAG_L1","NeuralNetFastAI_r37_BAG_L1","NeuralNetFastAI_r41_BAG_L1","NeuralNetFastAI_r63_BAG_L1","NeuralNetFastAI_r99_BAG_L1","NeuralNetTorch_r37_BAG_L1","NeuralNetTorch_r76_BAG_L1","XGBoost_r109_BAG_L1","XGBoost_r68_BAG_L1"],"6":["CatBoost_r127_BAG_L1","CatBoost_r188_BAG_L1","LightGBM_r141_BAG_L1","LightGBM_r147_BAG_L1","LightGBM_r14_BAG_L1","LightGBM_r185_BAG_L1","LightGBM_r68_BAG_L1","NeuralNetFastAI_r146_BAG_L1","NeuralNetFastAI_r150_BAG_L1","NeuralNetFastAI_r189_BAG_L1","NeuralNetFastAI_r37_BAG_L1","NeuralNetFastAI_r41_BAG_L1","NeuralNetFastAI_r53_BAG_L1","NeuralNetFastAI_r63_BAG_L1","NeuralNetFastAI_r99_BAG_L1","NeuralNetTorch_r148_BAG_L1","NeuralNetTorch_r37_BAG_L1","NeuralNetTorch_r41_BAG_L1","NeuralNetTorch_r76_BAG_L1","XGBoost_r106_BAG_L1","XGBoost_r109_BAG_L1","XGBoost_r68_BAG_L1"],"7":["CatBoost_r188_BAG_L1","LightGBM_r68_BAG_L1","NeuralNetFastAI_r63_BAG_L1","NeuralNetFastAI_r94_BAG_L1"],"8":["NeuralNetFastAI_r189_BAG_L1","RandomForest_r155_BAG_L1"],"9":["CatBoost_r188_BAG_L1","LightGBM_r14_BAG_L1","LightGBM_r185_BAG_L1","LightGBM_r68_BAG_L1","NeuralNetFastAI_r135_BAG_L1","NeuralNetFastAI_r144_BAG_L1","NeuralNetFastAI_r146_BAG_L1","NeuralNetFastAI_r150_BAG_L1","NeuralNetFastAI_r189_BAG_L1","NeuralNetFastAI_r63_BAG_L1","NeuralNetFastAI_r99_BAG_L1","NeuralNetTorch_r112_BAG_L1","NeuralNetTorch_r37_BAG_L1","NeuralNetTorch_r76_BAG_L1","XGBoost_r68_BAG_L1"],"10":["CatBoost_r127_BAG_L1","CatBoost_r188_BAG_L1","LightGBM_r147_BAG_L1","LightGBM_r14_BAG_L1","LightGBM_r185_BAG_L1","LightGBM_r68_BAG_L1","NeuralNetFastAI_r146_BAG_L1","NeuralNetFastAI_r150_BAG_L1","NeuralNetFastAI_r168_BAG_L1","NeuralNetFastAI_r189_BAG_L1","NeuralNetFastAI_r37_BAG_L1","NeuralNetFastAI_r41_BAG_L1","NeuralNetFastAI_r53_BAG_L1","NeuralNetFastAI_r63_BAG_L1","NeuralNetFastAI_r74_BAG_L1","NeuralNetFastAI_r94_BAG_L1","NeuralNetFastAI_r99_BAG_L1","NeuralNetTorch_r135_BAG_L1","NeuralNetTorch_r148_BAG_L1","NeuralNetTorch_r37_BAG_L1","NeuralNetTorch_r41_BAG_L1","NeuralNetTorch_r69_BAG_L1","NeuralNetTorch_r76_BAG_L1","XGBoost_r106_BAG_L1","XGBoost_r109_BAG_L1","XGBoost_r68_BAG_L1"],"11":["CatBoost_r188_BAG_L1","ExtraTrees_r113_BAG_L1","LightGBM_r68_BAG_L1","NeuralNetFastAI_r63_BAG_L1","NeuralNetFastAI_r94_BAG_L1","NeuralNetTorch_r31_BAG_L1"],"12":["CatBoost_r127_BAG_L1","CatBoost_r188_BAG_L1","LightGBM_r14_BAG_L1","LightGBM_r185_BAG_L1","LightGBM_r68_BAG_L1","NeuralNetFastAI_r146_BAG_L1","NeuralNetFastAI_r150_BAG_L1","NeuralNetFastAI_r189_BAG_L1","NeuralNetFastAI_r41_BAG_L1","NeuralNetFastAI_r63_BAG_L1","NeuralNetFastAI_r99_BAG_L1","NeuralNetTorch_r37_BAG_L1","NeuralNetTorch_r76_BAG_L1","XGBoost_r109_BAG_L1","XGBoost_r68_BAG_L1"],"13":["CatBoost_r127_BAG_L1","CatBoost_r188_BAG_L1","CatBoost_r69_BAG_L1","LightGBM_r147_BAG_L1","LightGBM_r14_BAG_L1","LightGBM_r185_BAG_L1","LightGBM_r68_BAG_L1","NeuralNetFastAI_r146_BAG_L1","NeuralNetFastAI_r150_BAG_L1","NeuralNetFastAI_r189_BAG_L1","NeuralNetFastAI_r37_BAG_L1","NeuralNetFastAI_r41_BAG_L1","NeuralNetFastAI_r53_BAG_L1","NeuralNetFastAI_r63_BAG_L1","NeuralNetFastAI_r74_BAG_L1","NeuralNetFastAI_r99_BAG_L1","NeuralNetTorch_r148_BAG_L1","NeuralNetTorch_r37_BAG_L1","NeuralNetTorch_r41_BAG_L1","NeuralNetTorch_r76_BAG_L1","XGBoost_r106_BAG_L1","XGBoost_r109_BAG_L1","XGBoost_r68_BAG_L1"],"14":["NeuralNetFastAI_r18_BAG_L1","NeuralNetFastAI_r98_BAG_L1"],"15":["LightGBM_r68_BAG_L1","NeuralNetFastAI_r63_BAG_L1"],"16":["CatBoost_r127_BAG_L1","CatBoost_r188_BAG_L1","LightGBM_r147_BAG_L1","LightGBM_r14_BAG_L1","LightGBM_r185_BAG_L1","LightGBM_r68_BAG_L1","NeuralNetFastAI_r146_BAG_L1","NeuralNetFastAI_r150_BAG_L1","NeuralNetFastAI_r189_BAG_L1","NeuralNetFastAI_r37_BAG_L1","NeuralNetFastAI_r41_BAG_L1","NeuralNetFastAI_r53_BAG_L1","NeuralNetFastAI_r63_BAG_L1","NeuralNetFastAI_r99_BAG_L1","NeuralNetTorch_r148_BAG_L1","NeuralNetTorch_r37_BAG_L1","NeuralNetTorch_r76_BAG_L1","XGBoost_r109_BAG_L1","XGBoost_r68_BAG_L1"],"17":["CatBoost_r129_BAG_L1","NeuralNetFastAI_r37_BAG_L1"],"18":["CatBoost_r127_BAG_L1","CatBoost_r188_BAG_L1","LightGBM_r147_BAG_L1","LightGBM_r14_BAG_L1","LightGBM_r185_BAG_L1","LightGBM_r68_BAG_L1","NeuralNetFastAI_r146_BAG_L1","NeuralNetFastAI_r150_BAG_L1","NeuralNetFastAI_r189_BAG_L1","NeuralNetFastAI_r37_BAG_L1","NeuralNetFastAI_r41_BAG_L1","NeuralNetFastAI_r53_BAG_L1","NeuralNetFastAI_r63_BAG_L1","NeuralNetFastAI_r99_BAG_L1","NeuralNetTorch_r112_BAG_L1","NeuralNetTorch_r148_BAG_L1","NeuralNetTorch_r37_BAG_L1","NeuralNetTorch_r41_BAG_L1","NeuralNetTorch_r76_BAG_L1","XGBoost_r106_BAG_L1","XGBoost_r109_BAG_L1","XGBoost_r68_BAG_L1"],"19":["CatBoost_r127_BAG_L1","CatBoost_r188_BAG_L1","CatBoost_r3_BAG_L1","CatBoost_r63_BAG_L1","LightGBM_r147_BAG_L1","LightGBM_r14_BAG_L1","LightGBM_r185_BAG_L1","LightGBM_r68_BAG_L1","NeuralNetFastAI_r146_BAG_L1","NeuralNetFastAI_r150_BAG_L1","NeuralNetFastAI_r189_BAG_L1","NeuralNetFastAI_r37_BAG_L1","NeuralNetFastAI_r41_BAG_L1","NeuralNetFastAI_r53_BAG_L1","NeuralNetFastAI_r63_BAG_L1","NeuralNetFastAI_r74_BAG_L1","NeuralNetFastAI_r99_BAG_L1","NeuralNetTorch_r148_BAG_L1","NeuralNetTorch_r37_BAG_L1","NeuralNetTorch_r41_BAG_L1","NeuralNetTorch_r76_BAG_L1","XGBoost_r106_BAG_L1","XGBoost_r109_BAG_L1","XGBoost_r68_BAG_L1"],"20":["LightGBM_r107_BAG_L1","NeuralNetTorch_r113_BAG_L1"],"21":["NeuralNetFastAI_r146_BAG_L1","NeuralNetTorch_r76_BAG_L1"],"22":["CatBoost_r127_BAG_L1","CatBoost_r188_BAG_L1","CatBoost_r3_BAG_L1","CatBoost_r63_BAG_L1","LightGBM_r127_BAG_L1","LightGBM_r147_BAG_L1","LightGBM_r14_BAG_L1","LightGBM_r185_BAG_L1","LightGBM_r68_BAG_L1","NeuralNetFastAI_r146_BAG_L1","NeuralNetFastAI_r150_BAG_L1","NeuralNetFastAI_r189_BAG_L1","NeuralNetFastAI_r37_BAG_L1","NeuralNetFastAI_r41_BAG_L1","NeuralNetFastAI_r53_BAG_L1","NeuralNetFastAI_r63_BAG_L1","NeuralNetFastAI_r99_BAG_L1","NeuralNetTorch_r148_BAG_L1","NeuralNetTorch_r37_BAG_L1","NeuralNetTorch_r41_BAG_L1","NeuralNetTorch_r76_BAG_L1","XGBoost_r106_BAG_L1","XGBoost_r109_BAG_L1","XGBoost_r68_BAG_L1"],"23":["CatBoost_r188_BAG_L1","LightGBM_r14_BAG_L1","LightGBM_r185_BAG_L1","LightGBM_r68_BAG_L1","NeuralNetFastAI_r146_BAG_L1","NeuralNetFastAI_r150_BAG_L1","NeuralNetFastAI_r168_BAG_L1","NeuralNetFastAI_r63_BAG_L1","NeuralNetFastAI_r94_BAG_L1","NeuralNetTorch_r149_BAG_L1","NeuralNetTorch_r37_BAG_L1","NeuralNetTorch_r69_BAG_L1","NeuralNetTorch_r76_BAG_L1"],"24":["CatBoost_r127_BAG_L1","CatBoost_r188_BAG_L1","CatBoost_r3_BAG_L1","CatBoost_r63_BAG_L1","LightGBM_r147_BAG_L1","LightGBM_r14_BAG_L1","LightGBM_r185_BAG_L1","LightGBM_r68_BAG_L1","NeuralNetFastAI_r146_BAG_L1","NeuralNetFastAI_r150_BAG_L1","NeuralNetFastAI_r189_BAG_L1","NeuralNetFastAI_r37_BAG_L1","NeuralNetFastAI_r41_BAG_L1","NeuralNetFastAI_r63_BAG_L1","NeuralNetFastAI_r99_BAG_L1","NeuralNetTorch_r37_BAG_L1","NeuralNetTorch_r76_BAG_L1","XGBoost_r109_BAG_L1","XGBoost_r68_BAG_L1"],"25":["CatBoost_r188_BAG_L1","LightGBM_r14_BAG_L1","LightGBM_r185_BAG_L1","LightGBM_r68_BAG_L1","NeuralNetFastAI_r135_BAG_L1","NeuralNetFastAI_r144_BAG_L1","NeuralNetFastAI_r146_BAG_L1","NeuralNetFastAI_r150_BAG_L1","NeuralNetFastAI_r168_BAG_L1","NeuralNetFastAI_r189_BAG_L1","NeuralNetFastAI_r63_BAG_L1","NeuralNetFastAI_r94_BAG_L1","NeuralNetFastAI_r99_BAG_L1","NeuralNetTorch_r37_BAG_L1","NeuralNetTorch_r69_BAG_L1","NeuralNetTorch_r76_BAG_L1","XGBoost_r68_BAG_L1"],"26":["CatBoost_r188_BAG_L1","LightGBM_r68_BAG_L1","NeuralNetFastAI_r63_BAG_L1","NeuralNetFastAI_r94_BAG_L1","NeuralNetTorch_r31_BAG_L1","RandomForest_r51_BAG_L1"],"27":["CatBoost_r55_BAG_L1","LightGBM_r68_BAG_L1","LightGBM_r7_BAG_L1","NeuralNetFastAI_r63_BAG_L1"],"28":["CatBoost_r188_BAG_L1","LightGBM_r68_BAG_L1","NeuralNetFastAI_r63_BAG_L1","NeuralNetFastAI_r94_BAG_L1","NeuralNetTorch_r31_BAG_L1"],"29":["NeuralNetFastAI_r54_BAG_L1","XGBoost_r192_BAG_L1"],"30":["CatBoost_r127_BAG_L1","CatBoost_r188_BAG_L1","LightGBM_r147_BAG_L1","LightGBM_r14_BAG_L1","LightGBM_r185_BAG_L1","LightGBM_r68_BAG_L1","NeuralNetFastAI_r146_BAG_L1","NeuralNetFastAI_r150_BAG_L1","NeuralNetFastAI_r189_BAG_L1","NeuralNetFastAI_r37_BAG_L1","NeuralNetFastAI_r41_BAG_L1","NeuralNetFastAI_r53_BAG_L1","NeuralNetFastAI_r63_BAG_L1","NeuralNetFastAI_r74_BAG_L1","NeuralNetFastAI_r99_BAG_L1","NeuralNetTorch_r148_BAG_L1","NeuralNetTorch_r37_BAG_L1","NeuralNetTorch_r41_BAG_L1","NeuralNetTorch_r76_BAG_L1","NeuralNetTorch_r98_BAG_L1","XGBoost_r106_BAG_L1","XGBoost_r109_BAG_L1","XGBoost_r68_BAG_L1"],"31":["LightGBM_r185_BAG_L1","NeuralNetFastAI_r146_BAG_L1","NeuralNetFastAI_r182_BAG_L1","NeuralNetTorch_r76_BAG_L1"],"32":["CatBoost_r127_BAG_L1","CatBoost_r188_BAG_L1","LightGBM_r14_BAG_L1","LightGBM_r185_BAG_L1","LightGBM_r68_BAG_L1","NeuralNetFastAI_r146_BAG_L1","NeuralNetFastAI_r150_BAG_L1","NeuralNetFastAI_r189_BAG_L1","NeuralNetFastAI_r63_BAG_L1","NeuralNetFastAI_r99_BAG_L1","NeuralNetTorch_r37_BAG_L1","NeuralNetTorch_r76_BAG_L1","XGBoost_r109_BAG_L1","XGBoost_r68_BAG_L1"],"33":["CatBoost_r127_BAG_L1","CatBoost_r188_BAG_L1","LightGBM_r147_BAG_L1","LightGBM_r14_BAG_L1","LightGBM_r185_BAG_L1","LightGBM_r68_BAG_L1","NeuralNetFastAI_r134_BAG_L1","NeuralNetFastAI_r135_BAG_L1","NeuralNetFastAI_r144_BAG_L1","NeuralNetFastAI_r146_BAG_L1","NeuralNetFastAI_r150_BAG_L1","NeuralNetFastAI_r189_BAG_L1","NeuralNetFastAI_r37_BAG_L1","NeuralNetFastAI_r41_BAG_L1","NeuralNetFastAI_r53_BAG_L1","NeuralNetFastAI_r63_BAG_L1","NeuralNetFastAI_r74_BAG_L1","NeuralNetFastAI_r99_BAG_L1","NeuralNetTorch_r148_BAG_L1","NeuralNetTorch_r37_BAG_L1","NeuralNetTorch_r41_BAG_L1","NeuralNetTorch_r76_BAG_L1","XGBoost_r106_BAG_L1","XGBoost_r109_BAG_L1","XGBoost_r68_BAG_L1"],"34":["CatBoost_r188_BAG_L1","LightGBM_r14_BAG_L1","LightGBM_r68_BAG_L1","NeuralNetFastAI_r150_BAG_L1","NeuralNetFastAI_r168_BAG_L1","NeuralNetFastAI_r63_BAG_L1","NeuralNetFastAI_r94_BAG_L1","NeuralNetTorch_r37_BAG_L1","NeuralNetTorch_r69_BAG_L1"],"35":["CatBoost_r127_BAG_L1","CatBoost_r188_BAG_L1","LightGBM_r147_BAG_L1","LightGBM_r14_BAG_L1","LightGBM_r185_BAG_L1","LightGBM_r68_BAG_L1","NeuralNetFastAI_r135_BAG_L1","NeuralNetFastAI_r144_BAG_L1","NeuralNetFastAI_r146_BAG_L1","NeuralNetFastAI_r150_BAG_L1","NeuralNetFastAI_r189_BAG_L1","NeuralNetFastAI_r37_BAG_L1","NeuralNetFastAI_r41_BAG_L1","NeuralNetFastAI_r53_BAG_L1","NeuralNetFastAI_r63_BAG_L1","NeuralNetFastAI_r99_BAG_L1","NeuralNetTorch_r140_BAG_L1","NeuralNetTorch_r148_BAG_L1","NeuralNetTorch_r37_BAG_L1","NeuralNetTorch_r76_BAG_L1","XGBoost_r109_BAG_L1","XGBoost_r68_BAG_L1"],"36":["CatBoost_r127_BAG_L1","CatBoost_r188_BAG_L1","LightGBM_r14_BAG_L1","LightGBM_r15_BAG_L1","LightGBM_r185_BAG_L1","LightGBM_r68_BAG_L1","NeuralNetFastAI_r146_BAG_L1","NeuralNetFastAI_r150_BAG_L1","NeuralNetFastAI_r189_BAG_L1","NeuralNetFastAI_r63_BAG_L1","NeuralNetFastAI_r99_BAG_L1","NeuralNetTorch_r37_BAG_L1","NeuralNetTorch_r76_BAG_L1","XGBoost_r109_BAG_L1","XGBoost_r68_BAG_L1"],"37":["CatBoost_r127_BAG_L1","CatBoost_r188_BAG_L1","LightGBM_r147_BAG_L1","LightGBM_r14_BAG_L1","LightGBM_r185_BAG_L1","LightGBM_r68_BAG_L1","NeuralNetFastAI_r11_BAG_L1","NeuralNetFastAI_r146_BAG_L1","NeuralNetFastAI_r150_BAG_L1","NeuralNetFastAI_r189_BAG_L1","NeuralNetFastAI_r37_BAG_L1","NeuralNetFastAI_r41_BAG_L1","NeuralNetFastAI_r63_BAG_L1","NeuralNetFastAI_r99_BAG_L1","NeuralNetTorch_r148_BAG_L1","NeuralNetTorch_r37_BAG_L1","NeuralNetTorch_r76_BAG_L1","XGBoost_r109_BAG_L1","XGBoost_r68_BAG_L1"]},"weights":{"0":[0.0416666667,0.0416666667,0.0416666667,0.0416666667,0.0416666667,0.0416666667,0.0833333333,0.0416666667,0.0416666667,0.0416666667,0.0416666667,0.0416666667,0.0416666667,0.0416666667,0.0416666667,0.0416666667,0.0833333333,0.0416666667,0.0416666667,0.0416666667,0.0416666667,0.0416666667],"1":[0.05,0.05,0.05,0.05,0.05,0.05,0.1,0.05,0.05,0.05,0.05,0.05,0.05,0.05,0.05,0.05,0.05,0.05,0.05],"2":[0.0526315789,0.0526315789,0.0526315789,0.0526315789,0.0526315789,0.0526315789,0.1052631579,0.0526315789,0.0526315789,0.0526315789,0.0526315789,0.0526315789,0.0526315789,0.0526315789,0.0526315789,0.0526315789,0.0526315789,0.0526315789],"3":[0.0416666667,0.0416666667,0.0416666667,0.0416666667,0.0416666667,0.0416666667,0.0416666667,0.0833333333,0.0416666667,0.0416666667,0.0416666667,0.0416666667,0.0416666667,0.0416666667,0.0416666667,0.0416666667,0.0833333333,0.0416666667,0.0416666667,0.0416666667,0.0416666667,0.0416666667],"4":[0.0714285714,0.0714285714,0.0714285714,0.0714285714,0.0714285714,0.0714285714,0.0714285714,0.0714285714,0.0714285714,0.0714285714,0.0714285714,0.0714285714,0.0714285714,0.0714285714],"5":[0.0454545455,0.0454545455,0.0454545455,0.0454545455,0.0454545455,0.0454545455,0.0454545455,0.0454545455,0.0454545455,0.0909090909,0.0454545455,0.0454545455,0.0454545455,0.0454545455,0.0909090909,0.0454545455,0.0454545455,0.0454545455,0.0454545455,0.0454545455],"6":[0.0416666667,0.0416666667,0.0416666667,0.0416666667,0.0416666667,0.0416666667,0.0416666667,0.0833333333,0.0416666667,0.0416666667,0.0416666667,0.0416666667,0.0416666667,0.0416666667,0.0416666667,0.0416666667,0.0833333333,0.0416666667,0.0416666667,0.0416666667,0.0416666667,0.0416666667],"7":[0.25,0.25,0.25,0.25],"8":[0.5,0.5],"9":[0.0666666667,0.0666666667,0.0666666667,0.0666666667,0.0666666667,0.0666666667,0.0666666667,0.0666666667,0.0666666667,0.0666666667,0.0666666667,0.0666666667,0.0666666667,0.0666666667,0.0666666667],"10":[0.0357142857,0.0357142857,0.0357142857,0.0357142857,0.0357142857,0.0357142857,0.0714285714,0.0357142857,0.0357142857,0.0357142857,0.0357142857,0.0357142857,0.0357142857,0.0357142857,0.0357142857,0.0357142857,0.0357142857,0.0357142857,0.0357142857,0.0714285714,0.0357142857,0.0357142857,0.0357142857,0.0357142857,0.0357142857,0.0357142857],"11":[0.1666666667,0.1666666667,0.1666666667,0.1666666667,0.1666666667,0.1666666667],"12":[0.0625,0.0625,0.0625,0.0625,0.0625,0.125,0.0625,0.0625,0.0625,0.0625,0.0625,0.0625,0.0625,0.0625,0.0625],"13":[0.04,0.04,0.04,0.04,0.04,0.04,0.04,0.08,0.04,0.04,0.04,0.04,0.04,0.04,0.04,0.04,0.04,0.08,0.04,0.04,0.04,0.04,0.04],"14":[0.5,0.5],"15":[0.5,0.5],"16":[0.0952380952,0.0476190476,0.0476190476,0.0476190476,0.0476190476,0.0476190476,0.0952380952,0.0476190476,0.0476190476,0.0476190476,0.0476190476,0.0476190476,0.0476190476,0.0476190476,0.0476190476,0.0476190476,0.0476190476,0.0476190476,0.0476190476],"17":[0.5,0.5],"18":[0.0416666667,0.0416666667,0.0416666667,0.0416666667,0.0416666667,0.0416666667,0.0833333333,0.0416666667,0.0416666667,0.0416666667,0.0416666667,0.0416666667,0.0416666667,0.0416666667,0.0416666667,0.0416666667,0.0833333333,0.0416666667,0.0416666667,0.0416666667,0.0416666667,0.0416666667],"19":[0.037037037,0.037037037,0.037037037,0.037037037,0.037037037,0.037037037,0.037037037,0.037037037,0.0740740741,0.037037037,0.037037037,0.037037037,0.037037037,0.037037037,0.0740740741,0.037037037,0.037037037,0.037037037,0.0740740741,0.037037037,0.037037037,0.037037037,0.037037037,0.037037037],"20":[0.5,0.5],"21":[0.5,0.5],"22":[0.037037037,0.037037037,0.037037037,0.037037037,0.037037037,0.037037037,0.037037037,0.037037037,0.037037037,0.0740740741,0.037037037,0.037037037,0.037037037,0.037037037,0.037037037,0.0740740741,0.037037037,0.037037037,0.0740740741,0.037037037,0.037037037,0.037037037,0.037037037,0.037037037],"23":[0.0769230769,0.0769230769,0.0769230769,0.0769230769,0.0769230769,0.0769230769,0.0769230769,0.0769230769,0.0769230769,0.0769230769,0.0769230769,0.0769230769,0.0769230769],"24":[0.0476190476,0.0476190476,0.0476190476,0.0476190476,0.0476190476,0.0476190476,0.0476190476,0.0476190476,0.0952380952,0.0476190476,0.0476190476,0.0476190476,0.0476190476,0.0952380952,0.0476190476,0.0476190476,0.0476190476,0.0476190476,0.0476190476],"25":[0.0588235294,0.0588235294,0.0588235294,0.0588235294,0.0588235294,0.0588235294,0.0588235294,0.0588235294,0.0588235294,0.0588235294,0.0588235294,0.0588235294,0.0588235294,0.0588235294,0.0588235294,0.0588235294,0.0588235294],"26":[0.1666666667,0.1666666667,0.1666666667,0.1666666667,0.1666666667,0.1666666667],"27":[0.25,0.25,0.25,0.25],"28":[0.2,0.2,0.2,0.2,0.2],"29":[0.5,0.5],"30":[0.04,0.04,0.04,0.04,0.04,0.04,0.08,0.04,0.04,0.04,0.04,0.04,0.04,0.04,0.04,0.04,0.08,0.04,0.04,0.04,0.04,0.04,0.04],"31":[0.25,0.25,0.25,0.25],"32":[0.0714285714,0.0714285714,0.0714285714,0.0714285714,0.0714285714,0.0714285714,0.0714285714,0.0714285714,0.0714285714,0.0714285714,0.0714285714,0.0714285714,0.0714285714,0.0714285714],"33":[0.037037037,0.037037037,0.037037037,0.037037037,0.037037037,0.037037037,0.037037037,0.037037037,0.037037037,0.0740740741,0.037037037,0.037037037,0.037037037,0.037037037,0.037037037,0.037037037,0.037037037,0.037037037,0.037037037,0.0740740741,0.037037037,0.037037037,0.037037037,0.037037037,0.037037037],"34":[0.1111111111,0.1111111111,0.1111111111,0.1111111111,0.1111111111,0.1111111111,0.1111111111,0.1111111111,0.1111111111],"35":[0.0416666667,0.0416666667,0.0416666667,0.0416666667,0.0416666667,0.0416666667,0.0416666667,0.0416666667,0.0833333333,0.0416666667,0.0416666667,0.0416666667,0.0416666667,0.0416666667,0.0416666667,0.0416666667,0.0416666667,0.0416666667,0.0833333333,0.0416666667,0.0416666667,0.0416666667],"36":[0.0666666667,0.0666666667,0.0666666667,0.0666666667,0.0666666667,0.0666666667,0.0666666667,0.0666666667,0.0666666667,0.0666666667,0.0666666667,0.0666666667,0.0666666667,0.0666666667,0.0666666667],"37":[0.05,0.05,0.05,0.05,0.05,0.05,0.05,0.1,0.05,0.05,0.05,0.05,0.05,0.05,0.05,0.05,0.05,0.05,0.05]},"meta":{"0":4,"1":9,"2":4,"3":15,"4":14,"5":25,"6":27,"7":2,"8":6,"9":2,"10":5,"11":13,"12":24,"13":21,"14":17,"15":2,"16":2,"17":2,"18":2,"19":2,"20":6,"21":4,"22":14,"23":16,"24":15,"25":20,"26":20,"27":19,"28":24,"29":21,"30":24,"31":22,"32":24,"33":28,"34":24,"35":25,"36":27,"37":27},"task":{"0":"146819_1","1":"146819_1","2":"146819_1","3":"146819_1","4":"146819_1","5":"146819_1","6":"146819_1","7":"146819_1","8":"146819_1","9":"146819_1","10":"146819_1","11":"146819_1","12":"146819_1","13":"146819_1","14":"146819_1","15":"146819_1","16":"146819_1","17":"146819_1","18":"146819_1","19":"146819_1","20":"146819_1","21":"146819_1","22":"146819_1","23":"146819_1","24":"146819_1","25":"146819_1","26":"146819_1","27":"146819_1","28":"146819_1","29":"146819_1","30":"146819_1","31":"146819_1","32":"146819_1","33":"146819_1","34":"146819_1","35":"146819_1","36":"146819_1","37":"146819_1"},"dataset":{"0":"climate-model-simulation-crashes","1":"climate-model-simulation-crashes","2":"climate-model-simulation-crashes","3":"climate-model-simulation-crashes","4":"climate-model-simulation-crashes","5":"climate-model-simulation-crashes","6":"climate-model-simulation-crashes","7":"climate-model-simulation-crashes","8":"climate-model-simulation-crashes","9":"climate-model-simulation-crashes","10":"climate-model-simulation-crashes","11":"climate-model-simulation-crashes","12":"climate-model-simulation-crashes","13":"climate-model-simulation-crashes","14":"climate-model-simulation-crashes","15":"climate-model-simulation-crashes","16":"climate-model-simulation-crashes","17":"climate-model-simulation-crashes","18":"climate-model-simulation-crashes","19":"climate-model-simulation-crashes","20":"climate-model-simulation-crashes","21":"climate-model-simulation-crashes","22":"climate-model-simulation-crashes","23":"climate-model-simulation-crashes","24":"climate-model-simulation-crashes","25":"climate-model-simulation-crashes","26":"climate-model-simulation-crashes","27":"climate-model-simulation-crashes","28":"climate-model-simulation-crashes","29":"climate-model-simulation-crashes","30":"climate-model-simulation-crashes","31":"climate-model-simulation-crashes","32":"climate-model-simulation-crashes","33":"climate-model-simulation-crashes","34":"climate-model-simulation-crashes","35":"climate-model-simulation-crashes","36":"climate-model-simulation-crashes","37":"climate-model-simulation-crashes"},"fold":{"0":1,"1":1,"2":1,"3":1,"4":1,"5":1,"6":1,"7":1,"8":1,"9":1,"10":1,"11":1,"12":1,"13":1,"14":1,"15":1,"16":1,"17":1,"18":1,"19":1,"20":1,"21":1,"22":1,"23":1,"24":1,"25":1,"26":1,"27":1,"28":1,"29":1,"30":1,"31":1,"32":1,"33":1,"34":1,"35":1,"36":1,"37":1},"method":{"0":"ENS_SIZE_QDO","1":"ENS_SIZE_QDO","2":"ENS_SIZE_QDO","3":"ENS_SIZE_QDO","4":"ENS_SIZE_QDO","5":"ENS_SIZE_QDO","6":"ENS_SIZE_QDO","7":"ENS_SIZE_QDO","8":"ENS_SIZE_QDO","9":"ENS_SIZE_QDO","10":"ENS_SIZE_QDO","11":"ENS_SIZE_QDO","12":"ENS_SIZE_QDO","13":"ENS_SIZE_QDO","14":"ENS_SIZE_QDO","15":"ENS_SIZE_QDO","16":"ENS_SIZE_QDO","17":"ENS_SIZE_QDO","18":"ENS_SIZE_QDO","19":"ENS_SIZE_QDO","20":"ENS_SIZE_QDO","21":"ENS_SIZE_QDO","22":"ENS_SIZE_QDO","23":"ENS_SIZE_QDO","24":"ENS_SIZE_QDO","25":"ENS_SIZE_QDO","26":"ENS_SIZE_QDO","27":"ENS_SIZE_QDO","28":"ENS_SIZE_QDO","29":"ENS_SIZE_QDO","30":"ENS_SIZE_QDO","31":"ENS_SIZE_QDO","32":"ENS_SIZE_QDO","33":"ENS_SIZE_QDO","34":"ENS_SIZE_QDO","35":"ENS_SIZE_QDO","36":"ENS_SIZE_QDO","37":"ENS_SIZE_QDO"}}