{"name":{"0":"ENS_SIZE_QDO_0","1":"ENS_SIZE_QDO_1","2":"ENS_SIZE_QDO_2","3":"ENS_SIZE_QDO_3","4":"ENS_SIZE_QDO_4","5":"ENS_SIZE_QDO_5","6":"ENS_SIZE_QDO_6","7":"ENS_SIZE_QDO_7","8":"ENS_SIZE_QDO_8","9":"ENS_SIZE_QDO_9","10":"ENS_SIZE_QDO_10","11":"ENS_SIZE_QDO_11","12":"ENS_SIZE_QDO_12","13":"ENS_SIZE_QDO_13","14":"ENS_SIZE_QDO_14","15":"ENS_SIZE_QDO_15","16":"ENS_SIZE_QDO_16","17":"ENS_SIZE_QDO_17","18":"ENS_SIZE_QDO_18","19":"ENS_SIZE_QDO_19","20":"ENS_SIZE_QDO_20","21":"ENS_SIZE_QDO_21","22":"ENS_SIZE_QDO_22","23":"ENS_SIZE_QDO_23","24":"ENS_SIZE_QDO_24","25":"ENS_SIZE_QDO_25","26":"ENS_SIZE_QDO_26","27":"ENS_SIZE_QDO_27","28":"ENS_SIZE_QDO_28","29":"ENS_SIZE_QDO_29","30":"ENS_SIZE_QDO_30","31":"ENS_SIZE_QDO_31","32":"ENS_SIZE_QDO_32","33":"ENS_SIZE_QDO_33","34":"ENS_SIZE_QDO_34","35":"ENS_SIZE_QDO_35","36":"ENS_SIZE_QDO_36","37":"ENS_SIZE_QDO_37","38":"ENS_SIZE_QDO_38","39":"ENS_SIZE_QDO_39"},"roc_auc_val":{"0":0.9828144753,"1":0.9797724399,"2":0.9783896966,"3":0.9757624842,"4":0.9808193742,"5":0.9830120101,"6":0.9802662769,"7":0.9764538559,"8":0.9765328698,"9":0.9829922566,"10":0.9823403919,"11":0.9768489254,"12":0.9828737358,"13":0.9820045828,"14":0.9795353982,"15":0.9751501264,"16":0.9788835335,"17":0.9819453224,"18":0.9814712389,"19":0.9824786662,"20":0.9790613148,"21":0.9796539191,"22":0.980187263,"23":0.9827552149,"24":0.9827354614,"25":0.9825971871,"26":0.9817675411,"27":0.9781724083,"28":0.9831107775,"29":0.9802465234,"30":0.9829922566,"31":0.983130531,"32":0.979278603,"33":0.9828737358,"34":0.9764933628,"35":0.9811354298,"36":0.9817082807,"37":0.9829527497,"38":0.9790020544,"39":0.9816095133},"roc_auc_test":{"0":0.9312,"1":0.9344,"2":0.9184,"3":0.944,"4":0.9344,"5":0.928,"6":0.9344,"7":0.9136,"8":0.9376,"9":0.9296,"10":0.9296,"11":0.9216,"12":0.9296,"13":0.928,"14":0.9312,"15":0.9296,"16":0.936,"17":0.9312,"18":0.9328,"19":0.9296,"20":0.9296,"21":0.9312,"22":0.9312,"23":0.9296,"24":0.9312,"25":0.9296,"26":0.9264,"27":0.9328,"28":0.9312,"29":0.9344,"30":0.9296,"31":0.928,"32":0.9264,"33":0.9328,"34":0.9312,"35":0.9312,"36":0.9328,"37":0.9312,"38":0.9328,"39":0.9312},"models_used":{"0":["ExtraTrees_r58_BAG_L1","NeuralNetFastAI_r134_BAG_L1","NeuralNetFastAI_r168_BAG_L1","NeuralNetFastAI_r190_BAG_L1","NeuralNetFastAI_r33_BAG_L1","NeuralNetTorch_r117_BAG_L1","NeuralNetTorch_r176_BAG_L1","NeuralNetTorch_r184_BAG_L1","NeuralNetTorch_r200_BAG_L1","NeuralNetTorch_r30_BAG_L1","NeuralNetTorch_r41_BAG_L1","NeuralNetTorch_r43_BAG_L1","NeuralNetTorch_r57_BAG_L1","NeuralNetTorch_r67_BAG_L1","NeuralNetTorch_r70_BAG_L1","XGBoost_r180_BAG_L1"],"1":["NeuralNetFastAI_r33_BAG_L1","NeuralNetTorch_r176_BAG_L1","NeuralNetTorch_r184_BAG_L1","NeuralNetTorch_r41_BAG_L1","NeuralNetTorch_r43_BAG_L1","NeuralNetTorch_r87_BAG_L1","RandomForest_r142_BAG_L1"],"2":["NeuralNetTorch_r176_BAG_L1","NeuralNetTorch_r184_BAG_L1","NeuralNetTorch_r79_BAG_L1"],"3":["NeuralNetFastAI_r33_BAG_L1","NeuralNetTorch_r43_BAG_L1","RandomForest_r134_BAG_L1"],"4":["NeuralNetFastAI_r121_BAG_L1","NeuralNetFastAI_r134_BAG_L1","NeuralNetFastAI_r168_BAG_L1","NeuralNetFastAI_r187_BAG_L1","NeuralNetFastAI_r33_BAG_L1","NeuralNetFastAI_r51_BAG_L1","NeuralNetTorch_r176_BAG_L1","NeuralNetTorch_r184_BAG_L1","NeuralNetTorch_r41_BAG_L1","NeuralNetTorch_r43_BAG_L1","NeuralNetTorch_r57_BAG_L1","XGBoost_r180_BAG_L1"],"5":["LightGBM_r27_BAG_L1","NeuralNetFastAI_r134_BAG_L1","NeuralNetFastAI_r141_BAG_L1","NeuralNetFastAI_r168_BAG_L1","NeuralNetFastAI_r190_BAG_L1","NeuralNetFastAI_r29_BAG_L1","NeuralNetFastAI_r33_BAG_L1","NeuralNetTorch_r117_BAG_L1","NeuralNetTorch_r176_BAG_L1","NeuralNetTorch_r184_BAG_L1","NeuralNetTorch_r200_BAG_L1","NeuralNetTorch_r30_BAG_L1","NeuralNetTorch_r41_BAG_L1","NeuralNetTorch_r43_BAG_L1","NeuralNetTorch_r57_BAG_L1","NeuralNetTorch_r67_BAG_L1","NeuralNetTorch_r6_BAG_L1","NeuralNetTorch_r70_BAG_L1","XGBoost_r180_BAG_L1"],"6":["NeuralNetFastAI_r168_BAG_L1","NeuralNetFastAI_r33_BAG_L1","NeuralNetTorch_r141_BAG_L1","NeuralNetTorch_r158_BAG_L1","NeuralNetTorch_r170_BAG_L1","NeuralNetTorch_r176_BAG_L1","NeuralNetTorch_r184_BAG_L1","NeuralNetTorch_r41_BAG_L1","NeuralNetTorch_r43_BAG_L1","RandomForest_r98_BAG_L1","XGBoost_r180_BAG_L1"],"7":["NeuralNetTorch_r176_BAG_L1","NeuralNetTorch_r184_BAG_L1"],"8":["NeuralNetFastAI_r33_BAG_L1","NeuralNetTorch_r142_BAG_L1","NeuralNetTorch_r43_BAG_L1"],"9":["ExtraTrees_r58_BAG_L1","LightGBM_r27_BAG_L1","NeuralNetFastAI_r134_BAG_L1","NeuralNetFastAI_r141_BAG_L1","NeuralNetFastAI_r168_BAG_L1","NeuralNetFastAI_r190_BAG_L1","NeuralNetFastAI_r33_BAG_L1","NeuralNetTorch_r117_BAG_L1","NeuralNetTorch_r176_BAG_L1","NeuralNetTorch_r184_BAG_L1","NeuralNetTorch_r200_BAG_L1","NeuralNetTorch_r30_BAG_L1","NeuralNetTorch_r41_BAG_L1","NeuralNetTorch_r43_BAG_L1","NeuralNetTorch_r57_BAG_L1","NeuralNetTorch_r67_BAG_L1","NeuralNetTorch_r70_BAG_L1","XGBoost_r180_BAG_L1"],"10":["NeuralNetFastAI_r134_BAG_L1","NeuralNetFastAI_r168_BAG_L1","NeuralNetFastAI_r190_BAG_L1","NeuralNetFastAI_r33_BAG_L1","NeuralNetTorch_r117_BAG_L1","NeuralNetTorch_r141_BAG_L1","NeuralNetTorch_r176_BAG_L1","NeuralNetTorch_r184_BAG_L1","NeuralNetTorch_r200_BAG_L1","NeuralNetTorch_r30_BAG_L1","NeuralNetTorch_r41_BAG_L1","NeuralNetTorch_r43_BAG_L1","NeuralNetTorch_r57_BAG_L1","RandomForest_r98_BAG_L1","XGBoost_r180_BAG_L1"],"11":["NeuralNetTorch_r176_BAG_L1","NeuralNetTorch_r184_BAG_L1","RandomForest_r88_BAG_L1"],"12":["ExtraTrees_r44_BAG_L1","LightGBM_r27_BAG_L1","NeuralNetFastAI_r134_BAG_L1","NeuralNetFastAI_r168_BAG_L1","NeuralNetFastAI_r190_BAG_L1","NeuralNetFastAI_r33_BAG_L1","NeuralNetTorch_r117_BAG_L1","NeuralNetTorch_r141_BAG_L1","NeuralNetTorch_r158_BAG_L1","NeuralNetTorch_r176_BAG_L1","NeuralNetTorch_r184_BAG_L1","NeuralNetTorch_r200_BAG_L1","NeuralNetTorch_r30_BAG_L1","NeuralNetTorch_r41_BAG_L1","NeuralNetTorch_r43_BAG_L1","NeuralNetTorch_r57_BAG_L1","NeuralNetTorch_r67_BAG_L1","NeuralNetTorch_r70_BAG_L1","RandomForest_r98_BAG_L1","XGBoost_r180_BAG_L1"],"13":["NeuralNetFastAI_r121_BAG_L1","NeuralNetFastAI_r134_BAG_L1","NeuralNetFastAI_r168_BAG_L1","NeuralNetFastAI_r187_BAG_L1","NeuralNetFastAI_r190_BAG_L1","NeuralNetFastAI_r33_BAG_L1","NeuralNetFastAI_r94_BAG_L1","NeuralNetTorch_r117_BAG_L1","NeuralNetTorch_r176_BAG_L1","NeuralNetTorch_r184_BAG_L1","NeuralNetTorch_r200_BAG_L1","NeuralNetTorch_r30_BAG_L1","NeuralNetTorch_r41_BAG_L1","NeuralNetTorch_r43_BAG_L1","NeuralNetTorch_r57_BAG_L1","NeuralNetTorch_r67_BAG_L1","NeuralNetTorch_r70_BAG_L1","XGBoost_r180_BAG_L1","XGBoost_r30_BAG_L1"],"14":["NeuralNetFastAI_r33_BAG_L1","NeuralNetFastAI_r67_BAG_L1","NeuralNetTorch_r176_BAG_L1","NeuralNetTorch_r184_BAG_L1","NeuralNetTorch_r41_BAG_L1","NeuralNetTorch_r43_BAG_L1","XGBoost_r180_BAG_L1"],"15":["ExtraTrees_r77_BAG_L1","NeuralNetFastAI_r33_BAG_L1","NeuralNetTorch_r43_BAG_L1"],"16":["NeuralNetFastAI_r33_BAG_L1","NeuralNetTorch_r141_BAG_L1","NeuralNetTorch_r176_BAG_L1","NeuralNetTorch_r184_BAG_L1","NeuralNetTorch_r41_BAG_L1","NeuralNetTorch_r43_BAG_L1","RandomForest_r98_BAG_L1"],"17":["NeuralNetFastAI_r134_BAG_L1","NeuralNetFastAI_r168_BAG_L1","NeuralNetFastAI_r33_BAG_L1","NeuralNetTorch_r141_BAG_L1","NeuralNetTorch_r158_BAG_L1","NeuralNetTorch_r176_BAG_L1","NeuralNetTorch_r184_BAG_L1","NeuralNetTorch_r30_BAG_L1","NeuralNetTorch_r41_BAG_L1","NeuralNetTorch_r43_BAG_L1","NeuralNetTorch_r57_BAG_L1","RandomForest_r98_BAG_L1","XGBoost_r180_BAG_L1"],"18":["NeuralNetFastAI_r134_BAG_L1","NeuralNetFastAI_r168_BAG_L1","NeuralNetFastAI_r33_BAG_L1","NeuralNetTorch_r176_BAG_L1","NeuralNetTorch_r184_BAG_L1","NeuralNetTorch_r30_BAG_L1","NeuralNetTorch_r41_BAG_L1","NeuralNetTorch_r43_BAG_L1","NeuralNetTorch_r57_BAG_L1","XGBoost_r180_BAG_L1","XGBoost_r31_BAG_L1"],"19":["NeuralNetFastAI_r134_BAG_L1","NeuralNetFastAI_r168_BAG_L1","NeuralNetFastAI_r190_BAG_L1","NeuralNetFastAI_r33_BAG_L1","NeuralNetTorch_r117_BAG_L1","NeuralNetTorch_r176_BAG_L1","NeuralNetTorch_r184_BAG_L1","NeuralNetTorch_r200_BAG_L1","NeuralNetTorch_r30_BAG_L1","NeuralNetTorch_r41_BAG_L1","NeuralNetTorch_r43_BAG_L1","NeuralNetTorch_r57_BAG_L1","NeuralNetTorch_r67_BAG_L1","NeuralNetTorch_r70_BAG_L1","NeuralNetTorch_r9_BAG_L1","XGBoost_r180_BAG_L1"],"20":["ExtraTrees_r58_BAG_L1","NeuralNetFastAI_r33_BAG_L1","NeuralNetTorch_r128_BAG_L1","NeuralNetTorch_r176_BAG_L1","NeuralNetTorch_r184_BAG_L1","NeuralNetTorch_r41_BAG_L1","NeuralNetTorch_r43_BAG_L1","XGBoost_r180_BAG_L1"],"21":["NeuralNetFastAI_r121_BAG_L1","NeuralNetFastAI_r168_BAG_L1","NeuralNetFastAI_r187_BAG_L1","NeuralNetFastAI_r33_BAG_L1","NeuralNetTorch_r176_BAG_L1","NeuralNetTorch_r184_BAG_L1","NeuralNetTorch_r41_BAG_L1","NeuralNetTorch_r43_BAG_L1","XGBoost_r180_BAG_L1"],"22":["NeuralNetFastAI_r168_BAG_L1","NeuralNetFastAI_r33_BAG_L1","NeuralNetTorch_r163_BAG_L1","NeuralNetTorch_r176_BAG_L1","NeuralNetTorch_r184_BAG_L1","NeuralNetTorch_r41_BAG_L1","NeuralNetTorch_r43_BAG_L1","NeuralNetTorch_r57_BAG_L1","XGBoost_r180_BAG_L1"],"23":["NeuralNetFastAI_r134_BAG_L1","NeuralNetFastAI_r168_BAG_L1","NeuralNetFastAI_r190_BAG_L1","NeuralNetFastAI_r33_BAG_L1","NeuralNetTorch_r117_BAG_L1","NeuralNetTorch_r176_BAG_L1","NeuralNetTorch_r184_BAG_L1","NeuralNetTorch_r200_BAG_L1","NeuralNetTorch_r30_BAG_L1","NeuralNetTorch_r41_BAG_L1","NeuralNetTorch_r43_BAG_L1","NeuralNetTorch_r57_BAG_L1","XGBoost_r180_BAG_L1"],"24":["LightGBM_r1_BAG_L1","NeuralNetFastAI_r134_BAG_L1","NeuralNetFastAI_r168_BAG_L1","NeuralNetFastAI_r190_BAG_L1","NeuralNetFastAI_r33_BAG_L1","NeuralNetTorch_r117_BAG_L1","NeuralNetTorch_r176_BAG_L1","NeuralNetTorch_r184_BAG_L1","NeuralNetTorch_r200_BAG_L1","NeuralNetTorch_r30_BAG_L1","NeuralNetTorch_r41_BAG_L1","NeuralNetTorch_r43_BAG_L1","NeuralNetTorch_r57_BAG_L1","NeuralNetTorch_r70_BAG_L1","XGBoost_r180_BAG_L1"],"25":["NeuralNetFastAI_r134_BAG_L1","NeuralNetFastAI_r168_BAG_L1","NeuralNetFastAI_r33_BAG_L1","NeuralNetTorch_r176_BAG_L1","NeuralNetTorch_r184_BAG_L1","NeuralNetTorch_r200_BAG_L1","NeuralNetTorch_r30_BAG_L1","NeuralNetTorch_r41_BAG_L1","NeuralNetTorch_r43_BAG_L1","NeuralNetTorch_r57_BAG_L1","XGBoost_r180_BAG_L1"],"26":["ExtraTrees_r22_BAG_L1","NeuralNetFastAI_r134_BAG_L1","NeuralNetFastAI_r168_BAG_L1","NeuralNetFastAI_r190_BAG_L1","NeuralNetFastAI_r33_BAG_L1","NeuralNetTorch_r117_BAG_L1","NeuralNetTorch_r149_BAG_L1","NeuralNetTorch_r176_BAG_L1","NeuralNetTorch_r184_BAG_L1","NeuralNetTorch_r200_BAG_L1","NeuralNetTorch_r30_BAG_L1","NeuralNetTorch_r41_BAG_L1","NeuralNetTorch_r43_BAG_L1","NeuralNetTorch_r57_BAG_L1","NeuralNetTorch_r67_BAG_L1","NeuralNetTorch_r69_BAG_L1","NeuralNetTorch_r70_BAG_L1","XGBoost_r180_BAG_L1"],"27":["ExtraTrees_r77_BAG_L1","NeuralNetFastAI_r120_BAG_L1","NeuralNetFastAI_r33_BAG_L1","NeuralNetTorch_r43_BAG_L1","NeuralNetTorch_r47_BAG_L1"],"28":["LightGBM_r27_BAG_L1","NeuralNetFastAI_r134_BAG_L1","NeuralNetFastAI_r141_BAG_L1","NeuralNetFastAI_r168_BAG_L1","NeuralNetFastAI_r190_BAG_L1","NeuralNetFastAI_r33_BAG_L1","NeuralNetTorch_r117_BAG_L1","NeuralNetTorch_r176_BAG_L1","NeuralNetTorch_r184_BAG_L1","NeuralNetTorch_r200_BAG_L1","NeuralNetTorch_r30_BAG_L1","NeuralNetTorch_r41_BAG_L1","NeuralNetTorch_r43_BAG_L1","NeuralNetTorch_r57_BAG_L1","NeuralNetTorch_r67_BAG_L1","NeuralNetTorch_r70_BAG_L1","XGBoost_r180_BAG_L1"],"29":["NeuralNetFastAI_r168_BAG_L1","NeuralNetFastAI_r33_BAG_L1","NeuralNetTorch_r176_BAG_L1","NeuralNetTorch_r184_BAG_L1","NeuralNetTorch_r41_BAG_L1","NeuralNetTorch_r43_BAG_L1","XGBoost_r180_BAG_L1"],"30":["ExtraTrees_r58_BAG_L1","LightGBM_r27_BAG_L1","NeuralNetFastAI_r134_BAG_L1","NeuralNetFastAI_r168_BAG_L1","NeuralNetFastAI_r190_BAG_L1","NeuralNetFastAI_r33_BAG_L1","NeuralNetTorch_r117_BAG_L1","NeuralNetTorch_r176_BAG_L1","NeuralNetTorch_r184_BAG_L1","NeuralNetTorch_r200_BAG_L1","NeuralNetTorch_r30_BAG_L1","NeuralNetTorch_r41_BAG_L1","NeuralNetTorch_r43_BAG_L1","NeuralNetTorch_r57_BAG_L1","NeuralNetTorch_r67_BAG_L1","NeuralNetTorch_r70_BAG_L1","XGBoost_r180_BAG_L1"],"31":["LightGBM_r27_BAG_L1","NeuralNetFastAI_r134_BAG_L1","NeuralNetFastAI_r141_BAG_L1","NeuralNetFastAI_r168_BAG_L1","NeuralNetFastAI_r190_BAG_L1","NeuralNetFastAI_r29_BAG_L1","NeuralNetFastAI_r33_BAG_L1","NeuralNetTorch_r117_BAG_L1","NeuralNetTorch_r176_BAG_L1","NeuralNetTorch_r184_BAG_L1","NeuralNetTorch_r200_BAG_L1","NeuralNetTorch_r30_BAG_L1","NeuralNetTorch_r41_BAG_L1","NeuralNetTorch_r43_BAG_L1","NeuralNetTorch_r57_BAG_L1","NeuralNetTorch_r67_BAG_L1","NeuralNetTorch_r70_BAG_L1","XGBoost_r180_BAG_L1"],"32":["NeuralNetFastAI_r121_BAG_L1","NeuralNetFastAI_r187_BAG_L1","NeuralNetFastAI_r94_BAG_L1","NeuralNetTorch_r127_BAG_L1","NeuralNetTorch_r67_BAG_L1"],"33":["NeuralNetFastAI_r131_BAG_L1","NeuralNetFastAI_r134_BAG_L1","NeuralNetFastAI_r168_BAG_L1","NeuralNetFastAI_r190_BAG_L1","NeuralNetFastAI_r33_BAG_L1","NeuralNetTorch_r117_BAG_L1","NeuralNetTorch_r176_BAG_L1","NeuralNetTorch_r184_BAG_L1","NeuralNetTorch_r200_BAG_L1","NeuralNetTorch_r30_BAG_L1","NeuralNetTorch_r41_BAG_L1","NeuralNetTorch_r43_BAG_L1","NeuralNetTorch_r57_BAG_L1","NeuralNetTorch_r67_BAG_L1","NeuralNetTorch_r70_BAG_L1","XGBoost_r180_BAG_L1"],"34":["NeuralNetFastAI_r33_BAG_L1","NeuralNetTorch_r43_BAG_L1"],"35":["ExtraTrees_r44_BAG_L1","ExtraTrees_r58_BAG_L1","NeuralNetFastAI_r134_BAG_L1","NeuralNetFastAI_r168_BAG_L1","NeuralNetFastAI_r33_BAG_L1","NeuralNetTorch_r141_BAG_L1","NeuralNetTorch_r158_BAG_L1","NeuralNetTorch_r176_BAG_L1","NeuralNetTorch_r184_BAG_L1","NeuralNetTorch_r30_BAG_L1","NeuralNetTorch_r41_BAG_L1","NeuralNetTorch_r43_BAG_L1","NeuralNetTorch_r57_BAG_L1","RandomForest_r109_BAG_L1","RandomForest_r98_BAG_L1","XGBoost_r180_BAG_L1"],"36":["ExtraTrees_r58_BAG_L1","NeuralNetFastAI_r134_BAG_L1","NeuralNetFastAI_r168_BAG_L1","NeuralNetFastAI_r33_BAG_L1","NeuralNetTorch_r176_BAG_L1","NeuralNetTorch_r184_BAG_L1","NeuralNetTorch_r30_BAG_L1","NeuralNetTorch_r41_BAG_L1","NeuralNetTorch_r43_BAG_L1","NeuralNetTorch_r57_BAG_L1","XGBoost_r180_BAG_L1"],"37":["NeuralNetFastAI_r134_BAG_L1","NeuralNetFastAI_r168_BAG_L1","NeuralNetFastAI_r190_BAG_L1","NeuralNetFastAI_r33_BAG_L1","NeuralNetTorch_r117_BAG_L1","NeuralNetTorch_r176_BAG_L1","NeuralNetTorch_r184_BAG_L1","NeuralNetTorch_r200_BAG_L1","NeuralNetTorch_r30_BAG_L1","NeuralNetTorch_r41_BAG_L1","NeuralNetTorch_r43_BAG_L1","NeuralNetTorch_r57_BAG_L1","NeuralNetTorch_r67_BAG_L1","NeuralNetTorch_r70_BAG_L1","XGBoost_r180_BAG_L1"],"38":["ExtraTrees_r58_BAG_L1","NeuralNetFastAI_r33_BAG_L1","NeuralNetTorch_r176_BAG_L1","NeuralNetTorch_r184_BAG_L1","NeuralNetTorch_r41_BAG_L1","NeuralNetTorch_r43_BAG_L1","XGBoost_r180_BAG_L1"],"39":["ExtraTrees_r124_BAG_L1","ExtraTrees_r58_BAG_L1","NeuralNetFastAI_r134_BAG_L1","NeuralNetFastAI_r168_BAG_L1","NeuralNetFastAI_r33_BAG_L1","NeuralNetTorch_r176_BAG_L1","NeuralNetTorch_r184_BAG_L1","NeuralNetTorch_r30_BAG_L1","NeuralNetTorch_r41_BAG_L1","NeuralNetTorch_r43_BAG_L1","NeuralNetTorch_r57_BAG_L1","XGBoost_r180_BAG_L1"]},"weights":{"0":[0.0588235294,0.0588235294,0.0588235294,0.0588235294,0.0588235294,0.0588235294,0.0588235294,0.0588235294,0.0588235294,0.0588235294,0.0588235294,0.0588235294,0.1176470588,0.0588235294,0.0588235294,0.0588235294],"1":[0.1428571429,0.1428571429,0.1428571429,0.1428571429,0.1428571429,0.1428571429,0.1428571429],"2":[0.3333333333,0.3333333333,0.3333333333],"3":[0.3333333333,0.3333333333,0.3333333333],"4":[0.0833333333,0.0833333333,0.0833333333,0.0833333333,0.0833333333,0.0833333333,0.0833333333,0.0833333333,0.0833333333,0.0833333333,0.0833333333,0.0833333333],"5":[0.05,0.05,0.05,0.05,0.05,0.05,0.05,0.05,0.05,0.05,0.05,0.05,0.05,0.05,0.1,0.05,0.05,0.05,0.05],"6":[0.0909090909,0.0909090909,0.0909090909,0.0909090909,0.0909090909,0.0909090909,0.0909090909,0.0909090909,0.0909090909,0.0909090909,0.0909090909],"7":[0.5,0.5],"8":[0.3333333333,0.3333333333,0.3333333333],"9":[0.0526315789,0.0526315789,0.0526315789,0.0526315789,0.0526315789,0.0526315789,0.0526315789,0.0526315789,0.0526315789,0.0526315789,0.0526315789,0.0526315789,0.0526315789,0.0526315789,0.1052631579,0.0526315789,0.0526315789,0.0526315789],"10":[0.0666666667,0.0666666667,0.0666666667,0.0666666667,0.0666666667,0.0666666667,0.0666666667,0.0666666667,0.0666666667,0.0666666667,0.0666666667,0.0666666667,0.0666666667,0.0666666667,0.0666666667],"11":[0.3333333333,0.3333333333,0.3333333333],"12":[0.0476190476,0.0476190476,0.0476190476,0.0476190476,0.0476190476,0.0476190476,0.0476190476,0.0476190476,0.0476190476,0.0476190476,0.0476190476,0.0476190476,0.0476190476,0.0476190476,0.0476190476,0.0952380952,0.0476190476,0.0476190476,0.0476190476,0.0476190476],"13":[0.0526315789,0.0526315789,0.0526315789,0.0526315789,0.0526315789,0.0526315789,0.0526315789,0.0526315789,0.0526315789,0.0526315789,0.0526315789,0.0526315789,0.0526315789,0.0526315789,0.0526315789,0.0526315789,0.0526315789,0.0526315789,0.0526315789],"14":[0.1428571429,0.1428571429,0.1428571429,0.1428571429,0.1428571429,0.1428571429,0.1428571429],"15":[0.3333333333,0.3333333333,0.3333333333],"16":[0.1428571429,0.1428571429,0.1428571429,0.1428571429,0.1428571429,0.1428571429,0.1428571429],"17":[0.0769230769,0.0769230769,0.0769230769,0.0769230769,0.0769230769,0.0769230769,0.0769230769,0.0769230769,0.0769230769,0.0769230769,0.0769230769,0.0769230769,0.0769230769],"18":[0.0909090909,0.0909090909,0.0909090909,0.0909090909,0.0909090909,0.0909090909,0.0909090909,0.0909090909,0.0909090909,0.0909090909,0.0909090909],"19":[0.0588235294,0.0588235294,0.0588235294,0.0588235294,0.0588235294,0.0588235294,0.0588235294,0.0588235294,0.0588235294,0.0588235294,0.0588235294,0.1176470588,0.0588235294,0.0588235294,0.0588235294,0.0588235294],"20":[0.125,0.125,0.125,0.125,0.125,0.125,0.125,0.125],"21":[0.1111111111,0.1111111111,0.1111111111,0.1111111111,0.1111111111,0.1111111111,0.1111111111,0.1111111111,0.1111111111],"22":[0.1111111111,0.1111111111,0.1111111111,0.1111111111,0.1111111111,0.1111111111,0.1111111111,0.1111111111,0.1111111111],"23":[0.0714285714,0.0714285714,0.0714285714,0.0714285714,0.0714285714,0.0714285714,0.0714285714,0.0714285714,0.0714285714,0.0714285714,0.0714285714,0.1428571429,0.0714285714],"24":[0.0625,0.0625,0.0625,0.0625,0.0625,0.0625,0.0625,0.0625,0.0625,0.0625,0.0625,0.0625,0.125,0.0625,0.0625],"25":[0.0833333333,0.0833333333,0.0833333333,0.0833333333,0.0833333333,0.0833333333,0.0833333333,0.0833333333,0.0833333333,0.1666666667,0.0833333333],"26":[0.0555555556,0.0555555556,0.0555555556,0.0555555556,0.0555555556,0.0555555556,0.0555555556,0.0555555556,0.0555555556,0.0555555556,0.0555555556,0.0555555556,0.0555555556,0.0555555556,0.0555555556,0.0555555556,0.0555555556,0.0555555556],"27":[0.2,0.2,0.2,0.2,0.2],"28":[0.0555555556,0.0555555556,0.0555555556,0.0555555556,0.0555555556,0.0555555556,0.0555555556,0.0555555556,0.0555555556,0.0555555556,0.0555555556,0.0555555556,0.0555555556,0.1111111111,0.0555555556,0.0555555556,0.0555555556],"29":[0.1428571429,0.1428571429,0.1428571429,0.1428571429,0.1428571429,0.1428571429,0.1428571429],"30":[0.0555555556,0.0555555556,0.0555555556,0.0555555556,0.0555555556,0.0555555556,0.0555555556,0.0555555556,0.0555555556,0.0555555556,0.0555555556,0.0555555556,0.0555555556,0.1111111111,0.0555555556,0.0555555556,0.0555555556],"31":[0.0526315789,0.0526315789,0.0526315789,0.0526315789,0.0526315789,0.0526315789,0.0526315789,0.0526315789,0.0526315789,0.0526315789,0.0526315789,0.0526315789,0.0526315789,0.0526315789,0.1052631579,0.0526315789,0.0526315789,0.0526315789],"32":[0.2,0.2,0.2,0.2,0.2],"33":[0.0588235294,0.0588235294,0.0588235294,0.0588235294,0.0588235294,0.0588235294,0.0588235294,0.0588235294,0.0588235294,0.0588235294,0.0588235294,0.0588235294,0.1176470588,0.0588235294,0.0588235294,0.0588235294],"34":[0.5,0.5],"35":[0.0625,0.0625,0.0625,0.0625,0.0625,0.0625,0.0625,0.0625,0.0625,0.0625,0.0625,0.0625,0.0625,0.0625,0.0625,0.0625],"36":[0.0909090909,0.0909090909,0.0909090909,0.0909090909,0.0909090909,0.0909090909,0.0909090909,0.0909090909,0.0909090909,0.0909090909,0.0909090909],"37":[0.0625,0.0625,0.0625,0.0625,0.0625,0.0625,0.0625,0.0625,0.0625,0.0625,0.0625,0.125,0.0625,0.0625,0.0625],"38":[0.1428571429,0.1428571429,0.1428571429,0.1428571429,0.1428571429,0.1428571429,0.1428571429],"39":[0.0833333333,0.0833333333,0.0833333333,0.0833333333,0.0833333333,0.0833333333,0.0833333333,0.0833333333,0.0833333333,0.0833333333,0.0833333333,0.0833333333]},"meta":{"0":7,"1":7,"2":7,"3":3,"4":19,"5":11,"6":16,"7":21,"8":5,"9":2,"10":7,"11":5,"12":12,"13":11,"14":11,"15":13,"16":17,"17":14,"18":2,"19":3,"20":3,"21":3,"22":3,"23":7,"24":8,"25":9,"26":15,"27":9,"28":12,"29":16,"30":18,"31":12,"32":16,"33":19,"34":17,"35":17,"36":20,"37":19,"38":18,"39":18},"task":{"0":"3747_1","1":"3747_1","2":"3747_1","3":"3747_1","4":"3747_1","5":"3747_1","6":"3747_1","7":"3747_1","8":"3747_1","9":"3747_1","10":"3747_1","11":"3747_1","12":"3747_1","13":"3747_1","14":"3747_1","15":"3747_1","16":"3747_1","17":"3747_1","18":"3747_1","19":"3747_1","20":"3747_1","21":"3747_1","22":"3747_1","23":"3747_1","24":"3747_1","25":"3747_1","26":"3747_1","27":"3747_1","28":"3747_1","29":"3747_1","30":"3747_1","31":"3747_1","32":"3747_1","33":"3747_1","34":"3747_1","35":"3747_1","36":"3747_1","37":"3747_1","38":"3747_1","39":"3747_1"},"dataset":{"0":"fri_c0_500_5","1":"fri_c0_500_5","2":"fri_c0_500_5","3":"fri_c0_500_5","4":"fri_c0_500_5","5":"fri_c0_500_5","6":"fri_c0_500_5","7":"fri_c0_500_5","8":"fri_c0_500_5","9":"fri_c0_500_5","10":"fri_c0_500_5","11":"fri_c0_500_5","12":"fri_c0_500_5","13":"fri_c0_500_5","14":"fri_c0_500_5","15":"fri_c0_500_5","16":"fri_c0_500_5","17":"fri_c0_500_5","18":"fri_c0_500_5","19":"fri_c0_500_5","20":"fri_c0_500_5","21":"fri_c0_500_5","22":"fri_c0_500_5","23":"fri_c0_500_5","24":"fri_c0_500_5","25":"fri_c0_500_5","26":"fri_c0_500_5","27":"fri_c0_500_5","28":"fri_c0_500_5","29":"fri_c0_500_5","30":"fri_c0_500_5","31":"fri_c0_500_5","32":"fri_c0_500_5","33":"fri_c0_500_5","34":"fri_c0_500_5","35":"fri_c0_500_5","36":"fri_c0_500_5","37":"fri_c0_500_5","38":"fri_c0_500_5","39":"fri_c0_500_5"},"fold":{"0":1,"1":1,"2":1,"3":1,"4":1,"5":1,"6":1,"7":1,"8":1,"9":1,"10":1,"11":1,"12":1,"13":1,"14":1,"15":1,"16":1,"17":1,"18":1,"19":1,"20":1,"21":1,"22":1,"23":1,"24":1,"25":1,"26":1,"27":1,"28":1,"29":1,"30":1,"31":1,"32":1,"33":1,"34":1,"35":1,"36":1,"37":1,"38":1,"39":1},"method":{"0":"ENS_SIZE_QDO","1":"ENS_SIZE_QDO","2":"ENS_SIZE_QDO","3":"ENS_SIZE_QDO","4":"ENS_SIZE_QDO","5":"ENS_SIZE_QDO","6":"ENS_SIZE_QDO","7":"ENS_SIZE_QDO","8":"ENS_SIZE_QDO","9":"ENS_SIZE_QDO","10":"ENS_SIZE_QDO","11":"ENS_SIZE_QDO","12":"ENS_SIZE_QDO","13":"ENS_SIZE_QDO","14":"ENS_SIZE_QDO","15":"ENS_SIZE_QDO","16":"ENS_SIZE_QDO","17":"ENS_SIZE_QDO","18":"ENS_SIZE_QDO","19":"ENS_SIZE_QDO","20":"ENS_SIZE_QDO","21":"ENS_SIZE_QDO","22":"ENS_SIZE_QDO","23":"ENS_SIZE_QDO","24":"ENS_SIZE_QDO","25":"ENS_SIZE_QDO","26":"ENS_SIZE_QDO","27":"ENS_SIZE_QDO","28":"ENS_SIZE_QDO","29":"ENS_SIZE_QDO","30":"ENS_SIZE_QDO","31":"ENS_SIZE_QDO","32":"ENS_SIZE_QDO","33":"ENS_SIZE_QDO","34":"ENS_SIZE_QDO","35":"ENS_SIZE_QDO","36":"ENS_SIZE_QDO","37":"ENS_SIZE_QDO","38":"ENS_SIZE_QDO","39":"ENS_SIZE_QDO"}}