{"name":{"0":"ENS_SIZE_QDO_0","1":"ENS_SIZE_QDO_1","2":"ENS_SIZE_QDO_2","3":"ENS_SIZE_QDO_3","4":"ENS_SIZE_QDO_4","5":"ENS_SIZE_QDO_5","6":"ENS_SIZE_QDO_6","7":"ENS_SIZE_QDO_7","8":"ENS_SIZE_QDO_8","9":"ENS_SIZE_QDO_9","10":"ENS_SIZE_QDO_10","11":"ENS_SIZE_QDO_11","12":"ENS_SIZE_QDO_12","13":"ENS_SIZE_QDO_13","14":"ENS_SIZE_QDO_14","15":"ENS_SIZE_QDO_15","16":"ENS_SIZE_QDO_16","17":"ENS_SIZE_QDO_17","18":"ENS_SIZE_QDO_18","19":"ENS_SIZE_QDO_19","20":"ENS_SIZE_QDO_20","21":"ENS_SIZE_QDO_21","22":"ENS_SIZE_QDO_22","23":"ENS_SIZE_QDO_23","24":"ENS_SIZE_QDO_24","25":"ENS_SIZE_QDO_25","26":"ENS_SIZE_QDO_26","27":"ENS_SIZE_QDO_27","28":"ENS_SIZE_QDO_28","29":"ENS_SIZE_QDO_29","30":"ENS_SIZE_QDO_30","31":"ENS_SIZE_QDO_31","32":"ENS_SIZE_QDO_32","33":"ENS_SIZE_QDO_33","34":"ENS_SIZE_QDO_34","35":"ENS_SIZE_QDO_35","36":"ENS_SIZE_QDO_36","37":"ENS_SIZE_QDO_37"},"roc_auc_val":{"0":0.914919425,"1":0.9107231296,"2":0.9121399058,"3":0.9099209748,"4":0.9152261106,"5":0.9114659004,"6":0.9143445277,"7":0.9095363396,"8":0.914464417,"9":0.8974692898,"10":0.9115530117,"11":0.9124357011,"12":0.9101910918,"13":0.9160900208,"14":0.8918535446,"15":0.9090318001,"16":0.9168022652,"17":0.9143730203,"18":0.9130467123,"19":0.9115140833,"20":0.9095309367,"21":0.9069123612,"22":0.9087181117,"23":0.9116160809,"24":0.9170133102,"25":0.9137391598,"26":0.9138535624,"27":0.9064920976,"28":0.9141136432,"29":0.9126858847,"30":0.9138207109,"31":0.9157572374,"32":0.9157328431,"33":0.9123729818,"34":0.9149863785,"35":0.8973862724,"36":0.9166602939,"37":0.9122771247},"roc_auc_test":{"0":0.9079919552,"1":0.9090105251,"2":0.9062526362,"3":0.90430975,"4":0.9035392905,"5":0.9077650336,"6":0.9095686082,"7":0.9068779217,"8":0.9106575768,"9":0.8819647349,"10":0.9093504957,"11":0.912570468,"12":0.9067345845,"13":0.905929604,"14":0.9012362784,"15":0.8954260134,"16":0.9052880627,"17":0.9097627222,"18":0.9093530327,"19":0.9098080561,"20":0.9086450825,"21":0.9000781241,"22":0.9109694096,"23":0.9058725375,"24":0.9052885959,"25":0.9078542279,"26":0.908497902,"27":0.9151173044,"28":0.9074686659,"29":0.9103257355,"30":0.9113964417,"31":0.9068841911,"32":0.9064362306,"33":0.9103732021,"34":0.9049601004,"35":0.9055237577,"36":0.9061829173,"37":0.9075654563},"models_used":{"0":["KNeighbors_c2_BAG_L1","NeuralNetFastAI_r157_BAG_L1","NeuralNetFastAI_r197_BAG_L1","NeuralNetTorch_r126_BAG_L1","NeuralNetTorch_r137_BAG_L1","NeuralNetTorch_r1_BAG_L1","NeuralNetTorch_r30_BAG_L1","NeuralNetTorch_r49_BAG_L1","NeuralNetTorch_r58_BAG_L1","NeuralNetTorch_r69_BAG_L1","NeuralNetTorch_r88_BAG_L1","XGBoost_r32_BAG_L1","XGBoost_r91_BAG_L1"],"1":["CatBoost_r116_BAG_L1","CatBoost_r163_BAG_L1","NeuralNetFastAI_r157_BAG_L1","NeuralNetFastAI_r197_BAG_L1","NeuralNetTorch_r105_BAG_L1","NeuralNetTorch_r49_BAG_L1","NeuralNetTorch_r88_BAG_L1","XGBoost_r32_BAG_L1"],"2":["ExtraTrees_r68_BAG_L1","KNeighbors_r38_BAG_L1","KNeighbors_r7_BAG_L1","NeuralNetFastAI_r157_BAG_L1","NeuralNetFastAI_r197_BAG_L1","NeuralNetFastAI_r21_BAG_L1","NeuralNetTorch_r126_BAG_L1","NeuralNetTorch_r168_BAG_L1","NeuralNetTorch_r1_BAG_L1","NeuralNetTorch_r30_BAG_L1","NeuralNetTorch_r49_BAG_L1","NeuralNetTorch_r69_BAG_L1","NeuralNetTorch_r88_BAG_L1","XGBoost_r32_BAG_L1","XGBoost_r91_BAG_L1"],"3":["NeuralNetTorch_r88_BAG_L1","XGBoost_r32_BAG_L1"],"4":["KNeighbors_c2_BAG_L1","NeuralNetFastAI_r157_BAG_L1","NeuralNetFastAI_r183_BAG_L1","NeuralNetFastAI_r197_BAG_L1","NeuralNetFastAI_r22_BAG_L1","NeuralNetTorch_r126_BAG_L1","NeuralNetTorch_r1_BAG_L1","NeuralNetTorch_r200_BAG_L1","NeuralNetTorch_r30_BAG_L1","NeuralNetTorch_r49_BAG_L1","NeuralNetTorch_r58_BAG_L1","NeuralNetTorch_r69_BAG_L1","NeuralNetTorch_r88_BAG_L1","XGBoost_r32_BAG_L1","XGBoost_r91_BAG_L1"],"5":["ExtraTrees_r124_BAG_L1","NeuralNetFastAI_r157_BAG_L1","NeuralNetFastAI_r197_BAG_L1","NeuralNetTorch_r49_BAG_L1","NeuralNetTorch_r88_BAG_L1","XGBoost_r32_BAG_L1"],"6":["NeuralNetFastAI_r157_BAG_L1","NeuralNetFastAI_r197_BAG_L1","NeuralNetTorch_r126_BAG_L1","NeuralNetTorch_r145_BAG_L1","NeuralNetTorch_r1_BAG_L1","NeuralNetTorch_r30_BAG_L1","NeuralNetTorch_r49_BAG_L1","NeuralNetTorch_r58_BAG_L1","NeuralNetTorch_r69_BAG_L1","NeuralNetTorch_r88_BAG_L1","XGBoost_r32_BAG_L1","XGBoost_r91_BAG_L1"],"7":["CatBoost_r41_BAG_L1","CatBoost_r77_BAG_L1","NeuralNetFastAI_r3_BAG_L1","NeuralNetTorch_r88_BAG_L1","XGBoost_r32_BAG_L1"],"8":["NeuralNetFastAI_r157_BAG_L1","NeuralNetFastAI_r197_BAG_L1","NeuralNetTorch_r126_BAG_L1","NeuralNetTorch_r1_BAG_L1","NeuralNetTorch_r30_BAG_L1","NeuralNetTorch_r49_BAG_L1","NeuralNetTorch_r58_BAG_L1","NeuralNetTorch_r69_BAG_L1","NeuralNetTorch_r88_BAG_L1","XGBoost_r32_BAG_L1","XGBoost_r91_BAG_L1"],"9":["NeuralNetFastAI_r43_BAG_L1","NeuralNetTorch_r61_BAG_L1","XGBoost_r91_BAG_L1"],"10":["CatBoost_r14_BAG_L1","CatBoost_r21_BAG_L1","NeuralNetFastAI_r157_BAG_L1","NeuralNetFastAI_r197_BAG_L1","NeuralNetTorch_r117_BAG_L1","NeuralNetTorch_r126_BAG_L1","NeuralNetTorch_r1_BAG_L1","NeuralNetTorch_r30_BAG_L1","NeuralNetTorch_r49_BAG_L1","NeuralNetTorch_r58_BAG_L1","NeuralNetTorch_r69_BAG_L1","NeuralNetTorch_r88_BAG_L1","RandomForest_r71_BAG_L1","XGBoost_r159_BAG_L1","XGBoost_r32_BAG_L1","XGBoost_r91_BAG_L1"],"11":["CatBoost_r14_BAG_L1","CatBoost_r190_BAG_L1","ExtraTrees_r180_BAG_L1","NeuralNetFastAI_r157_BAG_L1","NeuralNetFastAI_r197_BAG_L1","NeuralNetTorch_r105_BAG_L1","NeuralNetTorch_r117_BAG_L1","NeuralNetTorch_r126_BAG_L1","NeuralNetTorch_r1_BAG_L1","NeuralNetTorch_r30_BAG_L1","NeuralNetTorch_r49_BAG_L1","NeuralNetTorch_r58_BAG_L1","NeuralNetTorch_r69_BAG_L1","NeuralNetTorch_r88_BAG_L1","XGBoost_r32_BAG_L1","XGBoost_r91_BAG_L1"],"12":["NeuralNetTorch_r49_BAG_L1","NeuralNetTorch_r88_BAG_L1","XGBoost_r32_BAG_L1"],"13":["CatBoost_r41_BAG_L1","KNeighbors_c2_BAG_L1","NeuralNetFastAI_r126_BAG_L1","NeuralNetFastAI_r157_BAG_L1","NeuralNetFastAI_r197_BAG_L1","NeuralNetFastAI_r22_BAG_L1","NeuralNetFastAI_r3_BAG_L1","NeuralNetFastAI_r5_BAG_L1","NeuralNetFastAI_r81_BAG_L1","NeuralNetTorch_r105_BAG_L1","NeuralNetTorch_r126_BAG_L1","NeuralNetTorch_r145_BAG_L1","NeuralNetTorch_r1_BAG_L1","NeuralNetTorch_r200_BAG_L1","NeuralNetTorch_r30_BAG_L1","NeuralNetTorch_r42_BAG_L1","NeuralNetTorch_r49_BAG_L1","NeuralNetTorch_r58_BAG_L1","NeuralNetTorch_r69_BAG_L1","NeuralNetTorch_r88_BAG_L1","XGBoost_r32_BAG_L1","XGBoost_r91_BAG_L1"],"14":["LightGBM_r13_BAG_L1","XGBoost_r146_BAG_L1"],"15":["KNeighbors_r9_BAG_L1","NeuralNetFastAI_r43_BAG_L1","NeuralNetTorch_r61_BAG_L1","NeuralNetTorch_r79_BAG_L1","NeuralNetTorch_r88_BAG_L1","XGBoost_r131_BAG_L1","XGBoost_r32_BAG_L1"],"16":["CatBoost_r41_BAG_L1","ExtraTrees_r124_BAG_L1","KNeighbors_c2_BAG_L1","NeuralNetFastAI_r126_BAG_L1","NeuralNetFastAI_r157_BAG_L1","NeuralNetFastAI_r197_BAG_L1","NeuralNetFastAI_r22_BAG_L1","NeuralNetFastAI_r3_BAG_L1","NeuralNetFastAI_r5_BAG_L1","NeuralNetTorch_r105_BAG_L1","NeuralNetTorch_r126_BAG_L1","NeuralNetTorch_r145_BAG_L1","NeuralNetTorch_r1_BAG_L1","NeuralNetTorch_r200_BAG_L1","NeuralNetTorch_r30_BAG_L1","NeuralNetTorch_r42_BAG_L1","NeuralNetTorch_r49_BAG_L1","NeuralNetTorch_r58_BAG_L1","NeuralNetTorch_r69_BAG_L1","NeuralNetTorch_r85_BAG_L1","NeuralNetTorch_r88_BAG_L1","XGBoost_r32_BAG_L1","XGBoost_r91_BAG_L1"],"17":["NeuralNetFastAI_r157_BAG_L1","NeuralNetFastAI_r197_BAG_L1","NeuralNetTorch_r126_BAG_L1","NeuralNetTorch_r1_BAG_L1","NeuralNetTorch_r30_BAG_L1","NeuralNetTorch_r49_BAG_L1","NeuralNetTorch_r69_BAG_L1","NeuralNetTorch_r88_BAG_L1","XGBoost_r32_BAG_L1","XGBoost_r91_BAG_L1"],"18":["KNeighbors_c2_BAG_L1","NeuralNetFastAI_r147_BAG_L1","NeuralNetFastAI_r157_BAG_L1","NeuralNetFastAI_r197_BAG_L1","NeuralNetFastAI_r22_BAG_L1","NeuralNetFastAI_r2_BAG_L1","NeuralNetFastAI_r65_BAG_L1","NeuralNetTorch_r105_BAG_L1","NeuralNetTorch_r126_BAG_L1","NeuralNetTorch_r1_BAG_L1","NeuralNetTorch_r200_BAG_L1","NeuralNetTorch_r30_BAG_L1","NeuralNetTorch_r49_BAG_L1","NeuralNetTorch_r58_BAG_L1","NeuralNetTorch_r69_BAG_L1","NeuralNetTorch_r88_BAG_L1","XGBoost_r32_BAG_L1","XGBoost_r91_BAG_L1"],"19":["CatBoost_r14_BAG_L1","CatBoost_r21_BAG_L1","CatBoost_r41_BAG_L1","FTTransformer_c2_BAG_L1","NeuralNetFastAI_r157_BAG_L1","NeuralNetFastAI_r197_BAG_L1","NeuralNetFastAI_r3_BAG_L1","NeuralNetTorch_r117_BAG_L1","NeuralNetTorch_r30_BAG_L1","NeuralNetTorch_r49_BAG_L1","NeuralNetTorch_r88_BAG_L1","XGBoost_r32_BAG_L1"],"20":["NeuralNetTorch_r56_BAG_L1","NeuralNetTorch_r88_BAG_L1","XGBoost_r32_BAG_L1"],"21":["NeuralNetFastAI_r157_BAG_L1","NeuralNetFastAI_r33_BAG_L1","NeuralNetTorch_r49_BAG_L1","NeuralNetTorch_r88_BAG_L1","XGBoost_r32_BAG_L1"],"22":["LightGBM_r122_BAG_L1","NeuralNetFastAI_r96_BAG_L1","NeuralNetTorch_r105_BAG_L1","NeuralNetTorch_r52_BAG_L1","NeuralNetTorch_r88_BAG_L1","XGBoost_r32_BAG_L1"],"23":["ExtraTrees_r138_BAG_L1","NeuralNetFastAI_r157_BAG_L1","NeuralNetFastAI_r197_BAG_L1","NeuralNetFastAI_r22_BAG_L1","NeuralNetTorch_r49_BAG_L1","NeuralNetTorch_r88_BAG_L1","XGBoost_r32_BAG_L1"],"24":["CatBoost_r41_BAG_L1","KNeighbors_c2_BAG_L1","NeuralNetFastAI_r126_BAG_L1","NeuralNetFastAI_r157_BAG_L1","NeuralNetFastAI_r197_BAG_L1","NeuralNetFastAI_r22_BAG_L1","NeuralNetFastAI_r3_BAG_L1","NeuralNetFastAI_r5_BAG_L1","NeuralNetTorch_r105_BAG_L1","NeuralNetTorch_r126_BAG_L1","NeuralNetTorch_r145_BAG_L1","NeuralNetTorch_r1_BAG_L1","NeuralNetTorch_r200_BAG_L1","NeuralNetTorch_r30_BAG_L1","NeuralNetTorch_r42_BAG_L1","NeuralNetTorch_r49_BAG_L1","NeuralNetTorch_r58_BAG_L1","NeuralNetTorch_r69_BAG_L1","NeuralNetTorch_r85_BAG_L1","NeuralNetTorch_r88_BAG_L1","XGBoost_r32_BAG_L1","XGBoost_r91_BAG_L1"],"25":["CatBoost_r41_BAG_L1","ExtraTrees_r68_BAG_L1","KNeighbors_c2_BAG_L1","KNeighbors_r38_BAG_L1","KNeighbors_r7_BAG_L1","NeuralNetFastAI_r126_BAG_L1","NeuralNetFastAI_r147_BAG_L1","NeuralNetFastAI_r157_BAG_L1","NeuralNetFastAI_r197_BAG_L1","NeuralNetFastAI_r21_BAG_L1","NeuralNetFastAI_r22_BAG_L1","NeuralNetFastAI_r2_BAG_L1","NeuralNetFastAI_r3_BAG_L1","NeuralNetFastAI_r58_BAG_L1","NeuralNetFastAI_r5_BAG_L1","NeuralNetFastAI_r65_BAG_L1","NeuralNetFastAI_r69_BAG_L1","NeuralNetFastAI_r93_BAG_L1","NeuralNetTorch_r105_BAG_L1","NeuralNetTorch_r126_BAG_L1","NeuralNetTorch_r145_BAG_L1","NeuralNetTorch_r168_BAG_L1","NeuralNetTorch_r1_BAG_L1","NeuralNetTorch_r200_BAG_L1","NeuralNetTorch_r30_BAG_L1","NeuralNetTorch_r42_BAG_L1","NeuralNetTorch_r49_BAG_L1","NeuralNetTorch_r58_BAG_L1","NeuralNetTorch_r69_BAG_L1","NeuralNetTorch_r85_BAG_L1","NeuralNetTorch_r88_BAG_L1","XGBoost_r121_BAG_L1","XGBoost_r182_BAG_L1","XGBoost_r32_BAG_L1","XGBoost_r91_BAG_L1"],"26":["NeuralNetFastAI_r157_BAG_L1","NeuralNetFastAI_r197_BAG_L1","NeuralNetTorch_r30_BAG_L1","NeuralNetTorch_r49_BAG_L1","NeuralNetTorch_r88_BAG_L1","XGBoost_r32_BAG_L1"],"27":["CatBoost_r14_BAG_L1","NeuralNetTorch_r117_BAG_L1"],"28":["NeuralNetFastAI_r157_BAG_L1","NeuralNetFastAI_r197_BAG_L1","NeuralNetFastAI_r22_BAG_L1","NeuralNetTorch_r30_BAG_L1","NeuralNetTorch_r49_BAG_L1","NeuralNetTorch_r88_BAG_L1","XGBoost_r32_BAG_L1"],"29":["NeuralNetFastAI_r157_BAG_L1","NeuralNetFastAI_r197_BAG_L1","NeuralNetTorch_r105_BAG_L1","NeuralNetTorch_r49_BAG_L1","NeuralNetTorch_r88_BAG_L1","XGBoost_r32_BAG_L1"],"30":["LightGBM_r40_BAG_L1","NeuralNetFastAI_r157_BAG_L1","NeuralNetFastAI_r197_BAG_L1","NeuralNetTorch_r105_BAG_L1","NeuralNetTorch_r1_BAG_L1","NeuralNetTorch_r30_BAG_L1","NeuralNetTorch_r49_BAG_L1","NeuralNetTorch_r69_BAG_L1","NeuralNetTorch_r88_BAG_L1","XGBoost_r32_BAG_L1"],"31":["KNeighbors_c2_BAG_L1","NeuralNetFastAI_r157_BAG_L1","NeuralNetFastAI_r197_BAG_L1","NeuralNetFastAI_r22_BAG_L1","NeuralNetTorch_r105_BAG_L1","NeuralNetTorch_r126_BAG_L1","NeuralNetTorch_r1_BAG_L1","NeuralNetTorch_r200_BAG_L1","NeuralNetTorch_r30_BAG_L1","NeuralNetTorch_r49_BAG_L1","NeuralNetTorch_r58_BAG_L1","NeuralNetTorch_r69_BAG_L1","NeuralNetTorch_r88_BAG_L1","XGBoost_r32_BAG_L1","XGBoost_r91_BAG_L1"],"32":["CatBoost_r41_BAG_L1","KNeighbors_c2_BAG_L1","NeuralNetFastAI_r126_BAG_L1","NeuralNetFastAI_r157_BAG_L1","NeuralNetFastAI_r197_BAG_L1","NeuralNetFastAI_r22_BAG_L1","NeuralNetFastAI_r3_BAG_L1","NeuralNetFastAI_r5_BAG_L1","NeuralNetTorch_r105_BAG_L1","NeuralNetTorch_r126_BAG_L1","NeuralNetTorch_r145_BAG_L1","NeuralNetTorch_r179_BAG_L1","NeuralNetTorch_r1_BAG_L1","NeuralNetTorch_r200_BAG_L1","NeuralNetTorch_r30_BAG_L1","NeuralNetTorch_r49_BAG_L1","NeuralNetTorch_r58_BAG_L1","NeuralNetTorch_r69_BAG_L1","NeuralNetTorch_r88_BAG_L1","XGBoost_r32_BAG_L1","XGBoost_r91_BAG_L1"],"33":["CatBoost_r14_BAG_L1","CatBoost_r21_BAG_L1","NeuralNetFastAI_r157_BAG_L1","NeuralNetFastAI_r197_BAG_L1","NeuralNetFastAI_r22_BAG_L1","NeuralNetTorch_r117_BAG_L1","NeuralNetTorch_r30_BAG_L1","NeuralNetTorch_r49_BAG_L1","NeuralNetTorch_r88_BAG_L1","XGBoost_r32_BAG_L1"],"34":["KNeighbors_c2_BAG_L1","NeuralNetFastAI_r126_BAG_L1","NeuralNetFastAI_r147_BAG_L1","NeuralNetFastAI_r157_BAG_L1","NeuralNetFastAI_r197_BAG_L1","NeuralNetFastAI_r22_BAG_L1","NeuralNetFastAI_r2_BAG_L1","NeuralNetFastAI_r5_BAG_L1","NeuralNetTorch_r105_BAG_L1","NeuralNetTorch_r126_BAG_L1","NeuralNetTorch_r145_BAG_L1","NeuralNetTorch_r1_BAG_L1","NeuralNetTorch_r200_BAG_L1","NeuralNetTorch_r30_BAG_L1","NeuralNetTorch_r49_BAG_L1","NeuralNetTorch_r58_BAG_L1","NeuralNetTorch_r69_BAG_L1","NeuralNetTorch_r88_BAG_L1","XGBoost_r32_BAG_L1","XGBoost_r91_BAG_L1"],"35":["ExtraTrees_r58_BAG_L1","NeuralNetFastAI_r184_BAG_L1"],"36":["CatBoost_r41_BAG_L1","KNeighbors_c2_BAG_L1","NeuralNetFastAI_r126_BAG_L1","NeuralNetFastAI_r157_BAG_L1","NeuralNetFastAI_r197_BAG_L1","NeuralNetFastAI_r22_BAG_L1","NeuralNetFastAI_r3_BAG_L1","NeuralNetFastAI_r5_BAG_L1","NeuralNetTorch_r105_BAG_L1","NeuralNetTorch_r126_BAG_L1","NeuralNetTorch_r145_BAG_L1","NeuralNetTorch_r1_BAG_L1","NeuralNetTorch_r200_BAG_L1","NeuralNetTorch_r30_BAG_L1","NeuralNetTorch_r42_BAG_L1","NeuralNetTorch_r49_BAG_L1","NeuralNetTorch_r58_BAG_L1","NeuralNetTorch_r69_BAG_L1","NeuralNetTorch_r88_BAG_L1","XGBoost_r32_BAG_L1","XGBoost_r91_BAG_L1"],"37":["NeuralNetFastAI_r157_BAG_L1","NeuralNetFastAI_r197_BAG_L1","NeuralNetFastAI_r22_BAG_L1","NeuralNetTorch_r49_BAG_L1","NeuralNetTorch_r88_BAG_L1","XGBoost_r32_BAG_L1"]},"weights":{"0":[0.0769230769,0.0769230769,0.0769230769,0.0769230769,0.0769230769,0.0769230769,0.0769230769,0.0769230769,0.0769230769,0.0769230769,0.0769230769,0.0769230769,0.0769230769],"1":[0.125,0.125,0.125,0.125,0.125,0.125,0.125,0.125],"2":[0.0666666667,0.0666666667,0.0666666667,0.0666666667,0.0666666667,0.0666666667,0.0666666667,0.0666666667,0.0666666667,0.0666666667,0.0666666667,0.0666666667,0.0666666667,0.0666666667,0.0666666667],"3":[0.5,0.5],"4":[0.0666666667,0.0666666667,0.0666666667,0.0666666667,0.0666666667,0.0666666667,0.0666666667,0.0666666667,0.0666666667,0.0666666667,0.0666666667,0.0666666667,0.0666666667,0.0666666667,0.0666666667],"5":[0.1666666667,0.1666666667,0.1666666667,0.1666666667,0.1666666667,0.1666666667],"6":[0.0833333333,0.0833333333,0.0833333333,0.0833333333,0.0833333333,0.0833333333,0.0833333333,0.0833333333,0.0833333333,0.0833333333,0.0833333333,0.0833333333],"7":[0.2,0.2,0.2,0.2,0.2],"8":[0.0909090909,0.0909090909,0.0909090909,0.0909090909,0.0909090909,0.0909090909,0.0909090909,0.0909090909,0.0909090909,0.0909090909,0.0909090909],"9":[0.3333333333,0.3333333333,0.3333333333],"10":[0.0625,0.0625,0.0625,0.0625,0.0625,0.0625,0.0625,0.0625,0.0625,0.0625,0.0625,0.0625,0.0625,0.0625,0.0625,0.0625],"11":[0.0625,0.0625,0.0625,0.0625,0.0625,0.0625,0.0625,0.0625,0.0625,0.0625,0.0625,0.0625,0.0625,0.0625,0.0625,0.0625],"12":[0.3333333333,0.3333333333,0.3333333333],"13":[0.0434782609,0.0434782609,0.0434782609,0.0434782609,0.0434782609,0.0434782609,0.0434782609,0.0434782609,0.0434782609,0.0434782609,0.0434782609,0.0434782609,0.0434782609,0.0434782609,0.0434782609,0.0434782609,0.0434782609,0.0434782609,0.0434782609,0.0869565217,0.0434782609,0.0434782609],"14":[0.5,0.5],"15":[0.1428571429,0.1428571429,0.1428571429,0.1428571429,0.1428571429,0.1428571429,0.1428571429],"16":[0.04,0.04,0.04,0.04,0.04,0.04,0.04,0.04,0.04,0.04,0.04,0.04,0.04,0.04,0.04,0.04,0.04,0.04,0.04,0.04,0.12,0.04,0.04],"17":[0.1,0.1,0.1,0.1,0.1,0.1,0.1,0.1,0.1,0.1],"18":[0.0555555556,0.0555555556,0.0555555556,0.0555555556,0.0555555556,0.0555555556,0.0555555556,0.0555555556,0.0555555556,0.0555555556,0.0555555556,0.0555555556,0.0555555556,0.0555555556,0.0555555556,0.0555555556,0.0555555556,0.0555555556],"19":[0.0833333333,0.0833333333,0.0833333333,0.0833333333,0.0833333333,0.0833333333,0.0833333333,0.0833333333,0.0833333333,0.0833333333,0.0833333333,0.0833333333],"20":[0.3333333333,0.3333333333,0.3333333333],"21":[0.2,0.2,0.2,0.2,0.2],"22":[0.1666666667,0.1666666667,0.1666666667,0.1666666667,0.1666666667,0.1666666667],"23":[0.1428571429,0.1428571429,0.1428571429,0.1428571429,0.1428571429,0.1428571429,0.1428571429],"24":[0.0416666667,0.0416666667,0.0416666667,0.0416666667,0.0416666667,0.0416666667,0.0416666667,0.0416666667,0.0416666667,0.0416666667,0.0416666667,0.0416666667,0.0416666667,0.0416666667,0.0416666667,0.0416666667,0.0416666667,0.0416666667,0.0416666667,0.125,0.0416666667,0.0416666667],"25":[0.027027027,0.027027027,0.027027027,0.027027027,0.027027027,0.027027027,0.027027027,0.027027027,0.027027027,0.027027027,0.027027027,0.027027027,0.027027027,0.027027027,0.027027027,0.027027027,0.027027027,0.027027027,0.027027027,0.027027027,0.027027027,0.027027027,0.027027027,0.027027027,0.027027027,0.027027027,0.027027027,0.027027027,0.0540540541,0.027027027,0.0540540541,0.027027027,0.027027027,0.027027027,0.027027027],"26":[0.1666666667,0.1666666667,0.1666666667,0.1666666667,0.1666666667,0.1666666667],"27":[0.5,0.5],"28":[0.1428571429,0.1428571429,0.1428571429,0.1428571429,0.1428571429,0.1428571429,0.1428571429],"29":[0.1666666667,0.1666666667,0.1666666667,0.1666666667,0.1666666667,0.1666666667],"30":[0.1,0.1,0.1,0.1,0.1,0.1,0.1,0.1,0.1,0.1],"31":[0.0666666667,0.0666666667,0.0666666667,0.0666666667,0.0666666667,0.0666666667,0.0666666667,0.0666666667,0.0666666667,0.0666666667,0.0666666667,0.0666666667,0.0666666667,0.0666666667,0.0666666667],"32":[0.0476190476,0.0476190476,0.0476190476,0.0476190476,0.0476190476,0.0476190476,0.0476190476,0.0476190476,0.0476190476,0.0476190476,0.0476190476,0.0476190476,0.0476190476,0.0476190476,0.0476190476,0.0476190476,0.0476190476,0.0476190476,0.0476190476,0.0476190476,0.0476190476],"33":[0.1,0.1,0.1,0.1,0.1,0.1,0.1,0.1,0.1,0.1],"34":[0.05,0.05,0.05,0.05,0.05,0.05,0.05,0.05,0.05,0.05,0.05,0.05,0.05,0.05,0.05,0.05,0.05,0.05,0.05,0.05],"35":[0.5,0.5],"36":[0.0454545455,0.0454545455,0.0454545455,0.0454545455,0.0454545455,0.0454545455,0.0454545455,0.0454545455,0.0454545455,0.0454545455,0.0454545455,0.0454545455,0.0454545455,0.0454545455,0.0454545455,0.0454545455,0.0454545455,0.0454545455,0.0909090909,0.0454545455,0.0454545455],"37":[0.1666666667,0.1666666667,0.1666666667,0.1666666667,0.1666666667,0.1666666667]},"meta":{"0":10,"1":7,"2":5,"3":20,"4":7,"5":6,"6":5,"7":2,"8":2,"9":6,"10":6,"11":7,"12":37,"13":6,"14":24,"15":12,"16":11,"17":10,"18":3,"19":3,"20":2,"21":3,"22":2,"23":6,"24":15,"25":15,"26":15,"27":10,"28":18,"29":23,"30":13,"31":22,"32":8,"33":16,"34":16,"35":21,"36":25,"37":12},"task":{"0":"9926_0","1":"9926_0","2":"9926_0","3":"9926_0","4":"9926_0","5":"9926_0","6":"9926_0","7":"9926_0","8":"9926_0","9":"9926_0","10":"9926_0","11":"9926_0","12":"9926_0","13":"9926_0","14":"9926_0","15":"9926_0","16":"9926_0","17":"9926_0","18":"9926_0","19":"9926_0","20":"9926_0","21":"9926_0","22":"9926_0","23":"9926_0","24":"9926_0","25":"9926_0","26":"9926_0","27":"9926_0","28":"9926_0","29":"9926_0","30":"9926_0","31":"9926_0","32":"9926_0","33":"9926_0","34":"9926_0","35":"9926_0","36":"9926_0","37":"9926_0"},"dataset":{"0":"volcanoes-a4","1":"volcanoes-a4","2":"volcanoes-a4","3":"volcanoes-a4","4":"volcanoes-a4","5":"volcanoes-a4","6":"volcanoes-a4","7":"volcanoes-a4","8":"volcanoes-a4","9":"volcanoes-a4","10":"volcanoes-a4","11":"volcanoes-a4","12":"volcanoes-a4","13":"volcanoes-a4","14":"volcanoes-a4","15":"volcanoes-a4","16":"volcanoes-a4","17":"volcanoes-a4","18":"volcanoes-a4","19":"volcanoes-a4","20":"volcanoes-a4","21":"volcanoes-a4","22":"volcanoes-a4","23":"volcanoes-a4","24":"volcanoes-a4","25":"volcanoes-a4","26":"volcanoes-a4","27":"volcanoes-a4","28":"volcanoes-a4","29":"volcanoes-a4","30":"volcanoes-a4","31":"volcanoes-a4","32":"volcanoes-a4","33":"volcanoes-a4","34":"volcanoes-a4","35":"volcanoes-a4","36":"volcanoes-a4","37":"volcanoes-a4"},"fold":{"0":0,"1":0,"2":0,"3":0,"4":0,"5":0,"6":0,"7":0,"8":0,"9":0,"10":0,"11":0,"12":0,"13":0,"14":0,"15":0,"16":0,"17":0,"18":0,"19":0,"20":0,"21":0,"22":0,"23":0,"24":0,"25":0,"26":0,"27":0,"28":0,"29":0,"30":0,"31":0,"32":0,"33":0,"34":0,"35":0,"36":0,"37":0},"method":{"0":"ENS_SIZE_QDO","1":"ENS_SIZE_QDO","2":"ENS_SIZE_QDO","3":"ENS_SIZE_QDO","4":"ENS_SIZE_QDO","5":"ENS_SIZE_QDO","6":"ENS_SIZE_QDO","7":"ENS_SIZE_QDO","8":"ENS_SIZE_QDO","9":"ENS_SIZE_QDO","10":"ENS_SIZE_QDO","11":"ENS_SIZE_QDO","12":"ENS_SIZE_QDO","13":"ENS_SIZE_QDO","14":"ENS_SIZE_QDO","15":"ENS_SIZE_QDO","16":"ENS_SIZE_QDO","17":"ENS_SIZE_QDO","18":"ENS_SIZE_QDO","19":"ENS_SIZE_QDO","20":"ENS_SIZE_QDO","21":"ENS_SIZE_QDO","22":"ENS_SIZE_QDO","23":"ENS_SIZE_QDO","24":"ENS_SIZE_QDO","25":"ENS_SIZE_QDO","26":"ENS_SIZE_QDO","27":"ENS_SIZE_QDO","28":"ENS_SIZE_QDO","29":"ENS_SIZE_QDO","30":"ENS_SIZE_QDO","31":"ENS_SIZE_QDO","32":"ENS_SIZE_QDO","33":"ENS_SIZE_QDO","34":"ENS_SIZE_QDO","35":"ENS_SIZE_QDO","36":"ENS_SIZE_QDO","37":"ENS_SIZE_QDO"}}