{"name":{"0":"ENS_SIZE_QDO_0","1":"ENS_SIZE_QDO_1","2":"ENS_SIZE_QDO_2","3":"ENS_SIZE_QDO_3","4":"ENS_SIZE_QDO_4","5":"ENS_SIZE_QDO_5","6":"ENS_SIZE_QDO_6","7":"ENS_SIZE_QDO_7","8":"ENS_SIZE_QDO_8","9":"ENS_SIZE_QDO_9","10":"ENS_SIZE_QDO_10","11":"ENS_SIZE_QDO_11","12":"ENS_SIZE_QDO_12","13":"ENS_SIZE_QDO_13","14":"ENS_SIZE_QDO_14","15":"ENS_SIZE_QDO_15","16":"ENS_SIZE_QDO_16","17":"ENS_SIZE_QDO_17","18":"ENS_SIZE_QDO_18","19":"ENS_SIZE_QDO_19","20":"ENS_SIZE_QDO_20","21":"ENS_SIZE_QDO_21","22":"ENS_SIZE_QDO_22","23":"ENS_SIZE_QDO_23","24":"ENS_SIZE_QDO_24"},"roc_auc_val":{"0":0.9998513848,"1":0.9999414999,"2":0.9999056373,"3":0.99997075,"4":0.9999037549,"5":0.9999518774,"6":0.9998093921,"7":0.99997075,"8":0.99997075,"9":0.9997905196,"10":0.99997075,"11":0.99997075,"12":0.9998891298,"13":0.99997075,"14":0.9998490197,"15":0.99997075,"16":0.99997075,"17":0.9998513848,"18":0.9999372524,"19":0.99997075,"20":0.9990059334,"21":0.9998325122,"22":0.9999037549,"23":0.9998556323,"24":0.9997905196},"roc_auc_test":{"0":1.0,"1":1.0,"2":1.0,"3":1.0,"4":1.0,"5":1.0,"6":1.0,"7":1.0,"8":1.0,"9":1.0,"10":1.0,"11":1.0,"12":1.0,"13":1.0,"14":1.0,"15":1.0,"16":1.0,"17":1.0,"18":1.0,"19":1.0,"20":1.0,"21":1.0,"22":1.0,"23":1.0,"24":1.0},"models_used":{"0":["ExtraTrees_r84_BAG_L1","NeuralNetFastAI_r17_BAG_L1","NeuralNetFastAI_r199_BAG_L1","NeuralNetFastAI_r92_BAG_L1","NeuralNetTorch_r109_BAG_L1","NeuralNetTorch_r161_BAG_L1","NeuralNetTorch_r38_BAG_L1","RandomForest_r130_BAG_L1","TabPFN_c1_BAG_L1","XGBoost_r166_BAG_L1"],"1":["ExtraTrees_r84_BAG_L1","FTTransformer_c1_BAG_L1","FTTransformer_c2_BAG_L1","NeuralNetFastAI_r199_BAG_L1","NeuralNetTorch_r109_BAG_L1","NeuralNetTorch_r161_BAG_L1","NeuralNetTorch_r20_BAG_L1","NeuralNetTorch_r38_BAG_L1","RandomForest_r130_BAG_L1","TabPFN_c1_BAG_L1","XGBoost_r166_BAG_L1"],"2":["ExtraTrees_r84_BAG_L1","NeuralNetFastAI_r199_BAG_L1","NeuralNetTorch_r109_BAG_L1","NeuralNetTorch_r150_BAG_L1","NeuralNetTorch_r161_BAG_L1","NeuralNetTorch_r38_BAG_L1","RandomForest_r130_BAG_L1","TabPFN_c1_BAG_L1","XGBoost_r166_BAG_L1"],"3":["CatBoost_c1_BAG_L1","ExtraTrees_r84_BAG_L1","FTTransformer_c1_BAG_L1","FTTransformer_c2_BAG_L1","NeuralNetFastAI_r199_BAG_L1","NeuralNetTorch_r109_BAG_L1","NeuralNetTorch_r161_BAG_L1","NeuralNetTorch_r38_BAG_L1","RandomForest_r130_BAG_L1","TabPFN_c1_BAG_L1","XGBoost_r166_BAG_L1"],"4":["NeuralNetTorch_r109_BAG_L1","NeuralNetTorch_r38_BAG_L1","RandomForest_r130_BAG_L1","TabPFN_c1_BAG_L1","XGBoost_r97_BAG_L1"],"5":["ExtraTrees_r84_BAG_L1","FTTransformer_c2_BAG_L1","NeuralNetFastAI_r199_BAG_L1","NeuralNetTorch_r109_BAG_L1","NeuralNetTorch_r161_BAG_L1","NeuralNetTorch_r38_BAG_L1","RandomForest_r130_BAG_L1","TabPFN_c1_BAG_L1","XGBoost_r166_BAG_L1"],"6":["ExtraTrees_r84_BAG_L1","NeuralNetFastAI_r44_BAG_L1","NeuralNetTorch_r161_BAG_L1","NeuralNetTorch_r38_BAG_L1","RandomForest_r130_BAG_L1","XGBoost_r166_BAG_L1"],"7":["CatBoost_r126_BAG_L1","ExtraTrees_r84_BAG_L1","FTTransformer_c1_BAG_L1","FTTransformer_c2_BAG_L1","NeuralNetFastAI_r199_BAG_L1","NeuralNetTorch_r109_BAG_L1","NeuralNetTorch_r161_BAG_L1","NeuralNetTorch_r38_BAG_L1","RandomForest_r130_BAG_L1","TabPFN_c1_BAG_L1","XGBoost_r166_BAG_L1","XGBoost_r23_BAG_L1"],"8":["CatBoost_r126_BAG_L1","ExtraTrees_r84_BAG_L1","FTTransformer_c1_BAG_L1","FTTransformer_c2_BAG_L1","LinearModel_r38_BAG_L1","NeuralNetFastAI_r199_BAG_L1","NeuralNetTorch_r109_BAG_L1","NeuralNetTorch_r161_BAG_L1","NeuralNetTorch_r38_BAG_L1","RandomForest_r130_BAG_L1","TabPFN_c1_BAG_L1","XGBoost_r166_BAG_L1"],"9":["ExtraTrees_r84_BAG_L1","NeuralNetFastAI_r89_BAG_L1","NeuralNetTorch_r161_BAG_L1","NeuralNetTorch_r38_BAG_L1","NeuralNetTorch_r41_BAG_L1","RandomForest_r130_BAG_L1","XGBoost_r166_BAG_L1"],"10":["CatBoost_r126_BAG_L1","ExtraTrees_r84_BAG_L1","FTTransformer_c1_BAG_L1","FTTransformer_c2_BAG_L1","NeuralNetFastAI_r199_BAG_L1","NeuralNetTorch_r109_BAG_L1","NeuralNetTorch_r120_BAG_L1","NeuralNetTorch_r161_BAG_L1","NeuralNetTorch_r38_BAG_L1","RandomForest_r130_BAG_L1","TabPFN_c1_BAG_L1","XGBoost_r166_BAG_L1"],"11":["CatBoost_r126_BAG_L1","ExtraTrees_r84_BAG_L1","FTTransformer_c1_BAG_L1","FTTransformer_c2_BAG_L1","NeuralNetFastAI_r199_BAG_L1","NeuralNetTorch_r109_BAG_L1","NeuralNetTorch_r161_BAG_L1","NeuralNetTorch_r38_BAG_L1","RandomForest_r130_BAG_L1","TabPFN_c1_BAG_L1","XGBoost_r166_BAG_L1"],"12":["ExtraTrees_r84_BAG_L1","NeuralNetFastAI_r199_BAG_L1","NeuralNetTorch_r109_BAG_L1","NeuralNetTorch_r111_BAG_L1","NeuralNetTorch_r161_BAG_L1","NeuralNetTorch_r38_BAG_L1","RandomForest_r130_BAG_L1","TabPFN_c1_BAG_L1","XGBoost_r166_BAG_L1"],"13":["ExtraTrees_r84_BAG_L1","FTTransformer_c1_BAG_L1","FTTransformer_c2_BAG_L1","KNeighbors_r45_BAG_L1","NeuralNetFastAI_r199_BAG_L1","NeuralNetTorch_r109_BAG_L1","NeuralNetTorch_r161_BAG_L1","NeuralNetTorch_r38_BAG_L1","NeuralNetTorch_r97_BAG_L1","RandomForest_r130_BAG_L1","TabPFN_c1_BAG_L1","XGBoost_r166_BAG_L1"],"14":["ExtraTrees_r84_BAG_L1","NeuralNetFastAI_r186_BAG_L1","NeuralNetTorch_r161_BAG_L1","NeuralNetTorch_r38_BAG_L1","RandomForest_r130_BAG_L1","XGBoost_r166_BAG_L1"],"15":["CatBoost_r126_BAG_L1","ExtraTrees_r58_BAG_L1","ExtraTrees_r84_BAG_L1","FTTransformer_c1_BAG_L1","FTTransformer_c2_BAG_L1","NeuralNetFastAI_r199_BAG_L1","NeuralNetTorch_r109_BAG_L1","NeuralNetTorch_r161_BAG_L1","NeuralNetTorch_r38_BAG_L1","RandomForest_r130_BAG_L1","TabPFN_c1_BAG_L1","XGBoost_r166_BAG_L1"],"16":["CatBoost_r126_BAG_L1","ExtraTrees_r84_BAG_L1","FTTransformer_c1_BAG_L1","FTTransformer_c2_BAG_L1","NeuralNetFastAI_r199_BAG_L1","NeuralNetFastAI_r92_BAG_L1","NeuralNetTorch_r109_BAG_L1","NeuralNetTorch_r161_BAG_L1","NeuralNetTorch_r38_BAG_L1","NeuralNetTorch_r95_BAG_L1","RandomForest_r130_BAG_L1","TabPFN_c1_BAG_L1","XGBoost_r166_BAG_L1"],"17":["ExtraTrees_r61_BAG_L1","ExtraTrees_r84_BAG_L1","NeuralNetTorch_r161_BAG_L1","NeuralNetTorch_r38_BAG_L1","RandomForest_r130_BAG_L1","XGBoost_r166_BAG_L1"],"18":["ExtraTrees_r84_BAG_L1","FTTransformer_c1_BAG_L1","FTTransformer_c2_BAG_L1","NeuralNetFastAI_r199_BAG_L1","NeuralNetFastAI_r96_BAG_L1","NeuralNetTorch_r109_BAG_L1","NeuralNetTorch_r161_BAG_L1","NeuralNetTorch_r38_BAG_L1","RandomForest_r130_BAG_L1","TabPFN_c1_BAG_L1","XGBoost_r166_BAG_L1"],"19":["ExtraTrees_r84_BAG_L1","FTTransformer_c1_BAG_L1","FTTransformer_c2_BAG_L1","LightGBM_r4_BAG_L1","NeuralNetFastAI_r199_BAG_L1","NeuralNetTorch_r109_BAG_L1","NeuralNetTorch_r161_BAG_L1","NeuralNetTorch_r38_BAG_L1","RandomForest_r130_BAG_L1","TabPFN_c1_BAG_L1","XGBoost_r166_BAG_L1"],"20":["NeuralNetTorch_r153_BAG_L1","NeuralNetTorch_r81_BAG_L1"],"21":["ExtraTrees_r84_BAG_L1","NeuralNetFastAI_r112_BAG_L1","NeuralNetTorch_r161_BAG_L1","NeuralNetTorch_r38_BAG_L1","RandomForest_r130_BAG_L1","XGBoost_r166_BAG_L1"],"22":["ExtraTrees_r84_BAG_L1","NeuralNetFastAI_r199_BAG_L1","NeuralNetFastAI_r92_BAG_L1","NeuralNetTorch_r109_BAG_L1","NeuralNetTorch_r161_BAG_L1","NeuralNetTorch_r38_BAG_L1","RandomForest_r130_BAG_L1","TabPFN_c1_BAG_L1","XGBoost_r166_BAG_L1"],"23":["ExtraTrees_r84_BAG_L1","NeuralNetTorch_r161_BAG_L1","NeuralNetTorch_r38_BAG_L1","NeuralNetTorch_r41_BAG_L1","RandomForest_r130_BAG_L1","XGBoost_r166_BAG_L1"],"24":["ExtraTrees_r84_BAG_L1","KNeighbors_r22_BAG_L1","LightGBM_r92_BAG_L1","NeuralNetFastAI_r55_BAG_L1","NeuralNetTorch_r161_BAG_L1","NeuralNetTorch_r18_BAG_L1","NeuralNetTorch_r38_BAG_L1","RandomForest_r130_BAG_L1","XGBoost_r166_BAG_L1"]},"weights":{"0":[0.1,0.1,0.1,0.1,0.1,0.1,0.1,0.1,0.1,0.1],"1":[0.0909090909,0.0909090909,0.0909090909,0.0909090909,0.0909090909,0.0909090909,0.0909090909,0.0909090909,0.0909090909,0.0909090909,0.0909090909],"2":[0.1111111111,0.1111111111,0.1111111111,0.1111111111,0.1111111111,0.1111111111,0.1111111111,0.1111111111,0.1111111111],"3":[0.0909090909,0.0909090909,0.0909090909,0.0909090909,0.0909090909,0.0909090909,0.0909090909,0.0909090909,0.0909090909,0.0909090909,0.0909090909],"4":[0.2,0.2,0.2,0.2,0.2],"5":[0.1111111111,0.1111111111,0.1111111111,0.1111111111,0.1111111111,0.1111111111,0.1111111111,0.1111111111,0.1111111111],"6":[0.1666666667,0.1666666667,0.1666666667,0.1666666667,0.1666666667,0.1666666667],"7":[0.0833333333,0.0833333333,0.0833333333,0.0833333333,0.0833333333,0.0833333333,0.0833333333,0.0833333333,0.0833333333,0.0833333333,0.0833333333,0.0833333333],"8":[0.0833333333,0.0833333333,0.0833333333,0.0833333333,0.0833333333,0.0833333333,0.0833333333,0.0833333333,0.0833333333,0.0833333333,0.0833333333,0.0833333333],"9":[0.1428571429,0.1428571429,0.1428571429,0.1428571429,0.1428571429,0.1428571429,0.1428571429],"10":[0.0833333333,0.0833333333,0.0833333333,0.0833333333,0.0833333333,0.0833333333,0.0833333333,0.0833333333,0.0833333333,0.0833333333,0.0833333333,0.0833333333],"11":[0.0909090909,0.0909090909,0.0909090909,0.0909090909,0.0909090909,0.0909090909,0.0909090909,0.0909090909,0.0909090909,0.0909090909,0.0909090909],"12":[0.1111111111,0.1111111111,0.1111111111,0.1111111111,0.1111111111,0.1111111111,0.1111111111,0.1111111111,0.1111111111],"13":[0.0833333333,0.0833333333,0.0833333333,0.0833333333,0.0833333333,0.0833333333,0.0833333333,0.0833333333,0.0833333333,0.0833333333,0.0833333333,0.0833333333],"14":[0.1666666667,0.1666666667,0.1666666667,0.1666666667,0.1666666667,0.1666666667],"15":[0.0833333333,0.0833333333,0.0833333333,0.0833333333,0.0833333333,0.0833333333,0.0833333333,0.0833333333,0.0833333333,0.0833333333,0.0833333333,0.0833333333],"16":[0.0769230769,0.0769230769,0.0769230769,0.0769230769,0.0769230769,0.0769230769,0.0769230769,0.0769230769,0.0769230769,0.0769230769,0.0769230769,0.0769230769,0.0769230769],"17":[0.1666666667,0.1666666667,0.1666666667,0.1666666667,0.1666666667,0.1666666667],"18":[0.0909090909,0.0909090909,0.0909090909,0.0909090909,0.0909090909,0.0909090909,0.0909090909,0.0909090909,0.0909090909,0.0909090909,0.0909090909],"19":[0.0909090909,0.0909090909,0.0909090909,0.0909090909,0.0909090909,0.0909090909,0.0909090909,0.0909090909,0.0909090909,0.0909090909,0.0909090909],"20":[0.5,0.5],"21":[0.1666666667,0.1666666667,0.1666666667,0.1666666667,0.1666666667,0.1666666667],"22":[0.1111111111,0.1111111111,0.1111111111,0.1111111111,0.1111111111,0.1111111111,0.1111111111,0.1111111111,0.1111111111],"23":[0.1666666667,0.1666666667,0.1666666667,0.1666666667,0.1666666667,0.1666666667],"24":[0.1111111111,0.1111111111,0.1111111111,0.1111111111,0.1111111111,0.1111111111,0.1111111111,0.1111111111,0.1111111111]},"meta":{"0":2,"1":6,"2":9,"3":11,"4":6,"5":9,"6":12,"7":9,"8":12,"9":11,"10":13,"11":5,"12":6,"13":6,"14":6,"15":7,"16":10,"17":9,"18":11,"19":11,"20":11,"21":12,"22":12,"23":12,"24":9},"task":{"0":"11_2","1":"11_2","2":"11_2","3":"11_2","4":"11_2","5":"11_2","6":"11_2","7":"11_2","8":"11_2","9":"11_2","10":"11_2","11":"11_2","12":"11_2","13":"11_2","14":"11_2","15":"11_2","16":"11_2","17":"11_2","18":"11_2","19":"11_2","20":"11_2","21":"11_2","22":"11_2","23":"11_2","24":"11_2"},"dataset":{"0":"balance-scale","1":"balance-scale","2":"balance-scale","3":"balance-scale","4":"balance-scale","5":"balance-scale","6":"balance-scale","7":"balance-scale","8":"balance-scale","9":"balance-scale","10":"balance-scale","11":"balance-scale","12":"balance-scale","13":"balance-scale","14":"balance-scale","15":"balance-scale","16":"balance-scale","17":"balance-scale","18":"balance-scale","19":"balance-scale","20":"balance-scale","21":"balance-scale","22":"balance-scale","23":"balance-scale","24":"balance-scale"},"fold":{"0":2,"1":2,"2":2,"3":2,"4":2,"5":2,"6":2,"7":2,"8":2,"9":2,"10":2,"11":2,"12":2,"13":2,"14":2,"15":2,"16":2,"17":2,"18":2,"19":2,"20":2,"21":2,"22":2,"23":2,"24":2},"method":{"0":"ENS_SIZE_QDO","1":"ENS_SIZE_QDO","2":"ENS_SIZE_QDO","3":"ENS_SIZE_QDO","4":"ENS_SIZE_QDO","5":"ENS_SIZE_QDO","6":"ENS_SIZE_QDO","7":"ENS_SIZE_QDO","8":"ENS_SIZE_QDO","9":"ENS_SIZE_QDO","10":"ENS_SIZE_QDO","11":"ENS_SIZE_QDO","12":"ENS_SIZE_QDO","13":"ENS_SIZE_QDO","14":"ENS_SIZE_QDO","15":"ENS_SIZE_QDO","16":"ENS_SIZE_QDO","17":"ENS_SIZE_QDO","18":"ENS_SIZE_QDO","19":"ENS_SIZE_QDO","20":"ENS_SIZE_QDO","21":"ENS_SIZE_QDO","22":"ENS_SIZE_QDO","23":"ENS_SIZE_QDO","24":"ENS_SIZE_QDO"}}