{"name":{"0":"ENS_SIZE_QDO_0","1":"ENS_SIZE_QDO_1","2":"ENS_SIZE_QDO_2","3":"ENS_SIZE_QDO_3","4":"ENS_SIZE_QDO_4","5":"ENS_SIZE_QDO_5","6":"ENS_SIZE_QDO_6","7":"ENS_SIZE_QDO_7","8":"ENS_SIZE_QDO_8","9":"ENS_SIZE_QDO_9","10":"ENS_SIZE_QDO_10","11":"ENS_SIZE_QDO_11","12":"ENS_SIZE_QDO_12","13":"ENS_SIZE_QDO_13","14":"ENS_SIZE_QDO_14","15":"ENS_SIZE_QDO_15","16":"ENS_SIZE_QDO_16","17":"ENS_SIZE_QDO_17","18":"ENS_SIZE_QDO_18","19":"ENS_SIZE_QDO_19","20":"ENS_SIZE_QDO_20","21":"ENS_SIZE_QDO_21","22":"ENS_SIZE_QDO_22","23":"ENS_SIZE_QDO_23","24":"ENS_SIZE_QDO_24","25":"ENS_SIZE_QDO_25","26":"ENS_SIZE_QDO_26","27":"ENS_SIZE_QDO_27","28":"ENS_SIZE_QDO_28","29":"ENS_SIZE_QDO_29","30":"ENS_SIZE_QDO_30","31":"ENS_SIZE_QDO_31","32":"ENS_SIZE_QDO_32","33":"ENS_SIZE_QDO_33","34":"ENS_SIZE_QDO_34","35":"ENS_SIZE_QDO_35","36":"ENS_SIZE_QDO_36","37":"ENS_SIZE_QDO_37","38":"ENS_SIZE_QDO_38","39":"ENS_SIZE_QDO_39"},"roc_auc_val":{"0":0.9840984513,"1":0.9846713021,"2":0.9849083439,"3":0.9849083439,"4":0.9838219027,"5":0.9843157396,"6":0.9841182048,"7":0.9849478508,"8":0.9849873578,"9":0.9794958913,"10":0.9847700695,"11":0.9839009166,"12":0.9846910556,"13":0.9842169722,"14":0.9838416561,"15":0.9846120417,"16":0.9793773704,"17":0.9830712705,"18":0.9846120417,"19":0.9849083439,"20":0.9805033186,"21":0.9841577118,"22":0.9850071113,"23":0.9846713021,"24":0.98392067,"25":0.978903287,"26":0.9849478508,"27":0.9793971239,"28":0.9841774652,"29":0.9833083123,"30":0.9851256321,"31":0.9808786346,"32":0.9836441214,"33":0.9803452908,"34":0.9848490834,"35":0.9829132427,"36":0.9834860936,"37":0.9822021176,"38":0.9845922882,"39":0.9845527813},"roc_auc_test":{"0":0.9536,"1":0.9568,"2":0.9584,"3":0.9472,"4":0.9536,"5":0.9568,"6":0.952,"7":0.9568,"8":0.9536,"9":0.9488,"10":0.9536,"11":0.9552,"12":0.9568,"13":0.9552,"14":0.9504,"15":0.9568,"16":0.9504,"17":0.9488,"18":0.9552,"19":0.9536,"20":0.9456,"21":0.9552,"22":0.9552,"23":0.9552,"24":0.9552,"25":0.9456,"26":0.9584,"27":0.9456,"28":0.9552,"29":0.9536,"30":0.9568,"31":0.9568,"32":0.9552,"33":0.9552,"34":0.9536,"35":0.9536,"36":0.9552,"37":0.9488,"38":0.9536,"39":0.9568},"models_used":{"0":["CatBoost_r43_BAG_L1","NeuralNetFastAI_r105_BAG_L1","NeuralNetFastAI_r118_BAG_L1","NeuralNetFastAI_r11_BAG_L1","NeuralNetFastAI_r121_BAG_L1","NeuralNetFastAI_r157_BAG_L1","NeuralNetFastAI_r187_BAG_L1","NeuralNetFastAI_r7_BAG_L1","NeuralNetFastAI_r99_BAG_L1","NeuralNetTorch_r143_BAG_L1","NeuralNetTorch_r149_BAG_L1","NeuralNetTorch_r158_BAG_L1","NeuralNetTorch_r186_BAG_L1","NeuralNetTorch_r200_BAG_L1","NeuralNetTorch_r41_BAG_L1","NeuralNetTorch_r69_BAG_L1","NeuralNetTorch_r97_BAG_L1","RandomForest_r136_BAG_L1"],"1":["CatBoost_r43_BAG_L1","ExtraTrees_r178_BAG_L1","NeuralNetFastAI_r105_BAG_L1","NeuralNetFastAI_r118_BAG_L1","NeuralNetFastAI_r11_BAG_L1","NeuralNetFastAI_r121_BAG_L1","NeuralNetFastAI_r157_BAG_L1","NeuralNetFastAI_r187_BAG_L1","NeuralNetFastAI_r64_BAG_L1","NeuralNetFastAI_r7_BAG_L1","NeuralNetFastAI_r99_BAG_L1","NeuralNetTorch_r143_BAG_L1","NeuralNetTorch_r149_BAG_L1","NeuralNetTorch_r158_BAG_L1","NeuralNetTorch_r186_BAG_L1","NeuralNetTorch_r41_BAG_L1","NeuralNetTorch_r69_BAG_L1","NeuralNetTorch_r97_BAG_L1"],"2":["CatBoost_r43_BAG_L1","NeuralNetFastAI_r105_BAG_L1","NeuralNetFastAI_r118_BAG_L1","NeuralNetFastAI_r11_BAG_L1","NeuralNetFastAI_r121_BAG_L1","NeuralNetFastAI_r146_BAG_L1","NeuralNetFastAI_r157_BAG_L1","NeuralNetFastAI_r187_BAG_L1","NeuralNetFastAI_r7_BAG_L1","NeuralNetFastAI_r99_BAG_L1","NeuralNetTorch_r143_BAG_L1","NeuralNetTorch_r149_BAG_L1","NeuralNetTorch_r158_BAG_L1","NeuralNetTorch_r186_BAG_L1","NeuralNetTorch_r41_BAG_L1","NeuralNetTorch_r69_BAG_L1","NeuralNetTorch_r75_BAG_L1","NeuralNetTorch_r97_BAG_L1"],"3":["CatBoost_r43_BAG_L1","LightGBM_r27_BAG_L1","NeuralNetFastAI_r105_BAG_L1","NeuralNetFastAI_r118_BAG_L1","NeuralNetFastAI_r11_BAG_L1","NeuralNetFastAI_r121_BAG_L1","NeuralNetFastAI_r146_BAG_L1","NeuralNetFastAI_r157_BAG_L1","NeuralNetFastAI_r187_BAG_L1","NeuralNetFastAI_r29_BAG_L1","NeuralNetFastAI_r37_BAG_L1","NeuralNetFastAI_r7_BAG_L1","NeuralNetFastAI_r99_BAG_L1","NeuralNetTorch_r141_BAG_L1","NeuralNetTorch_r143_BAG_L1","NeuralNetTorch_r148_BAG_L1","NeuralNetTorch_r149_BAG_L1","NeuralNetTorch_r158_BAG_L1","NeuralNetTorch_r168_BAG_L1","NeuralNetTorch_r186_BAG_L1","NeuralNetTorch_r41_BAG_L1","NeuralNetTorch_r69_BAG_L1","NeuralNetTorch_r75_BAG_L1","RandomForest_r98_BAG_L1"],"4":["CatBoost_r43_BAG_L1","NeuralNetFastAI_r118_BAG_L1","NeuralNetFastAI_r121_BAG_L1","NeuralNetFastAI_r146_BAG_L1","NeuralNetFastAI_r187_BAG_L1","NeuralNetTorch_r143_BAG_L1","NeuralNetTorch_r149_BAG_L1","NeuralNetTorch_r41_BAG_L1","NeuralNetTorch_r69_BAG_L1","NeuralNetTorch_r75_BAG_L1"],"5":["CatBoost_r43_BAG_L1","NeuralNetFastAI_r107_BAG_L1","NeuralNetFastAI_r118_BAG_L1","NeuralNetFastAI_r11_BAG_L1","NeuralNetFastAI_r121_BAG_L1","NeuralNetFastAI_r157_BAG_L1","NeuralNetFastAI_r187_BAG_L1","NeuralNetTorch_r143_BAG_L1","NeuralNetTorch_r149_BAG_L1","NeuralNetTorch_r158_BAG_L1","NeuralNetTorch_r41_BAG_L1","NeuralNetTorch_r69_BAG_L1"],"6":["CatBoost_r43_BAG_L1","LightGBM_r27_BAG_L1","NeuralNetFastAI_r118_BAG_L1","NeuralNetFastAI_r11_BAG_L1","NeuralNetFastAI_r121_BAG_L1","NeuralNetFastAI_r146_BAG_L1","NeuralNetFastAI_r157_BAG_L1","NeuralNetFastAI_r187_BAG_L1","NeuralNetFastAI_r29_BAG_L1","NeuralNetTorch_r141_BAG_L1","NeuralNetTorch_r143_BAG_L1","NeuralNetTorch_r149_BAG_L1","NeuralNetTorch_r158_BAG_L1","NeuralNetTorch_r41_BAG_L1","NeuralNetTorch_r69_BAG_L1","NeuralNetTorch_r75_BAG_L1","RandomForest_r98_BAG_L1"],"7":["CatBoost_r43_BAG_L1","NeuralNetFastAI_r105_BAG_L1","NeuralNetFastAI_r118_BAG_L1","NeuralNetFastAI_r11_BAG_L1","NeuralNetFastAI_r121_BAG_L1","NeuralNetFastAI_r157_BAG_L1","NeuralNetFastAI_r187_BAG_L1","NeuralNetFastAI_r7_BAG_L1","NeuralNetFastAI_r99_BAG_L1","NeuralNetTorch_r143_BAG_L1","NeuralNetTorch_r149_BAG_L1","NeuralNetTorch_r158_BAG_L1","NeuralNetTorch_r186_BAG_L1","NeuralNetTorch_r41_BAG_L1","NeuralNetTorch_r69_BAG_L1","NeuralNetTorch_r74_BAG_L1","NeuralNetTorch_r97_BAG_L1"],"8":["CatBoost_r43_BAG_L1","NeuralNetFastAI_r105_BAG_L1","NeuralNetFastAI_r118_BAG_L1","NeuralNetFastAI_r11_BAG_L1","NeuralNetFastAI_r121_BAG_L1","NeuralNetFastAI_r146_BAG_L1","NeuralNetFastAI_r157_BAG_L1","NeuralNetFastAI_r187_BAG_L1","NeuralNetFastAI_r51_BAG_L1","NeuralNetFastAI_r7_BAG_L1","NeuralNetFastAI_r99_BAG_L1","NeuralNetTorch_r143_BAG_L1","NeuralNetTorch_r148_BAG_L1","NeuralNetTorch_r149_BAG_L1","NeuralNetTorch_r158_BAG_L1","NeuralNetTorch_r186_BAG_L1","NeuralNetTorch_r41_BAG_L1","NeuralNetTorch_r69_BAG_L1","NeuralNetTorch_r75_BAG_L1"],"9":["NeuralNetFastAI_r11_BAG_L1","NeuralNetTorch_r15_BAG_L1","XGBoost_r91_BAG_L1"],"10":["CatBoost_r43_BAG_L1","LightGBM_r27_BAG_L1","NeuralNetFastAI_r105_BAG_L1","NeuralNetFastAI_r118_BAG_L1","NeuralNetFastAI_r11_BAG_L1","NeuralNetFastAI_r121_BAG_L1","NeuralNetFastAI_r157_BAG_L1","NeuralNetFastAI_r187_BAG_L1","NeuralNetFastAI_r29_BAG_L1","NeuralNetFastAI_r7_BAG_L1","NeuralNetFastAI_r99_BAG_L1","NeuralNetTorch_r141_BAG_L1","NeuralNetTorch_r143_BAG_L1","NeuralNetTorch_r149_BAG_L1","NeuralNetTorch_r158_BAG_L1","NeuralNetTorch_r186_BAG_L1","NeuralNetTorch_r41_BAG_L1","NeuralNetTorch_r69_BAG_L1","NeuralNetTorch_r97_BAG_L1","RandomForest_r98_BAG_L1"],"11":["CatBoost_r43_BAG_L1","ExtraTrees_r200_BAG_L1","NeuralNetFastAI_r118_BAG_L1","NeuralNetFastAI_r11_BAG_L1","NeuralNetFastAI_r121_BAG_L1","NeuralNetFastAI_r157_BAG_L1","NeuralNetFastAI_r187_BAG_L1","NeuralNetTorch_r143_BAG_L1","NeuralNetTorch_r149_BAG_L1","NeuralNetTorch_r158_BAG_L1","NeuralNetTorch_r41_BAG_L1","NeuralNetTorch_r69_BAG_L1"],"12":["CatBoost_r43_BAG_L1","ExtraTrees_r78_BAG_L1","NeuralNetFastAI_r105_BAG_L1","NeuralNetFastAI_r118_BAG_L1","NeuralNetFastAI_r11_BAG_L1","NeuralNetFastAI_r121_BAG_L1","NeuralNetFastAI_r146_BAG_L1","NeuralNetFastAI_r157_BAG_L1","NeuralNetFastAI_r187_BAG_L1","NeuralNetFastAI_r7_BAG_L1","NeuralNetFastAI_r99_BAG_L1","NeuralNetTorch_r143_BAG_L1","NeuralNetTorch_r149_BAG_L1","NeuralNetTorch_r158_BAG_L1","NeuralNetTorch_r186_BAG_L1","NeuralNetTorch_r41_BAG_L1","NeuralNetTorch_r69_BAG_L1","NeuralNetTorch_r76_BAG_L1","NeuralNetTorch_r97_BAG_L1"],"13":["CatBoost_r43_BAG_L1","NeuralNetFastAI_r118_BAG_L1","NeuralNetFastAI_r11_BAG_L1","NeuralNetFastAI_r121_BAG_L1","NeuralNetFastAI_r187_BAG_L1","NeuralNetTorch_r143_BAG_L1","NeuralNetTorch_r149_BAG_L1","NeuralNetTorch_r158_BAG_L1","NeuralNetTorch_r15_BAG_L1","NeuralNetTorch_r41_BAG_L1","NeuralNetTorch_r69_BAG_L1","XGBoost_r131_BAG_L1"],"14":["CatBoost_r43_BAG_L1","NeuralNetFastAI_r118_BAG_L1","NeuralNetFastAI_r146_BAG_L1","NeuralNetTorch_r143_BAG_L1","NeuralNetTorch_r149_BAG_L1","NeuralNetTorch_r41_BAG_L1","NeuralNetTorch_r69_BAG_L1","NeuralNetTorch_r75_BAG_L1"],"15":["CatBoost_r43_BAG_L1","NeuralNetFastAI_r105_BAG_L1","NeuralNetFastAI_r118_BAG_L1","NeuralNetFastAI_r11_BAG_L1","NeuralNetFastAI_r121_BAG_L1","NeuralNetFastAI_r157_BAG_L1","NeuralNetFastAI_r162_BAG_L1","NeuralNetFastAI_r187_BAG_L1","NeuralNetFastAI_r7_BAG_L1","NeuralNetFastAI_r99_BAG_L1","NeuralNetTorch_r143_BAG_L1","NeuralNetTorch_r149_BAG_L1","NeuralNetTorch_r158_BAG_L1","NeuralNetTorch_r186_BAG_L1","NeuralNetTorch_r41_BAG_L1","NeuralNetTorch_r69_BAG_L1"],"16":["NeuralNetFastAI_r146_BAG_L1","NeuralNetTorch_r76_BAG_L1"],"17":["NeuralNetFastAI_r11_BAG_L1","NeuralNetFastAI_r146_BAG_L1","NeuralNetTorch_r149_BAG_L1","NeuralNetTorch_r15_BAG_L1","NeuralNetTorch_r69_BAG_L1","NeuralNetTorch_r76_BAG_L1","XGBoost_r131_BAG_L1"],"18":["CatBoost_r43_BAG_L1","NeuralNetFastAI_r118_BAG_L1","NeuralNetFastAI_r11_BAG_L1","NeuralNetFastAI_r121_BAG_L1","NeuralNetFastAI_r157_BAG_L1","NeuralNetFastAI_r187_BAG_L1","NeuralNetTorch_r143_BAG_L1","NeuralNetTorch_r149_BAG_L1","NeuralNetTorch_r158_BAG_L1","NeuralNetTorch_r186_BAG_L1","NeuralNetTorch_r41_BAG_L1","NeuralNetTorch_r69_BAG_L1"],"19":["CatBoost_r43_BAG_L1","ExtraTrees_r169_BAG_L1","NeuralNetFastAI_r105_BAG_L1","NeuralNetFastAI_r118_BAG_L1","NeuralNetFastAI_r11_BAG_L1","NeuralNetFastAI_r121_BAG_L1","NeuralNetFastAI_r146_BAG_L1","NeuralNetFastAI_r157_BAG_L1","NeuralNetFastAI_r187_BAG_L1","NeuralNetFastAI_r7_BAG_L1","NeuralNetFastAI_r99_BAG_L1","NeuralNetTorch_r143_BAG_L1","NeuralNetTorch_r148_BAG_L1","NeuralNetTorch_r149_BAG_L1","NeuralNetTorch_r158_BAG_L1","NeuralNetTorch_r186_BAG_L1","NeuralNetTorch_r41_BAG_L1","NeuralNetTorch_r69_BAG_L1","NeuralNetTorch_r75_BAG_L1"],"20":["NeuralNetTorch_r149_BAG_L1","NeuralNetTorch_r69_BAG_L1","RandomForest_r86_BAG_L1"],"21":["CatBoost_r43_BAG_L1","NeuralNetFastAI_r118_BAG_L1","NeuralNetFastAI_r11_BAG_L1","NeuralNetFastAI_r121_BAG_L1","NeuralNetFastAI_r187_BAG_L1","NeuralNetTorch_r143_BAG_L1","NeuralNetTorch_r149_BAG_L1","NeuralNetTorch_r158_BAG_L1","NeuralNetTorch_r41_BAG_L1","NeuralNetTorch_r69_BAG_L1"],"22":["CatBoost_r43_BAG_L1","NeuralNetFastAI_r105_BAG_L1","NeuralNetFastAI_r118_BAG_L1","NeuralNetFastAI_r11_BAG_L1","NeuralNetFastAI_r121_BAG_L1","NeuralNetFastAI_r146_BAG_L1","NeuralNetFastAI_r157_BAG_L1","NeuralNetFastAI_r187_BAG_L1","NeuralNetFastAI_r7_BAG_L1","NeuralNetFastAI_r99_BAG_L1","NeuralNetTorch_r143_BAG_L1","NeuralNetTorch_r148_BAG_L1","NeuralNetTorch_r149_BAG_L1","NeuralNetTorch_r158_BAG_L1","NeuralNetTorch_r186_BAG_L1","NeuralNetTorch_r41_BAG_L1","NeuralNetTorch_r69_BAG_L1","NeuralNetTorch_r75_BAG_L1"],"23":["CatBoost_r43_BAG_L1","NeuralNetFastAI_r105_BAG_L1","NeuralNetFastAI_r118_BAG_L1","NeuralNetFastAI_r11_BAG_L1","NeuralNetFastAI_r121_BAG_L1","NeuralNetFastAI_r157_BAG_L1","NeuralNetFastAI_r187_BAG_L1","NeuralNetFastAI_r7_BAG_L1","NeuralNetFastAI_r99_BAG_L1","NeuralNetTorch_r141_BAG_L1","NeuralNetTorch_r143_BAG_L1","NeuralNetTorch_r149_BAG_L1","NeuralNetTorch_r158_BAG_L1","NeuralNetTorch_r186_BAG_L1","NeuralNetTorch_r41_BAG_L1","NeuralNetTorch_r69_BAG_L1","NeuralNetTorch_r97_BAG_L1","RandomForest_r98_BAG_L1"],"24":["CatBoost_r43_BAG_L1","NeuralNetFastAI_r118_BAG_L1","NeuralNetFastAI_r121_BAG_L1","NeuralNetFastAI_r157_BAG_L1","NeuralNetFastAI_r184_BAG_L1","NeuralNetFastAI_r187_BAG_L1","NeuralNetTorch_r143_BAG_L1","NeuralNetTorch_r149_BAG_L1","NeuralNetTorch_r41_BAG_L1","NeuralNetTorch_r69_BAG_L1"],"25":["ExtraTrees_r18_BAG_L1","NeuralNetFastAI_r146_BAG_L1","NeuralNetTorch_r76_BAG_L1"],"26":["CatBoost_r43_BAG_L1","NeuralNetFastAI_r105_BAG_L1","NeuralNetFastAI_r118_BAG_L1","NeuralNetFastAI_r11_BAG_L1","NeuralNetFastAI_r121_BAG_L1","NeuralNetFastAI_r146_BAG_L1","NeuralNetFastAI_r157_BAG_L1","NeuralNetFastAI_r187_BAG_L1","NeuralNetFastAI_r7_BAG_L1","NeuralNetFastAI_r99_BAG_L1","NeuralNetTorch_r143_BAG_L1","NeuralNetTorch_r148_BAG_L1","NeuralNetTorch_r149_BAG_L1","NeuralNetTorch_r158_BAG_L1","NeuralNetTorch_r186_BAG_L1","NeuralNetTorch_r31_BAG_L1","NeuralNetTorch_r41_BAG_L1","NeuralNetTorch_r69_BAG_L1","NeuralNetTorch_r75_BAG_L1"],"27":["ExtraTrees_r78_BAG_L1","NeuralNetFastAI_r146_BAG_L1","NeuralNetTorch_r76_BAG_L1"],"28":["CatBoost_r43_BAG_L1","NeuralNetFastAI_r118_BAG_L1","NeuralNetFastAI_r11_BAG_L1","NeuralNetFastAI_r121_BAG_L1","NeuralNetFastAI_r187_BAG_L1","NeuralNetTorch_r143_BAG_L1","NeuralNetTorch_r149_BAG_L1","NeuralNetTorch_r158_BAG_L1","NeuralNetTorch_r166_BAG_L1","NeuralNetTorch_r41_BAG_L1","NeuralNetTorch_r69_BAG_L1"],"29":["CatBoost_r43_BAG_L1","NeuralNetFastAI_r118_BAG_L1","NeuralNetFastAI_r157_BAG_L1","NeuralNetFastAI_r16_BAG_L1","NeuralNetTorch_r143_BAG_L1","NeuralNetTorch_r149_BAG_L1","NeuralNetTorch_r41_BAG_L1","NeuralNetTorch_r69_BAG_L1","NeuralNetTorch_r75_BAG_L1"],"30":["CatBoost_r43_BAG_L1","NeuralNetFastAI_r105_BAG_L1","NeuralNetFastAI_r118_BAG_L1","NeuralNetFastAI_r11_BAG_L1","NeuralNetFastAI_r121_BAG_L1","NeuralNetFastAI_r157_BAG_L1","NeuralNetFastAI_r187_BAG_L1","NeuralNetFastAI_r7_BAG_L1","NeuralNetFastAI_r99_BAG_L1","NeuralNetTorch_r143_BAG_L1","NeuralNetTorch_r149_BAG_L1","NeuralNetTorch_r158_BAG_L1","NeuralNetTorch_r186_BAG_L1","NeuralNetTorch_r41_BAG_L1","NeuralNetTorch_r69_BAG_L1","NeuralNetTorch_r97_BAG_L1"],"31":["NeuralNetTorch_r149_BAG_L1","NeuralNetTorch_r69_BAG_L1"],"32":["CatBoost_r43_BAG_L1","LightGBM_r162_BAG_L1","NeuralNetFastAI_r118_BAG_L1","NeuralNetFastAI_r11_BAG_L1","NeuralNetFastAI_r121_BAG_L1","NeuralNetFastAI_r187_BAG_L1","NeuralNetTorch_r143_BAG_L1","NeuralNetTorch_r149_BAG_L1","NeuralNetTorch_r158_BAG_L1","NeuralNetTorch_r41_BAG_L1","NeuralNetTorch_r69_BAG_L1"],"33":["CatBoost_r43_BAG_L1","NeuralNetFastAI_r118_BAG_L1","NeuralNetTorch_r47_BAG_L1"],"34":["CatBoost_r43_BAG_L1","NeuralNetFastAI_r105_BAG_L1","NeuralNetFastAI_r118_BAG_L1","NeuralNetFastAI_r11_BAG_L1","NeuralNetFastAI_r121_BAG_L1","NeuralNetFastAI_r157_BAG_L1","NeuralNetFastAI_r187_BAG_L1","NeuralNetFastAI_r7_BAG_L1","NeuralNetFastAI_r99_BAG_L1","NeuralNetTorch_r143_BAG_L1","NeuralNetTorch_r149_BAG_L1","NeuralNetTorch_r158_BAG_L1","NeuralNetTorch_r186_BAG_L1","NeuralNetTorch_r41_BAG_L1","NeuralNetTorch_r69_BAG_L1","NeuralNetTorch_r97_BAG_L1","RandomForest_r169_BAG_L1"],"35":["CatBoost_r43_BAG_L1","NeuralNetFastAI_r118_BAG_L1","NeuralNetFastAI_r157_BAG_L1","NeuralNetFastAI_r29_BAG_L1","NeuralNetTorch_r141_BAG_L1","NeuralNetTorch_r143_BAG_L1","NeuralNetTorch_r149_BAG_L1","NeuralNetTorch_r41_BAG_L1","NeuralNetTorch_r69_BAG_L1","RandomForest_r98_BAG_L1"],"36":["CatBoost_r43_BAG_L1","NeuralNetFastAI_r118_BAG_L1","NeuralNetFastAI_r11_BAG_L1","NeuralNetFastAI_r121_BAG_L1","NeuralNetFastAI_r187_BAG_L1","NeuralNetTorch_r141_BAG_L1","NeuralNetTorch_r143_BAG_L1","NeuralNetTorch_r149_BAG_L1","NeuralNetTorch_r158_BAG_L1","NeuralNetTorch_r41_BAG_L1","NeuralNetTorch_r69_BAG_L1","RandomForest_r98_BAG_L1"],"37":["CatBoost_r43_BAG_L1","NeuralNetFastAI_r105_BAG_L1","NeuralNetFastAI_r118_BAG_L1","NeuralNetFastAI_r121_BAG_L1","NeuralNetFastAI_r157_BAG_L1","NeuralNetFastAI_r184_BAG_L1","NeuralNetFastAI_r187_BAG_L1","NeuralNetFastAI_r29_BAG_L1","NeuralNetFastAI_r9_BAG_L1","NeuralNetTorch_r141_BAG_L1","NeuralNetTorch_r143_BAG_L1","NeuralNetTorch_r146_BAG_L1","NeuralNetTorch_r149_BAG_L1","NeuralNetTorch_r41_BAG_L1","NeuralNetTorch_r69_BAG_L1","RandomForest_r136_BAG_L1","RandomForest_r98_BAG_L1","XGBoost_r55_BAG_L1"],"38":["CatBoost_r43_BAG_L1","NeuralNetFastAI_r105_BAG_L1","NeuralNetFastAI_r118_BAG_L1","NeuralNetFastAI_r11_BAG_L1","NeuralNetFastAI_r121_BAG_L1","NeuralNetFastAI_r157_BAG_L1","NeuralNetFastAI_r187_BAG_L1","NeuralNetFastAI_r7_BAG_L1","NeuralNetFastAI_r99_BAG_L1","NeuralNetTorch_r141_BAG_L1","NeuralNetTorch_r143_BAG_L1","NeuralNetTorch_r149_BAG_L1","NeuralNetTorch_r158_BAG_L1","NeuralNetTorch_r186_BAG_L1","NeuralNetTorch_r41_BAG_L1","NeuralNetTorch_r69_BAG_L1","RandomForest_r98_BAG_L1"],"39":["CatBoost_r43_BAG_L1","ExtraTrees_r187_BAG_L1","NeuralNetFastAI_r105_BAG_L1","NeuralNetFastAI_r118_BAG_L1","NeuralNetFastAI_r11_BAG_L1","NeuralNetFastAI_r121_BAG_L1","NeuralNetFastAI_r157_BAG_L1","NeuralNetFastAI_r187_BAG_L1","NeuralNetFastAI_r7_BAG_L1","NeuralNetFastAI_r99_BAG_L1","NeuralNetTorch_r143_BAG_L1","NeuralNetTorch_r149_BAG_L1","NeuralNetTorch_r158_BAG_L1","NeuralNetTorch_r186_BAG_L1","NeuralNetTorch_r41_BAG_L1","NeuralNetTorch_r69_BAG_L1"]},"weights":{"0":[0.0555555556,0.0555555556,0.0555555556,0.0555555556,0.0555555556,0.0555555556,0.0555555556,0.0555555556,0.0555555556,0.0555555556,0.0555555556,0.0555555556,0.0555555556,0.0555555556,0.0555555556,0.0555555556,0.0555555556,0.0555555556],"1":[0.0555555556,0.0555555556,0.0555555556,0.0555555556,0.0555555556,0.0555555556,0.0555555556,0.0555555556,0.0555555556,0.0555555556,0.0555555556,0.0555555556,0.0555555556,0.0555555556,0.0555555556,0.0555555556,0.0555555556,0.0555555556],"2":[0.0555555556,0.0555555556,0.0555555556,0.0555555556,0.0555555556,0.0555555556,0.0555555556,0.0555555556,0.0555555556,0.0555555556,0.0555555556,0.0555555556,0.0555555556,0.0555555556,0.0555555556,0.0555555556,0.0555555556,0.0555555556],"3":[0.0416666667,0.0416666667,0.0416666667,0.0416666667,0.0416666667,0.0416666667,0.0416666667,0.0416666667,0.0416666667,0.0416666667,0.0416666667,0.0416666667,0.0416666667,0.0416666667,0.0416666667,0.0416666667,0.0416666667,0.0416666667,0.0416666667,0.0416666667,0.0416666667,0.0416666667,0.0416666667,0.0416666667],"4":[0.1,0.1,0.1,0.1,0.1,0.1,0.1,0.1,0.1,0.1],"5":[0.0833333333,0.0833333333,0.0833333333,0.0833333333,0.0833333333,0.0833333333,0.0833333333,0.0833333333,0.0833333333,0.0833333333,0.0833333333,0.0833333333],"6":[0.0588235294,0.0588235294,0.0588235294,0.0588235294,0.0588235294,0.0588235294,0.0588235294,0.0588235294,0.0588235294,0.0588235294,0.0588235294,0.0588235294,0.0588235294,0.0588235294,0.0588235294,0.0588235294,0.0588235294],"7":[0.0588235294,0.0588235294,0.0588235294,0.0588235294,0.0588235294,0.0588235294,0.0588235294,0.0588235294,0.0588235294,0.0588235294,0.0588235294,0.0588235294,0.0588235294,0.0588235294,0.0588235294,0.0588235294,0.0588235294],"8":[0.0526315789,0.0526315789,0.0526315789,0.0526315789,0.0526315789,0.0526315789,0.0526315789,0.0526315789,0.0526315789,0.0526315789,0.0526315789,0.0526315789,0.0526315789,0.0526315789,0.0526315789,0.0526315789,0.0526315789,0.0526315789,0.0526315789],"9":[0.3333333333,0.3333333333,0.3333333333],"10":[0.05,0.05,0.05,0.05,0.05,0.05,0.05,0.05,0.05,0.05,0.05,0.05,0.05,0.05,0.05,0.05,0.05,0.05,0.05,0.05],"11":[0.0833333333,0.0833333333,0.0833333333,0.0833333333,0.0833333333,0.0833333333,0.0833333333,0.0833333333,0.0833333333,0.0833333333,0.0833333333,0.0833333333],"12":[0.0526315789,0.0526315789,0.0526315789,0.0526315789,0.0526315789,0.0526315789,0.0526315789,0.0526315789,0.0526315789,0.0526315789,0.0526315789,0.0526315789,0.0526315789,0.0526315789,0.0526315789,0.0526315789,0.0526315789,0.0526315789,0.0526315789],"13":[0.0833333333,0.0833333333,0.0833333333,0.0833333333,0.0833333333,0.0833333333,0.0833333333,0.0833333333,0.0833333333,0.0833333333,0.0833333333,0.0833333333],"14":[0.125,0.125,0.125,0.125,0.125,0.125,0.125,0.125],"15":[0.0625,0.0625,0.0625,0.0625,0.0625,0.0625,0.0625,0.0625,0.0625,0.0625,0.0625,0.0625,0.0625,0.0625,0.0625,0.0625],"16":[0.5,0.5],"17":[0.1428571429,0.1428571429,0.1428571429,0.1428571429,0.1428571429,0.1428571429,0.1428571429],"18":[0.0833333333,0.0833333333,0.0833333333,0.0833333333,0.0833333333,0.0833333333,0.0833333333,0.0833333333,0.0833333333,0.0833333333,0.0833333333,0.0833333333],"19":[0.0526315789,0.0526315789,0.0526315789,0.0526315789,0.0526315789,0.0526315789,0.0526315789,0.0526315789,0.0526315789,0.0526315789,0.0526315789,0.0526315789,0.0526315789,0.0526315789,0.0526315789,0.0526315789,0.0526315789,0.0526315789,0.0526315789],"20":[0.3333333333,0.3333333333,0.3333333333],"21":[0.1,0.1,0.1,0.1,0.1,0.1,0.1,0.1,0.1,0.1],"22":[0.0555555556,0.0555555556,0.0555555556,0.0555555556,0.0555555556,0.0555555556,0.0555555556,0.0555555556,0.0555555556,0.0555555556,0.0555555556,0.0555555556,0.0555555556,0.0555555556,0.0555555556,0.0555555556,0.0555555556,0.0555555556],"23":[0.0555555556,0.0555555556,0.0555555556,0.0555555556,0.0555555556,0.0555555556,0.0555555556,0.0555555556,0.0555555556,0.0555555556,0.0555555556,0.0555555556,0.0555555556,0.0555555556,0.0555555556,0.0555555556,0.0555555556,0.0555555556],"24":[0.1,0.1,0.1,0.1,0.1,0.1,0.1,0.1,0.1,0.1],"25":[0.3333333333,0.3333333333,0.3333333333],"26":[0.0526315789,0.0526315789,0.0526315789,0.0526315789,0.0526315789,0.0526315789,0.0526315789,0.0526315789,0.0526315789,0.0526315789,0.0526315789,0.0526315789,0.0526315789,0.0526315789,0.0526315789,0.0526315789,0.0526315789,0.0526315789,0.0526315789],"27":[0.3333333333,0.3333333333,0.3333333333],"28":[0.0909090909,0.0909090909,0.0909090909,0.0909090909,0.0909090909,0.0909090909,0.0909090909,0.0909090909,0.0909090909,0.0909090909,0.0909090909],"29":[0.1111111111,0.1111111111,0.1111111111,0.1111111111,0.1111111111,0.1111111111,0.1111111111,0.1111111111,0.1111111111],"30":[0.0625,0.0625,0.0625,0.0625,0.0625,0.0625,0.0625,0.0625,0.0625,0.0625,0.0625,0.0625,0.0625,0.0625,0.0625,0.0625],"31":[0.5,0.5],"32":[0.0909090909,0.0909090909,0.0909090909,0.0909090909,0.0909090909,0.0909090909,0.0909090909,0.0909090909,0.0909090909,0.0909090909,0.0909090909],"33":[0.3333333333,0.3333333333,0.3333333333],"34":[0.0588235294,0.0588235294,0.0588235294,0.0588235294,0.0588235294,0.0588235294,0.0588235294,0.0588235294,0.0588235294,0.0588235294,0.0588235294,0.0588235294,0.0588235294,0.0588235294,0.0588235294,0.0588235294,0.0588235294],"35":[0.1,0.1,0.1,0.1,0.1,0.1,0.1,0.1,0.1,0.1],"36":[0.0833333333,0.0833333333,0.0833333333,0.0833333333,0.0833333333,0.0833333333,0.0833333333,0.0833333333,0.0833333333,0.0833333333,0.0833333333,0.0833333333],"37":[0.0555555556,0.0555555556,0.0555555556,0.0555555556,0.0555555556,0.0555555556,0.0555555556,0.0555555556,0.0555555556,0.0555555556,0.0555555556,0.0555555556,0.0555555556,0.0555555556,0.0555555556,0.0555555556,0.0555555556,0.0555555556],"38":[0.0588235294,0.0588235294,0.0588235294,0.0588235294,0.0588235294,0.0588235294,0.0588235294,0.0588235294,0.0588235294,0.0588235294,0.0588235294,0.0588235294,0.0588235294,0.0588235294,0.0588235294,0.0588235294,0.0588235294],"39":[0.0625,0.0625,0.0625,0.0625,0.0625,0.0625,0.0625,0.0625,0.0625,0.0625,0.0625,0.0625,0.0625,0.0625,0.0625,0.0625]},"meta":{"0":8,"1":10,"2":10,"3":16,"4":19,"5":24,"6":18,"7":10,"8":3,"9":7,"10":10,"11":12,"12":12,"13":12,"14":17,"15":3,"16":3,"17":2,"18":3,"19":3,"20":2,"21":9,"22":17,"23":12,"24":11,"25":12,"26":11,"27":16,"28":17,"29":17,"30":18,"31":16,"32":18,"33":19,"34":19,"35":18,"36":20,"37":18,"38":19,"39":18},"task":{"0":"3747_0","1":"3747_0","2":"3747_0","3":"3747_0","4":"3747_0","5":"3747_0","6":"3747_0","7":"3747_0","8":"3747_0","9":"3747_0","10":"3747_0","11":"3747_0","12":"3747_0","13":"3747_0","14":"3747_0","15":"3747_0","16":"3747_0","17":"3747_0","18":"3747_0","19":"3747_0","20":"3747_0","21":"3747_0","22":"3747_0","23":"3747_0","24":"3747_0","25":"3747_0","26":"3747_0","27":"3747_0","28":"3747_0","29":"3747_0","30":"3747_0","31":"3747_0","32":"3747_0","33":"3747_0","34":"3747_0","35":"3747_0","36":"3747_0","37":"3747_0","38":"3747_0","39":"3747_0"},"dataset":{"0":"fri_c0_500_5","1":"fri_c0_500_5","2":"fri_c0_500_5","3":"fri_c0_500_5","4":"fri_c0_500_5","5":"fri_c0_500_5","6":"fri_c0_500_5","7":"fri_c0_500_5","8":"fri_c0_500_5","9":"fri_c0_500_5","10":"fri_c0_500_5","11":"fri_c0_500_5","12":"fri_c0_500_5","13":"fri_c0_500_5","14":"fri_c0_500_5","15":"fri_c0_500_5","16":"fri_c0_500_5","17":"fri_c0_500_5","18":"fri_c0_500_5","19":"fri_c0_500_5","20":"fri_c0_500_5","21":"fri_c0_500_5","22":"fri_c0_500_5","23":"fri_c0_500_5","24":"fri_c0_500_5","25":"fri_c0_500_5","26":"fri_c0_500_5","27":"fri_c0_500_5","28":"fri_c0_500_5","29":"fri_c0_500_5","30":"fri_c0_500_5","31":"fri_c0_500_5","32":"fri_c0_500_5","33":"fri_c0_500_5","34":"fri_c0_500_5","35":"fri_c0_500_5","36":"fri_c0_500_5","37":"fri_c0_500_5","38":"fri_c0_500_5","39":"fri_c0_500_5"},"fold":{"0":0,"1":0,"2":0,"3":0,"4":0,"5":0,"6":0,"7":0,"8":0,"9":0,"10":0,"11":0,"12":0,"13":0,"14":0,"15":0,"16":0,"17":0,"18":0,"19":0,"20":0,"21":0,"22":0,"23":0,"24":0,"25":0,"26":0,"27":0,"28":0,"29":0,"30":0,"31":0,"32":0,"33":0,"34":0,"35":0,"36":0,"37":0,"38":0,"39":0},"method":{"0":"ENS_SIZE_QDO","1":"ENS_SIZE_QDO","2":"ENS_SIZE_QDO","3":"ENS_SIZE_QDO","4":"ENS_SIZE_QDO","5":"ENS_SIZE_QDO","6":"ENS_SIZE_QDO","7":"ENS_SIZE_QDO","8":"ENS_SIZE_QDO","9":"ENS_SIZE_QDO","10":"ENS_SIZE_QDO","11":"ENS_SIZE_QDO","12":"ENS_SIZE_QDO","13":"ENS_SIZE_QDO","14":"ENS_SIZE_QDO","15":"ENS_SIZE_QDO","16":"ENS_SIZE_QDO","17":"ENS_SIZE_QDO","18":"ENS_SIZE_QDO","19":"ENS_SIZE_QDO","20":"ENS_SIZE_QDO","21":"ENS_SIZE_QDO","22":"ENS_SIZE_QDO","23":"ENS_SIZE_QDO","24":"ENS_SIZE_QDO","25":"ENS_SIZE_QDO","26":"ENS_SIZE_QDO","27":"ENS_SIZE_QDO","28":"ENS_SIZE_QDO","29":"ENS_SIZE_QDO","30":"ENS_SIZE_QDO","31":"ENS_SIZE_QDO","32":"ENS_SIZE_QDO","33":"ENS_SIZE_QDO","34":"ENS_SIZE_QDO","35":"ENS_SIZE_QDO","36":"ENS_SIZE_QDO","37":"ENS_SIZE_QDO","38":"ENS_SIZE_QDO","39":"ENS_SIZE_QDO"}}