{"name":{"0":"ENS_SIZE_QDO_0","1":"ENS_SIZE_QDO_1","2":"ENS_SIZE_QDO_2","3":"ENS_SIZE_QDO_3","4":"ENS_SIZE_QDO_4","5":"ENS_SIZE_QDO_5","6":"ENS_SIZE_QDO_6","7":"ENS_SIZE_QDO_7","8":"ENS_SIZE_QDO_8","9":"ENS_SIZE_QDO_9","10":"ENS_SIZE_QDO_10","11":"ENS_SIZE_QDO_11","12":"ENS_SIZE_QDO_12","13":"ENS_SIZE_QDO_13","14":"ENS_SIZE_QDO_14","15":"ENS_SIZE_QDO_15","16":"ENS_SIZE_QDO_16","17":"ENS_SIZE_QDO_17","18":"ENS_SIZE_QDO_18","19":"ENS_SIZE_QDO_19","20":"ENS_SIZE_QDO_20","21":"ENS_SIZE_QDO_21","22":"ENS_SIZE_QDO_22","23":"ENS_SIZE_QDO_23","24":"ENS_SIZE_QDO_24","25":"ENS_SIZE_QDO_25","26":"ENS_SIZE_QDO_26","27":"ENS_SIZE_QDO_27","28":"ENS_SIZE_QDO_28","29":"ENS_SIZE_QDO_29","30":"ENS_SIZE_QDO_30","31":"ENS_SIZE_QDO_31","32":"ENS_SIZE_QDO_32","33":"ENS_SIZE_QDO_33","34":"ENS_SIZE_QDO_34","35":"ENS_SIZE_QDO_35","36":"ENS_SIZE_QDO_36","37":"ENS_SIZE_QDO_37","38":"ENS_SIZE_QDO_38"},"roc_auc_val":{"0":0.9878367968,"1":0.9852095844,"2":0.9800292351,"3":0.9876935841,"4":0.9834367099,"5":0.9881775442,"6":0.9854515645,"7":0.9884343394,"8":0.984241664,"9":0.9881577908,"10":0.9887059497,"11":0.9872441925,"12":0.9864046697,"13":0.9875948167,"14":0.9831897914,"15":0.9887849637,"16":0.9869627054,"17":0.9888541008,"18":0.9852639064,"19":0.9884392778,"20":0.9866812184,"21":0.9874466656,"22":0.9884590313,"23":0.9876540771,"24":0.9872935762,"25":0.9881972977,"26":0.9881034687,"27":0.9866318347,"28":0.988375079,"29":0.9867651707,"30":0.9871256716,"31":0.9866466498,"32":0.9876985224,"33":0.9865133138,"34":0.9871207332,"35":0.987036781,"36":0.9870219659,"37":0.9887405183,"38":0.9889182996},"roc_auc_test":{"0":0.9647859144,"1":0.9603841537,"2":0.9631852741,"3":0.9639855942,"4":0.9671868747,"5":0.9635854342,"6":0.9611844738,"7":0.9635854342,"8":0.9631852741,"9":0.9635854342,"10":0.9643857543,"11":0.9631852741,"12":0.9615846339,"13":0.9635854342,"14":0.9647859144,"15":0.9639855942,"16":0.9631852741,"17":0.9635854342,"18":0.9639855942,"19":0.9643857543,"20":0.9639855942,"21":0.9635854342,"22":0.9647859144,"23":0.9647859144,"24":0.9631852741,"25":0.9631852741,"26":0.9635854342,"27":0.9635854342,"28":0.9643857543,"29":0.9611844738,"30":0.9639855942,"31":0.9635854342,"32":0.9635854342,"33":0.9639855942,"34":0.9643857543,"35":0.9659863946,"36":0.9631852741,"37":0.9643857543,"38":0.9639855942},"models_used":{"0":["ExtraTrees_r124_BAG_L1","NeuralNetFastAI_r169_BAG_L1","NeuralNetFastAI_r17_BAG_L1","NeuralNetFastAI_r190_BAG_L1","NeuralNetFastAI_r191_BAG_L1","NeuralNetFastAI_r197_BAG_L1","NeuralNetTorch_r135_BAG_L1","NeuralNetTorch_r143_BAG_L1","NeuralNetTorch_r144_BAG_L1","NeuralNetTorch_r161_BAG_L1","NeuralNetTorch_r166_BAG_L1","NeuralNetTorch_r198_BAG_L1","NeuralNetTorch_r26_BAG_L1","NeuralNetTorch_r2_BAG_L1","NeuralNetTorch_r31_BAG_L1","NeuralNetTorch_r36_BAG_L1","NeuralNetTorch_r3_BAG_L1","NeuralNetTorch_r41_BAG_L1","NeuralNetTorch_r42_BAG_L1","NeuralNetTorch_r47_BAG_L1","NeuralNetTorch_r57_BAG_L1"],"1":["NeuralNetFastAI_r46_BAG_L1","NeuralNetTorch_r57_BAG_L1"],"2":["LightGBM_r35_BAG_L1","NeuralNetFastAI_r191_BAG_L1","NeuralNetFastAI_r79_BAG_L1"],"3":["ExtraTrees_r124_BAG_L1","NeuralNetFastAI_r138_BAG_L1","NeuralNetFastAI_r46_BAG_L1","NeuralNetTorch_r128_BAG_L1","NeuralNetTorch_r141_BAG_L1","NeuralNetTorch_r161_BAG_L1","NeuralNetTorch_r41_BAG_L1","NeuralNetTorch_r47_BAG_L1","NeuralNetTorch_r88_BAG_L1","RandomForest_r98_BAG_L1"],"4":["KNeighbors_r14_BAG_L1","NeuralNetTorch_r2_BAG_L1","NeuralNetTorch_r3_BAG_L1"],"5":["ExtraTrees_r101_BAG_L1","ExtraTrees_r124_BAG_L1","NeuralNetFastAI_r190_BAG_L1","NeuralNetFastAI_r191_BAG_L1","NeuralNetFastAI_r197_BAG_L1","NeuralNetTorch_r135_BAG_L1","NeuralNetTorch_r143_BAG_L1","NeuralNetTorch_r144_BAG_L1","NeuralNetTorch_r158_BAG_L1","NeuralNetTorch_r161_BAG_L1","NeuralNetTorch_r166_BAG_L1","NeuralNetTorch_r198_BAG_L1","NeuralNetTorch_r2_BAG_L1","NeuralNetTorch_r31_BAG_L1","NeuralNetTorch_r36_BAG_L1","NeuralNetTorch_r3_BAG_L1","NeuralNetTorch_r41_BAG_L1","NeuralNetTorch_r42_BAG_L1","NeuralNetTorch_r47_BAG_L1","NeuralNetTorch_r57_BAG_L1"],"6":["ExtraTrees_r124_BAG_L1","NeuralNetTorch_r41_BAG_L1","NeuralNetTorch_r47_BAG_L1"],"7":["ExtraTrees_r124_BAG_L1","NeuralNetFastAI_r190_BAG_L1","NeuralNetFastAI_r191_BAG_L1","NeuralNetFastAI_r197_BAG_L1","NeuralNetFastAI_r36_BAG_L1","NeuralNetTorch_r135_BAG_L1","NeuralNetTorch_r140_BAG_L1","NeuralNetTorch_r143_BAG_L1","NeuralNetTorch_r144_BAG_L1","NeuralNetTorch_r158_BAG_L1","NeuralNetTorch_r161_BAG_L1","NeuralNetTorch_r166_BAG_L1","NeuralNetTorch_r198_BAG_L1","NeuralNetTorch_r2_BAG_L1","NeuralNetTorch_r31_BAG_L1","NeuralNetTorch_r32_BAG_L1","NeuralNetTorch_r36_BAG_L1","NeuralNetTorch_r3_BAG_L1","NeuralNetTorch_r41_BAG_L1","NeuralNetTorch_r42_BAG_L1","NeuralNetTorch_r47_BAG_L1","NeuralNetTorch_r57_BAG_L1","NeuralNetTorch_r88_BAG_L1"],"8":["NeuralNetTorch_r2_BAG_L1","NeuralNetTorch_r3_BAG_L1","NeuralNetTorch_r49_BAG_L1"],"9":["ExtraTrees_r124_BAG_L1","NeuralNetFastAI_r136_BAG_L1","NeuralNetFastAI_r153_BAG_L1","NeuralNetFastAI_r190_BAG_L1","NeuralNetFastAI_r191_BAG_L1","NeuralNetFastAI_r197_BAG_L1","NeuralNetTorch_r135_BAG_L1","NeuralNetTorch_r143_BAG_L1","NeuralNetTorch_r144_BAG_L1","NeuralNetTorch_r161_BAG_L1","NeuralNetTorch_r166_BAG_L1","NeuralNetTorch_r198_BAG_L1","NeuralNetTorch_r2_BAG_L1","NeuralNetTorch_r31_BAG_L1","NeuralNetTorch_r36_BAG_L1","NeuralNetTorch_r3_BAG_L1","NeuralNetTorch_r41_BAG_L1","NeuralNetTorch_r42_BAG_L1","NeuralNetTorch_r47_BAG_L1","NeuralNetTorch_r57_BAG_L1"],"10":["ExtraTrees_r124_BAG_L1","NeuralNetFastAI_r190_BAG_L1","NeuralNetFastAI_r191_BAG_L1","NeuralNetFastAI_r197_BAG_L1","NeuralNetTorch_r103_BAG_L1","NeuralNetTorch_r135_BAG_L1","NeuralNetTorch_r140_BAG_L1","NeuralNetTorch_r143_BAG_L1","NeuralNetTorch_r144_BAG_L1","NeuralNetTorch_r158_BAG_L1","NeuralNetTorch_r161_BAG_L1","NeuralNetTorch_r166_BAG_L1","NeuralNetTorch_r198_BAG_L1","NeuralNetTorch_r2_BAG_L1","NeuralNetTorch_r31_BAG_L1","NeuralNetTorch_r32_BAG_L1","NeuralNetTorch_r36_BAG_L1","NeuralNetTorch_r3_BAG_L1","NeuralNetTorch_r41_BAG_L1","NeuralNetTorch_r42_BAG_L1","NeuralNetTorch_r47_BAG_L1","NeuralNetTorch_r57_BAG_L1","NeuralNetTorch_r88_BAG_L1"],"11":["ExtraTrees_r124_BAG_L1","ExtraTrees_r64_BAG_L1","NeuralNetFastAI_r190_BAG_L1","NeuralNetFastAI_r197_BAG_L1","NeuralNetTorch_r135_BAG_L1","NeuralNetTorch_r143_BAG_L1","NeuralNetTorch_r161_BAG_L1","NeuralNetTorch_r198_BAG_L1","NeuralNetTorch_r2_BAG_L1","NeuralNetTorch_r36_BAG_L1","NeuralNetTorch_r3_BAG_L1","NeuralNetTorch_r41_BAG_L1","NeuralNetTorch_r47_BAG_L1","NeuralNetTorch_r57_BAG_L1"],"12":["NeuralNetFastAI_r117_BAG_L1","NeuralNetFastAI_r134_BAG_L1","NeuralNetFastAI_r169_BAG_L1","NeuralNetTorch_r184_BAG_L1","NeuralNetTorch_r198_BAG_L1","NeuralNetTorch_r26_BAG_L1","NeuralNetTorch_r2_BAG_L1","NeuralNetTorch_r3_BAG_L1"],"13":["ExtraTrees_r124_BAG_L1","NeuralNetFastAI_r138_BAG_L1","NeuralNetFastAI_r190_BAG_L1","NeuralNetFastAI_r191_BAG_L1","NeuralNetFastAI_r197_BAG_L1","NeuralNetTorch_r117_BAG_L1","NeuralNetTorch_r135_BAG_L1","NeuralNetTorch_r141_BAG_L1","NeuralNetTorch_r143_BAG_L1","NeuralNetTorch_r161_BAG_L1","NeuralNetTorch_r198_BAG_L1","NeuralNetTorch_r2_BAG_L1","NeuralNetTorch_r36_BAG_L1","NeuralNetTorch_r3_BAG_L1","NeuralNetTorch_r41_BAG_L1","NeuralNetTorch_r47_BAG_L1","NeuralNetTorch_r57_BAG_L1","RandomForest_r98_BAG_L1"],"14":["NeuralNetTorch_r2_BAG_L1","NeuralNetTorch_r3_BAG_L1","RandomForest_r113_BAG_L1"],"15":["ExtraTrees_r124_BAG_L1","NeuralNetFastAI_r190_BAG_L1","NeuralNetFastAI_r191_BAG_L1","NeuralNetFastAI_r197_BAG_L1","NeuralNetTorch_r103_BAG_L1","NeuralNetTorch_r135_BAG_L1","NeuralNetTorch_r140_BAG_L1","NeuralNetTorch_r143_BAG_L1","NeuralNetTorch_r144_BAG_L1","NeuralNetTorch_r158_BAG_L1","NeuralNetTorch_r161_BAG_L1","NeuralNetTorch_r166_BAG_L1","NeuralNetTorch_r198_BAG_L1","NeuralNetTorch_r2_BAG_L1","NeuralNetTorch_r31_BAG_L1","NeuralNetTorch_r32_BAG_L1","NeuralNetTorch_r36_BAG_L1","NeuralNetTorch_r3_BAG_L1","NeuralNetTorch_r40_BAG_L1","NeuralNetTorch_r41_BAG_L1","NeuralNetTorch_r42_BAG_L1","NeuralNetTorch_r47_BAG_L1","NeuralNetTorch_r57_BAG_L1","NeuralNetTorch_r83_BAG_L1","NeuralNetTorch_r88_BAG_L1","NeuralNetTorch_r95_BAG_L1"],"16":["ExtraTrees_r124_BAG_L1","NeuralNetFastAI_r197_BAG_L1","NeuralNetTorch_r143_BAG_L1","NeuralNetTorch_r161_BAG_L1","NeuralNetTorch_r2_BAG_L1","NeuralNetTorch_r3_BAG_L1","NeuralNetTorch_r41_BAG_L1","NeuralNetTorch_r47_BAG_L1"],"17":["ExtraTrees_r124_BAG_L1","ExtraTrees_r187_BAG_L1","NeuralNetFastAI_r190_BAG_L1","NeuralNetFastAI_r191_BAG_L1","NeuralNetFastAI_r197_BAG_L1","NeuralNetFastAI_r95_BAG_L1","NeuralNetTorch_r103_BAG_L1","NeuralNetTorch_r128_BAG_L1","NeuralNetTorch_r135_BAG_L1","NeuralNetTorch_r140_BAG_L1","NeuralNetTorch_r143_BAG_L1","NeuralNetTorch_r144_BAG_L1","NeuralNetTorch_r158_BAG_L1","NeuralNetTorch_r161_BAG_L1","NeuralNetTorch_r166_BAG_L1","NeuralNetTorch_r198_BAG_L1","NeuralNetTorch_r2_BAG_L1","NeuralNetTorch_r31_BAG_L1","NeuralNetTorch_r32_BAG_L1","NeuralNetTorch_r36_BAG_L1","NeuralNetTorch_r3_BAG_L1","NeuralNetTorch_r40_BAG_L1","NeuralNetTorch_r41_BAG_L1","NeuralNetTorch_r42_BAG_L1","NeuralNetTorch_r47_BAG_L1","NeuralNetTorch_r57_BAG_L1","NeuralNetTorch_r88_BAG_L1","NeuralNetTorch_r95_BAG_L1"],"18":["NeuralNetTorch_r2_BAG_L1","NeuralNetTorch_r3_BAG_L1"],"19":["ExtraTrees_r124_BAG_L1","NeuralNetFastAI_r128_BAG_L1","NeuralNetFastAI_r153_BAG_L1","NeuralNetFastAI_r190_BAG_L1","NeuralNetFastAI_r191_BAG_L1","NeuralNetFastAI_r197_BAG_L1","NeuralNetTorch_r135_BAG_L1","NeuralNetTorch_r140_BAG_L1","NeuralNetTorch_r143_BAG_L1","NeuralNetTorch_r144_BAG_L1","NeuralNetTorch_r158_BAG_L1","NeuralNetTorch_r161_BAG_L1","NeuralNetTorch_r166_BAG_L1","NeuralNetTorch_r198_BAG_L1","NeuralNetTorch_r2_BAG_L1","NeuralNetTorch_r31_BAG_L1","NeuralNetTorch_r32_BAG_L1","NeuralNetTorch_r36_BAG_L1","NeuralNetTorch_r3_BAG_L1","NeuralNetTorch_r41_BAG_L1","NeuralNetTorch_r42_BAG_L1","NeuralNetTorch_r47_BAG_L1","NeuralNetTorch_r57_BAG_L1","NeuralNetTorch_r88_BAG_L1","NeuralNetTorch_r95_BAG_L1"],"20":["ExtraTrees_r124_BAG_L1","NeuralNetFastAI_r169_BAG_L1","NeuralNetFastAI_r197_BAG_L1","NeuralNetTorch_r135_BAG_L1","NeuralNetTorch_r143_BAG_L1","NeuralNetTorch_r161_BAG_L1","NeuralNetTorch_r198_BAG_L1","NeuralNetTorch_r26_BAG_L1","NeuralNetTorch_r2_BAG_L1","NeuralNetTorch_r36_BAG_L1","NeuralNetTorch_r3_BAG_L1","NeuralNetTorch_r41_BAG_L1","NeuralNetTorch_r47_BAG_L1","NeuralNetTorch_r82_BAG_L1"],"21":["ExtraTrees_r124_BAG_L1","NeuralNetFastAI_r197_BAG_L1","NeuralNetTorch_r140_BAG_L1","NeuralNetTorch_r143_BAG_L1","NeuralNetTorch_r198_BAG_L1","NeuralNetTorch_r2_BAG_L1","NeuralNetTorch_r36_BAG_L1","NeuralNetTorch_r3_BAG_L1","NeuralNetTorch_r41_BAG_L1","NeuralNetTorch_r47_BAG_L1"],"22":["ExtraTrees_r124_BAG_L1","NeuralNetFastAI_r153_BAG_L1","NeuralNetFastAI_r190_BAG_L1","NeuralNetFastAI_r191_BAG_L1","NeuralNetFastAI_r197_BAG_L1","NeuralNetTorch_r135_BAG_L1","NeuralNetTorch_r140_BAG_L1","NeuralNetTorch_r143_BAG_L1","NeuralNetTorch_r144_BAG_L1","NeuralNetTorch_r158_BAG_L1","NeuralNetTorch_r161_BAG_L1","NeuralNetTorch_r166_BAG_L1","NeuralNetTorch_r198_BAG_L1","NeuralNetTorch_r2_BAG_L1","NeuralNetTorch_r31_BAG_L1","NeuralNetTorch_r32_BAG_L1","NeuralNetTorch_r36_BAG_L1","NeuralNetTorch_r3_BAG_L1","NeuralNetTorch_r41_BAG_L1","NeuralNetTorch_r42_BAG_L1","NeuralNetTorch_r47_BAG_L1","NeuralNetTorch_r57_BAG_L1","NeuralNetTorch_r88_BAG_L1"],"23":["ExtraTrees_r124_BAG_L1","ExtraTrees_r188_BAG_L1","NeuralNetFastAI_r138_BAG_L1","NeuralNetFastAI_r197_BAG_L1","NeuralNetFastAI_r46_BAG_L1","NeuralNetFastAI_r95_BAG_L1","NeuralNetTorch_r128_BAG_L1","NeuralNetTorch_r135_BAG_L1","NeuralNetTorch_r140_BAG_L1","NeuralNetTorch_r141_BAG_L1","NeuralNetTorch_r143_BAG_L1","NeuralNetTorch_r161_BAG_L1","NeuralNetTorch_r198_BAG_L1","NeuralNetTorch_r2_BAG_L1","NeuralNetTorch_r36_BAG_L1","NeuralNetTorch_r3_BAG_L1","NeuralNetTorch_r41_BAG_L1","NeuralNetTorch_r47_BAG_L1","NeuralNetTorch_r88_BAG_L1","RandomForest_r98_BAG_L1"],"24":["ExtraTrees_r124_BAG_L1","ExtraTrees_r188_BAG_L1","NeuralNetFastAI_r197_BAG_L1","NeuralNetFastAI_r95_BAG_L1","NeuralNetTorch_r135_BAG_L1","NeuralNetTorch_r140_BAG_L1","NeuralNetTorch_r143_BAG_L1","NeuralNetTorch_r161_BAG_L1","NeuralNetTorch_r198_BAG_L1","NeuralNetTorch_r2_BAG_L1","NeuralNetTorch_r36_BAG_L1","NeuralNetTorch_r3_BAG_L1","NeuralNetTorch_r41_BAG_L1","NeuralNetTorch_r47_BAG_L1"],"25":["ExtraTrees_r121_BAG_L1","ExtraTrees_r124_BAG_L1","NeuralNetFastAI_r190_BAG_L1","NeuralNetFastAI_r191_BAG_L1","NeuralNetFastAI_r197_BAG_L1","NeuralNetTorch_r135_BAG_L1","NeuralNetTorch_r143_BAG_L1","NeuralNetTorch_r144_BAG_L1","NeuralNetTorch_r158_BAG_L1","NeuralNetTorch_r161_BAG_L1","NeuralNetTorch_r166_BAG_L1","NeuralNetTorch_r198_BAG_L1","NeuralNetTorch_r2_BAG_L1","NeuralNetTorch_r31_BAG_L1","NeuralNetTorch_r36_BAG_L1","NeuralNetTorch_r3_BAG_L1","NeuralNetTorch_r41_BAG_L1","NeuralNetTorch_r42_BAG_L1","NeuralNetTorch_r47_BAG_L1","NeuralNetTorch_r57_BAG_L1"],"26":["ExtraTrees_r124_BAG_L1","NeuralNetFastAI_r117_BAG_L1","NeuralNetFastAI_r134_BAG_L1","NeuralNetFastAI_r169_BAG_L1","NeuralNetFastAI_r190_BAG_L1","NeuralNetFastAI_r191_BAG_L1","NeuralNetFastAI_r197_BAG_L1","NeuralNetFastAI_r96_BAG_L1","NeuralNetTorch_r103_BAG_L1","NeuralNetTorch_r135_BAG_L1","NeuralNetTorch_r140_BAG_L1","NeuralNetTorch_r143_BAG_L1","NeuralNetTorch_r144_BAG_L1","NeuralNetTorch_r158_BAG_L1","NeuralNetTorch_r161_BAG_L1","NeuralNetTorch_r166_BAG_L1","NeuralNetTorch_r184_BAG_L1","NeuralNetTorch_r198_BAG_L1","NeuralNetTorch_r26_BAG_L1","NeuralNetTorch_r2_BAG_L1","NeuralNetTorch_r31_BAG_L1","NeuralNetTorch_r32_BAG_L1","NeuralNetTorch_r36_BAG_L1","NeuralNetTorch_r3_BAG_L1","NeuralNetTorch_r41_BAG_L1","NeuralNetTorch_r42_BAG_L1","NeuralNetTorch_r47_BAG_L1","NeuralNetTorch_r57_BAG_L1","NeuralNetTorch_r88_BAG_L1"],"27":["ExtraTrees_r124_BAG_L1","ExtraTrees_r145_BAG_L1","NeuralNetFastAI_r197_BAG_L1","NeuralNetTorch_r143_BAG_L1","NeuralNetTorch_r161_BAG_L1","NeuralNetTorch_r2_BAG_L1","NeuralNetTorch_r3_BAG_L1","NeuralNetTorch_r41_BAG_L1","NeuralNetTorch_r47_BAG_L1"],"28":["ExtraTrees_r124_BAG_L1","NeuralNetFastAI_r190_BAG_L1","NeuralNetFastAI_r191_BAG_L1","NeuralNetFastAI_r197_BAG_L1","NeuralNetTorch_r135_BAG_L1","NeuralNetTorch_r143_BAG_L1","NeuralNetTorch_r144_BAG_L1","NeuralNetTorch_r158_BAG_L1","NeuralNetTorch_r161_BAG_L1","NeuralNetTorch_r166_BAG_L1","NeuralNetTorch_r198_BAG_L1","NeuralNetTorch_r2_BAG_L1","NeuralNetTorch_r31_BAG_L1","NeuralNetTorch_r36_BAG_L1","NeuralNetTorch_r3_BAG_L1","NeuralNetTorch_r41_BAG_L1","NeuralNetTorch_r42_BAG_L1","NeuralNetTorch_r47_BAG_L1","NeuralNetTorch_r57_BAG_L1"],"29":["ExtraTrees_r124_BAG_L1","NeuralNetFastAI_r134_BAG_L1","NeuralNetTorch_r161_BAG_L1","NeuralNetTorch_r41_BAG_L1","NeuralNetTorch_r47_BAG_L1"],"30":["ExtraTrees_r124_BAG_L1","NeuralNetFastAI_r102_BAG_L1","NeuralNetFastAI_r169_BAG_L1","NeuralNetFastAI_r190_BAG_L1","NeuralNetFastAI_r191_BAG_L1","NeuralNetFastAI_r197_BAG_L1","NeuralNetTorch_r135_BAG_L1","NeuralNetTorch_r143_BAG_L1","NeuralNetTorch_r144_BAG_L1","NeuralNetTorch_r154_BAG_L1","NeuralNetTorch_r161_BAG_L1","NeuralNetTorch_r166_BAG_L1","NeuralNetTorch_r198_BAG_L1","NeuralNetTorch_r26_BAG_L1","NeuralNetTorch_r2_BAG_L1","NeuralNetTorch_r36_BAG_L1","NeuralNetTorch_r3_BAG_L1","NeuralNetTorch_r41_BAG_L1","NeuralNetTorch_r47_BAG_L1","NeuralNetTorch_r57_BAG_L1","NeuralNetTorch_r82_BAG_L1"],"31":["ExtraTrees_r124_BAG_L1","ExtraTrees_r187_BAG_L1","NeuralNetFastAI_r197_BAG_L1","NeuralNetTorch_r143_BAG_L1","NeuralNetTorch_r161_BAG_L1","NeuralNetTorch_r2_BAG_L1","NeuralNetTorch_r3_BAG_L1","NeuralNetTorch_r41_BAG_L1","NeuralNetTorch_r47_BAG_L1"],"32":["ExtraTrees_r124_BAG_L1","NeuralNetFastAI_r190_BAG_L1","NeuralNetFastAI_r191_BAG_L1","NeuralNetFastAI_r197_BAG_L1","NeuralNetTorch_r135_BAG_L1","NeuralNetTorch_r143_BAG_L1","NeuralNetTorch_r161_BAG_L1","NeuralNetTorch_r198_BAG_L1","NeuralNetTorch_r2_BAG_L1","NeuralNetTorch_r36_BAG_L1","NeuralNetTorch_r3_BAG_L1","NeuralNetTorch_r41_BAG_L1","NeuralNetTorch_r47_BAG_L1","NeuralNetTorch_r57_BAG_L1"],"33":["ExtraTrees_r124_BAG_L1","ExtraTrees_r188_BAG_L1","NeuralNetFastAI_r197_BAG_L1","NeuralNetFastAI_r95_BAG_L1","NeuralNetTorch_r135_BAG_L1","NeuralNetTorch_r143_BAG_L1","NeuralNetTorch_r161_BAG_L1","NeuralNetTorch_r198_BAG_L1","NeuralNetTorch_r2_BAG_L1","NeuralNetTorch_r36_BAG_L1","NeuralNetTorch_r3_BAG_L1","NeuralNetTorch_r41_BAG_L1","NeuralNetTorch_r47_BAG_L1","RandomForest_r62_BAG_L1"],"34":["ExtraTrees_r124_BAG_L1","NeuralNetFastAI_r197_BAG_L1","NeuralNetTorch_r143_BAG_L1","NeuralNetTorch_r198_BAG_L1","NeuralNetTorch_r2_BAG_L1","NeuralNetTorch_r36_BAG_L1","NeuralNetTorch_r3_BAG_L1","NeuralNetTorch_r41_BAG_L1","NeuralNetTorch_r47_BAG_L1"],"35":["ExtraTrees_r124_BAG_L1","NeuralNetFastAI_r134_BAG_L1","NeuralNetFastAI_r138_BAG_L1","NeuralNetTorch_r141_BAG_L1","NeuralNetTorch_r161_BAG_L1","NeuralNetTorch_r41_BAG_L1","NeuralNetTorch_r47_BAG_L1","NeuralNetTorch_r88_BAG_L1","RandomForest_r98_BAG_L1"],"36":["ExtraTrees_r124_BAG_L1","NeuralNetFastAI_r117_BAG_L1","NeuralNetFastAI_r121_BAG_L1","NeuralNetFastAI_r134_BAG_L1","NeuralNetFastAI_r169_BAG_L1","NeuralNetFastAI_r190_BAG_L1","NeuralNetFastAI_r197_BAG_L1","NeuralNetTorch_r135_BAG_L1","NeuralNetTorch_r143_BAG_L1","NeuralNetTorch_r161_BAG_L1","NeuralNetTorch_r184_BAG_L1","NeuralNetTorch_r198_BAG_L1","NeuralNetTorch_r26_BAG_L1","NeuralNetTorch_r2_BAG_L1","NeuralNetTorch_r36_BAG_L1","NeuralNetTorch_r3_BAG_L1","NeuralNetTorch_r41_BAG_L1","NeuralNetTorch_r47_BAG_L1","NeuralNetTorch_r57_BAG_L1"],"37":["ExtraTrees_r124_BAG_L1","NeuralNetFastAI_r190_BAG_L1","NeuralNetFastAI_r191_BAG_L1","NeuralNetFastAI_r197_BAG_L1","NeuralNetTorch_r103_BAG_L1","NeuralNetTorch_r135_BAG_L1","NeuralNetTorch_r140_BAG_L1","NeuralNetTorch_r143_BAG_L1","NeuralNetTorch_r144_BAG_L1","NeuralNetTorch_r158_BAG_L1","NeuralNetTorch_r161_BAG_L1","NeuralNetTorch_r166_BAG_L1","NeuralNetTorch_r198_BAG_L1","NeuralNetTorch_r2_BAG_L1","NeuralNetTorch_r31_BAG_L1","NeuralNetTorch_r32_BAG_L1","NeuralNetTorch_r36_BAG_L1","NeuralNetTorch_r3_BAG_L1","NeuralNetTorch_r40_BAG_L1","NeuralNetTorch_r41_BAG_L1","NeuralNetTorch_r42_BAG_L1","NeuralNetTorch_r47_BAG_L1","NeuralNetTorch_r57_BAG_L1","NeuralNetTorch_r88_BAG_L1"],"38":["ExtraTrees_r124_BAG_L1","NeuralNetFastAI_r190_BAG_L1","NeuralNetFastAI_r191_BAG_L1","NeuralNetFastAI_r197_BAG_L1","NeuralNetFastAI_r95_BAG_L1","NeuralNetTorch_r103_BAG_L1","NeuralNetTorch_r128_BAG_L1","NeuralNetTorch_r135_BAG_L1","NeuralNetTorch_r140_BAG_L1","NeuralNetTorch_r143_BAG_L1","NeuralNetTorch_r144_BAG_L1","NeuralNetTorch_r158_BAG_L1","NeuralNetTorch_r161_BAG_L1","NeuralNetTorch_r166_BAG_L1","NeuralNetTorch_r198_BAG_L1","NeuralNetTorch_r2_BAG_L1","NeuralNetTorch_r31_BAG_L1","NeuralNetTorch_r32_BAG_L1","NeuralNetTorch_r36_BAG_L1","NeuralNetTorch_r3_BAG_L1","NeuralNetTorch_r40_BAG_L1","NeuralNetTorch_r41_BAG_L1","NeuralNetTorch_r42_BAG_L1","NeuralNetTorch_r47_BAG_L1","NeuralNetTorch_r57_BAG_L1","NeuralNetTorch_r88_BAG_L1","NeuralNetTorch_r95_BAG_L1"]},"weights":{"0":[0.0476190476,0.0476190476,0.0476190476,0.0476190476,0.0476190476,0.0476190476,0.0476190476,0.0476190476,0.0476190476,0.0476190476,0.0476190476,0.0476190476,0.0476190476,0.0476190476,0.0476190476,0.0476190476,0.0476190476,0.0476190476,0.0476190476,0.0476190476,0.0476190476],"1":[0.5,0.5],"2":[0.3333333333,0.3333333333,0.3333333333],"3":[0.1,0.1,0.1,0.1,0.1,0.1,0.1,0.1,0.1,0.1],"4":[0.3333333333,0.3333333333,0.3333333333],"5":[0.0476190476,0.0476190476,0.0476190476,0.0952380952,0.0476190476,0.0476190476,0.0476190476,0.0476190476,0.0476190476,0.0476190476,0.0476190476,0.0476190476,0.0476190476,0.0476190476,0.0476190476,0.0476190476,0.0476190476,0.0476190476,0.0476190476,0.0476190476],"6":[0.3333333333,0.3333333333,0.3333333333],"7":[0.04,0.04,0.08,0.04,0.04,0.04,0.04,0.04,0.04,0.04,0.04,0.04,0.04,0.04,0.04,0.04,0.04,0.04,0.08,0.04,0.04,0.04,0.04],"8":[0.3333333333,0.3333333333,0.3333333333],"9":[0.05,0.05,0.05,0.05,0.05,0.05,0.05,0.05,0.05,0.05,0.05,0.05,0.05,0.05,0.05,0.05,0.05,0.05,0.05,0.05],"10":[0.04,0.04,0.08,0.04,0.04,0.04,0.04,0.04,0.04,0.04,0.04,0.04,0.04,0.04,0.04,0.04,0.04,0.04,0.08,0.04,0.04,0.04,0.04],"11":[0.0714285714,0.0714285714,0.0714285714,0.0714285714,0.0714285714,0.0714285714,0.0714285714,0.0714285714,0.0714285714,0.0714285714,0.0714285714,0.0714285714,0.0714285714,0.0714285714],"12":[0.125,0.125,0.125,0.125,0.125,0.125,0.125,0.125],"13":[0.0555555556,0.0555555556,0.0555555556,0.0555555556,0.0555555556,0.0555555556,0.0555555556,0.0555555556,0.0555555556,0.0555555556,0.0555555556,0.0555555556,0.0555555556,0.0555555556,0.0555555556,0.0555555556,0.0555555556,0.0555555556],"14":[0.3333333333,0.3333333333,0.3333333333],"15":[0.0357142857,0.0357142857,0.0714285714,0.0357142857,0.0357142857,0.0357142857,0.0357142857,0.0357142857,0.0357142857,0.0357142857,0.0357142857,0.0357142857,0.0357142857,0.0357142857,0.0357142857,0.0357142857,0.0357142857,0.0357142857,0.0357142857,0.0714285714,0.0357142857,0.0357142857,0.0357142857,0.0357142857,0.0357142857,0.0357142857],"16":[0.125,0.125,0.125,0.125,0.125,0.125,0.125,0.125],"17":[0.03125,0.03125,0.03125,0.0625,0.03125,0.03125,0.03125,0.03125,0.03125,0.03125,0.03125,0.03125,0.03125,0.03125,0.03125,0.03125,0.03125,0.0625,0.03125,0.03125,0.03125,0.03125,0.0625,0.03125,0.03125,0.03125,0.03125,0.0625],"18":[0.5,0.5],"19":[0.037037037,0.037037037,0.037037037,0.037037037,0.0740740741,0.037037037,0.037037037,0.037037037,0.037037037,0.037037037,0.037037037,0.037037037,0.037037037,0.037037037,0.037037037,0.037037037,0.037037037,0.037037037,0.037037037,0.0740740741,0.037037037,0.037037037,0.037037037,0.037037037,0.037037037],"20":[0.0714285714,0.0714285714,0.0714285714,0.0714285714,0.0714285714,0.0714285714,0.0714285714,0.0714285714,0.0714285714,0.0714285714,0.0714285714,0.0714285714,0.0714285714,0.0714285714],"21":[0.0909090909,0.0909090909,0.0909090909,0.0909090909,0.0909090909,0.0909090909,0.0909090909,0.0909090909,0.1818181818,0.0909090909],"22":[0.04,0.04,0.04,0.08,0.04,0.04,0.04,0.04,0.04,0.04,0.04,0.04,0.04,0.04,0.04,0.04,0.04,0.04,0.08,0.04,0.04,0.04,0.04],"23":[0.0476190476,0.0476190476,0.0476190476,0.0476190476,0.0476190476,0.0476190476,0.0476190476,0.0476190476,0.0476190476,0.0476190476,0.0476190476,0.0476190476,0.0476190476,0.0476190476,0.0476190476,0.0476190476,0.0952380952,0.0476190476,0.0476190476,0.0476190476],"24":[0.0666666667,0.0666666667,0.0666666667,0.0666666667,0.0666666667,0.0666666667,0.0666666667,0.0666666667,0.0666666667,0.0666666667,0.0666666667,0.0666666667,0.1333333333,0.0666666667],"25":[0.0476190476,0.0476190476,0.0476190476,0.0952380952,0.0476190476,0.0476190476,0.0476190476,0.0476190476,0.0476190476,0.0476190476,0.0476190476,0.0476190476,0.0476190476,0.0476190476,0.0476190476,0.0476190476,0.0476190476,0.0476190476,0.0476190476,0.0476190476],"26":[0.0344827586,0.0344827586,0.0344827586,0.0344827586,0.0344827586,0.0344827586,0.0344827586,0.0344827586,0.0344827586,0.0344827586,0.0344827586,0.0344827586,0.0344827586,0.0344827586,0.0344827586,0.0344827586,0.0344827586,0.0344827586,0.0344827586,0.0344827586,0.0344827586,0.0344827586,0.0344827586,0.0344827586,0.0344827586,0.0344827586,0.0344827586,0.0344827586,0.0344827586],"27":[0.1111111111,0.1111111111,0.1111111111,0.1111111111,0.1111111111,0.1111111111,0.1111111111,0.1111111111,0.1111111111],"28":[0.05,0.05,0.1,0.05,0.05,0.05,0.05,0.05,0.05,0.05,0.05,0.05,0.05,0.05,0.05,0.05,0.05,0.05,0.05],"29":[0.2,0.2,0.2,0.2,0.2],"30":[0.0476190476,0.0476190476,0.0476190476,0.0476190476,0.0476190476,0.0476190476,0.0476190476,0.0476190476,0.0476190476,0.0476190476,0.0476190476,0.0476190476,0.0476190476,0.0476190476,0.0476190476,0.0476190476,0.0476190476,0.0476190476,0.0476190476,0.0476190476,0.0476190476],"31":[0.1111111111,0.1111111111,0.1111111111,0.1111111111,0.1111111111,0.1111111111,0.1111111111,0.1111111111,0.1111111111],"32":[0.0714285714,0.0714285714,0.0714285714,0.0714285714,0.0714285714,0.0714285714,0.0714285714,0.0714285714,0.0714285714,0.0714285714,0.0714285714,0.0714285714,0.0714285714,0.0714285714],"33":[0.0714285714,0.0714285714,0.0714285714,0.0714285714,0.0714285714,0.0714285714,0.0714285714,0.0714285714,0.0714285714,0.0714285714,0.0714285714,0.0714285714,0.0714285714,0.0714285714],"34":[0.1,0.1,0.1,0.1,0.1,0.1,0.1,0.2,0.1],"35":[0.1111111111,0.1111111111,0.1111111111,0.1111111111,0.1111111111,0.1111111111,0.1111111111,0.1111111111,0.1111111111],"36":[0.0526315789,0.0526315789,0.0526315789,0.0526315789,0.0526315789,0.0526315789,0.0526315789,0.0526315789,0.0526315789,0.0526315789,0.0526315789,0.0526315789,0.0526315789,0.0526315789,0.0526315789,0.0526315789,0.0526315789,0.0526315789,0.0526315789],"37":[0.0384615385,0.0384615385,0.0769230769,0.0384615385,0.0384615385,0.0384615385,0.0384615385,0.0384615385,0.0384615385,0.0384615385,0.0384615385,0.0384615385,0.0384615385,0.0384615385,0.0384615385,0.0384615385,0.0384615385,0.0384615385,0.0384615385,0.0769230769,0.0384615385,0.0384615385,0.0384615385,0.0384615385],"38":[0.0322580645,0.0322580645,0.064516129,0.0322580645,0.0322580645,0.0322580645,0.0322580645,0.0322580645,0.0322580645,0.0322580645,0.0322580645,0.0322580645,0.0322580645,0.0322580645,0.0322580645,0.0322580645,0.064516129,0.0322580645,0.0322580645,0.0322580645,0.0322580645,0.064516129,0.0322580645,0.0322580645,0.0322580645,0.0322580645,0.064516129]},"meta":{"0":5,"1":8,"2":9,"3":8,"4":10,"5":14,"6":32,"7":25,"8":21,"9":10,"10":11,"11":15,"12":20,"13":31,"14":3,"15":3,"16":2,"17":3,"18":3,"19":3,"20":2,"21":9,"22":9,"23":14,"24":14,"25":14,"26":18,"27":21,"28":19,"29":20,"30":25,"31":21,"32":21,"33":21,"34":29,"35":25,"36":26,"37":28,"38":27},"task":{"0":"3664_1","1":"3664_1","2":"3664_1","3":"3664_1","4":"3664_1","5":"3664_1","6":"3664_1","7":"3664_1","8":"3664_1","9":"3664_1","10":"3664_1","11":"3664_1","12":"3664_1","13":"3664_1","14":"3664_1","15":"3664_1","16":"3664_1","17":"3664_1","18":"3664_1","19":"3664_1","20":"3664_1","21":"3664_1","22":"3664_1","23":"3664_1","24":"3664_1","25":"3664_1","26":"3664_1","27":"3664_1","28":"3664_1","29":"3664_1","30":"3664_1","31":"3664_1","32":"3664_1","33":"3664_1","34":"3664_1","35":"3664_1","36":"3664_1","37":"3664_1","38":"3664_1"},"dataset":{"0":"fri_c0_1000_5","1":"fri_c0_1000_5","2":"fri_c0_1000_5","3":"fri_c0_1000_5","4":"fri_c0_1000_5","5":"fri_c0_1000_5","6":"fri_c0_1000_5","7":"fri_c0_1000_5","8":"fri_c0_1000_5","9":"fri_c0_1000_5","10":"fri_c0_1000_5","11":"fri_c0_1000_5","12":"fri_c0_1000_5","13":"fri_c0_1000_5","14":"fri_c0_1000_5","15":"fri_c0_1000_5","16":"fri_c0_1000_5","17":"fri_c0_1000_5","18":"fri_c0_1000_5","19":"fri_c0_1000_5","20":"fri_c0_1000_5","21":"fri_c0_1000_5","22":"fri_c0_1000_5","23":"fri_c0_1000_5","24":"fri_c0_1000_5","25":"fri_c0_1000_5","26":"fri_c0_1000_5","27":"fri_c0_1000_5","28":"fri_c0_1000_5","29":"fri_c0_1000_5","30":"fri_c0_1000_5","31":"fri_c0_1000_5","32":"fri_c0_1000_5","33":"fri_c0_1000_5","34":"fri_c0_1000_5","35":"fri_c0_1000_5","36":"fri_c0_1000_5","37":"fri_c0_1000_5","38":"fri_c0_1000_5"},"fold":{"0":1,"1":1,"2":1,"3":1,"4":1,"5":1,"6":1,"7":1,"8":1,"9":1,"10":1,"11":1,"12":1,"13":1,"14":1,"15":1,"16":1,"17":1,"18":1,"19":1,"20":1,"21":1,"22":1,"23":1,"24":1,"25":1,"26":1,"27":1,"28":1,"29":1,"30":1,"31":1,"32":1,"33":1,"34":1,"35":1,"36":1,"37":1,"38":1},"method":{"0":"ENS_SIZE_QDO","1":"ENS_SIZE_QDO","2":"ENS_SIZE_QDO","3":"ENS_SIZE_QDO","4":"ENS_SIZE_QDO","5":"ENS_SIZE_QDO","6":"ENS_SIZE_QDO","7":"ENS_SIZE_QDO","8":"ENS_SIZE_QDO","9":"ENS_SIZE_QDO","10":"ENS_SIZE_QDO","11":"ENS_SIZE_QDO","12":"ENS_SIZE_QDO","13":"ENS_SIZE_QDO","14":"ENS_SIZE_QDO","15":"ENS_SIZE_QDO","16":"ENS_SIZE_QDO","17":"ENS_SIZE_QDO","18":"ENS_SIZE_QDO","19":"ENS_SIZE_QDO","20":"ENS_SIZE_QDO","21":"ENS_SIZE_QDO","22":"ENS_SIZE_QDO","23":"ENS_SIZE_QDO","24":"ENS_SIZE_QDO","25":"ENS_SIZE_QDO","26":"ENS_SIZE_QDO","27":"ENS_SIZE_QDO","28":"ENS_SIZE_QDO","29":"ENS_SIZE_QDO","30":"ENS_SIZE_QDO","31":"ENS_SIZE_QDO","32":"ENS_SIZE_QDO","33":"ENS_SIZE_QDO","34":"ENS_SIZE_QDO","35":"ENS_SIZE_QDO","36":"ENS_SIZE_QDO","37":"ENS_SIZE_QDO","38":"ENS_SIZE_QDO"}}