{"name":{"0":"ENS_SIZE_QDO_0","1":"ENS_SIZE_QDO_1","2":"ENS_SIZE_QDO_2","3":"ENS_SIZE_QDO_3","4":"ENS_SIZE_QDO_4","5":"ENS_SIZE_QDO_5","6":"ENS_SIZE_QDO_6","7":"ENS_SIZE_QDO_7","8":"ENS_SIZE_QDO_8","9":"ENS_SIZE_QDO_9","10":"ENS_SIZE_QDO_10","11":"ENS_SIZE_QDO_11","12":"ENS_SIZE_QDO_12","13":"ENS_SIZE_QDO_13","14":"ENS_SIZE_QDO_14","15":"ENS_SIZE_QDO_15","16":"ENS_SIZE_QDO_16","17":"ENS_SIZE_QDO_17","18":"ENS_SIZE_QDO_18","19":"ENS_SIZE_QDO_19","20":"ENS_SIZE_QDO_20","21":"ENS_SIZE_QDO_21","22":"ENS_SIZE_QDO_22","23":"ENS_SIZE_QDO_23","24":"ENS_SIZE_QDO_24","25":"ENS_SIZE_QDO_25","26":"ENS_SIZE_QDO_26","27":"ENS_SIZE_QDO_27","28":"ENS_SIZE_QDO_28","29":"ENS_SIZE_QDO_29","30":"ENS_SIZE_QDO_30","31":"ENS_SIZE_QDO_31","32":"ENS_SIZE_QDO_32","33":"ENS_SIZE_QDO_33","34":"ENS_SIZE_QDO_34","35":"ENS_SIZE_QDO_35","36":"ENS_SIZE_QDO_36","37":"ENS_SIZE_QDO_37","38":"ENS_SIZE_QDO_38"},"roc_auc_val":{"0":0.9790531019,"1":0.9814727259,"2":0.9801748433,"3":0.9804019728,"4":0.980295361,"5":0.9814217377,"6":0.9808330552,"7":0.9801748433,"8":0.9811807023,"9":0.9802768198,"10":0.9812177847,"11":0.98114362,"12":0.9801933845,"13":0.9808191493,"14":0.981347573,"15":0.9803509845,"16":0.9807867023,"17":0.9811389847,"18":0.9797854785,"19":0.9787054548,"20":0.9774539252,"21":0.9798596433,"22":0.9798364668,"23":0.9803602551,"24":0.9777413135,"25":0.9804112434,"26":0.9795073608,"27":0.9776903252,"28":0.9798503727,"29":0.9779035488,"30":0.9808376905,"31":0.9814634553,"32":0.978520043,"33":0.9807171728,"34":0.9799569845,"35":0.9783207253,"36":0.9799245374,"37":0.9778108429,"38":0.9801284904},"roc_auc_test":{"0":0.9818518519,"1":0.982962963,"2":0.9851851852,"3":0.9796296296,"4":0.9807407407,"5":0.982962963,"6":0.982962963,"7":0.9825925926,"8":0.982962963,"9":0.9840740741,"10":0.9814814815,"11":0.9814814815,"12":0.9777777778,"13":0.9814814815,"14":0.9818518519,"15":0.9814814815,"16":0.9814814815,"17":0.9814814815,"18":0.9792592593,"19":0.977037037,"20":0.987037037,"21":0.982962963,"22":0.9781481481,"23":0.9840740741,"24":0.9840740741,"25":0.9792592593,"26":0.9785185185,"27":0.9788888889,"28":0.9796296296,"29":0.9807407407,"30":0.9825925926,"31":0.9825925926,"32":0.9774074074,"33":0.9788888889,"34":0.9818518519,"35":0.9814814815,"36":0.9792592593,"37":0.9840740741,"38":0.9818518519},"models_used":{"0":["LightGBM_r98_BAG_L1","NeuralNetTorch_r161_BAG_L1","NeuralNetTorch_r73_BAG_L1","XGBoost_r166_BAG_L1"],"1":["CatBoost_r66_BAG_L1","CatBoost_r73_BAG_L1","LightGBM_c2_BAG_L1","LightGBM_c4_BAG_L1","LightGBM_r133_BAG_L1","LightGBM_r139_BAG_L1","LightGBM_r180_BAG_L1","LightGBM_r189_BAG_L1","LightGBM_r27_BAG_L1","LightGBM_r38_BAG_L1","LightGBM_r48_BAG_L1","LightGBM_r4_BAG_L1","LightGBM_r67_BAG_L1","LightGBM_r70_BAG_L1","LightGBM_r98_BAG_L1","NeuralNetFastAI_r108_BAG_L1","NeuralNetTorch_r127_BAG_L1","NeuralNetTorch_r161_BAG_L1","NeuralNetTorch_r17_BAG_L1","NeuralNetTorch_r184_BAG_L1","NeuralNetTorch_r2_BAG_L1","NeuralNetTorch_r40_BAG_L1","NeuralNetTorch_r56_BAG_L1","NeuralNetTorch_r5_BAG_L1","NeuralNetTorch_r73_BAG_L1","NeuralNetTorch_r76_BAG_L1","XGBoost_r166_BAG_L1"],"2":["LightGBM_r139_BAG_L1","LightGBM_r149_BAG_L1","LightGBM_r26_BAG_L1","LightGBM_r4_BAG_L1","NeuralNetTorch_r161_BAG_L1","NeuralNetTorch_r44_BAG_L1","XGBoost_r131_BAG_L1","XGBoost_r166_BAG_L1"],"3":["CatBoost_r66_BAG_L1","LightGBM_r112_BAG_L1","LightGBM_r139_BAG_L1","LightGBM_r180_BAG_L1","LightGBM_r189_BAG_L1","LightGBM_r27_BAG_L1","LightGBM_r38_BAG_L1","LightGBM_r48_BAG_L1","LightGBM_r4_BAG_L1","LightGBM_r67_BAG_L1","LightGBM_r98_BAG_L1","NeuralNetFastAI_r108_BAG_L1","NeuralNetFastAI_r64_BAG_L1","NeuralNetTorch_r127_BAG_L1","NeuralNetTorch_r161_BAG_L1","NeuralNetTorch_r17_BAG_L1","NeuralNetTorch_r184_BAG_L1","NeuralNetTorch_r5_BAG_L1","NeuralNetTorch_r73_BAG_L1","NeuralNetTorch_r76_BAG_L1","XGBoost_r166_BAG_L1"],"4":["LightGBM_r10_BAG_L1","LightGBM_r149_BAG_L1","LightGBM_r26_BAG_L1","NeuralNetTorch_r161_BAG_L1","NeuralNetTorch_r165_BAG_L1","NeuralNetTorch_r44_BAG_L1","NeuralNetTorch_r52_BAG_L1","NeuralNetTorch_r95_BAG_L1","XGBoost_r166_BAG_L1","XGBoost_r57_BAG_L1"],"5":["CatBoost_r66_BAG_L1","CatBoost_r73_BAG_L1","LightGBM_c2_BAG_L1","LightGBM_c4_BAG_L1","LightGBM_r133_BAG_L1","LightGBM_r139_BAG_L1","LightGBM_r180_BAG_L1","LightGBM_r189_BAG_L1","LightGBM_r27_BAG_L1","LightGBM_r38_BAG_L1","LightGBM_r48_BAG_L1","LightGBM_r4_BAG_L1","LightGBM_r67_BAG_L1","LightGBM_r70_BAG_L1","LightGBM_r98_BAG_L1","NeuralNetFastAI_r108_BAG_L1","NeuralNetTorch_r127_BAG_L1","NeuralNetTorch_r161_BAG_L1","NeuralNetTorch_r17_BAG_L1","NeuralNetTorch_r184_BAG_L1","NeuralNetTorch_r2_BAG_L1","NeuralNetTorch_r40_BAG_L1","NeuralNetTorch_r56_BAG_L1","NeuralNetTorch_r5_BAG_L1","NeuralNetTorch_r73_BAG_L1","NeuralNetTorch_r76_BAG_L1","NeuralNetTorch_r86_BAG_L1","XGBoost_r166_BAG_L1"],"6":["CatBoost_r66_BAG_L1","LightGBM_r133_BAG_L1","LightGBM_r139_BAG_L1","LightGBM_r180_BAG_L1","LightGBM_r189_BAG_L1","LightGBM_r27_BAG_L1","LightGBM_r38_BAG_L1","LightGBM_r48_BAG_L1","LightGBM_r4_BAG_L1","LightGBM_r67_BAG_L1","LightGBM_r98_BAG_L1","NeuralNetFastAI_r108_BAG_L1","NeuralNetTorch_r127_BAG_L1","NeuralNetTorch_r161_BAG_L1","NeuralNetTorch_r17_BAG_L1","NeuralNetTorch_r184_BAG_L1","NeuralNetTorch_r2_BAG_L1","NeuralNetTorch_r5_BAG_L1","NeuralNetTorch_r73_BAG_L1","NeuralNetTorch_r76_BAG_L1","XGBoost_r166_BAG_L1"],"7":["LightGBM_r139_BAG_L1","LightGBM_r180_BAG_L1","LightGBM_r38_BAG_L1","LightGBM_r48_BAG_L1","LightGBM_r4_BAG_L1","LightGBM_r98_BAG_L1","NeuralNetTorch_r161_BAG_L1","NeuralNetTorch_r17_BAG_L1","NeuralNetTorch_r73_BAG_L1","NeuralNetTorch_r76_BAG_L1","XGBoost_r166_BAG_L1"],"8":["CatBoost_r66_BAG_L1","CatBoost_r73_BAG_L1","LightGBM_c2_BAG_L1","LightGBM_c4_BAG_L1","LightGBM_r133_BAG_L1","LightGBM_r139_BAG_L1","LightGBM_r149_BAG_L1","LightGBM_r172_BAG_L1","LightGBM_r180_BAG_L1","LightGBM_r189_BAG_L1","LightGBM_r26_BAG_L1","LightGBM_r27_BAG_L1","LightGBM_r38_BAG_L1","LightGBM_r48_BAG_L1","LightGBM_r4_BAG_L1","LightGBM_r67_BAG_L1","LightGBM_r70_BAG_L1","LightGBM_r98_BAG_L1","NeuralNetFastAI_r108_BAG_L1","NeuralNetTorch_r127_BAG_L1","NeuralNetTorch_r161_BAG_L1","NeuralNetTorch_r17_BAG_L1","NeuralNetTorch_r184_BAG_L1","NeuralNetTorch_r2_BAG_L1","NeuralNetTorch_r40_BAG_L1","NeuralNetTorch_r44_BAG_L1","NeuralNetTorch_r56_BAG_L1","NeuralNetTorch_r5_BAG_L1","NeuralNetTorch_r73_BAG_L1","NeuralNetTorch_r76_BAG_L1","XGBoost_r156_BAG_L1","XGBoost_r166_BAG_L1"],"9":["LightGBM_r110_BAG_L1","LightGBM_r149_BAG_L1","NeuralNetTorch_r161_BAG_L1","NeuralNetTorch_r44_BAG_L1","XGBoost_r166_BAG_L1"],"10":["CatBoost_r66_BAG_L1","CatBoost_r73_BAG_L1","LightGBM_c2_BAG_L1","LightGBM_r133_BAG_L1","LightGBM_r139_BAG_L1","LightGBM_r180_BAG_L1","LightGBM_r189_BAG_L1","LightGBM_r27_BAG_L1","LightGBM_r38_BAG_L1","LightGBM_r48_BAG_L1","LightGBM_r4_BAG_L1","LightGBM_r61_BAG_L1","LightGBM_r67_BAG_L1","LightGBM_r70_BAG_L1","LightGBM_r98_BAG_L1","NeuralNetFastAI_r108_BAG_L1","NeuralNetFastAI_r64_BAG_L1","NeuralNetTorch_r127_BAG_L1","NeuralNetTorch_r161_BAG_L1","NeuralNetTorch_r17_BAG_L1","NeuralNetTorch_r184_BAG_L1","NeuralNetTorch_r2_BAG_L1","NeuralNetTorch_r40_BAG_L1","NeuralNetTorch_r56_BAG_L1","NeuralNetTorch_r5_BAG_L1","NeuralNetTorch_r73_BAG_L1","NeuralNetTorch_r76_BAG_L1","XGBoost_r166_BAG_L1"],"11":["CatBoost_r66_BAG_L1","CatBoost_r73_BAG_L1","LightGBM_r117_BAG_L1","LightGBM_r133_BAG_L1","LightGBM_r139_BAG_L1","LightGBM_r180_BAG_L1","LightGBM_r189_BAG_L1","LightGBM_r27_BAG_L1","LightGBM_r38_BAG_L1","LightGBM_r48_BAG_L1","LightGBM_r4_BAG_L1","LightGBM_r61_BAG_L1","LightGBM_r67_BAG_L1","LightGBM_r98_BAG_L1","NeuralNetFastAI_r108_BAG_L1","NeuralNetFastAI_r64_BAG_L1","NeuralNetTorch_r127_BAG_L1","NeuralNetTorch_r161_BAG_L1","NeuralNetTorch_r17_BAG_L1","NeuralNetTorch_r184_BAG_L1","NeuralNetTorch_r2_BAG_L1","NeuralNetTorch_r40_BAG_L1","NeuralNetTorch_r56_BAG_L1","NeuralNetTorch_r5_BAG_L1","NeuralNetTorch_r73_BAG_L1","NeuralNetTorch_r76_BAG_L1","XGBoost_r166_BAG_L1"],"12":["CatBoost_r66_BAG_L1","LightGBM_r139_BAG_L1","LightGBM_r180_BAG_L1","LightGBM_r38_BAG_L1","LightGBM_r48_BAG_L1","LightGBM_r4_BAG_L1","LightGBM_r98_BAG_L1","NeuralNetFastAI_r49_BAG_L1","NeuralNetTorch_r161_BAG_L1","NeuralNetTorch_r17_BAG_L1","NeuralNetTorch_r184_BAG_L1","NeuralNetTorch_r32_BAG_L1","NeuralNetTorch_r5_BAG_L1","NeuralNetTorch_r73_BAG_L1","NeuralNetTorch_r76_BAG_L1","NeuralNetTorch_r91_BAG_L1","XGBoost_r166_BAG_L1"],"13":["CatBoost_r62_BAG_L1","CatBoost_r66_BAG_L1","LightGBM_r133_BAG_L1","LightGBM_r139_BAG_L1","LightGBM_r180_BAG_L1","LightGBM_r189_BAG_L1","LightGBM_r27_BAG_L1","LightGBM_r38_BAG_L1","LightGBM_r48_BAG_L1","LightGBM_r4_BAG_L1","LightGBM_r67_BAG_L1","LightGBM_r98_BAG_L1","NeuralNetFastAI_r108_BAG_L1","NeuralNetTorch_r127_BAG_L1","NeuralNetTorch_r161_BAG_L1","NeuralNetTorch_r17_BAG_L1","NeuralNetTorch_r184_BAG_L1","NeuralNetTorch_r5_BAG_L1","NeuralNetTorch_r65_BAG_L1","NeuralNetTorch_r73_BAG_L1","NeuralNetTorch_r76_BAG_L1","XGBoost_r166_BAG_L1"],"14":["CatBoost_r66_BAG_L1","CatBoost_r73_BAG_L1","LightGBM_r133_BAG_L1","LightGBM_r139_BAG_L1","LightGBM_r180_BAG_L1","LightGBM_r189_BAG_L1","LightGBM_r27_BAG_L1","LightGBM_r38_BAG_L1","LightGBM_r48_BAG_L1","LightGBM_r4_BAG_L1","LightGBM_r67_BAG_L1","LightGBM_r98_BAG_L1","NeuralNetFastAI_r108_BAG_L1","NeuralNetTorch_r127_BAG_L1","NeuralNetTorch_r161_BAG_L1","NeuralNetTorch_r17_BAG_L1","NeuralNetTorch_r184_BAG_L1","NeuralNetTorch_r2_BAG_L1","NeuralNetTorch_r40_BAG_L1","NeuralNetTorch_r56_BAG_L1","NeuralNetTorch_r5_BAG_L1","NeuralNetTorch_r73_BAG_L1","NeuralNetTorch_r76_BAG_L1","XGBoost_r166_BAG_L1"],"15":["CatBoost_r66_BAG_L1","LightGBM_r139_BAG_L1","LightGBM_r180_BAG_L1","LightGBM_r189_BAG_L1","LightGBM_r27_BAG_L1","LightGBM_r38_BAG_L1","LightGBM_r48_BAG_L1","LightGBM_r4_BAG_L1","LightGBM_r98_BAG_L1","NeuralNetTorch_r127_BAG_L1","NeuralNetTorch_r161_BAG_L1","NeuralNetTorch_r17_BAG_L1","NeuralNetTorch_r184_BAG_L1","NeuralNetTorch_r5_BAG_L1","NeuralNetTorch_r73_BAG_L1","NeuralNetTorch_r76_BAG_L1","XGBoost_r166_BAG_L1"],"16":["CatBoost_r62_BAG_L1","CatBoost_r66_BAG_L1","LightGBM_r133_BAG_L1","LightGBM_r139_BAG_L1","LightGBM_r180_BAG_L1","LightGBM_r189_BAG_L1","LightGBM_r27_BAG_L1","LightGBM_r38_BAG_L1","LightGBM_r48_BAG_L1","LightGBM_r4_BAG_L1","LightGBM_r67_BAG_L1","LightGBM_r98_BAG_L1","NeuralNetFastAI_r108_BAG_L1","NeuralNetTorch_r127_BAG_L1","NeuralNetTorch_r161_BAG_L1","NeuralNetTorch_r17_BAG_L1","NeuralNetTorch_r184_BAG_L1","NeuralNetTorch_r5_BAG_L1","NeuralNetTorch_r73_BAG_L1","NeuralNetTorch_r76_BAG_L1","XGBoost_r166_BAG_L1"],"17":["CatBoost_r66_BAG_L1","CatBoost_r73_BAG_L1","LightGBM_r117_BAG_L1","LightGBM_r133_BAG_L1","LightGBM_r139_BAG_L1","LightGBM_r180_BAG_L1","LightGBM_r189_BAG_L1","LightGBM_r27_BAG_L1","LightGBM_r38_BAG_L1","LightGBM_r48_BAG_L1","LightGBM_r4_BAG_L1","LightGBM_r67_BAG_L1","LightGBM_r98_BAG_L1","NeuralNetFastAI_r108_BAG_L1","NeuralNetFastAI_r64_BAG_L1","NeuralNetTorch_r127_BAG_L1","NeuralNetTorch_r161_BAG_L1","NeuralNetTorch_r17_BAG_L1","NeuralNetTorch_r184_BAG_L1","NeuralNetTorch_r2_BAG_L1","NeuralNetTorch_r40_BAG_L1","NeuralNetTorch_r56_BAG_L1","NeuralNetTorch_r5_BAG_L1","NeuralNetTorch_r73_BAG_L1","NeuralNetTorch_r76_BAG_L1","XGBoost_r166_BAG_L1"],"18":["CatBoost_r176_BAG_L1","CatBoost_r66_BAG_L1","CatBoost_r73_BAG_L1","LightGBM_r133_BAG_L1","LightGBM_r139_BAG_L1","LightGBM_r180_BAG_L1","LightGBM_r189_BAG_L1","LightGBM_r27_BAG_L1","LightGBM_r38_BAG_L1","LightGBM_r48_BAG_L1","LightGBM_r4_BAG_L1","LightGBM_r64_BAG_L1","LightGBM_r67_BAG_L1","LightGBM_r98_BAG_L1","NeuralNetFastAI_r108_BAG_L1","NeuralNetFastAI_r64_BAG_L1","NeuralNetFastAI_r65_BAG_L1","NeuralNetFastAI_r79_BAG_L1","NeuralNetTorch_r127_BAG_L1","NeuralNetTorch_r161_BAG_L1","NeuralNetTorch_r17_BAG_L1","NeuralNetTorch_r184_BAG_L1","NeuralNetTorch_r2_BAG_L1","NeuralNetTorch_r40_BAG_L1","NeuralNetTorch_r56_BAG_L1","NeuralNetTorch_r5_BAG_L1","NeuralNetTorch_r73_BAG_L1","NeuralNetTorch_r76_BAG_L1","XGBoost_r166_BAG_L1"],"19":["LightGBM_r38_BAG_L1","LightGBM_r48_BAG_L1","LightGBM_r98_BAG_L1","NeuralNetFastAI_r64_BAG_L1","NeuralNetTorch_r161_BAG_L1","NeuralNetTorch_r71_BAG_L1","NeuralNetTorch_r73_BAG_L1","XGBoost_r166_BAG_L1"],"20":["LightGBM_r139_BAG_L1","LightGBM_r4_BAG_L1"],"21":["LightGBM_r149_BAG_L1","NeuralNetTorch_r161_BAG_L1","NeuralNetTorch_r44_BAG_L1","XGBoost_r166_BAG_L1"],"22":["CatBoost_r66_BAG_L1","LightGBM_r139_BAG_L1","LightGBM_r180_BAG_L1","LightGBM_r38_BAG_L1","LightGBM_r48_BAG_L1","LightGBM_r4_BAG_L1","LightGBM_r98_BAG_L1","NeuralNetFastAI_r49_BAG_L1","NeuralNetTorch_r161_BAG_L1","NeuralNetTorch_r17_BAG_L1","NeuralNetTorch_r184_BAG_L1","NeuralNetTorch_r32_BAG_L1","NeuralNetTorch_r5_BAG_L1","NeuralNetTorch_r73_BAG_L1","NeuralNetTorch_r76_BAG_L1","XGBoost_r166_BAG_L1","XGBoost_r60_BAG_L1"],"23":["LightGBM_r149_BAG_L1","LightGBM_r172_BAG_L1","LightGBM_r26_BAG_L1","NeuralNetTorch_r161_BAG_L1","NeuralNetTorch_r44_BAG_L1","XGBoost_r166_BAG_L1"],"24":["NeuralNetTorch_r161_BAG_L1","XGBoost_r146_BAG_L1","XGBoost_r166_BAG_L1"],"25":["CatBoost_r66_BAG_L1","LightGBM_r139_BAG_L1","LightGBM_r180_BAG_L1","LightGBM_r189_BAG_L1","LightGBM_r27_BAG_L1","LightGBM_r38_BAG_L1","LightGBM_r48_BAG_L1","LightGBM_r4_BAG_L1","LightGBM_r67_BAG_L1","LightGBM_r98_BAG_L1","NeuralNetFastAI_r108_BAG_L1","NeuralNetFastAI_r64_BAG_L1","NeuralNetTorch_r127_BAG_L1","NeuralNetTorch_r161_BAG_L1","NeuralNetTorch_r17_BAG_L1","NeuralNetTorch_r184_BAG_L1","NeuralNetTorch_r5_BAG_L1","NeuralNetTorch_r73_BAG_L1","NeuralNetTorch_r76_BAG_L1","XGBoost_r166_BAG_L1"],"26":["CatBoost_r176_BAG_L1","CatBoost_r66_BAG_L1","LightGBM_r133_BAG_L1","LightGBM_r139_BAG_L1","LightGBM_r180_BAG_L1","LightGBM_r189_BAG_L1","LightGBM_r27_BAG_L1","LightGBM_r38_BAG_L1","LightGBM_r48_BAG_L1","LightGBM_r4_BAG_L1","LightGBM_r64_BAG_L1","LightGBM_r67_BAG_L1","LightGBM_r98_BAG_L1","NeuralNetFastAI_r108_BAG_L1","NeuralNetFastAI_r17_BAG_L1","NeuralNetFastAI_r64_BAG_L1","NeuralNetFastAI_r79_BAG_L1","NeuralNetTorch_r127_BAG_L1","NeuralNetTorch_r161_BAG_L1","NeuralNetTorch_r17_BAG_L1","NeuralNetTorch_r184_BAG_L1","NeuralNetTorch_r2_BAG_L1","NeuralNetTorch_r5_BAG_L1","NeuralNetTorch_r73_BAG_L1","NeuralNetTorch_r76_BAG_L1","XGBoost_r166_BAG_L1"],"27":["LightGBM_r98_BAG_L1","NeuralNetTorch_r73_BAG_L1"],"28":["LightGBM_r149_BAG_L1","LightGBM_r26_BAG_L1","NeuralNetTorch_r161_BAG_L1","NeuralNetTorch_r44_BAG_L1","NeuralNetTorch_r52_BAG_L1","NeuralNetTorch_r95_BAG_L1","XGBoost_r166_BAG_L1","XGBoost_r57_BAG_L1"],"29":["NeuralNetTorch_r161_BAG_L1","NeuralNetTorch_r174_BAG_L1","XGBoost_r166_BAG_L1"],"30":["CatBoost_r66_BAG_L1","LightGBM_c4_BAG_L1","LightGBM_r117_BAG_L1","LightGBM_r133_BAG_L1","LightGBM_r139_BAG_L1","LightGBM_r180_BAG_L1","LightGBM_r189_BAG_L1","LightGBM_r27_BAG_L1","LightGBM_r38_BAG_L1","LightGBM_r48_BAG_L1","LightGBM_r4_BAG_L1","LightGBM_r67_BAG_L1","LightGBM_r98_BAG_L1","NeuralNetFastAI_r108_BAG_L1","NeuralNetTorch_r127_BAG_L1","NeuralNetTorch_r161_BAG_L1","NeuralNetTorch_r17_BAG_L1","NeuralNetTorch_r184_BAG_L1","NeuralNetTorch_r2_BAG_L1","NeuralNetTorch_r56_BAG_L1","NeuralNetTorch_r5_BAG_L1","NeuralNetTorch_r73_BAG_L1","NeuralNetTorch_r76_BAG_L1","XGBoost_r166_BAG_L1"],"31":["CatBoost_r66_BAG_L1","CatBoost_r73_BAG_L1","LightGBM_c2_BAG_L1","LightGBM_r133_BAG_L1","LightGBM_r139_BAG_L1","LightGBM_r180_BAG_L1","LightGBM_r189_BAG_L1","LightGBM_r27_BAG_L1","LightGBM_r38_BAG_L1","LightGBM_r48_BAG_L1","LightGBM_r4_BAG_L1","LightGBM_r67_BAG_L1","LightGBM_r70_BAG_L1","LightGBM_r98_BAG_L1","NeuralNetFastAI_r108_BAG_L1","NeuralNetTorch_r127_BAG_L1","NeuralNetTorch_r161_BAG_L1","NeuralNetTorch_r17_BAG_L1","NeuralNetTorch_r184_BAG_L1","NeuralNetTorch_r2_BAG_L1","NeuralNetTorch_r40_BAG_L1","NeuralNetTorch_r56_BAG_L1","NeuralNetTorch_r5_BAG_L1","NeuralNetTorch_r73_BAG_L1","NeuralNetTorch_r76_BAG_L1","XGBoost_r166_BAG_L1"],"32":["CatBoost_r176_BAG_L1","LightGBM_r139_BAG_L1","LightGBM_r180_BAG_L1","LightGBM_r38_BAG_L1","LightGBM_r48_BAG_L1","LightGBM_r4_BAG_L1","LightGBM_r64_BAG_L1","LightGBM_r98_BAG_L1","NeuralNetFastAI_r133_BAG_L1","NeuralNetFastAI_r64_BAG_L1","NeuralNetFastAI_r79_BAG_L1","NeuralNetTorch_r161_BAG_L1","NeuralNetTorch_r17_BAG_L1","NeuralNetTorch_r184_BAG_L1","NeuralNetTorch_r73_BAG_L1","NeuralNetTorch_r76_BAG_L1","XGBoost_r166_BAG_L1"],"33":["CatBoost_r66_BAG_L1","LightGBM_r133_BAG_L1","LightGBM_r139_BAG_L1","LightGBM_r180_BAG_L1","LightGBM_r189_BAG_L1","LightGBM_r27_BAG_L1","LightGBM_r38_BAG_L1","LightGBM_r48_BAG_L1","LightGBM_r4_BAG_L1","LightGBM_r67_BAG_L1","LightGBM_r98_BAG_L1","NeuralNetFastAI_r108_BAG_L1","NeuralNetTorch_r127_BAG_L1","NeuralNetTorch_r161_BAG_L1","NeuralNetTorch_r17_BAG_L1","NeuralNetTorch_r184_BAG_L1","NeuralNetTorch_r5_BAG_L1","NeuralNetTorch_r6_BAG_L1","NeuralNetTorch_r73_BAG_L1","NeuralNetTorch_r76_BAG_L1","XGBoost_r166_BAG_L1"],"34":["LightGBM_r149_BAG_L1","LightGBM_r172_BAG_L1","LightGBM_r26_BAG_L1","NeuralNetTorch_r14_BAG_L1","NeuralNetTorch_r161_BAG_L1","NeuralNetTorch_r44_BAG_L1","XGBoost_r166_BAG_L1"],"35":["LightGBM_r10_BAG_L1","LightGBM_r133_BAG_L1","LightGBM_r149_BAG_L1","LightGBM_r26_BAG_L1","LightGBM_r4_BAG_L1","LightGBM_r81_BAG_L1","NeuralNetFastAI_r55_BAG_L1","NeuralNetFastAI_r77_BAG_L1","NeuralNetFastAI_r9_BAG_L1","NeuralNetTorch_r159_BAG_L1","NeuralNetTorch_r161_BAG_L1","NeuralNetTorch_r44_BAG_L1","NeuralNetTorch_r52_BAG_L1","NeuralNetTorch_r95_BAG_L1","RandomForest_r62_BAG_L1","RandomForest_r66_BAG_L1","XGBoost_r166_BAG_L1","XGBoost_r57_BAG_L1"],"36":["CatBoost_r66_BAG_L1","LightGBM_r139_BAG_L1","LightGBM_r180_BAG_L1","LightGBM_r38_BAG_L1","LightGBM_r48_BAG_L1","LightGBM_r4_BAG_L1","LightGBM_r61_BAG_L1","LightGBM_r98_BAG_L1","NeuralNetFastAI_r64_BAG_L1","NeuralNetTorch_r161_BAG_L1","NeuralNetTorch_r17_BAG_L1","NeuralNetTorch_r184_BAG_L1","NeuralNetTorch_r5_BAG_L1","NeuralNetTorch_r73_BAG_L1","NeuralNetTorch_r76_BAG_L1","XGBoost_r166_BAG_L1"],"37":["NeuralNetTorch_r161_BAG_L1","XGBoost_r166_BAG_L1"],"38":["LightGBM_r10_BAG_L1","LightGBM_r149_BAG_L1","LightGBM_r26_BAG_L1","NeuralNetTorch_r161_BAG_L1","NeuralNetTorch_r165_BAG_L1","NeuralNetTorch_r189_BAG_L1","NeuralNetTorch_r44_BAG_L1","NeuralNetTorch_r52_BAG_L1","NeuralNetTorch_r95_BAG_L1","XGBoost_r166_BAG_L1","XGBoost_r57_BAG_L1"]},"weights":{"0":[0.25,0.25,0.25,0.25],"1":[0.0357142857,0.0357142857,0.0357142857,0.0357142857,0.0357142857,0.0357142857,0.0357142857,0.0357142857,0.0357142857,0.0357142857,0.0357142857,0.0357142857,0.0714285714,0.0357142857,0.0357142857,0.0357142857,0.0357142857,0.0357142857,0.0357142857,0.0357142857,0.0357142857,0.0357142857,0.0357142857,0.0357142857,0.0357142857,0.0357142857,0.0357142857],"2":[0.125,0.125,0.125,0.125,0.125,0.125,0.125,0.125],"3":[0.0476190476,0.0476190476,0.0476190476,0.0476190476,0.0476190476,0.0476190476,0.0476190476,0.0476190476,0.0476190476,0.0476190476,0.0476190476,0.0476190476,0.0476190476,0.0476190476,0.0476190476,0.0476190476,0.0476190476,0.0476190476,0.0476190476,0.0476190476,0.0476190476],"4":[0.1,0.1,0.1,0.1,0.1,0.1,0.1,0.1,0.1,0.1],"5":[0.0357142857,0.0357142857,0.0357142857,0.0357142857,0.0357142857,0.0357142857,0.0357142857,0.0357142857,0.0357142857,0.0357142857,0.0357142857,0.0357142857,0.0357142857,0.0357142857,0.0357142857,0.0357142857,0.0357142857,0.0357142857,0.0357142857,0.0357142857,0.0357142857,0.0357142857,0.0357142857,0.0357142857,0.0357142857,0.0357142857,0.0357142857,0.0357142857],"6":[0.0454545455,0.0454545455,0.0454545455,0.0454545455,0.0454545455,0.0454545455,0.0454545455,0.0454545455,0.0454545455,0.0909090909,0.0454545455,0.0454545455,0.0454545455,0.0454545455,0.0454545455,0.0454545455,0.0454545455,0.0454545455,0.0454545455,0.0454545455,0.0454545455],"7":[0.0909090909,0.0909090909,0.0909090909,0.0909090909,0.0909090909,0.0909090909,0.0909090909,0.0909090909,0.0909090909,0.0909090909,0.0909090909],"8":[0.03125,0.03125,0.03125,0.03125,0.03125,0.03125,0.03125,0.03125,0.03125,0.03125,0.03125,0.03125,0.03125,0.03125,0.03125,0.03125,0.03125,0.03125,0.03125,0.03125,0.03125,0.03125,0.03125,0.03125,0.03125,0.03125,0.03125,0.03125,0.03125,0.03125,0.03125,0.03125],"9":[0.2,0.2,0.2,0.2,0.2],"10":[0.0357142857,0.0357142857,0.0357142857,0.0357142857,0.0357142857,0.0357142857,0.0357142857,0.0357142857,0.0357142857,0.0357142857,0.0357142857,0.0357142857,0.0357142857,0.0357142857,0.0357142857,0.0357142857,0.0357142857,0.0357142857,0.0357142857,0.0357142857,0.0357142857,0.0357142857,0.0357142857,0.0357142857,0.0357142857,0.0357142857,0.0357142857,0.0357142857],"11":[0.037037037,0.037037037,0.037037037,0.037037037,0.037037037,0.037037037,0.037037037,0.037037037,0.037037037,0.037037037,0.037037037,0.037037037,0.037037037,0.037037037,0.037037037,0.037037037,0.037037037,0.037037037,0.037037037,0.037037037,0.037037037,0.037037037,0.037037037,0.037037037,0.037037037,0.037037037,0.037037037],"12":[0.0588235294,0.0588235294,0.0588235294,0.0588235294,0.0588235294,0.0588235294,0.0588235294,0.0588235294,0.0588235294,0.0588235294,0.0588235294,0.0588235294,0.0588235294,0.0588235294,0.0588235294,0.0588235294,0.0588235294],"13":[0.0454545455,0.0454545455,0.0454545455,0.0454545455,0.0454545455,0.0454545455,0.0454545455,0.0454545455,0.0454545455,0.0454545455,0.0454545455,0.0454545455,0.0454545455,0.0454545455,0.0454545455,0.0454545455,0.0454545455,0.0454545455,0.0454545455,0.0454545455,0.0454545455,0.0454545455],"14":[0.04,0.04,0.04,0.04,0.04,0.04,0.04,0.04,0.04,0.04,0.08,0.04,0.04,0.04,0.04,0.04,0.04,0.04,0.04,0.04,0.04,0.04,0.04,0.04],"15":[0.0588235294,0.0588235294,0.0588235294,0.0588235294,0.0588235294,0.0588235294,0.0588235294,0.0588235294,0.0588235294,0.0588235294,0.0588235294,0.0588235294,0.0588235294,0.0588235294,0.0588235294,0.0588235294,0.0588235294],"16":[0.0476190476,0.0476190476,0.0476190476,0.0476190476,0.0476190476,0.0476190476,0.0476190476,0.0476190476,0.0476190476,0.0476190476,0.0476190476,0.0476190476,0.0476190476,0.0476190476,0.0476190476,0.0476190476,0.0476190476,0.0476190476,0.0476190476,0.0476190476,0.0476190476],"17":[0.037037037,0.037037037,0.037037037,0.037037037,0.037037037,0.037037037,0.037037037,0.037037037,0.037037037,0.037037037,0.037037037,0.0740740741,0.037037037,0.037037037,0.037037037,0.037037037,0.037037037,0.037037037,0.037037037,0.037037037,0.037037037,0.037037037,0.037037037,0.037037037,0.037037037,0.037037037],"18":[0.0333333333,0.0333333333,0.0333333333,0.0333333333,0.0333333333,0.0333333333,0.0333333333,0.0333333333,0.0333333333,0.0333333333,0.0333333333,0.0333333333,0.0666666667,0.0333333333,0.0333333333,0.0333333333,0.0333333333,0.0333333333,0.0333333333,0.0333333333,0.0333333333,0.0333333333,0.0333333333,0.0333333333,0.0333333333,0.0333333333,0.0333333333,0.0333333333,0.0333333333],"19":[0.125,0.125,0.125,0.125,0.125,0.125,0.125,0.125],"20":[0.5,0.5],"21":[0.25,0.25,0.25,0.25],"22":[0.0588235294,0.0588235294,0.0588235294,0.0588235294,0.0588235294,0.0588235294,0.0588235294,0.0588235294,0.0588235294,0.0588235294,0.0588235294,0.0588235294,0.0588235294,0.0588235294,0.0588235294,0.0588235294,0.0588235294],"23":[0.1666666667,0.1666666667,0.1666666667,0.1666666667,0.1666666667,0.1666666667],"24":[0.3333333333,0.3333333333,0.3333333333],"25":[0.05,0.05,0.05,0.05,0.05,0.05,0.05,0.05,0.05,0.05,0.05,0.05,0.05,0.05,0.05,0.05,0.05,0.05,0.05,0.05],"26":[0.0384615385,0.0384615385,0.0384615385,0.0384615385,0.0384615385,0.0384615385,0.0384615385,0.0384615385,0.0384615385,0.0384615385,0.0384615385,0.0384615385,0.0384615385,0.0384615385,0.0384615385,0.0384615385,0.0384615385,0.0384615385,0.0384615385,0.0384615385,0.0384615385,0.0384615385,0.0384615385,0.0384615385,0.0384615385,0.0384615385],"27":[0.5,0.5],"28":[0.125,0.125,0.125,0.125,0.125,0.125,0.125,0.125],"29":[0.3333333333,0.3333333333,0.3333333333],"30":[0.0416666667,0.0416666667,0.0416666667,0.0416666667,0.0416666667,0.0416666667,0.0416666667,0.0416666667,0.0416666667,0.0416666667,0.0416666667,0.0416666667,0.0416666667,0.0416666667,0.0416666667,0.0416666667,0.0416666667,0.0416666667,0.0416666667,0.0416666667,0.0416666667,0.0416666667,0.0416666667,0.0416666667],"31":[0.037037037,0.037037037,0.037037037,0.037037037,0.037037037,0.037037037,0.037037037,0.037037037,0.037037037,0.037037037,0.037037037,0.0740740741,0.037037037,0.037037037,0.037037037,0.037037037,0.037037037,0.037037037,0.037037037,0.037037037,0.037037037,0.037037037,0.037037037,0.037037037,0.037037037,0.037037037],"32":[0.0588235294,0.0588235294,0.0588235294,0.0588235294,0.0588235294,0.0588235294,0.0588235294,0.0588235294,0.0588235294,0.0588235294,0.0588235294,0.0588235294,0.0588235294,0.0588235294,0.0588235294,0.0588235294,0.0588235294],"33":[0.0476190476,0.0476190476,0.0476190476,0.0476190476,0.0476190476,0.0476190476,0.0476190476,0.0476190476,0.0476190476,0.0476190476,0.0476190476,0.0476190476,0.0476190476,0.0476190476,0.0476190476,0.0476190476,0.0476190476,0.0476190476,0.0476190476,0.0476190476,0.0476190476],"34":[0.1428571429,0.1428571429,0.1428571429,0.1428571429,0.1428571429,0.1428571429,0.1428571429],"35":[0.0555555556,0.0555555556,0.0555555556,0.0555555556,0.0555555556,0.0555555556,0.0555555556,0.0555555556,0.0555555556,0.0555555556,0.0555555556,0.0555555556,0.0555555556,0.0555555556,0.0555555556,0.0555555556,0.0555555556,0.0555555556],"36":[0.0625,0.0625,0.0625,0.0625,0.0625,0.0625,0.0625,0.0625,0.0625,0.0625,0.0625,0.0625,0.0625,0.0625,0.0625,0.0625],"37":[0.5,0.5],"38":[0.0909090909,0.0909090909,0.0909090909,0.0909090909,0.0909090909,0.0909090909,0.0909090909,0.0909090909,0.0909090909,0.0909090909,0.0909090909]},"meta":{"0":11,"1":8,"2":8,"3":17,"4":16,"5":32,"6":28,"7":8,"8":5,"9":4,"10":6,"11":10,"12":11,"13":27,"14":28,"15":2,"16":3,"17":3,"18":2,"19":4,"20":2,"21":7,"22":17,"23":17,"24":17,"25":20,"26":21,"27":27,"28":21,"29":21,"30":25,"31":26,"32":22,"33":30,"34":24,"35":27,"36":22,"37":28,"38":18},"task":{"0":"4000_1","1":"4000_1","2":"4000_1","3":"4000_1","4":"4000_1","5":"4000_1","6":"4000_1","7":"4000_1","8":"4000_1","9":"4000_1","10":"4000_1","11":"4000_1","12":"4000_1","13":"4000_1","14":"4000_1","15":"4000_1","16":"4000_1","17":"4000_1","18":"4000_1","19":"4000_1","20":"4000_1","21":"4000_1","22":"4000_1","23":"4000_1","24":"4000_1","25":"4000_1","26":"4000_1","27":"4000_1","28":"4000_1","29":"4000_1","30":"4000_1","31":"4000_1","32":"4000_1","33":"4000_1","34":"4000_1","35":"4000_1","36":"4000_1","37":"4000_1","38":"4000_1"},"dataset":{"0":"OVA_Ovary","1":"OVA_Ovary","2":"OVA_Ovary","3":"OVA_Ovary","4":"OVA_Ovary","5":"OVA_Ovary","6":"OVA_Ovary","7":"OVA_Ovary","8":"OVA_Ovary","9":"OVA_Ovary","10":"OVA_Ovary","11":"OVA_Ovary","12":"OVA_Ovary","13":"OVA_Ovary","14":"OVA_Ovary","15":"OVA_Ovary","16":"OVA_Ovary","17":"OVA_Ovary","18":"OVA_Ovary","19":"OVA_Ovary","20":"OVA_Ovary","21":"OVA_Ovary","22":"OVA_Ovary","23":"OVA_Ovary","24":"OVA_Ovary","25":"OVA_Ovary","26":"OVA_Ovary","27":"OVA_Ovary","28":"OVA_Ovary","29":"OVA_Ovary","30":"OVA_Ovary","31":"OVA_Ovary","32":"OVA_Ovary","33":"OVA_Ovary","34":"OVA_Ovary","35":"OVA_Ovary","36":"OVA_Ovary","37":"OVA_Ovary","38":"OVA_Ovary"},"fold":{"0":1,"1":1,"2":1,"3":1,"4":1,"5":1,"6":1,"7":1,"8":1,"9":1,"10":1,"11":1,"12":1,"13":1,"14":1,"15":1,"16":1,"17":1,"18":1,"19":1,"20":1,"21":1,"22":1,"23":1,"24":1,"25":1,"26":1,"27":1,"28":1,"29":1,"30":1,"31":1,"32":1,"33":1,"34":1,"35":1,"36":1,"37":1,"38":1},"method":{"0":"ENS_SIZE_QDO","1":"ENS_SIZE_QDO","2":"ENS_SIZE_QDO","3":"ENS_SIZE_QDO","4":"ENS_SIZE_QDO","5":"ENS_SIZE_QDO","6":"ENS_SIZE_QDO","7":"ENS_SIZE_QDO","8":"ENS_SIZE_QDO","9":"ENS_SIZE_QDO","10":"ENS_SIZE_QDO","11":"ENS_SIZE_QDO","12":"ENS_SIZE_QDO","13":"ENS_SIZE_QDO","14":"ENS_SIZE_QDO","15":"ENS_SIZE_QDO","16":"ENS_SIZE_QDO","17":"ENS_SIZE_QDO","18":"ENS_SIZE_QDO","19":"ENS_SIZE_QDO","20":"ENS_SIZE_QDO","21":"ENS_SIZE_QDO","22":"ENS_SIZE_QDO","23":"ENS_SIZE_QDO","24":"ENS_SIZE_QDO","25":"ENS_SIZE_QDO","26":"ENS_SIZE_QDO","27":"ENS_SIZE_QDO","28":"ENS_SIZE_QDO","29":"ENS_SIZE_QDO","30":"ENS_SIZE_QDO","31":"ENS_SIZE_QDO","32":"ENS_SIZE_QDO","33":"ENS_SIZE_QDO","34":"ENS_SIZE_QDO","35":"ENS_SIZE_QDO","36":"ENS_SIZE_QDO","37":"ENS_SIZE_QDO","38":"ENS_SIZE_QDO"}}