{"name":{"0":"ENS_SIZE_QDO_0","1":"ENS_SIZE_QDO_1","2":"ENS_SIZE_QDO_2","3":"ENS_SIZE_QDO_3","4":"ENS_SIZE_QDO_4","5":"ENS_SIZE_QDO_5","6":"ENS_SIZE_QDO_6","7":"ENS_SIZE_QDO_7","8":"ENS_SIZE_QDO_8","9":"ENS_SIZE_QDO_9","10":"ENS_SIZE_QDO_10","11":"ENS_SIZE_QDO_11","12":"ENS_SIZE_QDO_12","13":"ENS_SIZE_QDO_13","14":"ENS_SIZE_QDO_14","15":"ENS_SIZE_QDO_15","16":"ENS_SIZE_QDO_16","17":"ENS_SIZE_QDO_17","18":"ENS_SIZE_QDO_18","19":"ENS_SIZE_QDO_19","20":"ENS_SIZE_QDO_20","21":"ENS_SIZE_QDO_21","22":"ENS_SIZE_QDO_22","23":"ENS_SIZE_QDO_23","24":"ENS_SIZE_QDO_24","25":"ENS_SIZE_QDO_25","26":"ENS_SIZE_QDO_26","27":"ENS_SIZE_QDO_27","28":"ENS_SIZE_QDO_28","29":"ENS_SIZE_QDO_29","30":"ENS_SIZE_QDO_30","31":"ENS_SIZE_QDO_31","32":"ENS_SIZE_QDO_32","33":"ENS_SIZE_QDO_33","34":"ENS_SIZE_QDO_34","35":"ENS_SIZE_QDO_35"},"roc_auc_val":{"0":0.9915454501,"1":0.9905475361,"2":0.9915246603,"3":0.9931324107,"4":0.9857866543,"5":0.9921760764,"6":0.9927096832,"7":0.9931601306,"8":0.9912890417,"9":0.9900901588,"10":0.9904435867,"11":0.9931601306,"12":0.9880388909,"13":0.9895842718,"14":0.9921344966,"15":0.9864935101,"16":0.9852183977,"17":0.9918226485,"18":0.9915385202,"19":0.9927096832,"20":0.992917582,"21":0.9930146014,"22":0.9928829322,"23":0.9904089369,"24":0.97808054,"25":0.9750590779,"26":0.9894456726,"27":0.9895357621,"28":0.9929938115,"29":0.992411695,"30":0.9840680245,"31":0.9832364294,"32":0.9928829322,"33":0.9930631111,"34":0.9920166873,"35":0.9900208592},"roc_auc_test":{"0":0.9832069339,"1":0.9810400867,"2":0.9837486457,"3":0.9826652221,"4":0.9777898158,"5":0.9777898158,"6":0.9821235103,"7":0.9826652221,"8":0.9837486457,"9":0.9794149512,"10":0.9918743229,"11":0.9826652221,"12":0.9804983749,"13":0.9783315276,"14":0.9804983749,"15":0.9848320693,"16":0.9626218852,"17":0.9815817985,"18":0.9821235103,"19":0.9777898158,"20":0.9794149512,"21":0.9821235103,"22":0.9788732394,"23":0.9804983749,"24":0.988624052,"25":0.9913326111,"26":0.9902491874,"27":0.9794149512,"28":0.9810400867,"29":0.9788732394,"30":0.9767063922,"31":0.985915493,"32":0.9810400867,"33":0.9815817985,"34":0.9794149512,"35":0.9821235103},"models_used":{"0":["CatBoost_r142_BAG_L1","CatBoost_r160_BAG_L1","CatBoost_r38_BAG_L1","CatBoost_r62_BAG_L1","CatBoost_r63_BAG_L1","ExtraTrees_r16_BAG_L1","LightGBM_r43_BAG_L1","NeuralNetFastAI_r140_BAG_L1","NeuralNetFastAI_r156_BAG_L1","NeuralNetFastAI_r159_BAG_L1","NeuralNetFastAI_r3_BAG_L1","NeuralNetFastAI_r5_BAG_L1","NeuralNetFastAI_r63_BAG_L1","NeuralNetFastAI_r80_BAG_L1","NeuralNetTorch_r160_BAG_L1","NeuralNetTorch_r181_BAG_L1","NeuralNetTorch_r18_BAG_L1","NeuralNetTorch_r58_BAG_L1","RandomForest_r158_BAG_L1","XGBoost_r180_BAG_L1","XGBoost_r9_BAG_L1"],"1":["CatBoost_r142_BAG_L1","CatBoost_r38_BAG_L1","NeuralNetFastAI_r140_BAG_L1","NeuralNetFastAI_r156_BAG_L1","NeuralNetFastAI_r159_BAG_L1","NeuralNetFastAI_r54_BAG_L1","NeuralNetFastAI_r63_BAG_L1","NeuralNetTorch_r181_BAG_L1","XGBoost_r180_BAG_L1","XGBoost_r9_BAG_L1"],"2":["CatBoost_r142_BAG_L1","CatBoost_r160_BAG_L1","CatBoost_r38_BAG_L1","CatBoost_r62_BAG_L1","CatBoost_r63_BAG_L1","ExtraTrees_r16_BAG_L1","LightGBM_r43_BAG_L1","NeuralNetFastAI_r140_BAG_L1","NeuralNetFastAI_r156_BAG_L1","NeuralNetFastAI_r159_BAG_L1","NeuralNetFastAI_r5_BAG_L1","NeuralNetFastAI_r63_BAG_L1","NeuralNetFastAI_r80_BAG_L1","NeuralNetTorch_r160_BAG_L1","NeuralNetTorch_r181_BAG_L1","NeuralNetTorch_r18_BAG_L1","NeuralNetTorch_r58_BAG_L1","RandomForest_r158_BAG_L1","XGBoost_r180_BAG_L1","XGBoost_r9_BAG_L1"],"3":["CatBoost_r142_BAG_L1","CatBoost_r160_BAG_L1","CatBoost_r38_BAG_L1","CatBoost_r62_BAG_L1","CatBoost_r63_BAG_L1","ExtraTrees_r16_BAG_L1","LightGBM_r150_BAG_L1","LightGBM_r196_BAG_L1","LightGBM_r200_BAG_L1","LightGBM_r27_BAG_L1","LightGBM_r43_BAG_L1","NeuralNetFastAI_r104_BAG_L1","NeuralNetFastAI_r116_BAG_L1","NeuralNetFastAI_r124_BAG_L1","NeuralNetFastAI_r138_BAG_L1","NeuralNetFastAI_r140_BAG_L1","NeuralNetFastAI_r156_BAG_L1","NeuralNetFastAI_r159_BAG_L1","NeuralNetFastAI_r170_BAG_L1","NeuralNetFastAI_r196_BAG_L1","NeuralNetFastAI_r3_BAG_L1","NeuralNetFastAI_r58_BAG_L1","NeuralNetFastAI_r5_BAG_L1","NeuralNetFastAI_r63_BAG_L1","NeuralNetFastAI_r80_BAG_L1","NeuralNetFastAI_r87_BAG_L1","NeuralNetFastAI_r97_BAG_L1","NeuralNetTorch_r160_BAG_L1","NeuralNetTorch_r181_BAG_L1","NeuralNetTorch_r184_BAG_L1","NeuralNetTorch_r189_BAG_L1","NeuralNetTorch_r18_BAG_L1","NeuralNetTorch_r200_BAG_L1","NeuralNetTorch_r58_BAG_L1","RandomForest_r158_BAG_L1","RandomForest_r197_BAG_L1","XGBoost_r180_BAG_L1","XGBoost_r9_BAG_L1"],"4":["LightGBM_r174_BAG_L1","NeuralNetTorch_r110_BAG_L1"],"5":["CatBoost_r142_BAG_L1","CatBoost_r160_BAG_L1","CatBoost_r38_BAG_L1","CatBoost_r62_BAG_L1","CatBoost_r63_BAG_L1","ExtraTrees_r16_BAG_L1","LightGBM_r150_BAG_L1","LightGBM_r200_BAG_L1","LightGBM_r43_BAG_L1","LinearModel_c1_BAG_L1","NeuralNetFastAI_r124_BAG_L1","NeuralNetFastAI_r140_BAG_L1","NeuralNetFastAI_r156_BAG_L1","NeuralNetFastAI_r159_BAG_L1","NeuralNetFastAI_r170_BAG_L1","NeuralNetFastAI_r3_BAG_L1","NeuralNetFastAI_r5_BAG_L1","NeuralNetFastAI_r63_BAG_L1","NeuralNetFastAI_r80_BAG_L1","NeuralNetFastAI_r87_BAG_L1","NeuralNetTorch_r160_BAG_L1","NeuralNetTorch_r181_BAG_L1","NeuralNetTorch_r184_BAG_L1","NeuralNetTorch_r18_BAG_L1","NeuralNetTorch_r58_BAG_L1","RandomForest_r158_BAG_L1","RandomForest_r197_BAG_L1","XGBoost_r180_BAG_L1","XGBoost_r9_BAG_L1"],"6":["CatBoost_r142_BAG_L1","CatBoost_r160_BAG_L1","CatBoost_r38_BAG_L1","CatBoost_r62_BAG_L1","CatBoost_r63_BAG_L1","ExtraTrees_r16_BAG_L1","ExtraTrees_r51_BAG_L1","LightGBM_r150_BAG_L1","LightGBM_r196_BAG_L1","LightGBM_r200_BAG_L1","LightGBM_r27_BAG_L1","LightGBM_r43_BAG_L1","NeuralNetFastAI_r116_BAG_L1","NeuralNetFastAI_r124_BAG_L1","NeuralNetFastAI_r138_BAG_L1","NeuralNetFastAI_r140_BAG_L1","NeuralNetFastAI_r156_BAG_L1","NeuralNetFastAI_r159_BAG_L1","NeuralNetFastAI_r170_BAG_L1","NeuralNetFastAI_r196_BAG_L1","NeuralNetFastAI_r3_BAG_L1","NeuralNetFastAI_r58_BAG_L1","NeuralNetFastAI_r5_BAG_L1","NeuralNetFastAI_r63_BAG_L1","NeuralNetFastAI_r80_BAG_L1","NeuralNetFastAI_r87_BAG_L1","NeuralNetTorch_r160_BAG_L1","NeuralNetTorch_r181_BAG_L1","NeuralNetTorch_r184_BAG_L1","NeuralNetTorch_r189_BAG_L1","NeuralNetTorch_r18_BAG_L1","NeuralNetTorch_r200_BAG_L1","NeuralNetTorch_r58_BAG_L1","NeuralNetTorch_r63_BAG_L1","RandomForest_r158_BAG_L1","RandomForest_r197_BAG_L1","RandomForest_r51_BAG_L1","XGBoost_r180_BAG_L1","XGBoost_r9_BAG_L1"],"7":["CatBoost_r142_BAG_L1","CatBoost_r160_BAG_L1","CatBoost_r38_BAG_L1","CatBoost_r62_BAG_L1","CatBoost_r63_BAG_L1","ExtraTrees_r16_BAG_L1","LightGBM_r150_BAG_L1","LightGBM_r196_BAG_L1","LightGBM_r200_BAG_L1","LightGBM_r22_BAG_L1","LightGBM_r27_BAG_L1","LightGBM_r43_BAG_L1","NeuralNetFastAI_r104_BAG_L1","NeuralNetFastAI_r116_BAG_L1","NeuralNetFastAI_r124_BAG_L1","NeuralNetFastAI_r138_BAG_L1","NeuralNetFastAI_r140_BAG_L1","NeuralNetFastAI_r156_BAG_L1","NeuralNetFastAI_r159_BAG_L1","NeuralNetFastAI_r170_BAG_L1","NeuralNetFastAI_r196_BAG_L1","NeuralNetFastAI_r3_BAG_L1","NeuralNetFastAI_r58_BAG_L1","NeuralNetFastAI_r5_BAG_L1","NeuralNetFastAI_r63_BAG_L1","NeuralNetFastAI_r80_BAG_L1","NeuralNetFastAI_r87_BAG_L1","NeuralNetTorch_r149_BAG_L1","NeuralNetTorch_r160_BAG_L1","NeuralNetTorch_r181_BAG_L1","NeuralNetTorch_r184_BAG_L1","NeuralNetTorch_r189_BAG_L1","NeuralNetTorch_r18_BAG_L1","NeuralNetTorch_r200_BAG_L1","NeuralNetTorch_r58_BAG_L1","RandomForest_r158_BAG_L1","RandomForest_r197_BAG_L1","XGBoost_r180_BAG_L1","XGBoost_r9_BAG_L1"],"8":["CatBoost_r142_BAG_L1","CatBoost_r160_BAG_L1","CatBoost_r38_BAG_L1","CatBoost_r62_BAG_L1","CatBoost_r63_BAG_L1","ExtraTrees_r140_BAG_L1","ExtraTrees_r16_BAG_L1","LightGBM_r43_BAG_L1","NeuralNetFastAI_r140_BAG_L1","NeuralNetFastAI_r156_BAG_L1","NeuralNetFastAI_r159_BAG_L1","NeuralNetFastAI_r5_BAG_L1","NeuralNetFastAI_r63_BAG_L1","NeuralNetFastAI_r80_BAG_L1","NeuralNetTorch_r160_BAG_L1","NeuralNetTorch_r181_BAG_L1","NeuralNetTorch_r18_BAG_L1","NeuralNetTorch_r58_BAG_L1","RandomForest_r158_BAG_L1","XGBoost_r180_BAG_L1","XGBoost_r9_BAG_L1"],"9":["CatBoost_r38_BAG_L1","LinearModel_r11_BAG_L1","NeuralNetFastAI_r140_BAG_L1","NeuralNetFastAI_r159_BAG_L1","NeuralNetFastAI_r63_BAG_L1","NeuralNetTorch_r181_BAG_L1","XGBoost_r180_BAG_L1","XGBoost_r9_BAG_L1"],"10":["CatBoost_r142_BAG_L1","CatBoost_r38_BAG_L1","NeuralNetFastAI_r140_BAG_L1","NeuralNetFastAI_r156_BAG_L1","NeuralNetFastAI_r159_BAG_L1","NeuralNetFastAI_r63_BAG_L1","NeuralNetTorch_r181_BAG_L1","NeuralNetTorch_r31_BAG_L1","XGBoost_r180_BAG_L1","XGBoost_r9_BAG_L1"],"11":["CatBoost_r142_BAG_L1","CatBoost_r160_BAG_L1","CatBoost_r38_BAG_L1","CatBoost_r62_BAG_L1","CatBoost_r63_BAG_L1","ExtraTrees_r16_BAG_L1","LightGBM_r150_BAG_L1","LightGBM_r196_BAG_L1","LightGBM_r200_BAG_L1","LightGBM_r22_BAG_L1","LightGBM_r27_BAG_L1","LightGBM_r43_BAG_L1","LinearModel_r23_BAG_L1","NeuralNetFastAI_r104_BAG_L1","NeuralNetFastAI_r116_BAG_L1","NeuralNetFastAI_r124_BAG_L1","NeuralNetFastAI_r138_BAG_L1","NeuralNetFastAI_r140_BAG_L1","NeuralNetFastAI_r156_BAG_L1","NeuralNetFastAI_r159_BAG_L1","NeuralNetFastAI_r170_BAG_L1","NeuralNetFastAI_r196_BAG_L1","NeuralNetFastAI_r3_BAG_L1","NeuralNetFastAI_r58_BAG_L1","NeuralNetFastAI_r5_BAG_L1","NeuralNetFastAI_r63_BAG_L1","NeuralNetFastAI_r80_BAG_L1","NeuralNetFastAI_r87_BAG_L1","NeuralNetTorch_r149_BAG_L1","NeuralNetTorch_r160_BAG_L1","NeuralNetTorch_r181_BAG_L1","NeuralNetTorch_r184_BAG_L1","NeuralNetTorch_r189_BAG_L1","NeuralNetTorch_r18_BAG_L1","NeuralNetTorch_r200_BAG_L1","NeuralNetTorch_r58_BAG_L1","RandomForest_r158_BAG_L1","RandomForest_r197_BAG_L1","XGBoost_r180_BAG_L1","XGBoost_r9_BAG_L1"],"12":["CatBoost_r38_BAG_L1","ExtraTrees_r7_BAG_L1","NeuralNetFastAI_r140_BAG_L1","NeuralNetFastAI_r159_BAG_L1","NeuralNetFastAI_r161_BAG_L1","NeuralNetFastAI_r63_BAG_L1","NeuralNetTorch_r181_BAG_L1","XGBoost_r180_BAG_L1","XGBoost_r9_BAG_L1"],"13":["CatBoost_r142_BAG_L1","CatBoost_r160_BAG_L1","CatBoost_r38_BAG_L1","CatBoost_r62_BAG_L1","CatBoost_r63_BAG_L1","ExtraTrees_r16_BAG_L1","LightGBM_r43_BAG_L1","NeuralNetFastAI_r139_BAG_L1","NeuralNetFastAI_r140_BAG_L1","NeuralNetFastAI_r156_BAG_L1","NeuralNetFastAI_r159_BAG_L1","NeuralNetFastAI_r5_BAG_L1","NeuralNetFastAI_r63_BAG_L1","NeuralNetTorch_r181_BAG_L1","RandomForest_r158_BAG_L1","XGBoost_r180_BAG_L1","XGBoost_r9_BAG_L1"],"14":["CatBoost_r137_BAG_L1","CatBoost_r142_BAG_L1","CatBoost_r160_BAG_L1","CatBoost_r38_BAG_L1","CatBoost_r62_BAG_L1","CatBoost_r63_BAG_L1","ExtraTrees_r16_BAG_L1","LightGBM_r11_BAG_L1","LightGBM_r150_BAG_L1","LightGBM_r200_BAG_L1","LightGBM_r43_BAG_L1","NeuralNetFastAI_r140_BAG_L1","NeuralNetFastAI_r156_BAG_L1","NeuralNetFastAI_r159_BAG_L1","NeuralNetFastAI_r170_BAG_L1","NeuralNetFastAI_r3_BAG_L1","NeuralNetFastAI_r5_BAG_L1","NeuralNetFastAI_r63_BAG_L1","NeuralNetFastAI_r80_BAG_L1","NeuralNetFastAI_r87_BAG_L1","NeuralNetTorch_r160_BAG_L1","NeuralNetTorch_r181_BAG_L1","NeuralNetTorch_r184_BAG_L1","NeuralNetTorch_r18_BAG_L1","NeuralNetTorch_r58_BAG_L1","RandomForest_r158_BAG_L1","RandomForest_r197_BAG_L1","XGBoost_r180_BAG_L1","XGBoost_r9_BAG_L1"],"15":["NeuralNetTorch_r181_BAG_L1","XGBoost_r9_BAG_L1"],"16":["CatBoost_r38_BAG_L1","NeuralNetFastAI_r159_BAG_L1"],"17":["CatBoost_r142_BAG_L1","CatBoost_r160_BAG_L1","CatBoost_r38_BAG_L1","CatBoost_r62_BAG_L1","CatBoost_r63_BAG_L1","ExtraTrees_r16_BAG_L1","LightGBM_r43_BAG_L1","NeuralNetFastAI_r140_BAG_L1","NeuralNetFastAI_r156_BAG_L1","NeuralNetFastAI_r159_BAG_L1","NeuralNetFastAI_r170_BAG_L1","NeuralNetFastAI_r5_BAG_L1","NeuralNetFastAI_r63_BAG_L1","NeuralNetFastAI_r80_BAG_L1","NeuralNetTorch_r160_BAG_L1","NeuralNetTorch_r181_BAG_L1","NeuralNetTorch_r18_BAG_L1","NeuralNetTorch_r58_BAG_L1","RandomForest_r158_BAG_L1","RandomForest_r197_BAG_L1","XGBoost_r180_BAG_L1","XGBoost_r9_BAG_L1"],"18":["CatBoost_r142_BAG_L1","CatBoost_r160_BAG_L1","CatBoost_r38_BAG_L1","CatBoost_r62_BAG_L1","CatBoost_r63_BAG_L1","ExtraTrees_r16_BAG_L1","LightGBM_r43_BAG_L1","LinearModel_r20_BAG_L1","NeuralNetFastAI_r140_BAG_L1","NeuralNetFastAI_r156_BAG_L1","NeuralNetFastAI_r159_BAG_L1","NeuralNetFastAI_r170_BAG_L1","NeuralNetFastAI_r5_BAG_L1","NeuralNetFastAI_r63_BAG_L1","NeuralNetFastAI_r80_BAG_L1","NeuralNetTorch_r160_BAG_L1","NeuralNetTorch_r181_BAG_L1","NeuralNetTorch_r18_BAG_L1","NeuralNetTorch_r58_BAG_L1","RandomForest_r158_BAG_L1","XGBoost_r180_BAG_L1","XGBoost_r9_BAG_L1"],"19":["CatBoost_r142_BAG_L1","CatBoost_r160_BAG_L1","CatBoost_r38_BAG_L1","CatBoost_r62_BAG_L1","CatBoost_r63_BAG_L1","ExtraTrees_r16_BAG_L1","LightGBM_r150_BAG_L1","LightGBM_r200_BAG_L1","LightGBM_r43_BAG_L1","NeuralNetFastAI_r124_BAG_L1","NeuralNetFastAI_r138_BAG_L1","NeuralNetFastAI_r140_BAG_L1","NeuralNetFastAI_r156_BAG_L1","NeuralNetFastAI_r159_BAG_L1","NeuralNetFastAI_r170_BAG_L1","NeuralNetFastAI_r3_BAG_L1","NeuralNetFastAI_r5_BAG_L1","NeuralNetFastAI_r63_BAG_L1","NeuralNetFastAI_r80_BAG_L1","NeuralNetFastAI_r87_BAG_L1","NeuralNetTorch_r160_BAG_L1","NeuralNetTorch_r181_BAG_L1","NeuralNetTorch_r184_BAG_L1","NeuralNetTorch_r18_BAG_L1","NeuralNetTorch_r200_BAG_L1","NeuralNetTorch_r58_BAG_L1","RandomForest_r158_BAG_L1","RandomForest_r197_BAG_L1","XGBoost_r180_BAG_L1","XGBoost_r9_BAG_L1"],"20":["CatBoost_r142_BAG_L1","CatBoost_r160_BAG_L1","CatBoost_r38_BAG_L1","CatBoost_r62_BAG_L1","CatBoost_r63_BAG_L1","ExtraTrees_r16_BAG_L1","LightGBM_r150_BAG_L1","LightGBM_r196_BAG_L1","LightGBM_r200_BAG_L1","LightGBM_r43_BAG_L1","NeuralNetFastAI_r124_BAG_L1","NeuralNetFastAI_r138_BAG_L1","NeuralNetFastAI_r140_BAG_L1","NeuralNetFastAI_r156_BAG_L1","NeuralNetFastAI_r159_BAG_L1","NeuralNetFastAI_r170_BAG_L1","NeuralNetFastAI_r3_BAG_L1","NeuralNetFastAI_r5_BAG_L1","NeuralNetFastAI_r63_BAG_L1","NeuralNetFastAI_r80_BAG_L1","NeuralNetFastAI_r87_BAG_L1","NeuralNetTorch_r160_BAG_L1","NeuralNetTorch_r181_BAG_L1","NeuralNetTorch_r184_BAG_L1","NeuralNetTorch_r18_BAG_L1","NeuralNetTorch_r200_BAG_L1","NeuralNetTorch_r58_BAG_L1","RandomForest_r158_BAG_L1","RandomForest_r197_BAG_L1","XGBoost_r180_BAG_L1","XGBoost_r9_BAG_L1"],"21":["CatBoost_r142_BAG_L1","CatBoost_r160_BAG_L1","CatBoost_r38_BAG_L1","CatBoost_r62_BAG_L1","CatBoost_r63_BAG_L1","ExtraTrees_r16_BAG_L1","ExtraTrees_r51_BAG_L1","LightGBM_r150_BAG_L1","LightGBM_r196_BAG_L1","LightGBM_r200_BAG_L1","LightGBM_r27_BAG_L1","LightGBM_r43_BAG_L1","NeuralNetFastAI_r104_BAG_L1","NeuralNetFastAI_r116_BAG_L1","NeuralNetFastAI_r124_BAG_L1","NeuralNetFastAI_r138_BAG_L1","NeuralNetFastAI_r140_BAG_L1","NeuralNetFastAI_r156_BAG_L1","NeuralNetFastAI_r159_BAG_L1","NeuralNetFastAI_r170_BAG_L1","NeuralNetFastAI_r196_BAG_L1","NeuralNetFastAI_r3_BAG_L1","NeuralNetFastAI_r58_BAG_L1","NeuralNetFastAI_r5_BAG_L1","NeuralNetFastAI_r63_BAG_L1","NeuralNetFastAI_r80_BAG_L1","NeuralNetFastAI_r87_BAG_L1","NeuralNetTorch_r160_BAG_L1","NeuralNetTorch_r181_BAG_L1","NeuralNetTorch_r184_BAG_L1","NeuralNetTorch_r189_BAG_L1","NeuralNetTorch_r18_BAG_L1","NeuralNetTorch_r200_BAG_L1","NeuralNetTorch_r58_BAG_L1","NeuralNetTorch_r63_BAG_L1","RandomForest_r158_BAG_L1","RandomForest_r197_BAG_L1","XGBoost_r180_BAG_L1","XGBoost_r9_BAG_L1"],"22":["CatBoost_r142_BAG_L1","CatBoost_r160_BAG_L1","CatBoost_r181_BAG_L1","CatBoost_r38_BAG_L1","CatBoost_r62_BAG_L1","CatBoost_r63_BAG_L1","ExtraTrees_r16_BAG_L1","LightGBM_r150_BAG_L1","LightGBM_r196_BAG_L1","LightGBM_r200_BAG_L1","LightGBM_r27_BAG_L1","LightGBM_r43_BAG_L1","LinearModel_r33_BAG_L1","NeuralNetFastAI_r124_BAG_L1","NeuralNetFastAI_r138_BAG_L1","NeuralNetFastAI_r140_BAG_L1","NeuralNetFastAI_r156_BAG_L1","NeuralNetFastAI_r159_BAG_L1","NeuralNetFastAI_r170_BAG_L1","NeuralNetFastAI_r3_BAG_L1","NeuralNetFastAI_r5_BAG_L1","NeuralNetFastAI_r63_BAG_L1","NeuralNetFastAI_r80_BAG_L1","NeuralNetFastAI_r87_BAG_L1","NeuralNetTorch_r160_BAG_L1","NeuralNetTorch_r181_BAG_L1","NeuralNetTorch_r184_BAG_L1","NeuralNetTorch_r18_BAG_L1","NeuralNetTorch_r200_BAG_L1","NeuralNetTorch_r58_BAG_L1","RandomForest_r158_BAG_L1","RandomForest_r197_BAG_L1","XGBoost_r180_BAG_L1","XGBoost_r9_BAG_L1"],"23":["CatBoost_r123_BAG_L1","CatBoost_r142_BAG_L1","CatBoost_r38_BAG_L1","NeuralNetFastAI_r140_BAG_L1","NeuralNetFastAI_r156_BAG_L1","NeuralNetFastAI_r159_BAG_L1","NeuralNetFastAI_r63_BAG_L1","NeuralNetTorch_r181_BAG_L1","XGBoost_r180_BAG_L1","XGBoost_r9_BAG_L1"],"24":["LightGBM_r22_BAG_L1","NeuralNetTorch_r114_BAG_L1"],"25":["LightGBM_r98_BAG_L1","NeuralNetTorch_r73_BAG_L1"],"26":["CatBoost_r142_BAG_L1","CatBoost_r38_BAG_L1","CatBoost_r62_BAG_L1","ExtraTrees_r7_BAG_L1","NeuralNetFastAI_r140_BAG_L1","NeuralNetFastAI_r156_BAG_L1","NeuralNetFastAI_r159_BAG_L1","NeuralNetFastAI_r5_BAG_L1","NeuralNetFastAI_r63_BAG_L1","NeuralNetFastAI_r80_BAG_L1","NeuralNetTorch_r181_BAG_L1","NeuralNetTorch_r18_BAG_L1","NeuralNetTorch_r21_BAG_L1","NeuralNetTorch_r67_BAG_L1","RandomForest_r158_BAG_L1","XGBoost_r148_BAG_L1","XGBoost_r180_BAG_L1","XGBoost_r9_BAG_L1"],"27":["CatBoost_r142_BAG_L1","CatBoost_r38_BAG_L1","KNeighbors_r38_BAG_L1","NeuralNetFastAI_r140_BAG_L1","NeuralNetFastAI_r156_BAG_L1","NeuralNetFastAI_r159_BAG_L1","NeuralNetFastAI_r63_BAG_L1","NeuralNetTorch_r181_BAG_L1","XGBoost_r180_BAG_L1","XGBoost_r9_BAG_L1"],"28":["CatBoost_r142_BAG_L1","CatBoost_r160_BAG_L1","CatBoost_r38_BAG_L1","CatBoost_r62_BAG_L1","CatBoost_r63_BAG_L1","ExtraTrees_r16_BAG_L1","LightGBM_r150_BAG_L1","LightGBM_r196_BAG_L1","LightGBM_r200_BAG_L1","LightGBM_r27_BAG_L1","LightGBM_r43_BAG_L1","LinearModel_r4_BAG_L1","NeuralNetFastAI_r124_BAG_L1","NeuralNetFastAI_r138_BAG_L1","NeuralNetFastAI_r140_BAG_L1","NeuralNetFastAI_r156_BAG_L1","NeuralNetFastAI_r159_BAG_L1","NeuralNetFastAI_r170_BAG_L1","NeuralNetFastAI_r196_BAG_L1","NeuralNetFastAI_r3_BAG_L1","NeuralNetFastAI_r58_BAG_L1","NeuralNetFastAI_r5_BAG_L1","NeuralNetFastAI_r63_BAG_L1","NeuralNetFastAI_r80_BAG_L1","NeuralNetFastAI_r87_BAG_L1","NeuralNetTorch_r160_BAG_L1","NeuralNetTorch_r181_BAG_L1","NeuralNetTorch_r184_BAG_L1","NeuralNetTorch_r189_BAG_L1","NeuralNetTorch_r18_BAG_L1","NeuralNetTorch_r200_BAG_L1","NeuralNetTorch_r58_BAG_L1","RandomForest_r158_BAG_L1","RandomForest_r197_BAG_L1","XGBoost_r180_BAG_L1","XGBoost_r9_BAG_L1"],"29":["CatBoost_r142_BAG_L1","CatBoost_r160_BAG_L1","CatBoost_r38_BAG_L1","CatBoost_r62_BAG_L1","CatBoost_r63_BAG_L1","ExtraTrees_r16_BAG_L1","ExtraTrees_r51_BAG_L1","KNeighbors_r11_BAG_L1","LightGBM_r150_BAG_L1","LightGBM_r196_BAG_L1","LightGBM_r200_BAG_L1","LightGBM_r43_BAG_L1","NeuralNetFastAI_r124_BAG_L1","NeuralNetFastAI_r138_BAG_L1","NeuralNetFastAI_r140_BAG_L1","NeuralNetFastAI_r156_BAG_L1","NeuralNetFastAI_r159_BAG_L1","NeuralNetFastAI_r170_BAG_L1","NeuralNetFastAI_r3_BAG_L1","NeuralNetFastAI_r5_BAG_L1","NeuralNetFastAI_r63_BAG_L1","NeuralNetFastAI_r80_BAG_L1","NeuralNetFastAI_r87_BAG_L1","NeuralNetTorch_r160_BAG_L1","NeuralNetTorch_r181_BAG_L1","NeuralNetTorch_r184_BAG_L1","NeuralNetTorch_r18_BAG_L1","NeuralNetTorch_r200_BAG_L1","NeuralNetTorch_r58_BAG_L1","RandomForest_r158_BAG_L1","RandomForest_r197_BAG_L1","XGBoost_r180_BAG_L1","XGBoost_r9_BAG_L1"],"30":["CatBoost_r188_BAG_L1","NeuralNetTorch_r124_BAG_L1"],"31":["LightGBM_r179_BAG_L1","NeuralNetTorch_r111_BAG_L1"],"32":["CatBoost_r142_BAG_L1","CatBoost_r160_BAG_L1","CatBoost_r38_BAG_L1","CatBoost_r62_BAG_L1","CatBoost_r63_BAG_L1","ExtraTrees_r16_BAG_L1","LightGBM_r150_BAG_L1","LightGBM_r196_BAG_L1","LightGBM_r200_BAG_L1","LightGBM_r27_BAG_L1","LightGBM_r43_BAG_L1","NeuralNetFastAI_r107_BAG_L1","NeuralNetFastAI_r124_BAG_L1","NeuralNetFastAI_r138_BAG_L1","NeuralNetFastAI_r140_BAG_L1","NeuralNetFastAI_r156_BAG_L1","NeuralNetFastAI_r159_BAG_L1","NeuralNetFastAI_r170_BAG_L1","NeuralNetFastAI_r196_BAG_L1","NeuralNetFastAI_r3_BAG_L1","NeuralNetFastAI_r5_BAG_L1","NeuralNetFastAI_r63_BAG_L1","NeuralNetFastAI_r80_BAG_L1","NeuralNetFastAI_r87_BAG_L1","NeuralNetTorch_r160_BAG_L1","NeuralNetTorch_r181_BAG_L1","NeuralNetTorch_r184_BAG_L1","NeuralNetTorch_r189_BAG_L1","NeuralNetTorch_r18_BAG_L1","NeuralNetTorch_r200_BAG_L1","NeuralNetTorch_r58_BAG_L1","RandomForest_r158_BAG_L1","RandomForest_r197_BAG_L1","XGBoost_r180_BAG_L1","XGBoost_r9_BAG_L1"],"33":["CatBoost_r142_BAG_L1","CatBoost_r160_BAG_L1","CatBoost_r38_BAG_L1","CatBoost_r62_BAG_L1","CatBoost_r63_BAG_L1","ExtraTrees_r16_BAG_L1","LightGBM_r150_BAG_L1","LightGBM_r196_BAG_L1","LightGBM_r200_BAG_L1","LightGBM_r27_BAG_L1","LightGBM_r43_BAG_L1","NeuralNetFastAI_r116_BAG_L1","NeuralNetFastAI_r124_BAG_L1","NeuralNetFastAI_r138_BAG_L1","NeuralNetFastAI_r140_BAG_L1","NeuralNetFastAI_r156_BAG_L1","NeuralNetFastAI_r159_BAG_L1","NeuralNetFastAI_r170_BAG_L1","NeuralNetFastAI_r196_BAG_L1","NeuralNetFastAI_r3_BAG_L1","NeuralNetFastAI_r58_BAG_L1","NeuralNetFastAI_r5_BAG_L1","NeuralNetFastAI_r63_BAG_L1","NeuralNetFastAI_r80_BAG_L1","NeuralNetFastAI_r87_BAG_L1","NeuralNetTorch_r160_BAG_L1","NeuralNetTorch_r181_BAG_L1","NeuralNetTorch_r184_BAG_L1","NeuralNetTorch_r189_BAG_L1","NeuralNetTorch_r18_BAG_L1","NeuralNetTorch_r200_BAG_L1","NeuralNetTorch_r58_BAG_L1","RandomForest_r158_BAG_L1","RandomForest_r197_BAG_L1","XGBoost_r180_BAG_L1","XGBoost_r9_BAG_L1"],"34":["CatBoost_r142_BAG_L1","CatBoost_r160_BAG_L1","CatBoost_r38_BAG_L1","CatBoost_r62_BAG_L1","CatBoost_r63_BAG_L1","ExtraTrees_r16_BAG_L1","ExtraTrees_r58_BAG_L1","LightGBM_r150_BAG_L1","LightGBM_r200_BAG_L1","LightGBM_r43_BAG_L1","NeuralNetFastAI_r124_BAG_L1","NeuralNetFastAI_r140_BAG_L1","NeuralNetFastAI_r156_BAG_L1","NeuralNetFastAI_r159_BAG_L1","NeuralNetFastAI_r170_BAG_L1","NeuralNetFastAI_r3_BAG_L1","NeuralNetFastAI_r5_BAG_L1","NeuralNetFastAI_r63_BAG_L1","NeuralNetFastAI_r80_BAG_L1","NeuralNetFastAI_r87_BAG_L1","NeuralNetTorch_r160_BAG_L1","NeuralNetTorch_r181_BAG_L1","NeuralNetTorch_r184_BAG_L1","NeuralNetTorch_r18_BAG_L1","NeuralNetTorch_r58_BAG_L1","RandomForest_r158_BAG_L1","RandomForest_r197_BAG_L1","XGBoost_r180_BAG_L1","XGBoost_r9_BAG_L1"],"35":["CatBoost_r142_BAG_L1","CatBoost_r38_BAG_L1","CatBoost_r80_BAG_L1","LightGBM_r58_BAG_L1","NeuralNetFastAI_r140_BAG_L1","NeuralNetFastAI_r159_BAG_L1","NeuralNetFastAI_r63_BAG_L1","NeuralNetTorch_r181_BAG_L1","XGBoost_r180_BAG_L1","XGBoost_r9_BAG_L1"]},"weights":{"0":[0.0476190476,0.0476190476,0.0476190476,0.0476190476,0.0476190476,0.0476190476,0.0476190476,0.0476190476,0.0476190476,0.0476190476,0.0476190476,0.0476190476,0.0476190476,0.0476190476,0.0476190476,0.0476190476,0.0476190476,0.0476190476,0.0476190476,0.0476190476,0.0476190476],"1":[0.1818181818,0.0909090909,0.0909090909,0.0909090909,0.0909090909,0.0909090909,0.0909090909,0.0909090909,0.0909090909,0.0909090909],"2":[0.05,0.05,0.05,0.05,0.05,0.05,0.05,0.05,0.05,0.05,0.05,0.05,0.05,0.05,0.05,0.05,0.05,0.05,0.05,0.05],"3":[0.025,0.025,0.025,0.025,0.025,0.025,0.025,0.025,0.025,0.025,0.025,0.025,0.025,0.025,0.025,0.025,0.025,0.025,0.025,0.025,0.025,0.025,0.025,0.025,0.025,0.025,0.025,0.05,0.025,0.025,0.025,0.025,0.025,0.025,0.025,0.05,0.025,0.025],"4":[0.5,0.5],"5":[0.0333333333,0.0333333333,0.0333333333,0.0333333333,0.0333333333,0.0333333333,0.0333333333,0.0333333333,0.0333333333,0.0333333333,0.0333333333,0.0333333333,0.0333333333,0.0333333333,0.0333333333,0.0333333333,0.0333333333,0.0333333333,0.0333333333,0.0333333333,0.0333333333,0.0333333333,0.0333333333,0.0333333333,0.0333333333,0.0333333333,0.0666666667,0.0333333333,0.0333333333],"6":[0.0243902439,0.0243902439,0.0243902439,0.0243902439,0.0243902439,0.0243902439,0.0243902439,0.0243902439,0.0243902439,0.0243902439,0.0243902439,0.0243902439,0.0243902439,0.0243902439,0.0243902439,0.0243902439,0.0243902439,0.0243902439,0.0243902439,0.0243902439,0.0243902439,0.0243902439,0.0243902439,0.0243902439,0.0243902439,0.0243902439,0.0487804878,0.0243902439,0.0243902439,0.0243902439,0.0243902439,0.0243902439,0.0243902439,0.0243902439,0.0243902439,0.0487804878,0.0243902439,0.0243902439,0.0243902439],"7":[0.0243902439,0.0243902439,0.0243902439,0.0243902439,0.0243902439,0.0243902439,0.0243902439,0.0243902439,0.0243902439,0.0243902439,0.0243902439,0.0243902439,0.0243902439,0.0243902439,0.0243902439,0.0243902439,0.0243902439,0.0243902439,0.0243902439,0.0243902439,0.0243902439,0.0243902439,0.0243902439,0.0243902439,0.0243902439,0.0243902439,0.0243902439,0.0243902439,0.0487804878,0.0243902439,0.0243902439,0.0243902439,0.0243902439,0.0243902439,0.0243902439,0.0243902439,0.0487804878,0.0243902439,0.0243902439],"8":[0.0476190476,0.0476190476,0.0476190476,0.0476190476,0.0476190476,0.0476190476,0.0476190476,0.0476190476,0.0476190476,0.0476190476,0.0476190476,0.0476190476,0.0476190476,0.0476190476,0.0476190476,0.0476190476,0.0476190476,0.0476190476,0.0476190476,0.0476190476,0.0476190476],"9":[0.125,0.125,0.125,0.125,0.125,0.125,0.125,0.125],"10":[0.1,0.1,0.1,0.1,0.1,0.1,0.1,0.1,0.1,0.1],"11":[0.0238095238,0.0238095238,0.0238095238,0.0238095238,0.0238095238,0.0238095238,0.0238095238,0.0238095238,0.0238095238,0.0238095238,0.0238095238,0.0238095238,0.0238095238,0.0238095238,0.0238095238,0.0238095238,0.0238095238,0.0238095238,0.0238095238,0.0238095238,0.0238095238,0.0238095238,0.0238095238,0.0238095238,0.0238095238,0.0238095238,0.0238095238,0.0238095238,0.0238095238,0.0476190476,0.0238095238,0.0238095238,0.0238095238,0.0238095238,0.0238095238,0.0238095238,0.0238095238,0.0476190476,0.0238095238,0.0238095238],"12":[0.1111111111,0.1111111111,0.1111111111,0.1111111111,0.1111111111,0.1111111111,0.1111111111,0.1111111111,0.1111111111],"13":[0.0588235294,0.0588235294,0.0588235294,0.0588235294,0.0588235294,0.0588235294,0.0588235294,0.0588235294,0.0588235294,0.0588235294,0.0588235294,0.0588235294,0.0588235294,0.0588235294,0.0588235294,0.0588235294,0.0588235294],"14":[0.0333333333,0.0333333333,0.0333333333,0.0333333333,0.0333333333,0.0333333333,0.0333333333,0.0333333333,0.0333333333,0.0333333333,0.0333333333,0.0333333333,0.0333333333,0.0333333333,0.0333333333,0.0333333333,0.0333333333,0.0333333333,0.0333333333,0.0333333333,0.0333333333,0.0333333333,0.0333333333,0.0333333333,0.0333333333,0.0333333333,0.0666666667,0.0333333333,0.0333333333],"15":[0.5,0.5],"16":[0.5,0.5],"17":[0.0454545455,0.0454545455,0.0454545455,0.0454545455,0.0454545455,0.0454545455,0.0454545455,0.0454545455,0.0454545455,0.0454545455,0.0454545455,0.0454545455,0.0454545455,0.0454545455,0.0454545455,0.0454545455,0.0454545455,0.0454545455,0.0454545455,0.0454545455,0.0454545455,0.0454545455],"18":[0.0454545455,0.0454545455,0.0454545455,0.0454545455,0.0454545455,0.0454545455,0.0454545455,0.0454545455,0.0454545455,0.0454545455,0.0454545455,0.0454545455,0.0454545455,0.0454545455,0.0454545455,0.0454545455,0.0454545455,0.0454545455,0.0454545455,0.0454545455,0.0454545455,0.0454545455],"19":[0.0322580645,0.0322580645,0.0322580645,0.0322580645,0.0322580645,0.0322580645,0.0322580645,0.0322580645,0.0322580645,0.0322580645,0.0322580645,0.0322580645,0.0322580645,0.0322580645,0.0322580645,0.0322580645,0.0322580645,0.0322580645,0.0322580645,0.0322580645,0.0322580645,0.0322580645,0.0322580645,0.0322580645,0.0322580645,0.0322580645,0.0322580645,0.064516129,0.0322580645,0.0322580645],"20":[0.0303030303,0.0303030303,0.0303030303,0.0303030303,0.0303030303,0.0303030303,0.0303030303,0.0303030303,0.0303030303,0.0303030303,0.0303030303,0.0303030303,0.0303030303,0.0303030303,0.0303030303,0.0303030303,0.0303030303,0.0303030303,0.0303030303,0.0303030303,0.0303030303,0.0606060606,0.0303030303,0.0303030303,0.0303030303,0.0303030303,0.0303030303,0.0303030303,0.0606060606,0.0303030303,0.0303030303],"21":[0.0243902439,0.0243902439,0.0243902439,0.0243902439,0.0243902439,0.0243902439,0.0243902439,0.0243902439,0.0243902439,0.0243902439,0.0243902439,0.0243902439,0.0243902439,0.0243902439,0.0243902439,0.0243902439,0.0243902439,0.0243902439,0.0243902439,0.0243902439,0.0243902439,0.0243902439,0.0243902439,0.0243902439,0.0243902439,0.0243902439,0.0243902439,0.0487804878,0.0243902439,0.0243902439,0.0243902439,0.0243902439,0.0243902439,0.0243902439,0.0243902439,0.0243902439,0.0487804878,0.0243902439,0.0243902439],"22":[0.0277777778,0.0277777778,0.0277777778,0.0277777778,0.0277777778,0.0277777778,0.0277777778,0.0277777778,0.0277777778,0.0277777778,0.0277777778,0.0277777778,0.0277777778,0.0277777778,0.0277777778,0.0277777778,0.0277777778,0.0277777778,0.0277777778,0.0277777778,0.0277777778,0.0277777778,0.0277777778,0.0277777778,0.0555555556,0.0277777778,0.0277777778,0.0277777778,0.0277777778,0.0277777778,0.0277777778,0.0555555556,0.0277777778,0.0277777778],"23":[0.1,0.1,0.1,0.1,0.1,0.1,0.1,0.1,0.1,0.1],"24":[0.5,0.5],"25":[0.5,0.5],"26":[0.0555555556,0.0555555556,0.0555555556,0.0555555556,0.0555555556,0.0555555556,0.0555555556,0.0555555556,0.0555555556,0.0555555556,0.0555555556,0.0555555556,0.0555555556,0.0555555556,0.0555555556,0.0555555556,0.0555555556,0.0555555556],"27":[0.1818181818,0.0909090909,0.0909090909,0.0909090909,0.0909090909,0.0909090909,0.0909090909,0.0909090909,0.0909090909,0.0909090909],"28":[0.0263157895,0.0263157895,0.0263157895,0.0263157895,0.0263157895,0.0263157895,0.0263157895,0.0263157895,0.0263157895,0.0263157895,0.0263157895,0.0263157895,0.0263157895,0.0263157895,0.0263157895,0.0263157895,0.0263157895,0.0263157895,0.0263157895,0.0263157895,0.0263157895,0.0263157895,0.0263157895,0.0263157895,0.0263157895,0.0526315789,0.0263157895,0.0263157895,0.0263157895,0.0263157895,0.0263157895,0.0263157895,0.0263157895,0.0526315789,0.0263157895,0.0263157895],"29":[0.0285714286,0.0285714286,0.0285714286,0.0285714286,0.0285714286,0.0285714286,0.0285714286,0.0285714286,0.0285714286,0.0285714286,0.0285714286,0.0285714286,0.0285714286,0.0285714286,0.0285714286,0.0285714286,0.0285714286,0.0285714286,0.0285714286,0.0285714286,0.0285714286,0.0285714286,0.0285714286,0.0571428571,0.0285714286,0.0285714286,0.0285714286,0.0285714286,0.0285714286,0.0285714286,0.0571428571,0.0285714286,0.0285714286],"30":[0.5,0.5],"31":[0.5,0.5],"32":[0.027027027,0.027027027,0.027027027,0.027027027,0.027027027,0.027027027,0.027027027,0.027027027,0.027027027,0.027027027,0.027027027,0.027027027,0.027027027,0.027027027,0.027027027,0.027027027,0.027027027,0.027027027,0.027027027,0.027027027,0.027027027,0.027027027,0.027027027,0.027027027,0.0540540541,0.027027027,0.027027027,0.027027027,0.027027027,0.027027027,0.027027027,0.027027027,0.0540540541,0.027027027,0.027027027],"33":[0.0263157895,0.0263157895,0.0263157895,0.0263157895,0.0263157895,0.0263157895,0.0263157895,0.0263157895,0.0263157895,0.0263157895,0.0263157895,0.0263157895,0.0263157895,0.0263157895,0.0263157895,0.0263157895,0.0263157895,0.0263157895,0.0263157895,0.0263157895,0.0263157895,0.0263157895,0.0263157895,0.0263157895,0.0263157895,0.0526315789,0.0263157895,0.0263157895,0.0263157895,0.0263157895,0.0263157895,0.0263157895,0.0263157895,0.0526315789,0.0263157895,0.0263157895],"34":[0.0333333333,0.0333333333,0.0333333333,0.0333333333,0.0333333333,0.0333333333,0.0333333333,0.0333333333,0.0333333333,0.0333333333,0.0333333333,0.0333333333,0.0333333333,0.0333333333,0.0333333333,0.0333333333,0.0333333333,0.0333333333,0.0333333333,0.0333333333,0.0333333333,0.0333333333,0.0333333333,0.0333333333,0.0333333333,0.0333333333,0.0666666667,0.0333333333,0.0333333333],"35":[0.1,0.1,0.1,0.1,0.1,0.1,0.1,0.1,0.1,0.1]},"meta":{"0":10,"1":11,"2":10,"3":2,"4":20,"5":21,"6":18,"7":40,"8":41,"9":41,"10":11,"11":8,"12":10,"13":9,"14":21,"15":22,"16":41,"17":2,"18":2,"19":2,"20":2,"21":2,"22":2,"23":17,"24":22,"25":33,"26":31,"27":30,"28":30,"29":30,"30":35,"31":37,"32":38,"33":38,"34":36,"35":42},"task":{"0":"3964_1","1":"3964_1","2":"3964_1","3":"3964_1","4":"3964_1","5":"3964_1","6":"3964_1","7":"3964_1","8":"3964_1","9":"3964_1","10":"3964_1","11":"3964_1","12":"3964_1","13":"3964_1","14":"3964_1","15":"3964_1","16":"3964_1","17":"3964_1","18":"3964_1","19":"3964_1","20":"3964_1","21":"3964_1","22":"3964_1","23":"3964_1","24":"3964_1","25":"3964_1","26":"3964_1","27":"3964_1","28":"3964_1","29":"3964_1","30":"3964_1","31":"3964_1","32":"3964_1","33":"3964_1","34":"3964_1","35":"3964_1"},"dataset":{"0":"OVA_Lung","1":"OVA_Lung","2":"OVA_Lung","3":"OVA_Lung","4":"OVA_Lung","5":"OVA_Lung","6":"OVA_Lung","7":"OVA_Lung","8":"OVA_Lung","9":"OVA_Lung","10":"OVA_Lung","11":"OVA_Lung","12":"OVA_Lung","13":"OVA_Lung","14":"OVA_Lung","15":"OVA_Lung","16":"OVA_Lung","17":"OVA_Lung","18":"OVA_Lung","19":"OVA_Lung","20":"OVA_Lung","21":"OVA_Lung","22":"OVA_Lung","23":"OVA_Lung","24":"OVA_Lung","25":"OVA_Lung","26":"OVA_Lung","27":"OVA_Lung","28":"OVA_Lung","29":"OVA_Lung","30":"OVA_Lung","31":"OVA_Lung","32":"OVA_Lung","33":"OVA_Lung","34":"OVA_Lung","35":"OVA_Lung"},"fold":{"0":1,"1":1,"2":1,"3":1,"4":1,"5":1,"6":1,"7":1,"8":1,"9":1,"10":1,"11":1,"12":1,"13":1,"14":1,"15":1,"16":1,"17":1,"18":1,"19":1,"20":1,"21":1,"22":1,"23":1,"24":1,"25":1,"26":1,"27":1,"28":1,"29":1,"30":1,"31":1,"32":1,"33":1,"34":1,"35":1},"method":{"0":"ENS_SIZE_QDO","1":"ENS_SIZE_QDO","2":"ENS_SIZE_QDO","3":"ENS_SIZE_QDO","4":"ENS_SIZE_QDO","5":"ENS_SIZE_QDO","6":"ENS_SIZE_QDO","7":"ENS_SIZE_QDO","8":"ENS_SIZE_QDO","9":"ENS_SIZE_QDO","10":"ENS_SIZE_QDO","11":"ENS_SIZE_QDO","12":"ENS_SIZE_QDO","13":"ENS_SIZE_QDO","14":"ENS_SIZE_QDO","15":"ENS_SIZE_QDO","16":"ENS_SIZE_QDO","17":"ENS_SIZE_QDO","18":"ENS_SIZE_QDO","19":"ENS_SIZE_QDO","20":"ENS_SIZE_QDO","21":"ENS_SIZE_QDO","22":"ENS_SIZE_QDO","23":"ENS_SIZE_QDO","24":"ENS_SIZE_QDO","25":"ENS_SIZE_QDO","26":"ENS_SIZE_QDO","27":"ENS_SIZE_QDO","28":"ENS_SIZE_QDO","29":"ENS_SIZE_QDO","30":"ENS_SIZE_QDO","31":"ENS_SIZE_QDO","32":"ENS_SIZE_QDO","33":"ENS_SIZE_QDO","34":"ENS_SIZE_QDO","35":"ENS_SIZE_QDO"}}