{"name":{"0":"ENS_SIZE_QDO_0","1":"ENS_SIZE_QDO_1","2":"ENS_SIZE_QDO_2","3":"ENS_SIZE_QDO_3","4":"ENS_SIZE_QDO_4","5":"ENS_SIZE_QDO_5","6":"ENS_SIZE_QDO_6","7":"ENS_SIZE_QDO_7","8":"ENS_SIZE_QDO_8","9":"ENS_SIZE_QDO_9","10":"ENS_SIZE_QDO_10","11":"ENS_SIZE_QDO_11","12":"ENS_SIZE_QDO_12","13":"ENS_SIZE_QDO_13","14":"ENS_SIZE_QDO_14","15":"ENS_SIZE_QDO_15","16":"ENS_SIZE_QDO_16","17":"ENS_SIZE_QDO_17","18":"ENS_SIZE_QDO_18","19":"ENS_SIZE_QDO_19","20":"ENS_SIZE_QDO_20","21":"ENS_SIZE_QDO_21","22":"ENS_SIZE_QDO_22","23":"ENS_SIZE_QDO_23","24":"ENS_SIZE_QDO_24","25":"ENS_SIZE_QDO_25","26":"ENS_SIZE_QDO_26","27":"ENS_SIZE_QDO_27","28":"ENS_SIZE_QDO_28","29":"ENS_SIZE_QDO_29","30":"ENS_SIZE_QDO_30","31":"ENS_SIZE_QDO_31","32":"ENS_SIZE_QDO_32","33":"ENS_SIZE_QDO_33","34":"ENS_SIZE_QDO_34","35":"ENS_SIZE_QDO_35"},"roc_auc_val":{"0":0.9626085069,"1":0.9621636285,"2":0.9627061632,"3":0.9635633681,"4":0.9625651042,"5":0.9578721788,"6":0.9622884115,"7":0.9641004774,"8":0.9577094184,"9":0.9629828559,"10":0.9595865885,"11":0.9566894531,"12":0.9620442708,"13":0.9629882812,"14":0.9638726128,"15":0.9643174913,"16":0.9612792969,"17":0.9630371094,"18":0.9607910156,"19":0.9642578125,"20":0.9639539931,"21":0.9640625,"22":0.9642795139,"23":0.9558376736,"24":0.9641330295,"25":0.9620442708,"26":0.9606662326,"27":0.9643066406,"28":0.9570800781,"29":0.951969401,"30":0.9604492188,"31":0.956108941,"32":0.9635959201,"33":0.963688151,"34":0.9642795139,"35":0.9643608941},"roc_auc_test":{"0":0.9691840278,"1":0.9683159722,"2":0.9683159722,"3":0.9700520833,"4":0.9691840278,"5":0.9704861111,"6":0.9683159722,"7":0.9696180556,"8":0.9626736111,"9":0.96875,"10":0.9639756944,"11":0.9713541667,"12":0.9678819444,"13":0.96875,"14":0.9691840278,"15":0.9713541667,"16":0.9665798611,"17":0.9696180556,"18":0.9665798611,"19":0.9678819444,"20":0.96875,"21":0.9696180556,"22":0.9700520833,"23":0.9678819444,"24":0.9691840278,"25":0.9683159722,"26":0.9652777778,"27":0.9704861111,"28":0.9670138889,"29":0.9587673611,"30":0.9635416667,"31":0.96484375,"32":0.9683159722,"33":0.96875,"34":0.9700520833,"35":0.9696180556},"models_used":{"0":["CatBoost_r106_BAG_L1","CatBoost_r78_BAG_L1","KNeighbors_r2_BAG_L1","NeuralNetFastAI_r162_BAG_L1","NeuralNetFastAI_r196_BAG_L1","NeuralNetFastAI_r8_BAG_L1","NeuralNetFastAI_r92_BAG_L1","NeuralNetTorch_r130_BAG_L1","NeuralNetTorch_r166_BAG_L1","NeuralNetTorch_r41_BAG_L1","NeuralNetTorch_r59_BAG_L1","RandomForest_r141_BAG_L1"],"1":["CatBoost_r106_BAG_L1","CatBoost_r78_BAG_L1","ExtraTrees_r128_BAG_L1","NeuralNetFastAI_r142_BAG_L1","NeuralNetFastAI_r162_BAG_L1","NeuralNetFastAI_r196_BAG_L1","NeuralNetFastAI_r8_BAG_L1","NeuralNetFastAI_r92_BAG_L1","NeuralNetFastAI_r95_BAG_L1","NeuralNetTorch_r130_BAG_L1","NeuralNetTorch_r166_BAG_L1","NeuralNetTorch_r41_BAG_L1","NeuralNetTorch_r59_BAG_L1","RandomForest_r141_BAG_L1"],"2":["CatBoost_r106_BAG_L1","CatBoost_r78_BAG_L1","NeuralNetFastAI_r162_BAG_L1","NeuralNetFastAI_r196_BAG_L1","NeuralNetFastAI_r92_BAG_L1","NeuralNetTorch_r130_BAG_L1","NeuralNetTorch_r166_BAG_L1","NeuralNetTorch_r41_BAG_L1","NeuralNetTorch_r59_BAG_L1","RandomForest_r141_BAG_L1"],"3":["CatBoost_r106_BAG_L1","CatBoost_r78_BAG_L1","ExtraTrees_r49_BAG_L1","KNeighbors_r2_BAG_L1","LightGBM_r35_BAG_L1","NeuralNetFastAI_r142_BAG_L1","NeuralNetFastAI_r147_BAG_L1","NeuralNetFastAI_r162_BAG_L1","NeuralNetFastAI_r196_BAG_L1","NeuralNetFastAI_r35_BAG_L1","NeuralNetFastAI_r38_BAG_L1","NeuralNetFastAI_r8_BAG_L1","NeuralNetFastAI_r92_BAG_L1","NeuralNetTorch_r130_BAG_L1","NeuralNetTorch_r166_BAG_L1","NeuralNetTorch_r174_BAG_L1","NeuralNetTorch_r41_BAG_L1","NeuralNetTorch_r59_BAG_L1","NeuralNetTorch_r67_BAG_L1","NeuralNetTorch_r79_BAG_L1","RandomForest_r141_BAG_L1","XGBoost_r73_BAG_L1"],"4":["CatBoost_r106_BAG_L1","CatBoost_r40_BAG_L1","CatBoost_r78_BAG_L1","FTTransformer_c5_BAG_L1","LightGBM_r7_BAG_L1","NeuralNetFastAI_r121_BAG_L1","NeuralNetFastAI_r162_BAG_L1","NeuralNetFastAI_r196_BAG_L1","NeuralNetFastAI_r8_BAG_L1","NeuralNetFastAI_r92_BAG_L1","NeuralNetTorch_r130_BAG_L1","NeuralNetTorch_r166_BAG_L1","NeuralNetTorch_r2_BAG_L1","NeuralNetTorch_r41_BAG_L1","NeuralNetTorch_r59_BAG_L1","RandomForest_r141_BAG_L1","TabPFN_c2_BAG_L1","XGBoost_r131_BAG_L1"],"5":["CatBoost_r106_BAG_L1","NeuralNetFastAI_r68_BAG_L1","NeuralNetTorch_r166_BAG_L1"],"6":["CatBoost_r106_BAG_L1","CatBoost_r78_BAG_L1","CatBoost_r98_BAG_L1","ExtraTrees_r128_BAG_L1","NeuralNetFastAI_r142_BAG_L1","NeuralNetFastAI_r162_BAG_L1","NeuralNetFastAI_r196_BAG_L1","NeuralNetFastAI_r8_BAG_L1","NeuralNetFastAI_r92_BAG_L1","NeuralNetFastAI_r95_BAG_L1","NeuralNetTorch_r130_BAG_L1","NeuralNetTorch_r166_BAG_L1","NeuralNetTorch_r41_BAG_L1","NeuralNetTorch_r59_BAG_L1","RandomForest_r141_BAG_L1"],"7":["CatBoost_r106_BAG_L1","CatBoost_r78_BAG_L1","CatBoost_r79_BAG_L1","ExtraTrees_r49_BAG_L1","LightGBM_r35_BAG_L1","NeuralNetFastAI_r147_BAG_L1","NeuralNetFastAI_r156_BAG_L1","NeuralNetFastAI_r162_BAG_L1","NeuralNetFastAI_r196_BAG_L1","NeuralNetFastAI_r35_BAG_L1","NeuralNetFastAI_r38_BAG_L1","NeuralNetFastAI_r8_BAG_L1","NeuralNetFastAI_r92_BAG_L1","NeuralNetTorch_r130_BAG_L1","NeuralNetTorch_r166_BAG_L1","NeuralNetTorch_r174_BAG_L1","NeuralNetTorch_r41_BAG_L1","NeuralNetTorch_r59_BAG_L1","NeuralNetTorch_r67_BAG_L1","NeuralNetTorch_r79_BAG_L1","RandomForest_r141_BAG_L1","XGBoost_r73_BAG_L1"],"8":["CatBoost_r106_BAG_L1","NeuralNetTorch_r166_BAG_L1","RandomForest_r86_BAG_L1"],"9":["CatBoost_r106_BAG_L1","CatBoost_r78_BAG_L1","NeuralNetFastAI_r162_BAG_L1","NeuralNetFastAI_r196_BAG_L1","NeuralNetFastAI_r8_BAG_L1","NeuralNetFastAI_r92_BAG_L1","NeuralNetTorch_r130_BAG_L1","NeuralNetTorch_r166_BAG_L1","NeuralNetTorch_r41_BAG_L1","NeuralNetTorch_r59_BAG_L1","RandomForest_r141_BAG_L1","RandomForest_r56_BAG_L1"],"10":["CatBoost_r106_BAG_L1","ExtraTrees_r3_BAG_L1","LightGBM_r180_BAG_L1","NeuralNetFastAI_r92_BAG_L1","NeuralNetTorch_r130_BAG_L1","NeuralNetTorch_r166_BAG_L1"],"11":["NeuralNetFastAI_r95_BAG_L1","XGBoost_r110_BAG_L1"],"12":["CatBoost_r106_BAG_L1","CatBoost_r78_BAG_L1","ExtraTrees_r49_BAG_L1","NeuralNetFastAI_r147_BAG_L1","NeuralNetFastAI_r162_BAG_L1","NeuralNetFastAI_r196_BAG_L1","NeuralNetFastAI_r35_BAG_L1","NeuralNetFastAI_r38_BAG_L1","NeuralNetFastAI_r70_BAG_L1","NeuralNetFastAI_r8_BAG_L1","NeuralNetFastAI_r92_BAG_L1","NeuralNetFastAI_r96_BAG_L1","NeuralNetTorch_r130_BAG_L1","NeuralNetTorch_r166_BAG_L1","NeuralNetTorch_r174_BAG_L1","NeuralNetTorch_r41_BAG_L1","NeuralNetTorch_r59_BAG_L1","NeuralNetTorch_r79_BAG_L1","RandomForest_r125_BAG_L1","RandomForest_r141_BAG_L1","XGBoost_r73_BAG_L1"],"13":["CatBoost_r106_BAG_L1","CatBoost_r78_BAG_L1","NeuralNetFastAI_r162_BAG_L1","NeuralNetFastAI_r196_BAG_L1","NeuralNetFastAI_r8_BAG_L1","NeuralNetFastAI_r92_BAG_L1","NeuralNetTorch_r130_BAG_L1","NeuralNetTorch_r166_BAG_L1","NeuralNetTorch_r41_BAG_L1","NeuralNetTorch_r59_BAG_L1","RandomForest_r141_BAG_L1"],"14":["CatBoost_r106_BAG_L1","CatBoost_r78_BAG_L1","ExtraTrees_r128_BAG_L1","ExtraTrees_r49_BAG_L1","NeuralNetFastAI_r147_BAG_L1","NeuralNetFastAI_r162_BAG_L1","NeuralNetFastAI_r196_BAG_L1","NeuralNetFastAI_r35_BAG_L1","NeuralNetFastAI_r38_BAG_L1","NeuralNetFastAI_r8_BAG_L1","NeuralNetFastAI_r92_BAG_L1","NeuralNetTorch_r130_BAG_L1","NeuralNetTorch_r166_BAG_L1","NeuralNetTorch_r174_BAG_L1","NeuralNetTorch_r41_BAG_L1","NeuralNetTorch_r59_BAG_L1","NeuralNetTorch_r79_BAG_L1","RandomForest_r141_BAG_L1","XGBoost_r73_BAG_L1"],"15":["CatBoost_r106_BAG_L1","CatBoost_r78_BAG_L1","ExtraTrees_r49_BAG_L1","FTTransformer_c4_BAG_L1","KNeighbors_r23_BAG_L1","LightGBM_r35_BAG_L1","NeuralNetFastAI_r147_BAG_L1","NeuralNetFastAI_r162_BAG_L1","NeuralNetFastAI_r196_BAG_L1","NeuralNetFastAI_r35_BAG_L1","NeuralNetFastAI_r38_BAG_L1","NeuralNetFastAI_r8_BAG_L1","NeuralNetFastAI_r92_BAG_L1","NeuralNetTorch_r130_BAG_L1","NeuralNetTorch_r166_BAG_L1","NeuralNetTorch_r174_BAG_L1","NeuralNetTorch_r41_BAG_L1","NeuralNetTorch_r59_BAG_L1","NeuralNetTorch_r67_BAG_L1","NeuralNetTorch_r79_BAG_L1","RandomForest_r141_BAG_L1","XGBoost_r73_BAG_L1"],"16":["CatBoost_r106_BAG_L1","CatBoost_r78_BAG_L1","FTTransformer_c5_BAG_L1","NeuralNetFastAI_r121_BAG_L1","NeuralNetTorch_r166_BAG_L1","TabPFN_c2_BAG_L1","XGBoost_r182_BAG_L1"],"17":["CatBoost_r106_BAG_L1","CatBoost_r78_BAG_L1","ExtraTrees_r128_BAG_L1","NeuralNetFastAI_r162_BAG_L1","NeuralNetFastAI_r196_BAG_L1","NeuralNetFastAI_r8_BAG_L1","NeuralNetFastAI_r92_BAG_L1","NeuralNetFastAI_r95_BAG_L1","NeuralNetTorch_r130_BAG_L1","NeuralNetTorch_r166_BAG_L1","NeuralNetTorch_r41_BAG_L1","NeuralNetTorch_r59_BAG_L1","RandomForest_r141_BAG_L1"],"18":["CatBoost_r106_BAG_L1","CatBoost_r78_BAG_L1","NeuralNetFastAI_r142_BAG_L1","NeuralNetFastAI_r162_BAG_L1","NeuralNetFastAI_r196_BAG_L1","NeuralNetFastAI_r92_BAG_L1","NeuralNetTorch_r130_BAG_L1","NeuralNetTorch_r166_BAG_L1","NeuralNetTorch_r41_BAG_L1","RandomForest_r141_BAG_L1"],"19":["CatBoost_r106_BAG_L1","CatBoost_r78_BAG_L1","ExtraTrees_r49_BAG_L1","LightGBM_r35_BAG_L1","NeuralNetFastAI_r147_BAG_L1","NeuralNetFastAI_r162_BAG_L1","NeuralNetFastAI_r196_BAG_L1","NeuralNetFastAI_r35_BAG_L1","NeuralNetFastAI_r38_BAG_L1","NeuralNetFastAI_r8_BAG_L1","NeuralNetFastAI_r92_BAG_L1","NeuralNetTorch_r130_BAG_L1","NeuralNetTorch_r166_BAG_L1","NeuralNetTorch_r174_BAG_L1","NeuralNetTorch_r41_BAG_L1","NeuralNetTorch_r59_BAG_L1","NeuralNetTorch_r79_BAG_L1","RandomForest_r141_BAG_L1","XGBoost_r73_BAG_L1"],"20":["CatBoost_r106_BAG_L1","CatBoost_r78_BAG_L1","ExtraTrees_r49_BAG_L1","LightGBM_r167_BAG_L1","NeuralNetFastAI_r147_BAG_L1","NeuralNetFastAI_r162_BAG_L1","NeuralNetFastAI_r196_BAG_L1","NeuralNetFastAI_r35_BAG_L1","NeuralNetFastAI_r38_BAG_L1","NeuralNetFastAI_r8_BAG_L1","NeuralNetFastAI_r92_BAG_L1","NeuralNetTorch_r130_BAG_L1","NeuralNetTorch_r166_BAG_L1","NeuralNetTorch_r174_BAG_L1","NeuralNetTorch_r41_BAG_L1","NeuralNetTorch_r59_BAG_L1","NeuralNetTorch_r79_BAG_L1","RandomForest_r141_BAG_L1","XGBoost_r73_BAG_L1"],"21":["CatBoost_r106_BAG_L1","CatBoost_r78_BAG_L1","ExtraTrees_r49_BAG_L1","LightGBM_r35_BAG_L1","NeuralNetFastAI_r147_BAG_L1","NeuralNetFastAI_r162_BAG_L1","NeuralNetFastAI_r196_BAG_L1","NeuralNetFastAI_r21_BAG_L1","NeuralNetFastAI_r35_BAG_L1","NeuralNetFastAI_r38_BAG_L1","NeuralNetFastAI_r8_BAG_L1","NeuralNetFastAI_r92_BAG_L1","NeuralNetTorch_r130_BAG_L1","NeuralNetTorch_r166_BAG_L1","NeuralNetTorch_r174_BAG_L1","NeuralNetTorch_r41_BAG_L1","NeuralNetTorch_r59_BAG_L1","NeuralNetTorch_r67_BAG_L1","NeuralNetTorch_r79_BAG_L1","RandomForest_r141_BAG_L1","XGBoost_r73_BAG_L1"],"22":["CatBoost_r106_BAG_L1","CatBoost_r78_BAG_L1","ExtraTrees_r49_BAG_L1","LightGBM_r35_BAG_L1","NeuralNetFastAI_r147_BAG_L1","NeuralNetFastAI_r156_BAG_L1","NeuralNetFastAI_r162_BAG_L1","NeuralNetFastAI_r196_BAG_L1","NeuralNetFastAI_r35_BAG_L1","NeuralNetFastAI_r38_BAG_L1","NeuralNetFastAI_r8_BAG_L1","NeuralNetFastAI_r92_BAG_L1","NeuralNetTorch_r130_BAG_L1","NeuralNetTorch_r166_BAG_L1","NeuralNetTorch_r174_BAG_L1","NeuralNetTorch_r41_BAG_L1","NeuralNetTorch_r59_BAG_L1","NeuralNetTorch_r67_BAG_L1","NeuralNetTorch_r79_BAG_L1","RandomForest_r141_BAG_L1","XGBoost_r73_BAG_L1"],"23":["CatBoost_r106_BAG_L1","ExtraTrees_r47_BAG_L1","NeuralNetTorch_r166_BAG_L1"],"24":["CatBoost_r106_BAG_L1","CatBoost_r78_BAG_L1","ExtraTrees_r49_BAG_L1","LightGBM_r35_BAG_L1","NeuralNetFastAI_r147_BAG_L1","NeuralNetFastAI_r162_BAG_L1","NeuralNetFastAI_r196_BAG_L1","NeuralNetFastAI_r35_BAG_L1","NeuralNetFastAI_r38_BAG_L1","NeuralNetFastAI_r8_BAG_L1","NeuralNetFastAI_r92_BAG_L1","NeuralNetTorch_r130_BAG_L1","NeuralNetTorch_r166_BAG_L1","NeuralNetTorch_r174_BAG_L1","NeuralNetTorch_r41_BAG_L1","NeuralNetTorch_r59_BAG_L1","NeuralNetTorch_r67_BAG_L1","NeuralNetTorch_r79_BAG_L1","RandomForest_r110_BAG_L1","RandomForest_r141_BAG_L1","XGBoost_r73_BAG_L1"],"25":["CatBoost_r106_BAG_L1","CatBoost_r78_BAG_L1","NeuralNetFastAI_r162_BAG_L1","NeuralNetFastAI_r196_BAG_L1","NeuralNetFastAI_r92_BAG_L1","NeuralNetTorch_r130_BAG_L1","NeuralNetTorch_r166_BAG_L1","NeuralNetTorch_r41_BAG_L1","NeuralNetTorch_r65_BAG_L1","RandomForest_r141_BAG_L1"],"26":["CatBoost_r106_BAG_L1","CatBoost_r78_BAG_L1","NeuralNetFastAI_r38_BAG_L1","NeuralNetFastAI_r92_BAG_L1","NeuralNetTorch_r130_BAG_L1","NeuralNetTorch_r166_BAG_L1","NeuralNetTorch_r41_BAG_L1","NeuralNetTorch_r79_BAG_L1","RandomForest_r141_BAG_L1","XGBoost_r73_BAG_L1"],"27":["CatBoost_r106_BAG_L1","CatBoost_r78_BAG_L1","ExtraTrees_r49_BAG_L1","FTTransformer_c4_BAG_L1","LightGBM_r35_BAG_L1","NeuralNetFastAI_r147_BAG_L1","NeuralNetFastAI_r156_BAG_L1","NeuralNetFastAI_r162_BAG_L1","NeuralNetFastAI_r196_BAG_L1","NeuralNetFastAI_r35_BAG_L1","NeuralNetFastAI_r38_BAG_L1","NeuralNetFastAI_r8_BAG_L1","NeuralNetFastAI_r92_BAG_L1","NeuralNetTorch_r130_BAG_L1","NeuralNetTorch_r166_BAG_L1","NeuralNetTorch_r174_BAG_L1","NeuralNetTorch_r41_BAG_L1","NeuralNetTorch_r59_BAG_L1","NeuralNetTorch_r67_BAG_L1","NeuralNetTorch_r79_BAG_L1","RandomForest_r141_BAG_L1","XGBoost_r73_BAG_L1"],"28":["NeuralNetFastAI_r92_BAG_L1","NeuralNetTorch_r130_BAG_L1","XGBoost_r47_BAG_L1"],"29":["NeuralNetFastAI_r142_BAG_L1","NeuralNetTorch_r166_BAG_L1","XGBoost_r179_BAG_L1"],"30":["CatBoost_r106_BAG_L1","LightGBM_r180_BAG_L1","NeuralNetFastAI_r92_BAG_L1","NeuralNetTorch_r130_BAG_L1","NeuralNetTorch_r166_BAG_L1"],"31":["CatBoost_r19_BAG_L1","NeuralNetTorch_r80_BAG_L1"],"32":["CatBoost_r106_BAG_L1","CatBoost_r48_BAG_L1","CatBoost_r78_BAG_L1","ExtraTrees_r128_BAG_L1","FTTransformer_c5_BAG_L1","NeuralNetFastAI_r162_BAG_L1","NeuralNetFastAI_r196_BAG_L1","NeuralNetFastAI_r8_BAG_L1","NeuralNetFastAI_r92_BAG_L1","NeuralNetFastAI_r95_BAG_L1","NeuralNetTorch_r130_BAG_L1","NeuralNetTorch_r166_BAG_L1","NeuralNetTorch_r41_BAG_L1","NeuralNetTorch_r59_BAG_L1","RandomForest_r141_BAG_L1"],"33":["CatBoost_r106_BAG_L1","CatBoost_r78_BAG_L1","ExtraTrees_r128_BAG_L1","FTTransformer_c5_BAG_L1","NeuralNetFastAI_r162_BAG_L1","NeuralNetFastAI_r196_BAG_L1","NeuralNetFastAI_r8_BAG_L1","NeuralNetFastAI_r92_BAG_L1","NeuralNetFastAI_r95_BAG_L1","NeuralNetTorch_r130_BAG_L1","NeuralNetTorch_r166_BAG_L1","NeuralNetTorch_r41_BAG_L1","NeuralNetTorch_r59_BAG_L1","RandomForest_r141_BAG_L1"],"34":["CatBoost_r106_BAG_L1","CatBoost_r78_BAG_L1","ExtraTrees_r128_BAG_L1","ExtraTrees_r49_BAG_L1","FTTransformer_c4_BAG_L1","FTTransformer_c5_BAG_L1","LightGBM_r35_BAG_L1","NeuralNetFastAI_r147_BAG_L1","NeuralNetFastAI_r162_BAG_L1","NeuralNetFastAI_r196_BAG_L1","NeuralNetFastAI_r35_BAG_L1","NeuralNetFastAI_r38_BAG_L1","NeuralNetFastAI_r8_BAG_L1","NeuralNetFastAI_r92_BAG_L1","NeuralNetFastAI_r95_BAG_L1","NeuralNetTorch_r130_BAG_L1","NeuralNetTorch_r166_BAG_L1","NeuralNetTorch_r174_BAG_L1","NeuralNetTorch_r41_BAG_L1","NeuralNetTorch_r59_BAG_L1","NeuralNetTorch_r67_BAG_L1","NeuralNetTorch_r79_BAG_L1","RandomForest_r141_BAG_L1","XGBoost_r73_BAG_L1"],"35":["CatBoost_r106_BAG_L1","CatBoost_r78_BAG_L1","ExtraTrees_r49_BAG_L1","FTTransformer_c4_BAG_L1","LightGBM_r35_BAG_L1","NeuralNetFastAI_r147_BAG_L1","NeuralNetFastAI_r162_BAG_L1","NeuralNetFastAI_r196_BAG_L1","NeuralNetFastAI_r35_BAG_L1","NeuralNetFastAI_r38_BAG_L1","NeuralNetFastAI_r8_BAG_L1","NeuralNetFastAI_r92_BAG_L1","NeuralNetTorch_r130_BAG_L1","NeuralNetTorch_r166_BAG_L1","NeuralNetTorch_r174_BAG_L1","NeuralNetTorch_r41_BAG_L1","NeuralNetTorch_r59_BAG_L1","NeuralNetTorch_r67_BAG_L1","NeuralNetTorch_r79_BAG_L1","RandomForest_r141_BAG_L1","XGBoost_r73_BAG_L1"]},"weights":{"0":[0.0833333333,0.0833333333,0.0833333333,0.0833333333,0.0833333333,0.0833333333,0.0833333333,0.0833333333,0.0833333333,0.0833333333,0.0833333333,0.0833333333],"1":[0.0666666667,0.0666666667,0.0666666667,0.0666666667,0.0666666667,0.0666666667,0.0666666667,0.0666666667,0.0666666667,0.1333333333,0.0666666667,0.0666666667,0.0666666667,0.0666666667],"2":[0.1,0.1,0.1,0.1,0.1,0.1,0.1,0.1,0.1,0.1],"3":[0.04,0.04,0.04,0.04,0.04,0.04,0.04,0.04,0.04,0.04,0.04,0.04,0.04,0.08,0.08,0.04,0.04,0.08,0.04,0.04,0.04,0.04],"4":[0.0526315789,0.0526315789,0.0526315789,0.0526315789,0.0526315789,0.0526315789,0.0526315789,0.0526315789,0.0526315789,0.0526315789,0.0526315789,0.1052631579,0.0526315789,0.0526315789,0.0526315789,0.0526315789,0.0526315789,0.0526315789],"5":[0.3333333333,0.3333333333,0.3333333333],"6":[0.0625,0.0625,0.0625,0.0625,0.0625,0.0625,0.0625,0.0625,0.0625,0.0625,0.125,0.0625,0.0625,0.0625,0.0625],"7":[0.0384615385,0.0384615385,0.0384615385,0.0384615385,0.0384615385,0.0384615385,0.0384615385,0.0384615385,0.0384615385,0.0384615385,0.0384615385,0.0384615385,0.0384615385,0.0769230769,0.0769230769,0.0384615385,0.0384615385,0.1153846154,0.0384615385,0.0384615385,0.0384615385,0.0384615385],"8":[0.3333333333,0.3333333333,0.3333333333],"9":[0.0769230769,0.0769230769,0.0769230769,0.0769230769,0.0769230769,0.0769230769,0.1538461538,0.0769230769,0.0769230769,0.0769230769,0.0769230769,0.0769230769],"10":[0.1666666667,0.1666666667,0.1666666667,0.1666666667,0.1666666667,0.1666666667],"11":[0.5,0.5],"12":[0.0454545455,0.0454545455,0.0454545455,0.0454545455,0.0454545455,0.0454545455,0.0454545455,0.0454545455,0.0454545455,0.0454545455,0.0454545455,0.0454545455,0.0909090909,0.0454545455,0.0454545455,0.0454545455,0.0454545455,0.0454545455,0.0454545455,0.0454545455,0.0454545455],"13":[0.0833333333,0.0833333333,0.0833333333,0.0833333333,0.0833333333,0.0833333333,0.1666666667,0.0833333333,0.0833333333,0.0833333333,0.0833333333],"14":[0.0476190476,0.0476190476,0.0476190476,0.0476190476,0.0476190476,0.0476190476,0.0476190476,0.0476190476,0.0476190476,0.0476190476,0.0476190476,0.0952380952,0.0476190476,0.0476190476,0.0476190476,0.0952380952,0.0476190476,0.0476190476,0.0476190476],"15":[0.0384615385,0.0384615385,0.0384615385,0.0384615385,0.0384615385,0.0384615385,0.0384615385,0.0384615385,0.0384615385,0.0384615385,0.0384615385,0.0384615385,0.0384615385,0.0769230769,0.0769230769,0.0384615385,0.0384615385,0.1153846154,0.0384615385,0.0384615385,0.0384615385,0.0384615385],"16":[0.1428571429,0.1428571429,0.1428571429,0.1428571429,0.1428571429,0.1428571429,0.1428571429],"17":[0.0714285714,0.0714285714,0.0714285714,0.0714285714,0.0714285714,0.0714285714,0.0714285714,0.0714285714,0.1428571429,0.0714285714,0.0714285714,0.0714285714,0.0714285714],"18":[0.1,0.1,0.1,0.1,0.1,0.1,0.1,0.1,0.1,0.1],"19":[0.0434782609,0.0434782609,0.0434782609,0.0434782609,0.0434782609,0.0434782609,0.0434782609,0.0434782609,0.0434782609,0.0434782609,0.0434782609,0.0869565217,0.0869565217,0.0434782609,0.0434782609,0.1304347826,0.0434782609,0.0434782609,0.0434782609],"20":[0.0434782609,0.0434782609,0.0434782609,0.0434782609,0.0434782609,0.0434782609,0.0434782609,0.0434782609,0.0434782609,0.0434782609,0.0434782609,0.0869565217,0.0869565217,0.0434782609,0.0434782609,0.1304347826,0.0434782609,0.0434782609,0.0434782609],"21":[0.04,0.04,0.04,0.04,0.04,0.04,0.04,0.04,0.04,0.04,0.04,0.04,0.08,0.08,0.04,0.04,0.12,0.04,0.04,0.04,0.04],"22":[0.04,0.04,0.04,0.04,0.04,0.04,0.04,0.04,0.04,0.04,0.04,0.04,0.08,0.08,0.04,0.04,0.12,0.04,0.04,0.04,0.04],"23":[0.3333333333,0.3333333333,0.3333333333],"24":[0.04,0.04,0.04,0.04,0.04,0.04,0.04,0.04,0.04,0.04,0.04,0.08,0.08,0.04,0.04,0.12,0.04,0.04,0.04,0.04,0.04],"25":[0.1,0.1,0.1,0.1,0.1,0.1,0.1,0.1,0.1,0.1],"26":[0.1,0.1,0.1,0.1,0.1,0.1,0.1,0.1,0.1,0.1],"27":[0.0384615385,0.0384615385,0.0384615385,0.0384615385,0.0384615385,0.0384615385,0.0384615385,0.0384615385,0.0384615385,0.0384615385,0.0384615385,0.0384615385,0.0384615385,0.0769230769,0.0769230769,0.0384615385,0.0384615385,0.1153846154,0.0384615385,0.0384615385,0.0384615385,0.0384615385],"28":[0.3333333333,0.3333333333,0.3333333333],"29":[0.3333333333,0.3333333333,0.3333333333],"30":[0.2,0.2,0.2,0.2,0.2],"31":[0.5,0.5],"32":[0.0625,0.0625,0.0625,0.0625,0.0625,0.0625,0.0625,0.0625,0.0625,0.0625,0.125,0.0625,0.0625,0.0625,0.0625],"33":[0.0666666667,0.0666666667,0.0666666667,0.0666666667,0.0666666667,0.0666666667,0.0666666667,0.0666666667,0.0666666667,0.1333333333,0.0666666667,0.0666666667,0.0666666667,0.0666666667],"34":[0.037037037,0.037037037,0.037037037,0.037037037,0.037037037,0.037037037,0.037037037,0.037037037,0.037037037,0.037037037,0.037037037,0.037037037,0.037037037,0.037037037,0.037037037,0.0740740741,0.0740740741,0.037037037,0.037037037,0.0740740741,0.037037037,0.037037037,0.037037037,0.037037037],"35":[0.04,0.04,0.04,0.04,0.04,0.04,0.04,0.04,0.04,0.04,0.04,0.04,0.08,0.08,0.04,0.04,0.12,0.04,0.04,0.04,0.04]},"meta":{"0":10,"1":7,"2":10,"3":10,"4":12,"5":14,"6":25,"7":25,"8":3,"9":3,"10":5,"11":10,"12":15,"13":15,"14":13,"15":25,"16":26,"17":19,"18":2,"19":3,"20":3,"21":2,"22":3,"23":6,"24":12,"25":23,"26":21,"27":16,"28":16,"29":22,"30":23,"31":26,"32":25,"33":25,"34":26,"35":27},"task":{"0":"359958_2","1":"359958_2","2":"359958_2","3":"359958_2","4":"359958_2","5":"359958_2","6":"359958_2","7":"359958_2","8":"359958_2","9":"359958_2","10":"359958_2","11":"359958_2","12":"359958_2","13":"359958_2","14":"359958_2","15":"359958_2","16":"359958_2","17":"359958_2","18":"359958_2","19":"359958_2","20":"359958_2","21":"359958_2","22":"359958_2","23":"359958_2","24":"359958_2","25":"359958_2","26":"359958_2","27":"359958_2","28":"359958_2","29":"359958_2","30":"359958_2","31":"359958_2","32":"359958_2","33":"359958_2","34":"359958_2","35":"359958_2"},"dataset":{"0":"pc4","1":"pc4","2":"pc4","3":"pc4","4":"pc4","5":"pc4","6":"pc4","7":"pc4","8":"pc4","9":"pc4","10":"pc4","11":"pc4","12":"pc4","13":"pc4","14":"pc4","15":"pc4","16":"pc4","17":"pc4","18":"pc4","19":"pc4","20":"pc4","21":"pc4","22":"pc4","23":"pc4","24":"pc4","25":"pc4","26":"pc4","27":"pc4","28":"pc4","29":"pc4","30":"pc4","31":"pc4","32":"pc4","33":"pc4","34":"pc4","35":"pc4"},"fold":{"0":2,"1":2,"2":2,"3":2,"4":2,"5":2,"6":2,"7":2,"8":2,"9":2,"10":2,"11":2,"12":2,"13":2,"14":2,"15":2,"16":2,"17":2,"18":2,"19":2,"20":2,"21":2,"22":2,"23":2,"24":2,"25":2,"26":2,"27":2,"28":2,"29":2,"30":2,"31":2,"32":2,"33":2,"34":2,"35":2},"method":{"0":"ENS_SIZE_QDO","1":"ENS_SIZE_QDO","2":"ENS_SIZE_QDO","3":"ENS_SIZE_QDO","4":"ENS_SIZE_QDO","5":"ENS_SIZE_QDO","6":"ENS_SIZE_QDO","7":"ENS_SIZE_QDO","8":"ENS_SIZE_QDO","9":"ENS_SIZE_QDO","10":"ENS_SIZE_QDO","11":"ENS_SIZE_QDO","12":"ENS_SIZE_QDO","13":"ENS_SIZE_QDO","14":"ENS_SIZE_QDO","15":"ENS_SIZE_QDO","16":"ENS_SIZE_QDO","17":"ENS_SIZE_QDO","18":"ENS_SIZE_QDO","19":"ENS_SIZE_QDO","20":"ENS_SIZE_QDO","21":"ENS_SIZE_QDO","22":"ENS_SIZE_QDO","23":"ENS_SIZE_QDO","24":"ENS_SIZE_QDO","25":"ENS_SIZE_QDO","26":"ENS_SIZE_QDO","27":"ENS_SIZE_QDO","28":"ENS_SIZE_QDO","29":"ENS_SIZE_QDO","30":"ENS_SIZE_QDO","31":"ENS_SIZE_QDO","32":"ENS_SIZE_QDO","33":"ENS_SIZE_QDO","34":"ENS_SIZE_QDO","35":"ENS_SIZE_QDO"}}