{"name":{"0":"ENS_SIZE_QDO_0","1":"ENS_SIZE_QDO_1","2":"ENS_SIZE_QDO_2","3":"ENS_SIZE_QDO_3","4":"ENS_SIZE_QDO_4","5":"ENS_SIZE_QDO_5","6":"ENS_SIZE_QDO_6","7":"ENS_SIZE_QDO_7","8":"ENS_SIZE_QDO_8","9":"ENS_SIZE_QDO_9","10":"ENS_SIZE_QDO_10","11":"ENS_SIZE_QDO_11","12":"ENS_SIZE_QDO_12","13":"ENS_SIZE_QDO_13","14":"ENS_SIZE_QDO_14","15":"ENS_SIZE_QDO_15","16":"ENS_SIZE_QDO_16","17":"ENS_SIZE_QDO_17","18":"ENS_SIZE_QDO_18","19":"ENS_SIZE_QDO_19","20":"ENS_SIZE_QDO_20","21":"ENS_SIZE_QDO_21","22":"ENS_SIZE_QDO_22","23":"ENS_SIZE_QDO_23","24":"ENS_SIZE_QDO_24","25":"ENS_SIZE_QDO_25","26":"ENS_SIZE_QDO_26","27":"ENS_SIZE_QDO_27","28":"ENS_SIZE_QDO_28","29":"ENS_SIZE_QDO_29","30":"ENS_SIZE_QDO_30","31":"ENS_SIZE_QDO_31","32":"ENS_SIZE_QDO_32","33":"ENS_SIZE_QDO_33","34":"ENS_SIZE_QDO_34","35":"ENS_SIZE_QDO_35","36":"ENS_SIZE_QDO_36"},"roc_auc_val":{"0":0.9944610979,"1":0.9931626226,"2":0.9937551887,"3":0.9945292033,"4":0.992859877,"5":0.9943606799,"6":0.9928504317,"7":0.9938809598,"8":0.9945640016,"9":0.9942016017,"10":0.9944536411,"11":0.993814843,"12":0.9937348068,"13":0.994419837,"14":0.994553065,"15":0.994582395,"16":0.9943726107,"17":0.9930229321,"18":0.99414841,"19":0.9945038502,"20":0.993889908,"21":0.9942980428,"22":0.9938928907,"23":0.9942085614,"24":0.99078689,"25":0.9938436759,"26":0.9920724402,"27":0.9928792647,"28":0.9908336192,"29":0.9896390418,"30":0.9922906755,"31":0.9917279366,"32":0.9936120184,"33":0.9943283671,"34":0.9943800675,"35":0.9942498223,"36":0.9944859539},"roc_auc_test":{"0":0.9903025446,"1":0.9868563414,"2":0.9878982168,"3":0.9901823282,"4":0.985173312,"5":0.989821679,"6":0.9886595873,"7":0.9889400922,"8":0.9899819675,"9":0.9895411741,"10":0.9899819675,"11":0.9889400922,"12":0.9872971348,"13":0.9902224003,"14":0.9901823282,"15":0.9903025446,"16":0.9898617512,"17":0.9880985774,"18":0.9893808856,"19":0.9903826888,"20":0.9894610299,"21":0.9900220397,"22":0.9897014626,"23":0.9896613905,"24":0.9836104989,"25":0.9882187938,"26":0.9859747546,"27":0.988258866,"28":0.9878982168,"29":0.981166099,"30":0.984251653,"31":0.9878982168,"32":0.9877780004,"33":0.9900220397,"34":0.9897415348,"35":0.9897415348,"36":0.9898617512},"models_used":{"0":["CatBoost_r103_BAG_L1","CatBoost_r183_BAG_L1","CatBoost_r185_BAG_L1","CatBoost_r188_BAG_L1","CatBoost_r19_BAG_L1","CatBoost_r85_BAG_L1","LightGBM_r7_BAG_L1","NeuralNetFastAI_r109_BAG_L1","NeuralNetFastAI_r11_BAG_L1","NeuralNetFastAI_r136_BAG_L1","NeuralNetFastAI_r16_BAG_L1","NeuralNetFastAI_r173_BAG_L1","NeuralNetFastAI_r193_BAG_L1","NeuralNetTorch_r117_BAG_L1","NeuralNetTorch_r143_BAG_L1","NeuralNetTorch_r29_BAG_L1","NeuralNetTorch_r37_BAG_L1","NeuralNetTorch_r43_BAG_L1","NeuralNetTorch_r57_BAG_L1","NeuralNetTorch_r76_BAG_L1","NeuralNetTorch_r80_BAG_L1","XGBoost_r190_BAG_L1"],"1":["CatBoost_r19_BAG_L1","NeuralNetFastAI_r11_BAG_L1","NeuralNetTorch_r29_BAG_L1","NeuralNetTorch_r63_BAG_L1","NeuralNetTorch_r80_BAG_L1","XGBoost_r190_BAG_L1"],"2":["CatBoost_r103_BAG_L1","CatBoost_r183_BAG_L1","CatBoost_r185_BAG_L1","CatBoost_r188_BAG_L1","CatBoost_r19_BAG_L1","NeuralNetFastAI_r109_BAG_L1","NeuralNetFastAI_r173_BAG_L1","NeuralNetTorch_r143_BAG_L1","NeuralNetTorch_r29_BAG_L1","NeuralNetTorch_r80_BAG_L1","XGBoost_r190_BAG_L1"],"3":["CatBoost_r103_BAG_L1","CatBoost_r183_BAG_L1","CatBoost_r185_BAG_L1","CatBoost_r188_BAG_L1","CatBoost_r19_BAG_L1","CatBoost_r85_BAG_L1","LightGBM_r7_BAG_L1","NeuralNetFastAI_r109_BAG_L1","NeuralNetFastAI_r11_BAG_L1","NeuralNetFastAI_r136_BAG_L1","NeuralNetFastAI_r16_BAG_L1","NeuralNetFastAI_r173_BAG_L1","NeuralNetFastAI_r193_BAG_L1","NeuralNetTorch_r117_BAG_L1","NeuralNetTorch_r143_BAG_L1","NeuralNetTorch_r29_BAG_L1","NeuralNetTorch_r37_BAG_L1","NeuralNetTorch_r43_BAG_L1","NeuralNetTorch_r57_BAG_L1","NeuralNetTorch_r74_BAG_L1","NeuralNetTorch_r76_BAG_L1","NeuralNetTorch_r80_BAG_L1","NeuralNetTorch_r88_BAG_L1","NeuralNetTorch_r89_BAG_L1","XGBoost_r190_BAG_L1"],"4":["CatBoost_r188_BAG_L1","NeuralNetTorch_r29_BAG_L1","XGBoost_r190_BAG_L1"],"5":["CatBoost_r103_BAG_L1","CatBoost_r183_BAG_L1","CatBoost_r185_BAG_L1","CatBoost_r188_BAG_L1","CatBoost_r19_BAG_L1","LightGBM_r7_BAG_L1","NeuralNetFastAI_r109_BAG_L1","NeuralNetFastAI_r11_BAG_L1","NeuralNetFastAI_r136_BAG_L1","NeuralNetFastAI_r16_BAG_L1","NeuralNetFastAI_r173_BAG_L1","NeuralNetFastAI_r193_BAG_L1","NeuralNetTorch_r117_BAG_L1","NeuralNetTorch_r143_BAG_L1","NeuralNetTorch_r29_BAG_L1","NeuralNetTorch_r37_BAG_L1","NeuralNetTorch_r43_BAG_L1","NeuralNetTorch_r57_BAG_L1","NeuralNetTorch_r74_BAG_L1","NeuralNetTorch_r80_BAG_L1","XGBoost_r190_BAG_L1"],"6":["CatBoost_r19_BAG_L1","KNeighbors_r15_BAG_L1","NeuralNetFastAI_r11_BAG_L1","NeuralNetTorch_r104_BAG_L1","NeuralNetTorch_r143_BAG_L1","NeuralNetTorch_r29_BAG_L1","NeuralNetTorch_r80_BAG_L1","NeuralNetTorch_r87_BAG_L1","XGBoost_r190_BAG_L1"],"7":["CatBoost_r103_BAG_L1","CatBoost_r183_BAG_L1","CatBoost_r185_BAG_L1","CatBoost_r188_BAG_L1","CatBoost_r19_BAG_L1","KNeighbors_c2_BAG_L1","NeuralNetFastAI_r109_BAG_L1","NeuralNetFastAI_r136_BAG_L1","NeuralNetFastAI_r173_BAG_L1","NeuralNetTorch_r143_BAG_L1","NeuralNetTorch_r29_BAG_L1","NeuralNetTorch_r37_BAG_L1","NeuralNetTorch_r43_BAG_L1","NeuralNetTorch_r74_BAG_L1","NeuralNetTorch_r80_BAG_L1","XGBoost_r190_BAG_L1"],"8":["CatBoost_r103_BAG_L1","CatBoost_r127_BAG_L1","CatBoost_r183_BAG_L1","CatBoost_r185_BAG_L1","CatBoost_r188_BAG_L1","CatBoost_r19_BAG_L1","CatBoost_r31_BAG_L1","CatBoost_r85_BAG_L1","LightGBM_r7_BAG_L1","NeuralNetFastAI_r109_BAG_L1","NeuralNetFastAI_r11_BAG_L1","NeuralNetFastAI_r136_BAG_L1","NeuralNetFastAI_r16_BAG_L1","NeuralNetFastAI_r173_BAG_L1","NeuralNetFastAI_r193_BAG_L1","NeuralNetTorch_r117_BAG_L1","NeuralNetTorch_r143_BAG_L1","NeuralNetTorch_r19_BAG_L1","NeuralNetTorch_r29_BAG_L1","NeuralNetTorch_r37_BAG_L1","NeuralNetTorch_r43_BAG_L1","NeuralNetTorch_r57_BAG_L1","NeuralNetTorch_r74_BAG_L1","NeuralNetTorch_r76_BAG_L1","NeuralNetTorch_r80_BAG_L1","NeuralNetTorch_r88_BAG_L1","NeuralNetTorch_r89_BAG_L1","XGBoost_r190_BAG_L1"],"9":["CatBoost_r103_BAG_L1","CatBoost_r127_BAG_L1","CatBoost_r183_BAG_L1","CatBoost_r185_BAG_L1","CatBoost_r188_BAG_L1","CatBoost_r19_BAG_L1","CatBoost_r70_BAG_L1","CatBoost_r85_BAG_L1","KNeighbors_r15_BAG_L1","LightGBM_r7_BAG_L1","NeuralNetFastAI_r109_BAG_L1","NeuralNetFastAI_r11_BAG_L1","NeuralNetFastAI_r136_BAG_L1","NeuralNetFastAI_r16_BAG_L1","NeuralNetFastAI_r173_BAG_L1","NeuralNetFastAI_r193_BAG_L1","NeuralNetTorch_r104_BAG_L1","NeuralNetTorch_r117_BAG_L1","NeuralNetTorch_r141_BAG_L1","NeuralNetTorch_r143_BAG_L1","NeuralNetTorch_r19_BAG_L1","NeuralNetTorch_r29_BAG_L1","NeuralNetTorch_r37_BAG_L1","NeuralNetTorch_r43_BAG_L1","NeuralNetTorch_r57_BAG_L1","NeuralNetTorch_r74_BAG_L1","NeuralNetTorch_r76_BAG_L1","NeuralNetTorch_r80_BAG_L1","NeuralNetTorch_r88_BAG_L1","NeuralNetTorch_r89_BAG_L1","RandomForest_r98_BAG_L1","XGBoost_r190_BAG_L1"],"10":["CatBoost_r103_BAG_L1","CatBoost_r183_BAG_L1","CatBoost_r185_BAG_L1","CatBoost_r188_BAG_L1","CatBoost_r19_BAG_L1","CatBoost_r3_BAG_L1","CatBoost_r85_BAG_L1","LightGBM_r7_BAG_L1","NeuralNetFastAI_r109_BAG_L1","NeuralNetFastAI_r11_BAG_L1","NeuralNetFastAI_r136_BAG_L1","NeuralNetFastAI_r16_BAG_L1","NeuralNetFastAI_r173_BAG_L1","NeuralNetFastAI_r193_BAG_L1","NeuralNetTorch_r117_BAG_L1","NeuralNetTorch_r143_BAG_L1","NeuralNetTorch_r29_BAG_L1","NeuralNetTorch_r37_BAG_L1","NeuralNetTorch_r43_BAG_L1","NeuralNetTorch_r57_BAG_L1","NeuralNetTorch_r76_BAG_L1","NeuralNetTorch_r80_BAG_L1","XGBoost_r190_BAG_L1"],"11":["CatBoost_r103_BAG_L1","CatBoost_r183_BAG_L1","CatBoost_r185_BAG_L1","CatBoost_r19_BAG_L1","ExtraTrees_r68_BAG_L1","NeuralNetFastAI_r109_BAG_L1","NeuralNetFastAI_r136_BAG_L1","NeuralNetFastAI_r173_BAG_L1","NeuralNetTorch_r143_BAG_L1","NeuralNetTorch_r29_BAG_L1","NeuralNetTorch_r37_BAG_L1","NeuralNetTorch_r43_BAG_L1","NeuralNetTorch_r57_BAG_L1","NeuralNetTorch_r80_BAG_L1","XGBoost_r190_BAG_L1"],"12":["CatBoost_r19_BAG_L1","NeuralNetFastAI_r11_BAG_L1","NeuralNetTorch_r29_BAG_L1","NeuralNetTorch_r80_BAG_L1","XGBoost_r190_BAG_L1"],"13":["CatBoost_r103_BAG_L1","CatBoost_r183_BAG_L1","CatBoost_r185_BAG_L1","CatBoost_r188_BAG_L1","CatBoost_r19_BAG_L1","LightGBM_r7_BAG_L1","NeuralNetFastAI_r109_BAG_L1","NeuralNetFastAI_r11_BAG_L1","NeuralNetFastAI_r136_BAG_L1","NeuralNetFastAI_r16_BAG_L1","NeuralNetFastAI_r173_BAG_L1","NeuralNetFastAI_r193_BAG_L1","NeuralNetTorch_r117_BAG_L1","NeuralNetTorch_r143_BAG_L1","NeuralNetTorch_r29_BAG_L1","NeuralNetTorch_r37_BAG_L1","NeuralNetTorch_r43_BAG_L1","NeuralNetTorch_r57_BAG_L1","NeuralNetTorch_r76_BAG_L1","NeuralNetTorch_r80_BAG_L1","XGBoost_r190_BAG_L1"],"14":["CatBoost_r103_BAG_L1","CatBoost_r183_BAG_L1","CatBoost_r185_BAG_L1","CatBoost_r188_BAG_L1","CatBoost_r19_BAG_L1","CatBoost_r85_BAG_L1","LightGBM_r7_BAG_L1","NeuralNetFastAI_r109_BAG_L1","NeuralNetFastAI_r11_BAG_L1","NeuralNetFastAI_r136_BAG_L1","NeuralNetFastAI_r16_BAG_L1","NeuralNetFastAI_r173_BAG_L1","NeuralNetFastAI_r193_BAG_L1","NeuralNetTorch_r117_BAG_L1","NeuralNetTorch_r143_BAG_L1","NeuralNetTorch_r19_BAG_L1","NeuralNetTorch_r29_BAG_L1","NeuralNetTorch_r37_BAG_L1","NeuralNetTorch_r43_BAG_L1","NeuralNetTorch_r57_BAG_L1","NeuralNetTorch_r74_BAG_L1","NeuralNetTorch_r76_BAG_L1","NeuralNetTorch_r80_BAG_L1","NeuralNetTorch_r88_BAG_L1","NeuralNetTorch_r89_BAG_L1","XGBoost_r190_BAG_L1"],"15":["CatBoost_r103_BAG_L1","CatBoost_r127_BAG_L1","CatBoost_r183_BAG_L1","CatBoost_r185_BAG_L1","CatBoost_r188_BAG_L1","CatBoost_r19_BAG_L1","CatBoost_r85_BAG_L1","LightGBM_r7_BAG_L1","NeuralNetFastAI_r109_BAG_L1","NeuralNetFastAI_r11_BAG_L1","NeuralNetFastAI_r136_BAG_L1","NeuralNetFastAI_r16_BAG_L1","NeuralNetFastAI_r173_BAG_L1","NeuralNetFastAI_r193_BAG_L1","NeuralNetTorch_r117_BAG_L1","NeuralNetTorch_r143_BAG_L1","NeuralNetTorch_r19_BAG_L1","NeuralNetTorch_r29_BAG_L1","NeuralNetTorch_r37_BAG_L1","NeuralNetTorch_r43_BAG_L1","NeuralNetTorch_r57_BAG_L1","NeuralNetTorch_r74_BAG_L1","NeuralNetTorch_r76_BAG_L1","NeuralNetTorch_r80_BAG_L1","NeuralNetTorch_r88_BAG_L1","NeuralNetTorch_r89_BAG_L1","XGBoost_r190_BAG_L1"],"16":["CatBoost_r103_BAG_L1","CatBoost_r13_BAG_L1","CatBoost_r183_BAG_L1","CatBoost_r185_BAG_L1","CatBoost_r188_BAG_L1","CatBoost_r19_BAG_L1","LightGBM_r7_BAG_L1","NeuralNetFastAI_r109_BAG_L1","NeuralNetFastAI_r11_BAG_L1","NeuralNetFastAI_r136_BAG_L1","NeuralNetFastAI_r16_BAG_L1","NeuralNetFastAI_r173_BAG_L1","NeuralNetFastAI_r193_BAG_L1","NeuralNetTorch_r117_BAG_L1","NeuralNetTorch_r143_BAG_L1","NeuralNetTorch_r29_BAG_L1","NeuralNetTorch_r37_BAG_L1","NeuralNetTorch_r43_BAG_L1","NeuralNetTorch_r57_BAG_L1","NeuralNetTorch_r80_BAG_L1","XGBoost_r190_BAG_L1"],"17":["CatBoost_r19_BAG_L1","CatBoost_r85_BAG_L1","KNeighbors_r15_BAG_L1","NeuralNetFastAI_r11_BAG_L1","NeuralNetTorch_r104_BAG_L1","NeuralNetTorch_r143_BAG_L1","NeuralNetTorch_r29_BAG_L1","NeuralNetTorch_r80_BAG_L1","NeuralNetTorch_r87_BAG_L1","XGBoost_r190_BAG_L1","XGBoost_r94_BAG_L1"],"18":["CatBoost_r103_BAG_L1","CatBoost_r127_BAG_L1","CatBoost_r183_BAG_L1","CatBoost_r185_BAG_L1","CatBoost_r19_BAG_L1","NeuralNetFastAI_r109_BAG_L1","NeuralNetFastAI_r136_BAG_L1","NeuralNetFastAI_r173_BAG_L1","NeuralNetTorch_r143_BAG_L1","NeuralNetTorch_r176_BAG_L1","NeuralNetTorch_r29_BAG_L1","NeuralNetTorch_r37_BAG_L1","NeuralNetTorch_r43_BAG_L1","NeuralNetTorch_r80_BAG_L1","XGBoost_r190_BAG_L1"],"19":["CatBoost_r103_BAG_L1","CatBoost_r183_BAG_L1","CatBoost_r185_BAG_L1","CatBoost_r188_BAG_L1","CatBoost_r19_BAG_L1","CatBoost_r85_BAG_L1","LightGBM_r7_BAG_L1","NeuralNetFastAI_r109_BAG_L1","NeuralNetFastAI_r11_BAG_L1","NeuralNetFastAI_r136_BAG_L1","NeuralNetFastAI_r16_BAG_L1","NeuralNetFastAI_r173_BAG_L1","NeuralNetFastAI_r193_BAG_L1","NeuralNetTorch_r117_BAG_L1","NeuralNetTorch_r143_BAG_L1","NeuralNetTorch_r29_BAG_L1","NeuralNetTorch_r37_BAG_L1","NeuralNetTorch_r43_BAG_L1","NeuralNetTorch_r57_BAG_L1","NeuralNetTorch_r76_BAG_L1","NeuralNetTorch_r80_BAG_L1","NeuralNetTorch_r89_BAG_L1","XGBoost_r190_BAG_L1"],"20":["CatBoost_r103_BAG_L1","CatBoost_r183_BAG_L1","CatBoost_r185_BAG_L1","CatBoost_r188_BAG_L1","CatBoost_r19_BAG_L1","KNeighbors_r15_BAG_L1","NeuralNetFastAI_r109_BAG_L1","NeuralNetFastAI_r11_BAG_L1","NeuralNetFastAI_r136_BAG_L1","NeuralNetFastAI_r16_BAG_L1","NeuralNetFastAI_r173_BAG_L1","NeuralNetFastAI_r193_BAG_L1","NeuralNetTorch_r117_BAG_L1","NeuralNetTorch_r141_BAG_L1","NeuralNetTorch_r143_BAG_L1","NeuralNetTorch_r29_BAG_L1","NeuralNetTorch_r37_BAG_L1","NeuralNetTorch_r43_BAG_L1","NeuralNetTorch_r57_BAG_L1","NeuralNetTorch_r80_BAG_L1","RandomForest_r98_BAG_L1","XGBoost_r190_BAG_L1"],"21":["CatBoost_r103_BAG_L1","CatBoost_r183_BAG_L1","CatBoost_r185_BAG_L1","CatBoost_r188_BAG_L1","CatBoost_r19_BAG_L1","KNeighbors_c1_BAG_L1","LightGBM_r7_BAG_L1","NeuralNetFastAI_r109_BAG_L1","NeuralNetFastAI_r11_BAG_L1","NeuralNetFastAI_r136_BAG_L1","NeuralNetFastAI_r16_BAG_L1","NeuralNetFastAI_r173_BAG_L1","NeuralNetFastAI_r193_BAG_L1","NeuralNetTorch_r117_BAG_L1","NeuralNetTorch_r143_BAG_L1","NeuralNetTorch_r29_BAG_L1","NeuralNetTorch_r37_BAG_L1","NeuralNetTorch_r43_BAG_L1","NeuralNetTorch_r57_BAG_L1","NeuralNetTorch_r76_BAG_L1","NeuralNetTorch_r80_BAG_L1","XGBoost_r190_BAG_L1"],"22":["CatBoost_r103_BAG_L1","CatBoost_r183_BAG_L1","CatBoost_r185_BAG_L1","CatBoost_r188_BAG_L1","CatBoost_r19_BAG_L1","KNeighbors_r15_BAG_L1","LightGBM_r7_BAG_L1","NeuralNetFastAI_r109_BAG_L1","NeuralNetFastAI_r11_BAG_L1","NeuralNetFastAI_r136_BAG_L1","NeuralNetFastAI_r16_BAG_L1","NeuralNetFastAI_r173_BAG_L1","NeuralNetFastAI_r193_BAG_L1","NeuralNetTorch_r104_BAG_L1","NeuralNetTorch_r117_BAG_L1","NeuralNetTorch_r141_BAG_L1","NeuralNetTorch_r143_BAG_L1","NeuralNetTorch_r29_BAG_L1","NeuralNetTorch_r37_BAG_L1","NeuralNetTorch_r43_BAG_L1","NeuralNetTorch_r57_BAG_L1","NeuralNetTorch_r80_BAG_L1","RandomForest_r98_BAG_L1","XGBoost_r190_BAG_L1"],"23":["CatBoost_r103_BAG_L1","CatBoost_r183_BAG_L1","CatBoost_r185_BAG_L1","CatBoost_r19_BAG_L1","NeuralNetFastAI_r109_BAG_L1","NeuralNetFastAI_r136_BAG_L1","NeuralNetFastAI_r16_BAG_L1","NeuralNetFastAI_r173_BAG_L1","NeuralNetTorch_r143_BAG_L1","NeuralNetTorch_r29_BAG_L1","NeuralNetTorch_r37_BAG_L1","NeuralNetTorch_r43_BAG_L1","NeuralNetTorch_r57_BAG_L1","NeuralNetTorch_r74_BAG_L1","NeuralNetTorch_r80_BAG_L1","XGBoost_r190_BAG_L1"],"24":["NeuralNetTorch_r29_BAG_L1","NeuralNetTorch_r49_BAG_L1","XGBoost_r190_BAG_L1"],"25":["CatBoost_r103_BAG_L1","CatBoost_r183_BAG_L1","CatBoost_r185_BAG_L1","CatBoost_r19_BAG_L1","NeuralNetFastAI_r109_BAG_L1","NeuralNetFastAI_r173_BAG_L1","NeuralNetTorch_r143_BAG_L1","NeuralNetTorch_r29_BAG_L1","NeuralNetTorch_r37_BAG_L1","NeuralNetTorch_r80_BAG_L1","XGBoost_r190_BAG_L1"],"26":["NeuralNetTorch_r29_BAG_L1","XGBoost_r190_BAG_L1"],"27":["CatBoost_r19_BAG_L1","KNeighbors_r15_BAG_L1","NeuralNetFastAI_r11_BAG_L1","NeuralNetTorch_r104_BAG_L1","NeuralNetTorch_r143_BAG_L1","NeuralNetTorch_r29_BAG_L1","NeuralNetTorch_r80_BAG_L1","NeuralNetTorch_r87_BAG_L1","XGBoost_r190_BAG_L1","XGBoost_r94_BAG_L1"],"28":["CatBoost_r14_BAG_L1","NeuralNetTorch_r117_BAG_L1"],"29":["CatBoost_r19_BAG_L1","NeuralNetTorch_r80_BAG_L1","RandomForest_r190_BAG_L1"],"30":["CatBoost_r19_BAG_L1","NeuralNetTorch_r143_BAG_L1","NeuralNetTorch_r80_BAG_L1"],"31":["CatBoost_r199_BAG_L1","NeuralNetFastAI_r120_BAG_L1"],"32":["CatBoost_r103_BAG_L1","CatBoost_r183_BAG_L1","CatBoost_r185_BAG_L1","CatBoost_r188_BAG_L1","CatBoost_r19_BAG_L1","LightGBM_r84_BAG_L1","NeuralNetFastAI_r109_BAG_L1","NeuralNetFastAI_r173_BAG_L1","NeuralNetTorch_r143_BAG_L1","NeuralNetTorch_r29_BAG_L1","NeuralNetTorch_r80_BAG_L1","XGBoost_r190_BAG_L1"],"33":["CatBoost_r103_BAG_L1","CatBoost_r183_BAG_L1","CatBoost_r185_BAG_L1","CatBoost_r19_BAG_L1","NeuralNetFastAI_r109_BAG_L1","NeuralNetFastAI_r136_BAG_L1","NeuralNetFastAI_r16_BAG_L1","NeuralNetFastAI_r173_BAG_L1","NeuralNetTorch_r143_BAG_L1","NeuralNetTorch_r29_BAG_L1","NeuralNetTorch_r37_BAG_L1","NeuralNetTorch_r43_BAG_L1","NeuralNetTorch_r57_BAG_L1","NeuralNetTorch_r76_BAG_L1","NeuralNetTorch_r80_BAG_L1","XGBoost_r190_BAG_L1"],"34":["CatBoost_r103_BAG_L1","CatBoost_r183_BAG_L1","CatBoost_r185_BAG_L1","CatBoost_r188_BAG_L1","CatBoost_r19_BAG_L1","CatBoost_r85_BAG_L1","KNeighbors_r4_BAG_L1","LightGBM_r7_BAG_L1","NeuralNetFastAI_r109_BAG_L1","NeuralNetFastAI_r11_BAG_L1","NeuralNetFastAI_r136_BAG_L1","NeuralNetFastAI_r16_BAG_L1","NeuralNetFastAI_r173_BAG_L1","NeuralNetFastAI_r193_BAG_L1","NeuralNetTorch_r117_BAG_L1","NeuralNetTorch_r143_BAG_L1","NeuralNetTorch_r29_BAG_L1","NeuralNetTorch_r37_BAG_L1","NeuralNetTorch_r43_BAG_L1","NeuralNetTorch_r57_BAG_L1","NeuralNetTorch_r74_BAG_L1","NeuralNetTorch_r76_BAG_L1","NeuralNetTorch_r80_BAG_L1","NeuralNetTorch_r88_BAG_L1","XGBoost_r190_BAG_L1"],"35":["CatBoost_r103_BAG_L1","CatBoost_r183_BAG_L1","CatBoost_r185_BAG_L1","CatBoost_r188_BAG_L1","CatBoost_r19_BAG_L1","NeuralNetFastAI_r109_BAG_L1","NeuralNetFastAI_r136_BAG_L1","NeuralNetFastAI_r16_BAG_L1","NeuralNetFastAI_r173_BAG_L1","NeuralNetTorch_r143_BAG_L1","NeuralNetTorch_r29_BAG_L1","NeuralNetTorch_r37_BAG_L1","NeuralNetTorch_r43_BAG_L1","NeuralNetTorch_r57_BAG_L1","NeuralNetTorch_r80_BAG_L1","XGBoost_r190_BAG_L1"],"36":["CatBoost_r103_BAG_L1","CatBoost_r106_BAG_L1","CatBoost_r183_BAG_L1","CatBoost_r185_BAG_L1","CatBoost_r188_BAG_L1","CatBoost_r19_BAG_L1","CatBoost_r85_BAG_L1","LightGBM_r7_BAG_L1","NeuralNetFastAI_r109_BAG_L1","NeuralNetFastAI_r11_BAG_L1","NeuralNetFastAI_r136_BAG_L1","NeuralNetFastAI_r16_BAG_L1","NeuralNetFastAI_r173_BAG_L1","NeuralNetFastAI_r193_BAG_L1","NeuralNetTorch_r117_BAG_L1","NeuralNetTorch_r143_BAG_L1","NeuralNetTorch_r29_BAG_L1","NeuralNetTorch_r37_BAG_L1","NeuralNetTorch_r43_BAG_L1","NeuralNetTorch_r57_BAG_L1","NeuralNetTorch_r74_BAG_L1","NeuralNetTorch_r76_BAG_L1","NeuralNetTorch_r80_BAG_L1","NeuralNetTorch_r88_BAG_L1","XGBoost_r190_BAG_L1"]},"weights":{"0":[0.04,0.04,0.04,0.04,0.04,0.04,0.04,0.04,0.04,0.04,0.04,0.04,0.04,0.04,0.04,0.04,0.04,0.08,0.08,0.08,0.04,0.04],"1":[0.1666666667,0.1666666667,0.1666666667,0.1666666667,0.1666666667,0.1666666667],"2":[0.0909090909,0.0909090909,0.0909090909,0.0909090909,0.0909090909,0.0909090909,0.0909090909,0.0909090909,0.0909090909,0.0909090909,0.0909090909],"3":[0.0357142857,0.0357142857,0.0357142857,0.0357142857,0.0357142857,0.0357142857,0.0357142857,0.0357142857,0.0357142857,0.0357142857,0.0357142857,0.0357142857,0.0357142857,0.0357142857,0.0357142857,0.0357142857,0.0357142857,0.0714285714,0.0714285714,0.0357142857,0.0714285714,0.0357142857,0.0357142857,0.0357142857,0.0357142857],"4":[0.3333333333,0.3333333333,0.3333333333],"5":[0.0454545455,0.0454545455,0.0454545455,0.0454545455,0.0454545455,0.0454545455,0.0454545455,0.0454545455,0.0454545455,0.0454545455,0.0454545455,0.0454545455,0.0454545455,0.0454545455,0.0454545455,0.0454545455,0.0454545455,0.0909090909,0.0454545455,0.0454545455,0.0454545455],"6":[0.1111111111,0.1111111111,0.1111111111,0.1111111111,0.1111111111,0.1111111111,0.1111111111,0.1111111111,0.1111111111],"7":[0.0625,0.0625,0.0625,0.0625,0.0625,0.0625,0.0625,0.0625,0.0625,0.0625,0.0625,0.0625,0.0625,0.0625,0.0625,0.0625],"8":[0.03125,0.03125,0.03125,0.03125,0.03125,0.03125,0.03125,0.03125,0.03125,0.03125,0.03125,0.03125,0.03125,0.03125,0.0625,0.03125,0.03125,0.03125,0.03125,0.03125,0.0625,0.0625,0.03125,0.0625,0.03125,0.03125,0.03125,0.03125],"9":[0.0285714286,0.0285714286,0.0285714286,0.0285714286,0.0285714286,0.0285714286,0.0285714286,0.0285714286,0.0285714286,0.0285714286,0.0285714286,0.0285714286,0.0285714286,0.0285714286,0.0285714286,0.0285714286,0.0285714286,0.0285714286,0.0285714286,0.0285714286,0.0285714286,0.0285714286,0.0285714286,0.0571428571,0.0571428571,0.0285714286,0.0571428571,0.0285714286,0.0285714286,0.0285714286,0.0285714286,0.0285714286],"10":[0.0384615385,0.0384615385,0.0384615385,0.0384615385,0.0384615385,0.0384615385,0.0384615385,0.0384615385,0.0384615385,0.0384615385,0.0384615385,0.0384615385,0.0384615385,0.0384615385,0.0384615385,0.0384615385,0.0384615385,0.0384615385,0.0769230769,0.0769230769,0.0769230769,0.0384615385,0.0384615385],"11":[0.0666666667,0.0666666667,0.0666666667,0.0666666667,0.0666666667,0.0666666667,0.0666666667,0.0666666667,0.0666666667,0.0666666667,0.0666666667,0.0666666667,0.0666666667,0.0666666667,0.0666666667],"12":[0.2,0.2,0.2,0.2,0.2],"13":[0.0454545455,0.0454545455,0.0454545455,0.0454545455,0.0454545455,0.0454545455,0.0454545455,0.0454545455,0.0454545455,0.0454545455,0.0454545455,0.0454545455,0.0454545455,0.0454545455,0.0454545455,0.0454545455,0.0454545455,0.0909090909,0.0454545455,0.0454545455,0.0454545455],"14":[0.0344827586,0.0344827586,0.0344827586,0.0344827586,0.0344827586,0.0344827586,0.0344827586,0.0344827586,0.0344827586,0.0344827586,0.0344827586,0.0344827586,0.0344827586,0.0344827586,0.0344827586,0.0344827586,0.0344827586,0.0344827586,0.0689655172,0.0689655172,0.0344827586,0.0689655172,0.0344827586,0.0344827586,0.0344827586,0.0344827586],"15":[0.0322580645,0.0322580645,0.0322580645,0.0322580645,0.0322580645,0.0322580645,0.0322580645,0.0322580645,0.0322580645,0.0322580645,0.0322580645,0.0322580645,0.0322580645,0.064516129,0.0322580645,0.0322580645,0.0322580645,0.0322580645,0.0322580645,0.064516129,0.064516129,0.0322580645,0.064516129,0.0322580645,0.0322580645,0.0322580645,0.0322580645],"16":[0.0454545455,0.0454545455,0.0454545455,0.0454545455,0.0454545455,0.0454545455,0.0454545455,0.0454545455,0.0454545455,0.0454545455,0.0454545455,0.0454545455,0.0454545455,0.0454545455,0.0454545455,0.0454545455,0.0454545455,0.0454545455,0.0909090909,0.0454545455,0.0454545455],"17":[0.0909090909,0.0909090909,0.0909090909,0.0909090909,0.0909090909,0.0909090909,0.0909090909,0.0909090909,0.0909090909,0.0909090909,0.0909090909],"18":[0.0666666667,0.0666666667,0.0666666667,0.0666666667,0.0666666667,0.0666666667,0.0666666667,0.0666666667,0.0666666667,0.0666666667,0.0666666667,0.0666666667,0.0666666667,0.0666666667,0.0666666667],"19":[0.0384615385,0.0384615385,0.0384615385,0.0384615385,0.0384615385,0.0384615385,0.0384615385,0.0384615385,0.0384615385,0.0384615385,0.0384615385,0.0384615385,0.0384615385,0.0384615385,0.0384615385,0.0384615385,0.0384615385,0.0769230769,0.0769230769,0.0769230769,0.0384615385,0.0384615385,0.0384615385],"20":[0.0454545455,0.0454545455,0.0454545455,0.0454545455,0.0454545455,0.0454545455,0.0454545455,0.0454545455,0.0454545455,0.0454545455,0.0454545455,0.0454545455,0.0454545455,0.0454545455,0.0454545455,0.0454545455,0.0454545455,0.0454545455,0.0454545455,0.0454545455,0.0454545455,0.0454545455],"21":[0.0434782609,0.0434782609,0.0434782609,0.0434782609,0.0434782609,0.0434782609,0.0434782609,0.0434782609,0.0434782609,0.0434782609,0.0434782609,0.0434782609,0.0434782609,0.0434782609,0.0434782609,0.0434782609,0.0434782609,0.0434782609,0.0869565217,0.0434782609,0.0434782609,0.0434782609],"22":[0.0416666667,0.0416666667,0.0416666667,0.0416666667,0.0416666667,0.0416666667,0.0416666667,0.0416666667,0.0416666667,0.0416666667,0.0416666667,0.0416666667,0.0416666667,0.0416666667,0.0416666667,0.0416666667,0.0416666667,0.0416666667,0.0416666667,0.0416666667,0.0416666667,0.0416666667,0.0416666667,0.0416666667],"23":[0.0625,0.0625,0.0625,0.0625,0.0625,0.0625,0.0625,0.0625,0.0625,0.0625,0.0625,0.0625,0.0625,0.0625,0.0625,0.0625],"24":[0.3333333333,0.3333333333,0.3333333333],"25":[0.0909090909,0.0909090909,0.0909090909,0.0909090909,0.0909090909,0.0909090909,0.0909090909,0.0909090909,0.0909090909,0.0909090909,0.0909090909],"26":[0.5,0.5],"27":[0.1,0.1,0.1,0.1,0.1,0.1,0.1,0.1,0.1,0.1],"28":[0.5,0.5],"29":[0.3333333333,0.3333333333,0.3333333333],"30":[0.3333333333,0.3333333333,0.3333333333],"31":[0.5,0.5],"32":[0.0833333333,0.0833333333,0.0833333333,0.0833333333,0.0833333333,0.0833333333,0.0833333333,0.0833333333,0.0833333333,0.0833333333,0.0833333333,0.0833333333],"33":[0.0625,0.0625,0.0625,0.0625,0.0625,0.0625,0.0625,0.0625,0.0625,0.0625,0.0625,0.0625,0.0625,0.0625,0.0625,0.0625],"34":[0.037037037,0.037037037,0.037037037,0.037037037,0.037037037,0.037037037,0.037037037,0.037037037,0.037037037,0.037037037,0.037037037,0.037037037,0.037037037,0.037037037,0.037037037,0.037037037,0.037037037,0.037037037,0.0740740741,0.0740740741,0.037037037,0.037037037,0.037037037,0.037037037,0.037037037],"35":[0.0625,0.0625,0.0625,0.0625,0.0625,0.0625,0.0625,0.0625,0.0625,0.0625,0.0625,0.0625,0.0625,0.0625,0.0625,0.0625],"36":[0.037037037,0.037037037,0.037037037,0.037037037,0.037037037,0.037037037,0.037037037,0.037037037,0.037037037,0.037037037,0.037037037,0.037037037,0.037037037,0.037037037,0.037037037,0.037037037,0.037037037,0.037037037,0.0740740741,0.0740740741,0.037037037,0.037037037,0.037037037,0.037037037,0.037037037]},"meta":{"0":11,"1":10,"2":9,"3":16,"4":16,"5":29,"6":26,"7":11,"8":5,"9":6,"10":3,"11":11,"12":16,"13":15,"14":35,"15":31,"16":22,"17":16,"18":3,"19":3,"20":2,"21":2,"22":3,"23":2,"24":15,"25":22,"26":22,"27":25,"28":22,"29":23,"30":27,"31":24,"32":12,"33":26,"34":27,"35":28,"36":32},"task":{"0":"189922_2","1":"189922_2","2":"189922_2","3":"189922_2","4":"189922_2","5":"189922_2","6":"189922_2","7":"189922_2","8":"189922_2","9":"189922_2","10":"189922_2","11":"189922_2","12":"189922_2","13":"189922_2","14":"189922_2","15":"189922_2","16":"189922_2","17":"189922_2","18":"189922_2","19":"189922_2","20":"189922_2","21":"189922_2","22":"189922_2","23":"189922_2","24":"189922_2","25":"189922_2","26":"189922_2","27":"189922_2","28":"189922_2","29":"189922_2","30":"189922_2","31":"189922_2","32":"189922_2","33":"189922_2","34":"189922_2","35":"189922_2","36":"189922_2"},"dataset":{"0":"gina","1":"gina","2":"gina","3":"gina","4":"gina","5":"gina","6":"gina","7":"gina","8":"gina","9":"gina","10":"gina","11":"gina","12":"gina","13":"gina","14":"gina","15":"gina","16":"gina","17":"gina","18":"gina","19":"gina","20":"gina","21":"gina","22":"gina","23":"gina","24":"gina","25":"gina","26":"gina","27":"gina","28":"gina","29":"gina","30":"gina","31":"gina","32":"gina","33":"gina","34":"gina","35":"gina","36":"gina"},"fold":{"0":2,"1":2,"2":2,"3":2,"4":2,"5":2,"6":2,"7":2,"8":2,"9":2,"10":2,"11":2,"12":2,"13":2,"14":2,"15":2,"16":2,"17":2,"18":2,"19":2,"20":2,"21":2,"22":2,"23":2,"24":2,"25":2,"26":2,"27":2,"28":2,"29":2,"30":2,"31":2,"32":2,"33":2,"34":2,"35":2,"36":2},"method":{"0":"ENS_SIZE_QDO","1":"ENS_SIZE_QDO","2":"ENS_SIZE_QDO","3":"ENS_SIZE_QDO","4":"ENS_SIZE_QDO","5":"ENS_SIZE_QDO","6":"ENS_SIZE_QDO","7":"ENS_SIZE_QDO","8":"ENS_SIZE_QDO","9":"ENS_SIZE_QDO","10":"ENS_SIZE_QDO","11":"ENS_SIZE_QDO","12":"ENS_SIZE_QDO","13":"ENS_SIZE_QDO","14":"ENS_SIZE_QDO","15":"ENS_SIZE_QDO","16":"ENS_SIZE_QDO","17":"ENS_SIZE_QDO","18":"ENS_SIZE_QDO","19":"ENS_SIZE_QDO","20":"ENS_SIZE_QDO","21":"ENS_SIZE_QDO","22":"ENS_SIZE_QDO","23":"ENS_SIZE_QDO","24":"ENS_SIZE_QDO","25":"ENS_SIZE_QDO","26":"ENS_SIZE_QDO","27":"ENS_SIZE_QDO","28":"ENS_SIZE_QDO","29":"ENS_SIZE_QDO","30":"ENS_SIZE_QDO","31":"ENS_SIZE_QDO","32":"ENS_SIZE_QDO","33":"ENS_SIZE_QDO","34":"ENS_SIZE_QDO","35":"ENS_SIZE_QDO","36":"ENS_SIZE_QDO"}}