{"name":{"0":"ENS_SIZE_QDO_0","1":"ENS_SIZE_QDO_1","2":"ENS_SIZE_QDO_2","3":"ENS_SIZE_QDO_3","4":"ENS_SIZE_QDO_4","5":"ENS_SIZE_QDO_5","6":"ENS_SIZE_QDO_6","7":"ENS_SIZE_QDO_7","8":"ENS_SIZE_QDO_8","9":"ENS_SIZE_QDO_9","10":"ENS_SIZE_QDO_10","11":"ENS_SIZE_QDO_11","12":"ENS_SIZE_QDO_12","13":"ENS_SIZE_QDO_13","14":"ENS_SIZE_QDO_14","15":"ENS_SIZE_QDO_15","16":"ENS_SIZE_QDO_16","17":"ENS_SIZE_QDO_17","18":"ENS_SIZE_QDO_18","19":"ENS_SIZE_QDO_19","20":"ENS_SIZE_QDO_20","21":"ENS_SIZE_QDO_21","22":"ENS_SIZE_QDO_22","23":"ENS_SIZE_QDO_23","24":"ENS_SIZE_QDO_24","25":"ENS_SIZE_QDO_25","26":"ENS_SIZE_QDO_26","27":"ENS_SIZE_QDO_27","28":"ENS_SIZE_QDO_28","29":"ENS_SIZE_QDO_29","30":"ENS_SIZE_QDO_30","31":"ENS_SIZE_QDO_31","32":"ENS_SIZE_QDO_32","33":"ENS_SIZE_QDO_33","34":"ENS_SIZE_QDO_34","35":"ENS_SIZE_QDO_35","36":"ENS_SIZE_QDO_36","37":"ENS_SIZE_QDO_37"},"roc_auc_val":{"0":0.9766292135,"1":0.983030303,"2":0.9853864488,"3":0.9855226422,"4":0.9849370106,"5":0.9857677903,"6":0.9855498808,"7":0.9682941777,"8":0.9836976507,"9":0.9836023153,"10":0.9825536261,"11":0.9856724549,"12":0.9857950289,"13":0.9854817841,"14":0.9724616956,"15":0.9842288049,"16":0.9849506299,"17":0.9816683691,"18":0.9813278856,"19":0.9848416752,"20":0.9710589036,"21":0.9823493361,"22":0.968144365,"23":0.9857405516,"24":0.9832890705,"25":0.9848552945,"26":0.9856588355,"27":0.9857814096,"28":0.9842832823,"29":0.9846646238,"30":0.9854954035,"31":0.9828532516,"32":0.9684984678,"33":0.9838474634,"34":0.9783861083,"35":0.9840108955,"36":0.9857814096,"37":0.9807558733},"roc_auc_test":{"0":0.9776286353,"1":0.9832214765,"2":0.9832214765,"3":0.985458613,"4":0.9832214765,"5":0.9843400447,"6":0.9832214765,"7":0.98098434,"8":0.9832214765,"9":0.9832214765,"10":0.985458613,"11":0.9832214765,"12":0.9843400447,"13":0.9832214765,"14":0.9765100671,"15":0.9832214765,"16":0.9832214765,"17":0.9821029083,"18":0.9798657718,"19":0.985458613,"20":0.9821029083,"21":0.9832214765,"22":0.9865771812,"23":0.9832214765,"24":0.9832214765,"25":0.9832214765,"26":0.9832214765,"27":0.985458613,"28":0.9821029083,"29":0.9832214765,"30":0.9832214765,"31":0.9843400447,"32":0.9720357942,"33":0.9832214765,"34":0.9821029083,"35":0.9821029083,"36":0.9843400447,"37":0.9821029083},"models_used":{"0":["NeuralNetFastAI_r104_BAG_L1","NeuralNetFastAI_r165_BAG_L1","NeuralNetTorch_r49_BAG_L1"],"1":["LightGBM_r115_BAG_L1","LightGBM_r81_BAG_L1","NeuralNetFastAI_r104_BAG_L1","NeuralNetFastAI_r165_BAG_L1","NeuralNetTorch_r130_BAG_L1","NeuralNetTorch_r142_BAG_L1","NeuralNetTorch_r161_BAG_L1","NeuralNetTorch_r41_BAG_L1"],"2":["ExtraTrees_r68_BAG_L1","KNeighbors_r17_BAG_L1","LightGBM_r115_BAG_L1","LightGBM_r200_BAG_L1","LightGBM_r81_BAG_L1","NeuralNetFastAI_r104_BAG_L1","NeuralNetFastAI_r134_BAG_L1","NeuralNetFastAI_r165_BAG_L1","NeuralNetFastAI_r21_BAG_L1","NeuralNetFastAI_r59_BAG_L1","NeuralNetTorch_r122_BAG_L1","NeuralNetTorch_r142_BAG_L1","NeuralNetTorch_r161_BAG_L1","NeuralNetTorch_r176_BAG_L1","NeuralNetTorch_r41_BAG_L1","NeuralNetTorch_r92_BAG_L1"],"3":["KNeighbors_r17_BAG_L1","LightGBM_r115_BAG_L1","LightGBM_r81_BAG_L1","NeuralNetFastAI_r104_BAG_L1","NeuralNetFastAI_r134_BAG_L1","NeuralNetFastAI_r165_BAG_L1","NeuralNetFastAI_r59_BAG_L1","NeuralNetTorch_r142_BAG_L1","NeuralNetTorch_r161_BAG_L1","NeuralNetTorch_r176_BAG_L1","NeuralNetTorch_r41_BAG_L1","NeuralNetTorch_r4_BAG_L1"],"4":["ExtraTrees_r68_BAG_L1","KNeighbors_r17_BAG_L1","LightGBM_r115_BAG_L1","LightGBM_r81_BAG_L1","NeuralNetFastAI_r104_BAG_L1","NeuralNetFastAI_r134_BAG_L1","NeuralNetFastAI_r165_BAG_L1","NeuralNetFastAI_r21_BAG_L1","NeuralNetFastAI_r59_BAG_L1","NeuralNetTorch_r142_BAG_L1","NeuralNetTorch_r161_BAG_L1","NeuralNetTorch_r176_BAG_L1","NeuralNetTorch_r41_BAG_L1"],"5":["KNeighbors_r17_BAG_L1","LightGBM_r115_BAG_L1","LightGBM_r200_BAG_L1","LightGBM_r81_BAG_L1","NeuralNetFastAI_r104_BAG_L1","NeuralNetFastAI_r134_BAG_L1","NeuralNetFastAI_r165_BAG_L1","NeuralNetFastAI_r59_BAG_L1","NeuralNetTorch_r142_BAG_L1","NeuralNetTorch_r161_BAG_L1","NeuralNetTorch_r176_BAG_L1","NeuralNetTorch_r41_BAG_L1","NeuralNetTorch_r92_BAG_L1"],"6":["KNeighbors_r17_BAG_L1","LightGBM_r115_BAG_L1","LightGBM_r181_BAG_L1","LightGBM_r81_BAG_L1","NeuralNetFastAI_r104_BAG_L1","NeuralNetFastAI_r134_BAG_L1","NeuralNetFastAI_r165_BAG_L1","NeuralNetFastAI_r59_BAG_L1","NeuralNetTorch_r142_BAG_L1","NeuralNetTorch_r161_BAG_L1","NeuralNetTorch_r176_BAG_L1","NeuralNetTorch_r41_BAG_L1"],"7":["ExtraTrees_r181_BAG_L1","NeuralNetFastAI_r4_BAG_L1","NeuralNetTorch_r42_BAG_L1"],"8":["LightGBM_r115_BAG_L1","LightGBM_r121_BAG_L1","LightGBM_r81_BAG_L1","NeuralNetFastAI_r104_BAG_L1","NeuralNetFastAI_r165_BAG_L1","NeuralNetFastAI_r59_BAG_L1","NeuralNetTorch_r142_BAG_L1","NeuralNetTorch_r161_BAG_L1","NeuralNetTorch_r41_BAG_L1"],"9":["LightGBM_r115_BAG_L1","LightGBM_r81_BAG_L1","NeuralNetFastAI_r104_BAG_L1","NeuralNetFastAI_r12_BAG_L1","NeuralNetFastAI_r165_BAG_L1","NeuralNetTorch_r142_BAG_L1","NeuralNetTorch_r161_BAG_L1","NeuralNetTorch_r41_BAG_L1"],"10":["LightGBM_r115_BAG_L1","LightGBM_r81_BAG_L1","NeuralNetFastAI_r104_BAG_L1","NeuralNetFastAI_r165_BAG_L1","NeuralNetTorch_r130_BAG_L1","NeuralNetTorch_r142_BAG_L1","NeuralNetTorch_r161_BAG_L1","NeuralNetTorch_r41_BAG_L1","NeuralNetTorch_r52_BAG_L1"],"11":["KNeighbors_r17_BAG_L1","LightGBM_r115_BAG_L1","LightGBM_r81_BAG_L1","NeuralNetFastAI_r104_BAG_L1","NeuralNetFastAI_r134_BAG_L1","NeuralNetFastAI_r165_BAG_L1","NeuralNetFastAI_r59_BAG_L1","NeuralNetTorch_r142_BAG_L1","NeuralNetTorch_r161_BAG_L1","NeuralNetTorch_r176_BAG_L1","NeuralNetTorch_r41_BAG_L1","NeuralNetTorch_r92_BAG_L1"],"12":["KNeighbors_r17_BAG_L1","LightGBM_r115_BAG_L1","LightGBM_r175_BAG_L1","LightGBM_r200_BAG_L1","LightGBM_r81_BAG_L1","NeuralNetFastAI_r104_BAG_L1","NeuralNetFastAI_r134_BAG_L1","NeuralNetFastAI_r165_BAG_L1","NeuralNetFastAI_r59_BAG_L1","NeuralNetTorch_r122_BAG_L1","NeuralNetTorch_r142_BAG_L1","NeuralNetTorch_r161_BAG_L1","NeuralNetTorch_r176_BAG_L1","NeuralNetTorch_r41_BAG_L1","NeuralNetTorch_r92_BAG_L1"],"13":["KNeighbors_r17_BAG_L1","LightGBM_r115_BAG_L1","LightGBM_r81_BAG_L1","NeuralNetFastAI_r104_BAG_L1","NeuralNetFastAI_r134_BAG_L1","NeuralNetFastAI_r165_BAG_L1","NeuralNetFastAI_r59_BAG_L1","NeuralNetTorch_r142_BAG_L1","NeuralNetTorch_r161_BAG_L1","NeuralNetTorch_r41_BAG_L1"],"14":["NeuralNetFastAI_r104_BAG_L1","NeuralNetFastAI_r165_BAG_L1","RandomForest_r113_BAG_L1"],"15":["LightGBM_r113_BAG_L1","LightGBM_r115_BAG_L1","LightGBM_r195_BAG_L1","LightGBM_r81_BAG_L1","NeuralNetFastAI_r104_BAG_L1","NeuralNetFastAI_r134_BAG_L1","NeuralNetFastAI_r165_BAG_L1","NeuralNetFastAI_r59_BAG_L1","NeuralNetTorch_r142_BAG_L1","NeuralNetTorch_r161_BAG_L1","NeuralNetTorch_r41_BAG_L1"],"16":["ExtraTrees_r68_BAG_L1","KNeighbors_r17_BAG_L1","LightGBM_r115_BAG_L1","LightGBM_r81_BAG_L1","NeuralNetFastAI_r104_BAG_L1","NeuralNetFastAI_r134_BAG_L1","NeuralNetFastAI_r142_BAG_L1","NeuralNetFastAI_r165_BAG_L1","NeuralNetFastAI_r21_BAG_L1","NeuralNetFastAI_r59_BAG_L1","NeuralNetTorch_r142_BAG_L1","NeuralNetTorch_r161_BAG_L1","NeuralNetTorch_r176_BAG_L1","NeuralNetTorch_r41_BAG_L1","NeuralNetTorch_r92_BAG_L1"],"17":["LightGBM_r8_BAG_L1","NeuralNetFastAI_r104_BAG_L1","NeuralNetFastAI_r115_BAG_L1","NeuralNetFastAI_r165_BAG_L1","NeuralNetTorch_r142_BAG_L1","NeuralNetTorch_r41_BAG_L1"],"18":["NeuralNetFastAI_r104_BAG_L1","NeuralNetFastAI_r165_BAG_L1","NeuralNetTorch_r142_BAG_L1"],"19":["KNeighbors_r17_BAG_L1","LightGBM_r115_BAG_L1","LightGBM_r118_BAG_L1","LightGBM_r186_BAG_L1","LightGBM_r81_BAG_L1","NeuralNetFastAI_r104_BAG_L1","NeuralNetFastAI_r134_BAG_L1","NeuralNetFastAI_r165_BAG_L1","NeuralNetFastAI_r59_BAG_L1","NeuralNetTorch_r142_BAG_L1","NeuralNetTorch_r161_BAG_L1","NeuralNetTorch_r176_BAG_L1","NeuralNetTorch_r41_BAG_L1"],"20":["LightGBM_r185_BAG_L1","LightGBM_r8_BAG_L1","NeuralNetFastAI_r115_BAG_L1"],"21":["LightGBM_r115_BAG_L1","LightGBM_r187_BAG_L1","LightGBM_r81_BAG_L1","NeuralNetFastAI_r104_BAG_L1","NeuralNetFastAI_r165_BAG_L1","NeuralNetTorch_r142_BAG_L1","NeuralNetTorch_r161_BAG_L1","NeuralNetTorch_r41_BAG_L1"],"22":["LightGBM_r48_BAG_L1","NeuralNetTorch_r186_BAG_L1"],"23":["KNeighbors_r17_BAG_L1","LightGBM_r115_BAG_L1","LightGBM_r200_BAG_L1","LightGBM_r81_BAG_L1","NeuralNetFastAI_r104_BAG_L1","NeuralNetFastAI_r12_BAG_L1","NeuralNetFastAI_r134_BAG_L1","NeuralNetFastAI_r165_BAG_L1","NeuralNetFastAI_r59_BAG_L1","NeuralNetTorch_r122_BAG_L1","NeuralNetTorch_r142_BAG_L1","NeuralNetTorch_r161_BAG_L1","NeuralNetTorch_r176_BAG_L1","NeuralNetTorch_r41_BAG_L1","NeuralNetTorch_r92_BAG_L1"],"24":["ExtraTrees_r68_BAG_L1","KNeighbors_r17_BAG_L1","LightGBM_r115_BAG_L1","LightGBM_r81_BAG_L1","NeuralNetFastAI_r104_BAG_L1","NeuralNetFastAI_r131_BAG_L1","NeuralNetFastAI_r134_BAG_L1","NeuralNetFastAI_r165_BAG_L1","NeuralNetFastAI_r21_BAG_L1","NeuralNetFastAI_r59_BAG_L1","NeuralNetTorch_r142_BAG_L1","NeuralNetTorch_r161_BAG_L1","NeuralNetTorch_r41_BAG_L1"],"25":["KNeighbors_r17_BAG_L1","LightGBM_r115_BAG_L1","LightGBM_r81_BAG_L1","LightGBM_r8_BAG_L1","NeuralNetFastAI_r104_BAG_L1","NeuralNetFastAI_r115_BAG_L1","NeuralNetFastAI_r134_BAG_L1","NeuralNetFastAI_r165_BAG_L1","NeuralNetFastAI_r59_BAG_L1","NeuralNetTorch_r142_BAG_L1","NeuralNetTorch_r161_BAG_L1","NeuralNetTorch_r41_BAG_L1"],"26":["KNeighbors_r17_BAG_L1","LightGBM_r115_BAG_L1","LightGBM_r81_BAG_L1","NeuralNetFastAI_r104_BAG_L1","NeuralNetFastAI_r134_BAG_L1","NeuralNetFastAI_r165_BAG_L1","NeuralNetFastAI_r59_BAG_L1","NeuralNetTorch_r141_BAG_L1","NeuralNetTorch_r142_BAG_L1","NeuralNetTorch_r161_BAG_L1","NeuralNetTorch_r176_BAG_L1","NeuralNetTorch_r41_BAG_L1","NeuralNetTorch_r92_BAG_L1"],"27":["KNeighbors_r17_BAG_L1","LightGBM_r115_BAG_L1","LightGBM_r175_BAG_L1","LightGBM_r188_BAG_L1","LightGBM_r200_BAG_L1","LightGBM_r81_BAG_L1","NeuralNetFastAI_r104_BAG_L1","NeuralNetFastAI_r134_BAG_L1","NeuralNetFastAI_r165_BAG_L1","NeuralNetFastAI_r59_BAG_L1","NeuralNetTorch_r122_BAG_L1","NeuralNetTorch_r142_BAG_L1","NeuralNetTorch_r161_BAG_L1","NeuralNetTorch_r176_BAG_L1","NeuralNetTorch_r41_BAG_L1","NeuralNetTorch_r92_BAG_L1"],"28":["LightGBM_r115_BAG_L1","LightGBM_r81_BAG_L1","NeuralNetFastAI_r104_BAG_L1","NeuralNetFastAI_r134_BAG_L1","NeuralNetFastAI_r165_BAG_L1","NeuralNetFastAI_r59_BAG_L1","NeuralNetTorch_r142_BAG_L1","NeuralNetTorch_r161_BAG_L1","NeuralNetTorch_r41_BAG_L1","NeuralNetTorch_r96_BAG_L1"],"29":["LightGBM_r115_BAG_L1","LightGBM_r33_BAG_L1","LightGBM_r81_BAG_L1","NeuralNetFastAI_r104_BAG_L1","NeuralNetFastAI_r134_BAG_L1","NeuralNetFastAI_r165_BAG_L1","NeuralNetFastAI_r59_BAG_L1","NeuralNetTorch_r142_BAG_L1","NeuralNetTorch_r161_BAG_L1","NeuralNetTorch_r41_BAG_L1"],"30":["CatBoost_r16_BAG_L1","KNeighbors_r17_BAG_L1","LightGBM_r115_BAG_L1","LightGBM_r81_BAG_L1","NeuralNetFastAI_r104_BAG_L1","NeuralNetFastAI_r134_BAG_L1","NeuralNetFastAI_r165_BAG_L1","NeuralNetFastAI_r59_BAG_L1","NeuralNetTorch_r142_BAG_L1","NeuralNetTorch_r161_BAG_L1","NeuralNetTorch_r176_BAG_L1","NeuralNetTorch_r41_BAG_L1","NeuralNetTorch_r92_BAG_L1"],"31":["LightGBM_r115_BAG_L1","LightGBM_r81_BAG_L1","NeuralNetFastAI_r104_BAG_L1","NeuralNetFastAI_r12_BAG_L1","NeuralNetFastAI_r165_BAG_L1","NeuralNetTorch_r142_BAG_L1","NeuralNetTorch_r161_BAG_L1","NeuralNetTorch_r41_BAG_L1","NeuralNetTorch_r43_BAG_L1"],"32":["KNeighbors_r14_BAG_L1","NeuralNetFastAI_r104_BAG_L1","NeuralNetFastAI_r165_BAG_L1"],"33":["LightGBM_r115_BAG_L1","LightGBM_r81_BAG_L1","NeuralNetFastAI_r104_BAG_L1","NeuralNetFastAI_r165_BAG_L1","NeuralNetFastAI_r59_BAG_L1","NeuralNetTorch_r142_BAG_L1","NeuralNetTorch_r161_BAG_L1","NeuralNetTorch_r41_BAG_L1"],"34":["LightGBM_r71_BAG_L1","LightGBM_r8_BAG_L1","NeuralNetFastAI_r104_BAG_L1","NeuralNetFastAI_r115_BAG_L1","NeuralNetFastAI_r165_BAG_L1"],"35":["KNeighbors_r17_BAG_L1","LightGBM_r115_BAG_L1","LightGBM_r81_BAG_L1","NeuralNetFastAI_r104_BAG_L1","NeuralNetFastAI_r134_BAG_L1","NeuralNetFastAI_r165_BAG_L1","NeuralNetFastAI_r192_BAG_L1","NeuralNetFastAI_r59_BAG_L1","NeuralNetTorch_r142_BAG_L1","NeuralNetTorch_r161_BAG_L1","NeuralNetTorch_r41_BAG_L1"],"36":["KNeighbors_r17_BAG_L1","LightGBM_r115_BAG_L1","LightGBM_r200_BAG_L1","LightGBM_r81_BAG_L1","NeuralNetFastAI_r104_BAG_L1","NeuralNetFastAI_r134_BAG_L1","NeuralNetFastAI_r165_BAG_L1","NeuralNetFastAI_r59_BAG_L1","NeuralNetTorch_r122_BAG_L1","NeuralNetTorch_r142_BAG_L1","NeuralNetTorch_r161_BAG_L1","NeuralNetTorch_r176_BAG_L1","NeuralNetTorch_r41_BAG_L1","NeuralNetTorch_r92_BAG_L1"],"37":["ExtraTrees_r68_BAG_L1","LightGBM_r115_BAG_L1","LightGBM_r81_BAG_L1","NeuralNetFastAI_r104_BAG_L1","NeuralNetFastAI_r165_BAG_L1","NeuralNetFastAI_r21_BAG_L1","NeuralNetTorch_r142_BAG_L1","NeuralNetTorch_r41_BAG_L1"]},"weights":{"0":[0.3333333333,0.3333333333,0.3333333333],"1":[0.125,0.125,0.125,0.125,0.125,0.125,0.125,0.125],"2":[0.0555555556,0.0555555556,0.0555555556,0.0555555556,0.0555555556,0.0555555556,0.0555555556,0.1666666667,0.0555555556,0.0555555556,0.0555555556,0.0555555556,0.0555555556,0.0555555556,0.0555555556,0.0555555556],"3":[0.0769230769,0.0769230769,0.0769230769,0.0769230769,0.0769230769,0.1538461538,0.0769230769,0.0769230769,0.0769230769,0.0769230769,0.0769230769,0.0769230769],"4":[0.0666666667,0.0666666667,0.0666666667,0.0666666667,0.0666666667,0.0666666667,0.2,0.0666666667,0.0666666667,0.0666666667,0.0666666667,0.0666666667,0.0666666667],"5":[0.0714285714,0.0714285714,0.0714285714,0.0714285714,0.0714285714,0.0714285714,0.1428571429,0.0714285714,0.0714285714,0.0714285714,0.0714285714,0.0714285714,0.0714285714],"6":[0.0769230769,0.0769230769,0.0769230769,0.0769230769,0.0769230769,0.0769230769,0.1538461538,0.0769230769,0.0769230769,0.0769230769,0.0769230769,0.0769230769],"7":[0.3333333333,0.3333333333,0.3333333333],"8":[0.1111111111,0.1111111111,0.1111111111,0.1111111111,0.1111111111,0.1111111111,0.1111111111,0.1111111111,0.1111111111],"9":[0.125,0.125,0.125,0.125,0.125,0.125,0.125,0.125],"10":[0.1111111111,0.1111111111,0.1111111111,0.1111111111,0.1111111111,0.1111111111,0.1111111111,0.1111111111,0.1111111111],"11":[0.0769230769,0.0769230769,0.0769230769,0.0769230769,0.0769230769,0.1538461538,0.0769230769,0.0769230769,0.0769230769,0.0769230769,0.0769230769,0.0769230769],"12":[0.0625,0.0625,0.0625,0.0625,0.0625,0.0625,0.0625,0.125,0.0625,0.0625,0.0625,0.0625,0.0625,0.0625,0.0625],"13":[0.0909090909,0.0909090909,0.0909090909,0.0909090909,0.0909090909,0.1818181818,0.0909090909,0.0909090909,0.0909090909,0.0909090909],"14":[0.3333333333,0.3333333333,0.3333333333],"15":[0.0833333333,0.0833333333,0.0833333333,0.0833333333,0.0833333333,0.0833333333,0.1666666667,0.0833333333,0.0833333333,0.0833333333,0.0833333333],"16":[0.0588235294,0.0588235294,0.0588235294,0.0588235294,0.0588235294,0.0588235294,0.0588235294,0.1764705882,0.0588235294,0.0588235294,0.0588235294,0.0588235294,0.0588235294,0.0588235294,0.0588235294],"17":[0.1666666667,0.1666666667,0.1666666667,0.1666666667,0.1666666667,0.1666666667],"18":[0.3333333333,0.3333333333,0.3333333333],"19":[0.0714285714,0.0714285714,0.0714285714,0.0714285714,0.0714285714,0.0714285714,0.0714285714,0.1428571429,0.0714285714,0.0714285714,0.0714285714,0.0714285714,0.0714285714],"20":[0.3333333333,0.3333333333,0.3333333333],"21":[0.125,0.125,0.125,0.125,0.125,0.125,0.125,0.125],"22":[0.5,0.5],"23":[0.0625,0.0625,0.0625,0.0625,0.0625,0.0625,0.0625,0.125,0.0625,0.0625,0.0625,0.0625,0.0625,0.0625,0.0625],"24":[0.0769230769,0.0769230769,0.0769230769,0.0769230769,0.0769230769,0.0769230769,0.0769230769,0.0769230769,0.0769230769,0.0769230769,0.0769230769,0.0769230769,0.0769230769],"25":[0.0769230769,0.0769230769,0.0769230769,0.0769230769,0.0769230769,0.0769230769,0.0769230769,0.1538461538,0.0769230769,0.0769230769,0.0769230769,0.0769230769],"26":[0.0714285714,0.0714285714,0.0714285714,0.0714285714,0.0714285714,0.1428571429,0.0714285714,0.0714285714,0.0714285714,0.0714285714,0.0714285714,0.0714285714,0.0714285714],"27":[0.0588235294,0.0588235294,0.0588235294,0.0588235294,0.0588235294,0.0588235294,0.0588235294,0.0588235294,0.1176470588,0.0588235294,0.0588235294,0.0588235294,0.0588235294,0.0588235294,0.0588235294,0.0588235294],"28":[0.0909090909,0.0909090909,0.0909090909,0.0909090909,0.1818181818,0.0909090909,0.0909090909,0.0909090909,0.0909090909,0.0909090909],"29":[0.0909090909,0.0909090909,0.0909090909,0.0909090909,0.0909090909,0.1818181818,0.0909090909,0.0909090909,0.0909090909,0.0909090909],"30":[0.0714285714,0.0714285714,0.0714285714,0.0714285714,0.0714285714,0.0714285714,0.1428571429,0.0714285714,0.0714285714,0.0714285714,0.0714285714,0.0714285714,0.0714285714],"31":[0.1111111111,0.1111111111,0.1111111111,0.1111111111,0.1111111111,0.1111111111,0.1111111111,0.1111111111,0.1111111111],"32":[0.3333333333,0.3333333333,0.3333333333],"33":[0.125,0.125,0.125,0.125,0.125,0.125,0.125,0.125],"34":[0.2,0.2,0.2,0.2,0.2],"35":[0.0833333333,0.0833333333,0.0833333333,0.0833333333,0.0833333333,0.1666666667,0.0833333333,0.0833333333,0.0833333333,0.0833333333,0.0833333333],"36":[0.0666666667,0.0666666667,0.0666666667,0.0666666667,0.0666666667,0.0666666667,0.1333333333,0.0666666667,0.0666666667,0.0666666667,0.0666666667,0.0666666667,0.0666666667,0.0666666667],"37":[0.125,0.125,0.125,0.125,0.125,0.125,0.125,0.125]},"meta":{"0":6,"1":8,"2":8,"3":16,"4":11,"5":9,"6":18,"7":17,"8":3,"9":8,"10":8,"11":3,"12":8,"13":9,"14":11,"15":12,"16":16,"17":3,"18":3,"19":2,"20":3,"21":3,"22":5,"23":13,"24":9,"25":13,"26":13,"27":17,"28":12,"29":11,"30":13,"31":13,"32":15,"33":14,"34":15,"35":14,"36":14,"37":14},"task":{"0":"3976_1","1":"3976_1","2":"3976_1","3":"3976_1","4":"3976_1","5":"3976_1","6":"3976_1","7":"3976_1","8":"3976_1","9":"3976_1","10":"3976_1","11":"3976_1","12":"3976_1","13":"3976_1","14":"3976_1","15":"3976_1","16":"3976_1","17":"3976_1","18":"3976_1","19":"3976_1","20":"3976_1","21":"3976_1","22":"3976_1","23":"3976_1","24":"3976_1","25":"3976_1","26":"3976_1","27":"3976_1","28":"3976_1","29":"3976_1","30":"3976_1","31":"3976_1","32":"3976_1","33":"3976_1","34":"3976_1","35":"3976_1","36":"3976_1","37":"3976_1"},"dataset":{"0":"OVA_Endometrium","1":"OVA_Endometrium","2":"OVA_Endometrium","3":"OVA_Endometrium","4":"OVA_Endometrium","5":"OVA_Endometrium","6":"OVA_Endometrium","7":"OVA_Endometrium","8":"OVA_Endometrium","9":"OVA_Endometrium","10":"OVA_Endometrium","11":"OVA_Endometrium","12":"OVA_Endometrium","13":"OVA_Endometrium","14":"OVA_Endometrium","15":"OVA_Endometrium","16":"OVA_Endometrium","17":"OVA_Endometrium","18":"OVA_Endometrium","19":"OVA_Endometrium","20":"OVA_Endometrium","21":"OVA_Endometrium","22":"OVA_Endometrium","23":"OVA_Endometrium","24":"OVA_Endometrium","25":"OVA_Endometrium","26":"OVA_Endometrium","27":"OVA_Endometrium","28":"OVA_Endometrium","29":"OVA_Endometrium","30":"OVA_Endometrium","31":"OVA_Endometrium","32":"OVA_Endometrium","33":"OVA_Endometrium","34":"OVA_Endometrium","35":"OVA_Endometrium","36":"OVA_Endometrium","37":"OVA_Endometrium"},"fold":{"0":1,"1":1,"2":1,"3":1,"4":1,"5":1,"6":1,"7":1,"8":1,"9":1,"10":1,"11":1,"12":1,"13":1,"14":1,"15":1,"16":1,"17":1,"18":1,"19":1,"20":1,"21":1,"22":1,"23":1,"24":1,"25":1,"26":1,"27":1,"28":1,"29":1,"30":1,"31":1,"32":1,"33":1,"34":1,"35":1,"36":1,"37":1},"method":{"0":"ENS_SIZE_QDO","1":"ENS_SIZE_QDO","2":"ENS_SIZE_QDO","3":"ENS_SIZE_QDO","4":"ENS_SIZE_QDO","5":"ENS_SIZE_QDO","6":"ENS_SIZE_QDO","7":"ENS_SIZE_QDO","8":"ENS_SIZE_QDO","9":"ENS_SIZE_QDO","10":"ENS_SIZE_QDO","11":"ENS_SIZE_QDO","12":"ENS_SIZE_QDO","13":"ENS_SIZE_QDO","14":"ENS_SIZE_QDO","15":"ENS_SIZE_QDO","16":"ENS_SIZE_QDO","17":"ENS_SIZE_QDO","18":"ENS_SIZE_QDO","19":"ENS_SIZE_QDO","20":"ENS_SIZE_QDO","21":"ENS_SIZE_QDO","22":"ENS_SIZE_QDO","23":"ENS_SIZE_QDO","24":"ENS_SIZE_QDO","25":"ENS_SIZE_QDO","26":"ENS_SIZE_QDO","27":"ENS_SIZE_QDO","28":"ENS_SIZE_QDO","29":"ENS_SIZE_QDO","30":"ENS_SIZE_QDO","31":"ENS_SIZE_QDO","32":"ENS_SIZE_QDO","33":"ENS_SIZE_QDO","34":"ENS_SIZE_QDO","35":"ENS_SIZE_QDO","36":"ENS_SIZE_QDO","37":"ENS_SIZE_QDO"}}