{"iteration":{"0":1,"1":2,"2":3,"3":4,"4":5,"5":6,"6":7,"7":8,"8":9,"9":10,"10":11,"11":12,"12":13,"13":14,"14":15,"15":16,"16":17,"17":18,"18":19,"19":20,"20":21,"21":22,"22":23,"23":24,"24":25,"25":26,"26":27,"27":28,"28":29,"29":30,"30":31,"31":32,"32":33,"33":34,"34":35,"35":36,"36":37,"37":38,"38":39,"39":40,"40":41,"41":42,"42":43,"43":44},"roc_auc_val":{"0":0.8618533887,"1":0.8705486399,"2":0.8738865837,"3":0.8757952974,"4":0.8762932227,"5":0.8768372522,"6":0.8771876441,"7":0.8778515445,"8":0.8771692024,"9":0.876846473,"10":0.8774642692,"11":0.8779621946,"12":0.8778515445,"13":0.8773167358,"14":0.8770493315,"15":0.8768003688,"16":0.8770585523,"17":0.8767450438,"18":0.8766067312,"19":0.8766436146,"20":0.8762840018,"21":0.8762840018,"22":0.8760073767,"23":0.8755186722,"24":0.8760995851,"25":0.87593361,"26":0.8757491932,"27":0.8765882895,"28":0.8758045182,"29":0.8756385431,"30":0.8755555556,"31":0.8741816505,"32":0.8741263255,"33":0.8741355463,"34":0.8761272476,"35":0.8760073767,"36":0.8760719225,"37":0.8750484094,"38":0.8748178884,"39":0.8751498386,"40":0.8750760719,"41":0.8751037344,"42":0.8757399723,"43":0.8758229599},"roc_auc_test":{"0":0.7459259259,"1":0.737037037,"2":0.7333333333,"3":0.7540740741,"4":0.7488888889,"5":0.7577777778,"6":0.7548148148,"7":0.7518518519,"8":0.7533333333,"9":0.7511111111,"10":0.7496296296,"11":0.7474074074,"12":0.7459259259,"13":0.7451851852,"14":0.7459259259,"15":0.7451851852,"16":0.7451851852,"17":0.7459259259,"18":0.7466666667,"19":0.7422222222,"20":0.7525925926,"21":0.7474074074,"22":0.7459259259,"23":0.7503703704,"24":0.7503703704,"25":0.7496296296,"26":0.7511111111,"27":0.7548148148,"28":0.7525925926,"29":0.7525925926,"30":0.7525925926,"31":0.7555555556,"32":0.7555555556,"33":0.7562962963,"34":0.7525925926,"35":0.7518518519,"36":0.7518518519,"37":0.7511111111,"38":0.7540740741,"39":0.7548148148,"40":0.7555555556,"41":0.7533333333,"42":0.7518518519,"43":0.7459259259},"models_used":{"0":["NeuralNetFastAI_r187_BAG_L1"],"1":["NeuralNetTorch_r57_BAG_L1","NeuralNetFastAI_r187_BAG_L1"],"2":["NeuralNetTorch_r57_BAG_L1","NeuralNetFastAI_r191_BAG_L1","NeuralNetFastAI_r187_BAG_L1"],"3":["NeuralNetTorch_r57_BAG_L1","CatBoost_r51_BAG_L1","NeuralNetFastAI_r191_BAG_L1","NeuralNetFastAI_r187_BAG_L1"],"4":["NeuralNetFastAI_r187_BAG_L1","NeuralNetTorch_r57_BAG_L1","CatBoost_r51_BAG_L1","NeuralNetFastAI_r191_BAG_L1","NeuralNetFastAI_r134_BAG_L1"],"5":["NeuralNetFastAI_r187_BAG_L1","LightGBM_c1_BAG_L1","NeuralNetTorch_r57_BAG_L1","CatBoost_r51_BAG_L1","NeuralNetFastAI_r191_BAG_L1","NeuralNetFastAI_r134_BAG_L1"],"6":["NeuralNetFastAI_r187_BAG_L1","LightGBM_c1_BAG_L1","NeuralNetTorch_r57_BAG_L1","CatBoost_r51_BAG_L1","NeuralNetFastAI_r191_BAG_L1","NeuralNetFastAI_r134_BAG_L1","NeuralNetTorch_r59_BAG_L1"],"7":["NeuralNetFastAI_r29_BAG_L1","NeuralNetFastAI_r187_BAG_L1","LightGBM_c1_BAG_L1","NeuralNetTorch_r57_BAG_L1","CatBoost_r51_BAG_L1","NeuralNetFastAI_r191_BAG_L1","NeuralNetFastAI_r134_BAG_L1","NeuralNetTorch_r59_BAG_L1"],"8":["NeuralNetFastAI_r29_BAG_L1","NeuralNetFastAI_r187_BAG_L1","LightGBM_c1_BAG_L1","NeuralNetTorch_r57_BAG_L1","CatBoost_r51_BAG_L1","NeuralNetFastAI_r191_BAG_L1","NeuralNetFastAI_r134_BAG_L1","NeuralNetTorch_r59_BAG_L1"],"9":["NeuralNetFastAI_r29_BAG_L1","NeuralNetFastAI_r187_BAG_L1","LightGBM_c1_BAG_L1","NeuralNetTorch_r57_BAG_L1","CatBoost_r51_BAG_L1","NeuralNetFastAI_r191_BAG_L1","NeuralNetFastAI_r134_BAG_L1","NeuralNetTorch_r59_BAG_L1","NeuralNetFastAI_r9_BAG_L1"],"10":["NeuralNetFastAI_r29_BAG_L1","NeuralNetFastAI_r187_BAG_L1","LightGBM_c1_BAG_L1","NeuralNetTorch_r57_BAG_L1","CatBoost_r51_BAG_L1","NeuralNetFastAI_r191_BAG_L1","NeuralNetFastAI_r134_BAG_L1","NeuralNetTorch_r59_BAG_L1","NeuralNetFastAI_r9_BAG_L1","NeuralNetFastAI_r172_BAG_L1"],"11":["NeuralNetFastAI_r29_BAG_L1","NeuralNetTorch_r146_BAG_L1","NeuralNetFastAI_r187_BAG_L1","LightGBM_c1_BAG_L1","NeuralNetTorch_r57_BAG_L1","CatBoost_r51_BAG_L1","NeuralNetFastAI_r191_BAG_L1","NeuralNetFastAI_r134_BAG_L1","NeuralNetTorch_r59_BAG_L1","NeuralNetFastAI_r9_BAG_L1","NeuralNetFastAI_r172_BAG_L1"],"12":["NeuralNetFastAI_r29_BAG_L1","NeuralNetTorch_r146_BAG_L1","NeuralNetFastAI_r187_BAG_L1","LightGBM_c1_BAG_L1","NeuralNetTorch_r57_BAG_L1","CatBoost_r51_BAG_L1","NeuralNetFastAI_r191_BAG_L1","NeuralNetFastAI_r134_BAG_L1","NeuralNetTorch_r59_BAG_L1","NeuralNetFastAI_r9_BAG_L1","NeuralNetFastAI_r104_BAG_L1","NeuralNetFastAI_r172_BAG_L1"],"13":["NeuralNetFastAI_r29_BAG_L1","NeuralNetTorch_r146_BAG_L1","NeuralNetFastAI_r187_BAG_L1","LightGBM_c1_BAG_L1","NeuralNetTorch_r57_BAG_L1","CatBoost_r51_BAG_L1","NeuralNetFastAI_r191_BAG_L1","NeuralNetFastAI_r134_BAG_L1","NeuralNetTorch_r59_BAG_L1","NeuralNetFastAI_r9_BAG_L1","NeuralNetFastAI_r104_BAG_L1","NeuralNetFastAI_r172_BAG_L1"],"14":["NeuralNetFastAI_r29_BAG_L1","NeuralNetTorch_r146_BAG_L1","NeuralNetFastAI_r187_BAG_L1","LightGBM_c1_BAG_L1","NeuralNetTorch_r57_BAG_L1","CatBoost_r51_BAG_L1","NeuralNetFastAI_r191_BAG_L1","NeuralNetFastAI_r134_BAG_L1","NeuralNetTorch_r59_BAG_L1","NeuralNetFastAI_r9_BAG_L1","NeuralNetFastAI_r104_BAG_L1","NeuralNetFastAI_r172_BAG_L1"],"15":["NeuralNetFastAI_r29_BAG_L1","NeuralNetTorch_r146_BAG_L1","NeuralNetFastAI_r187_BAG_L1","LightGBM_c1_BAG_L1","NeuralNetTorch_r57_BAG_L1","CatBoost_r51_BAG_L1","NeuralNetFastAI_r191_BAG_L1","NeuralNetFastAI_r134_BAG_L1","NeuralNetTorch_r59_BAG_L1","NeuralNetFastAI_r9_BAG_L1","NeuralNetFastAI_r104_BAG_L1","NeuralNetFastAI_r172_BAG_L1"],"16":["NeuralNetFastAI_r29_BAG_L1","NeuralNetTorch_r146_BAG_L1","NeuralNetFastAI_r187_BAG_L1","LightGBM_c1_BAG_L1","NeuralNetTorch_r57_BAG_L1","CatBoost_r51_BAG_L1","NeuralNetFastAI_r191_BAG_L1","NeuralNetFastAI_r134_BAG_L1","NeuralNetTorch_r59_BAG_L1","NeuralNetFastAI_r9_BAG_L1","NeuralNetFastAI_r104_BAG_L1","NeuralNetFastAI_r172_BAG_L1"],"17":["NeuralNetFastAI_r29_BAG_L1","NeuralNetTorch_r146_BAG_L1","NeuralNetFastAI_r187_BAG_L1","LightGBM_c1_BAG_L1","NeuralNetTorch_r57_BAG_L1","CatBoost_r51_BAG_L1","NeuralNetFastAI_r191_BAG_L1","NeuralNetFastAI_r134_BAG_L1","NeuralNetTorch_r59_BAG_L1","NeuralNetFastAI_r9_BAG_L1","NeuralNetFastAI_r104_BAG_L1","NeuralNetFastAI_r172_BAG_L1"],"18":["NeuralNetFastAI_r29_BAG_L1","NeuralNetTorch_r146_BAG_L1","NeuralNetFastAI_r187_BAG_L1","LightGBM_c1_BAG_L1","NeuralNetTorch_r57_BAG_L1","CatBoost_r51_BAG_L1","NeuralNetFastAI_r191_BAG_L1","NeuralNetFastAI_r134_BAG_L1","NeuralNetTorch_r59_BAG_L1","NeuralNetFastAI_r9_BAG_L1","NeuralNetFastAI_r104_BAG_L1","NeuralNetFastAI_r172_BAG_L1"],"19":["NeuralNetFastAI_r29_BAG_L1","NeuralNetTorch_r146_BAG_L1","NeuralNetFastAI_r187_BAG_L1","LightGBM_c1_BAG_L1","NeuralNetTorch_r57_BAG_L1","CatBoost_r51_BAG_L1","NeuralNetFastAI_r191_BAG_L1","NeuralNetFastAI_r134_BAG_L1","NeuralNetTorch_r59_BAG_L1","NeuralNetFastAI_r9_BAG_L1","NeuralNetFastAI_r104_BAG_L1","ExtraTrees_r79_BAG_L1","NeuralNetFastAI_r172_BAG_L1"],"20":["NeuralNetFastAI_r29_BAG_L1","NeuralNetTorch_r146_BAG_L1","NeuralNetFastAI_r187_BAG_L1","LightGBM_c1_BAG_L1","NeuralNetTorch_r57_BAG_L1","CatBoost_r51_BAG_L1","NeuralNetFastAI_r191_BAG_L1","NeuralNetFastAI_r134_BAG_L1","NeuralNetTorch_r59_BAG_L1","NeuralNetFastAI_r9_BAG_L1","NeuralNetFastAI_r104_BAG_L1","ExtraTrees_r75_BAG_L1","ExtraTrees_r79_BAG_L1","NeuralNetFastAI_r172_BAG_L1"],"21":["NeuralNetFastAI_r29_BAG_L1","NeuralNetTorch_r146_BAG_L1","NeuralNetFastAI_r187_BAG_L1","LightGBM_c1_BAG_L1","NeuralNetTorch_r57_BAG_L1","CatBoost_r51_BAG_L1","NeuralNetFastAI_r191_BAG_L1","NeuralNetFastAI_r134_BAG_L1","NeuralNetTorch_r59_BAG_L1","NeuralNetFastAI_r9_BAG_L1","NeuralNetFastAI_r104_BAG_L1","ExtraTrees_r75_BAG_L1","ExtraTrees_r79_BAG_L1","NeuralNetFastAI_r16_BAG_L1","NeuralNetFastAI_r172_BAG_L1"],"22":["NeuralNetFastAI_r29_BAG_L1","NeuralNetTorch_r146_BAG_L1","NeuralNetFastAI_r187_BAG_L1","LightGBM_c1_BAG_L1","NeuralNetTorch_r57_BAG_L1","CatBoost_r51_BAG_L1","NeuralNetFastAI_r191_BAG_L1","NeuralNetFastAI_r134_BAG_L1","NeuralNetTorch_r59_BAG_L1","NeuralNetFastAI_r9_BAG_L1","NeuralNetFastAI_r104_BAG_L1","ExtraTrees_r75_BAG_L1","ExtraTrees_r79_BAG_L1","NeuralNetFastAI_r16_BAG_L1","NeuralNetFastAI_r172_BAG_L1","NeuralNetTorch_r192_BAG_L1"],"23":["NeuralNetFastAI_r29_BAG_L1","NeuralNetTorch_r146_BAG_L1","NeuralNetFastAI_r187_BAG_L1","LightGBM_c1_BAG_L1","NeuralNetTorch_r57_BAG_L1","CatBoost_r51_BAG_L1","NeuralNetFastAI_r191_BAG_L1","NeuralNetFastAI_r134_BAG_L1","NeuralNetTorch_r59_BAG_L1","NeuralNetFastAI_r9_BAG_L1","NeuralNetFastAI_r104_BAG_L1","ExtraTrees_r75_BAG_L1","ExtraTrees_r79_BAG_L1","NeuralNetFastAI_r16_BAG_L1","ExtraTrees_r113_BAG_L1","NeuralNetFastAI_r172_BAG_L1","NeuralNetTorch_r192_BAG_L1"],"24":["ExtraTrees_r180_BAG_L1","NeuralNetFastAI_r29_BAG_L1","NeuralNetTorch_r146_BAG_L1","NeuralNetFastAI_r187_BAG_L1","LightGBM_c1_BAG_L1","NeuralNetTorch_r57_BAG_L1","CatBoost_r51_BAG_L1","NeuralNetFastAI_r191_BAG_L1","NeuralNetFastAI_r134_BAG_L1","NeuralNetTorch_r59_BAG_L1","NeuralNetFastAI_r9_BAG_L1","NeuralNetFastAI_r104_BAG_L1","ExtraTrees_r75_BAG_L1","ExtraTrees_r79_BAG_L1","NeuralNetFastAI_r16_BAG_L1","ExtraTrees_r113_BAG_L1","NeuralNetFastAI_r172_BAG_L1","NeuralNetTorch_r192_BAG_L1"],"25":["ExtraTrees_r180_BAG_L1","NeuralNetFastAI_r29_BAG_L1","NeuralNetTorch_r146_BAG_L1","NeuralNetFastAI_r187_BAG_L1","LightGBM_c1_BAG_L1","NeuralNetTorch_r57_BAG_L1","CatBoost_r51_BAG_L1","NeuralNetFastAI_r191_BAG_L1","NeuralNetFastAI_r134_BAG_L1","NeuralNetTorch_r59_BAG_L1","NeuralNetFastAI_r9_BAG_L1","NeuralNetFastAI_r104_BAG_L1","ExtraTrees_r75_BAG_L1","ExtraTrees_r79_BAG_L1","NeuralNetFastAI_r16_BAG_L1","ExtraTrees_r113_BAG_L1","NeuralNetFastAI_r172_BAG_L1","NeuralNetTorch_r192_BAG_L1"],"26":["ExtraTrees_r180_BAG_L1","NeuralNetFastAI_r29_BAG_L1","NeuralNetTorch_r146_BAG_L1","NeuralNetFastAI_r187_BAG_L1","LightGBM_c1_BAG_L1","NeuralNetTorch_r57_BAG_L1","CatBoost_r51_BAG_L1","NeuralNetFastAI_r191_BAG_L1","NeuralNetFastAI_r134_BAG_L1","NeuralNetTorch_r59_BAG_L1","NeuralNetFastAI_r9_BAG_L1","NeuralNetFastAI_r104_BAG_L1","ExtraTrees_r75_BAG_L1","ExtraTrees_r79_BAG_L1","NeuralNetFastAI_r16_BAG_L1","ExtraTrees_r113_BAG_L1","NeuralNetFastAI_r172_BAG_L1","NeuralNetTorch_r192_BAG_L1"],"27":["CatBoost_r51_BAG_L1","NeuralNetFastAI_r9_BAG_L1","NeuralNetFastAI_r16_BAG_L1","NeuralNetFastAI_r172_BAG_L1","ExtraTrees_r180_BAG_L1","CatBoost_r131_BAG_L1","NeuralNetFastAI_r187_BAG_L1","NeuralNetTorch_r57_BAG_L1","NeuralNetFastAI_r191_BAG_L1","NeuralNetTorch_r59_BAG_L1","NeuralNetFastAI_r29_BAG_L1","NeuralNetTorch_r146_BAG_L1","LightGBM_c1_BAG_L1","NeuralNetFastAI_r104_BAG_L1","ExtraTrees_r113_BAG_L1","NeuralNetFastAI_r134_BAG_L1","ExtraTrees_r75_BAG_L1","ExtraTrees_r79_BAG_L1","NeuralNetTorch_r192_BAG_L1"],"28":["CatBoost_r51_BAG_L1","NeuralNetFastAI_r9_BAG_L1","NeuralNetFastAI_r16_BAG_L1","NeuralNetFastAI_r172_BAG_L1","ExtraTrees_r180_BAG_L1","CatBoost_r131_BAG_L1","NeuralNetFastAI_r187_BAG_L1","NeuralNetTorch_r57_BAG_L1","NeuralNetFastAI_r191_BAG_L1","NeuralNetTorch_r59_BAG_L1","NeuralNetFastAI_r29_BAG_L1","LightGBM_r27_BAG_L1","NeuralNetTorch_r146_BAG_L1","LightGBM_c1_BAG_L1","NeuralNetFastAI_r104_BAG_L1","ExtraTrees_r113_BAG_L1","NeuralNetFastAI_r134_BAG_L1","ExtraTrees_r75_BAG_L1","ExtraTrees_r79_BAG_L1","NeuralNetTorch_r192_BAG_L1"],"29":["CatBoost_r51_BAG_L1","NeuralNetFastAI_r9_BAG_L1","NeuralNetFastAI_r16_BAG_L1","NeuralNetFastAI_r172_BAG_L1","ExtraTrees_r180_BAG_L1","CatBoost_r131_BAG_L1","NeuralNetFastAI_r187_BAG_L1","NeuralNetTorch_r57_BAG_L1","NeuralNetFastAI_r191_BAG_L1","NeuralNetTorch_r59_BAG_L1","NeuralNetFastAI_r29_BAG_L1","LightGBM_r27_BAG_L1","NeuralNetTorch_r146_BAG_L1","LightGBM_c1_BAG_L1","NeuralNetFastAI_r104_BAG_L1","ExtraTrees_r113_BAG_L1","NeuralNetFastAI_r134_BAG_L1","ExtraTrees_r75_BAG_L1","ExtraTrees_r79_BAG_L1","NeuralNetTorch_r192_BAG_L1"],"30":["CatBoost_r51_BAG_L1","NeuralNetFastAI_r9_BAG_L1","NeuralNetFastAI_r16_BAG_L1","NeuralNetFastAI_r172_BAG_L1","ExtraTrees_r180_BAG_L1","CatBoost_r131_BAG_L1","NeuralNetFastAI_r187_BAG_L1","NeuralNetTorch_r57_BAG_L1","NeuralNetFastAI_r191_BAG_L1","NeuralNetTorch_r59_BAG_L1","NeuralNetFastAI_r29_BAG_L1","LightGBM_r27_BAG_L1","NeuralNetTorch_r146_BAG_L1","LightGBM_c1_BAG_L1","NeuralNetFastAI_r104_BAG_L1","ExtraTrees_r113_BAG_L1","NeuralNetFastAI_r134_BAG_L1","ExtraTrees_r75_BAG_L1","ExtraTrees_r79_BAG_L1","NeuralNetTorch_r192_BAG_L1"],"31":["CatBoost_r51_BAG_L1","NeuralNetFastAI_r9_BAG_L1","NeuralNetFastAI_r16_BAG_L1","NeuralNetFastAI_r172_BAG_L1","ExtraTrees_r180_BAG_L1","CatBoost_r131_BAG_L1","NeuralNetFastAI_r187_BAG_L1","NeuralNetTorch_r57_BAG_L1","NeuralNetFastAI_r191_BAG_L1","NeuralNetTorch_r59_BAG_L1","NeuralNetFastAI_r29_BAG_L1","LightGBM_r27_BAG_L1","NeuralNetTorch_r146_BAG_L1","LightGBM_c1_BAG_L1","NeuralNetFastAI_r104_BAG_L1","ExtraTrees_r113_BAG_L1","ExtraTrees_r51_BAG_L1","NeuralNetFastAI_r134_BAG_L1","ExtraTrees_r75_BAG_L1","ExtraTrees_r79_BAG_L1","NeuralNetTorch_r192_BAG_L1"],"32":["CatBoost_r51_BAG_L1","NeuralNetFastAI_r9_BAG_L1","NeuralNetFastAI_r16_BAG_L1","NeuralNetFastAI_r172_BAG_L1","ExtraTrees_r180_BAG_L1","CatBoost_r131_BAG_L1","NeuralNetFastAI_r187_BAG_L1","NeuralNetTorch_r57_BAG_L1","NeuralNetFastAI_r191_BAG_L1","NeuralNetTorch_r59_BAG_L1","NeuralNetFastAI_r29_BAG_L1","LightGBM_r27_BAG_L1","NeuralNetTorch_r146_BAG_L1","LightGBM_c1_BAG_L1","NeuralNetFastAI_r104_BAG_L1","ExtraTrees_r113_BAG_L1","ExtraTrees_r51_BAG_L1","NeuralNetFastAI_r134_BAG_L1","ExtraTrees_r75_BAG_L1","ExtraTrees_r79_BAG_L1","NeuralNetTorch_r192_BAG_L1"],"33":["CatBoost_r51_BAG_L1","NeuralNetFastAI_r9_BAG_L1","NeuralNetFastAI_r16_BAG_L1","NeuralNetFastAI_r172_BAG_L1","ExtraTrees_r180_BAG_L1","CatBoost_r131_BAG_L1","NeuralNetFastAI_r187_BAG_L1","NeuralNetTorch_r57_BAG_L1","NeuralNetFastAI_r191_BAG_L1","NeuralNetTorch_r59_BAG_L1","NeuralNetFastAI_r29_BAG_L1","LightGBM_r27_BAG_L1","NeuralNetTorch_r146_BAG_L1","LightGBM_c1_BAG_L1","NeuralNetFastAI_r104_BAG_L1","ExtraTrees_r113_BAG_L1","ExtraTrees_r51_BAG_L1","NeuralNetFastAI_r134_BAG_L1","ExtraTrees_r75_BAG_L1","ExtraTrees_r79_BAG_L1","NeuralNetTorch_r192_BAG_L1"],"34":["CatBoost_r51_BAG_L1","NeuralNetFastAI_r9_BAG_L1","NeuralNetFastAI_r16_BAG_L1","NeuralNetFastAI_r172_BAG_L1","ExtraTrees_r180_BAG_L1","CatBoost_r131_BAG_L1","NeuralNetFastAI_r187_BAG_L1","NeuralNetTorch_r57_BAG_L1","NeuralNetFastAI_r191_BAG_L1","NeuralNetTorch_r59_BAG_L1","NeuralNetFastAI_r29_BAG_L1","LightGBM_r27_BAG_L1","NeuralNetTorch_r146_BAG_L1","LightGBM_c1_BAG_L1","NeuralNetFastAI_r104_BAG_L1","ExtraTrees_r113_BAG_L1","ExtraTrees_r51_BAG_L1","NeuralNetFastAI_r60_BAG_L1","NeuralNetFastAI_r134_BAG_L1","ExtraTrees_r75_BAG_L1","ExtraTrees_r79_BAG_L1","NeuralNetTorch_r192_BAG_L1"],"35":["CatBoost_r51_BAG_L1","NeuralNetFastAI_r9_BAG_L1","NeuralNetFastAI_r16_BAG_L1","NeuralNetFastAI_r172_BAG_L1","ExtraTrees_r180_BAG_L1","CatBoost_r131_BAG_L1","NeuralNetFastAI_r187_BAG_L1","NeuralNetTorch_r57_BAG_L1","NeuralNetFastAI_r191_BAG_L1","NeuralNetTorch_r59_BAG_L1","NeuralNetFastAI_r29_BAG_L1","LightGBM_r27_BAG_L1","NeuralNetTorch_r146_BAG_L1","LightGBM_c1_BAG_L1","NeuralNetFastAI_r104_BAG_L1","ExtraTrees_r113_BAG_L1","ExtraTrees_r51_BAG_L1","NeuralNetFastAI_r60_BAG_L1","NeuralNetFastAI_r134_BAG_L1","ExtraTrees_r75_BAG_L1","ExtraTrees_r79_BAG_L1","NeuralNetTorch_r192_BAG_L1"],"36":["CatBoost_r51_BAG_L1","NeuralNetFastAI_r9_BAG_L1","NeuralNetFastAI_r16_BAG_L1","NeuralNetFastAI_r172_BAG_L1","ExtraTrees_r180_BAG_L1","CatBoost_r131_BAG_L1","NeuralNetFastAI_r187_BAG_L1","NeuralNetTorch_r57_BAG_L1","NeuralNetFastAI_r191_BAG_L1","NeuralNetTorch_r59_BAG_L1","NeuralNetFastAI_r29_BAG_L1","LightGBM_r27_BAG_L1","NeuralNetTorch_r146_BAG_L1","LightGBM_c1_BAG_L1","NeuralNetFastAI_r104_BAG_L1","ExtraTrees_r113_BAG_L1","ExtraTrees_r51_BAG_L1","NeuralNetFastAI_r60_BAG_L1","NeuralNetFastAI_r134_BAG_L1","ExtraTrees_r75_BAG_L1","ExtraTrees_r79_BAG_L1","NeuralNetTorch_r192_BAG_L1"],"37":["CatBoost_r51_BAG_L1","NeuralNetFastAI_r9_BAG_L1","NeuralNetFastAI_r16_BAG_L1","NeuralNetFastAI_r172_BAG_L1","ExtraTrees_r180_BAG_L1","CatBoost_r131_BAG_L1","NeuralNetFastAI_r187_BAG_L1","NeuralNetTorch_r57_BAG_L1","NeuralNetFastAI_r191_BAG_L1","NeuralNetTorch_r59_BAG_L1","NeuralNetFastAI_r29_BAG_L1","LightGBM_r27_BAG_L1","NeuralNetTorch_r146_BAG_L1","LightGBM_c1_BAG_L1","NeuralNetFastAI_r104_BAG_L1","ExtraTrees_r10_BAG_L1","ExtraTrees_r113_BAG_L1","ExtraTrees_r51_BAG_L1","NeuralNetFastAI_r60_BAG_L1","NeuralNetFastAI_r134_BAG_L1","ExtraTrees_r75_BAG_L1","ExtraTrees_r79_BAG_L1","NeuralNetTorch_r192_BAG_L1"],"38":["CatBoost_r51_BAG_L1","NeuralNetFastAI_r9_BAG_L1","NeuralNetFastAI_r16_BAG_L1","NeuralNetFastAI_r172_BAG_L1","ExtraTrees_r180_BAG_L1","CatBoost_r131_BAG_L1","NeuralNetFastAI_r187_BAG_L1","NeuralNetTorch_r57_BAG_L1","NeuralNetFastAI_r191_BAG_L1","NeuralNetTorch_r59_BAG_L1","NeuralNetFastAI_r29_BAG_L1","LightGBM_r27_BAG_L1","NeuralNetTorch_r146_BAG_L1","LightGBM_c1_BAG_L1","NeuralNetFastAI_r104_BAG_L1","ExtraTrees_r10_BAG_L1","ExtraTrees_r113_BAG_L1","ExtraTrees_r51_BAG_L1","NeuralNetFastAI_r60_BAG_L1","NeuralNetFastAI_r127_BAG_L1","NeuralNetFastAI_r134_BAG_L1","ExtraTrees_r75_BAG_L1","ExtraTrees_r79_BAG_L1","NeuralNetTorch_r192_BAG_L1"],"39":["CatBoost_r51_BAG_L1","NeuralNetFastAI_r9_BAG_L1","NeuralNetFastAI_r16_BAG_L1","NeuralNetFastAI_r172_BAG_L1","ExtraTrees_r180_BAG_L1","CatBoost_r131_BAG_L1","NeuralNetFastAI_r187_BAG_L1","NeuralNetTorch_r57_BAG_L1","NeuralNetFastAI_r191_BAG_L1","NeuralNetTorch_r59_BAG_L1","NeuralNetFastAI_r29_BAG_L1","LightGBM_r27_BAG_L1","NeuralNetTorch_r146_BAG_L1","LightGBM_c1_BAG_L1","NeuralNetFastAI_r104_BAG_L1","ExtraTrees_r10_BAG_L1","ExtraTrees_r113_BAG_L1","ExtraTrees_r51_BAG_L1","NeuralNetTorch_r95_BAG_L1","NeuralNetFastAI_r60_BAG_L1","NeuralNetFastAI_r127_BAG_L1","NeuralNetFastAI_r134_BAG_L1","ExtraTrees_r75_BAG_L1","ExtraTrees_r79_BAG_L1","NeuralNetTorch_r192_BAG_L1"],"40":["CatBoost_r51_BAG_L1","NeuralNetFastAI_r9_BAG_L1","NeuralNetFastAI_r16_BAG_L1","NeuralNetFastAI_r172_BAG_L1","ExtraTrees_r180_BAG_L1","CatBoost_r131_BAG_L1","NeuralNetFastAI_r187_BAG_L1","NeuralNetTorch_r57_BAG_L1","NeuralNetFastAI_r191_BAG_L1","NeuralNetTorch_r59_BAG_L1","NeuralNetFastAI_r29_BAG_L1","LightGBM_r27_BAG_L1","NeuralNetTorch_r146_BAG_L1","LightGBM_c1_BAG_L1","NeuralNetFastAI_r104_BAG_L1","ExtraTrees_r10_BAG_L1","ExtraTrees_r113_BAG_L1","ExtraTrees_r51_BAG_L1","NeuralNetTorch_r95_BAG_L1","NeuralNetFastAI_r60_BAG_L1","NeuralNetFastAI_r127_BAG_L1","NeuralNetFastAI_r134_BAG_L1","ExtraTrees_r75_BAG_L1","ExtraTrees_r79_BAG_L1","NeuralNetTorch_r192_BAG_L1"],"41":["CatBoost_r51_BAG_L1","NeuralNetFastAI_r9_BAG_L1","NeuralNetFastAI_r16_BAG_L1","NeuralNetFastAI_r172_BAG_L1","ExtraTrees_r180_BAG_L1","CatBoost_r131_BAG_L1","NeuralNetFastAI_r187_BAG_L1","NeuralNetTorch_r57_BAG_L1","NeuralNetFastAI_r191_BAG_L1","NeuralNetTorch_r59_BAG_L1","NeuralNetFastAI_r29_BAG_L1","LightGBM_r27_BAG_L1","NeuralNetTorch_r146_BAG_L1","LightGBM_c1_BAG_L1","NeuralNetFastAI_r104_BAG_L1","ExtraTrees_r10_BAG_L1","ExtraTrees_r113_BAG_L1","ExtraTrees_r51_BAG_L1","NeuralNetTorch_r95_BAG_L1","NeuralNetFastAI_r60_BAG_L1","NeuralNetFastAI_r127_BAG_L1","NeuralNetFastAI_r134_BAG_L1","ExtraTrees_r75_BAG_L1","ExtraTrees_r79_BAG_L1","NeuralNetTorch_r192_BAG_L1"],"42":["NeuralNetFastAI_r8_BAG_L1","CatBoost_r51_BAG_L1","NeuralNetFastAI_r9_BAG_L1","NeuralNetFastAI_r16_BAG_L1","NeuralNetFastAI_r172_BAG_L1","ExtraTrees_r180_BAG_L1","CatBoost_r131_BAG_L1","NeuralNetFastAI_r187_BAG_L1","NeuralNetTorch_r57_BAG_L1","NeuralNetFastAI_r191_BAG_L1","NeuralNetTorch_r59_BAG_L1","NeuralNetFastAI_r29_BAG_L1","LightGBM_r27_BAG_L1","NeuralNetTorch_r146_BAG_L1","LightGBM_c1_BAG_L1","NeuralNetFastAI_r104_BAG_L1","ExtraTrees_r10_BAG_L1","ExtraTrees_r113_BAG_L1","ExtraTrees_r51_BAG_L1","NeuralNetTorch_r95_BAG_L1","NeuralNetFastAI_r60_BAG_L1","NeuralNetFastAI_r127_BAG_L1","NeuralNetFastAI_r134_BAG_L1","ExtraTrees_r75_BAG_L1","ExtraTrees_r79_BAG_L1","NeuralNetTorch_r192_BAG_L1"],"43":["ExtraTrees_r155_BAG_L1","NeuralNetFastAI_r8_BAG_L1","CatBoost_r51_BAG_L1","NeuralNetFastAI_r9_BAG_L1","NeuralNetFastAI_r16_BAG_L1","NeuralNetFastAI_r172_BAG_L1","ExtraTrees_r180_BAG_L1","CatBoost_r131_BAG_L1","NeuralNetFastAI_r187_BAG_L1","NeuralNetTorch_r57_BAG_L1","NeuralNetFastAI_r191_BAG_L1","NeuralNetTorch_r59_BAG_L1","NeuralNetFastAI_r29_BAG_L1","LightGBM_r27_BAG_L1","NeuralNetTorch_r146_BAG_L1","LightGBM_c1_BAG_L1","NeuralNetFastAI_r104_BAG_L1","ExtraTrees_r10_BAG_L1","ExtraTrees_r113_BAG_L1","ExtraTrees_r51_BAG_L1","NeuralNetTorch_r95_BAG_L1","NeuralNetFastAI_r60_BAG_L1","NeuralNetFastAI_r127_BAG_L1","NeuralNetFastAI_r134_BAG_L1","ExtraTrees_r75_BAG_L1","ExtraTrees_r79_BAG_L1","NeuralNetTorch_r192_BAG_L1"]},"weights":{"0":[1.0],"1":[0.5,0.5],"2":[0.3333333333,0.3333333333,0.3333333333],"3":[0.25,0.25,0.25,0.25],"4":[0.2,0.2,0.2,0.2,0.2],"5":[0.1666666667,0.1666666667,0.1666666667,0.1666666667,0.1666666667,0.1666666667],"6":[0.1428571429,0.1428571429,0.1428571429,0.1428571429,0.1428571429,0.1428571429,0.1428571429],"7":[0.125,0.125,0.125,0.125,0.125,0.125,0.125,0.125],"8":[0.1111111111,0.1111111111,0.1111111111,0.1111111111,0.1111111111,0.1111111111,0.1111111111,0.1111111111],"9":[0.1,0.1,0.1,0.1,0.1,0.1,0.1,0.1,0.1],"10":[0.0909090909,0.0909090909,0.0909090909,0.0909090909,0.0909090909,0.0909090909,0.0909090909,0.0909090909,0.0909090909,0.0909090909],"11":[0.0833333333,0.0833333333,0.0833333333,0.0833333333,0.0833333333,0.0833333333,0.0833333333,0.0833333333,0.0833333333,0.0833333333,0.0833333333],"12":[0.0769230769,0.0769230769,0.0769230769,0.0769230769,0.0769230769,0.0769230769,0.0769230769,0.0769230769,0.0769230769,0.0769230769,0.0769230769,0.0769230769],"13":[0.0714285714,0.0714285714,0.0714285714,0.0714285714,0.0714285714,0.0714285714,0.0714285714,0.0714285714,0.0714285714,0.0714285714,0.0714285714,0.0714285714],"14":[0.0666666667,0.0666666667,0.0666666667,0.0666666667,0.0666666667,0.0666666667,0.0666666667,0.0666666667,0.0666666667,0.0666666667,0.0666666667,0.0666666667],"15":[0.0625,0.0625,0.0625,0.0625,0.0625,0.0625,0.0625,0.0625,0.0625,0.0625,0.0625,0.0625],"16":[0.0588235294,0.0588235294,0.0588235294,0.0588235294,0.0588235294,0.0588235294,0.0588235294,0.0588235294,0.0588235294,0.0588235294,0.0588235294,0.0588235294],"17":[0.0555555556,0.0555555556,0.0555555556,0.0555555556,0.0555555556,0.0555555556,0.0555555556,0.0555555556,0.0555555556,0.0555555556,0.0555555556,0.0555555556],"18":[0.0526315789,0.0526315789,0.0526315789,0.0526315789,0.0526315789,0.0526315789,0.0526315789,0.0526315789,0.0526315789,0.0526315789,0.0526315789,0.0526315789],"19":[0.05,0.05,0.05,0.05,0.05,0.05,0.05,0.05,0.05,0.05,0.05,0.05,0.05],"20":[0.0476190476,0.0476190476,0.0476190476,0.0476190476,0.0476190476,0.0476190476,0.0476190476,0.0476190476,0.0476190476,0.0476190476,0.0476190476,0.0476190476,0.0476190476,0.0476190476],"21":[0.0454545455,0.0454545455,0.0454545455,0.0454545455,0.0454545455,0.0454545455,0.0454545455,0.0454545455,0.0454545455,0.0454545455,0.0454545455,0.0454545455,0.0454545455,0.0454545455,0.0454545455],"22":[0.0434782609,0.0434782609,0.0434782609,0.0434782609,0.0434782609,0.0434782609,0.0434782609,0.0434782609,0.0434782609,0.0434782609,0.0434782609,0.0434782609,0.0434782609,0.0434782609,0.0434782609,0.0434782609],"23":[0.0416666667,0.0416666667,0.0416666667,0.0416666667,0.0416666667,0.0416666667,0.0416666667,0.0416666667,0.0416666667,0.0416666667,0.0416666667,0.0416666667,0.0416666667,0.0416666667,0.0416666667,0.0416666667,0.0416666667],"24":[0.04,0.04,0.04,0.04,0.04,0.04,0.04,0.04,0.04,0.04,0.04,0.04,0.04,0.04,0.04,0.04,0.04,0.04],"25":[0.0384615385,0.0384615385,0.0384615385,0.0384615385,0.0384615385,0.0384615385,0.0384615385,0.0384615385,0.0384615385,0.0384615385,0.0384615385,0.0384615385,0.0384615385,0.0384615385,0.0384615385,0.0384615385,0.0384615385,0.0384615385],"26":[0.037037037,0.037037037,0.037037037,0.037037037,0.037037037,0.037037037,0.037037037,0.037037037,0.037037037,0.037037037,0.037037037,0.037037037,0.037037037,0.037037037,0.037037037,0.037037037,0.037037037,0.037037037],"27":[0.0357142857,0.0357142857,0.0357142857,0.0357142857,0.0357142857,0.0357142857,0.0357142857,0.0357142857,0.0357142857,0.0357142857,0.0357142857,0.0357142857,0.0357142857,0.0357142857,0.0357142857,0.0357142857,0.0357142857,0.0357142857,0.0357142857],"28":[0.0344827586,0.0344827586,0.0344827586,0.0344827586,0.0344827586,0.0344827586,0.0344827586,0.0344827586,0.0344827586,0.0344827586,0.0344827586,0.0344827586,0.0344827586,0.0344827586,0.0344827586,0.0344827586,0.0344827586,0.0344827586,0.0344827586,0.0344827586],"29":[0.0333333333,0.0333333333,0.0333333333,0.0333333333,0.0333333333,0.0333333333,0.0333333333,0.0333333333,0.0333333333,0.0333333333,0.0333333333,0.0333333333,0.0333333333,0.0333333333,0.0333333333,0.0333333333,0.0333333333,0.0333333333,0.0333333333,0.0333333333],"30":[0.0322580645,0.0322580645,0.0322580645,0.0322580645,0.0322580645,0.0322580645,0.0322580645,0.0322580645,0.0322580645,0.0322580645,0.0322580645,0.0322580645,0.0322580645,0.0322580645,0.0322580645,0.0322580645,0.0322580645,0.0322580645,0.0322580645,0.0322580645],"31":[0.03125,0.03125,0.03125,0.03125,0.03125,0.03125,0.03125,0.03125,0.03125,0.03125,0.03125,0.03125,0.03125,0.03125,0.03125,0.03125,0.03125,0.03125,0.03125,0.03125,0.03125],"32":[0.0303030303,0.0303030303,0.0303030303,0.0303030303,0.0303030303,0.0303030303,0.0303030303,0.0303030303,0.0303030303,0.0303030303,0.0303030303,0.0303030303,0.0303030303,0.0303030303,0.0303030303,0.0303030303,0.0303030303,0.0303030303,0.0303030303,0.0303030303,0.0303030303],"33":[0.0294117647,0.0294117647,0.0294117647,0.0294117647,0.0294117647,0.0294117647,0.0294117647,0.0294117647,0.0294117647,0.0294117647,0.0294117647,0.0294117647,0.0294117647,0.0294117647,0.0294117647,0.0294117647,0.0294117647,0.0294117647,0.0294117647,0.0294117647,0.0294117647],"34":[0.0285714286,0.0285714286,0.0285714286,0.0285714286,0.0285714286,0.0285714286,0.0285714286,0.0285714286,0.0285714286,0.0285714286,0.0285714286,0.0285714286,0.0285714286,0.0285714286,0.0285714286,0.0285714286,0.0285714286,0.0285714286,0.0285714286,0.0285714286,0.0285714286,0.0285714286],"35":[0.0277777778,0.0277777778,0.0277777778,0.0277777778,0.0277777778,0.0277777778,0.0277777778,0.0277777778,0.0277777778,0.0277777778,0.0277777778,0.0277777778,0.0277777778,0.0277777778,0.0277777778,0.0277777778,0.0277777778,0.0277777778,0.0277777778,0.0277777778,0.0277777778,0.0277777778],"36":[0.027027027,0.027027027,0.027027027,0.027027027,0.027027027,0.027027027,0.027027027,0.027027027,0.027027027,0.027027027,0.027027027,0.027027027,0.027027027,0.027027027,0.027027027,0.027027027,0.027027027,0.027027027,0.027027027,0.027027027,0.027027027,0.027027027],"37":[0.0263157895,0.0263157895,0.0263157895,0.0263157895,0.0263157895,0.0263157895,0.0263157895,0.0263157895,0.0263157895,0.0263157895,0.0263157895,0.0263157895,0.0263157895,0.0263157895,0.0263157895,0.0263157895,0.0263157895,0.0263157895,0.0263157895,0.0263157895,0.0263157895,0.0263157895,0.0263157895],"38":[0.0256410256,0.0256410256,0.0256410256,0.0256410256,0.0256410256,0.0256410256,0.0256410256,0.0256410256,0.0256410256,0.0256410256,0.0256410256,0.0256410256,0.0256410256,0.0256410256,0.0256410256,0.0256410256,0.0256410256,0.0256410256,0.0256410256,0.0256410256,0.0256410256,0.0256410256,0.0256410256,0.0256410256],"39":[0.025,0.025,0.025,0.025,0.025,0.025,0.025,0.025,0.025,0.025,0.025,0.025,0.025,0.025,0.025,0.025,0.025,0.025,0.025,0.025,0.025,0.025,0.025,0.025,0.025],"40":[0.0243902439,0.0243902439,0.0243902439,0.0243902439,0.0243902439,0.0243902439,0.0243902439,0.0243902439,0.0243902439,0.0243902439,0.0243902439,0.0243902439,0.0243902439,0.0243902439,0.0243902439,0.0243902439,0.0243902439,0.0243902439,0.0243902439,0.0243902439,0.0243902439,0.0243902439,0.0243902439,0.0243902439,0.0243902439],"41":[0.0238095238,0.0238095238,0.0238095238,0.0238095238,0.0238095238,0.0238095238,0.0238095238,0.0238095238,0.0238095238,0.0238095238,0.0238095238,0.0238095238,0.0238095238,0.0238095238,0.0238095238,0.0238095238,0.0238095238,0.0238095238,0.0238095238,0.0238095238,0.0238095238,0.0238095238,0.0238095238,0.0238095238,0.0238095238],"42":[0.023255814,0.023255814,0.023255814,0.023255814,0.023255814,0.023255814,0.023255814,0.023255814,0.023255814,0.023255814,0.023255814,0.023255814,0.023255814,0.023255814,0.023255814,0.023255814,0.023255814,0.023255814,0.023255814,0.023255814,0.023255814,0.023255814,0.023255814,0.023255814,0.023255814,0.023255814],"43":[0.0227272727,0.0227272727,0.0227272727,0.0227272727,0.0227272727,0.0227272727,0.0227272727,0.0227272727,0.0227272727,0.0227272727,0.0227272727,0.0227272727,0.0227272727,0.0227272727,0.0227272727,0.0227272727,0.0227272727,0.0227272727,0.0227272727,0.0227272727,0.0227272727,0.0227272727,0.0227272727,0.0227272727,0.0227272727,0.0227272727,0.0227272727]},"task":{"0":"37_1","1":"37_1","2":"37_1","3":"37_1","4":"37_1","5":"37_1","6":"37_1","7":"37_1","8":"37_1","9":"37_1","10":"37_1","11":"37_1","12":"37_1","13":"37_1","14":"37_1","15":"37_1","16":"37_1","17":"37_1","18":"37_1","19":"37_1","20":"37_1","21":"37_1","22":"37_1","23":"37_1","24":"37_1","25":"37_1","26":"37_1","27":"37_1","28":"37_1","29":"37_1","30":"37_1","31":"37_1","32":"37_1","33":"37_1","34":"37_1","35":"37_1","36":"37_1","37":"37_1","38":"37_1","39":"37_1","40":"37_1","41":"37_1","42":"37_1","43":"37_1"},"dataset":{"0":"diabetes","1":"diabetes","2":"diabetes","3":"diabetes","4":"diabetes","5":"diabetes","6":"diabetes","7":"diabetes","8":"diabetes","9":"diabetes","10":"diabetes","11":"diabetes","12":"diabetes","13":"diabetes","14":"diabetes","15":"diabetes","16":"diabetes","17":"diabetes","18":"diabetes","19":"diabetes","20":"diabetes","21":"diabetes","22":"diabetes","23":"diabetes","24":"diabetes","25":"diabetes","26":"diabetes","27":"diabetes","28":"diabetes","29":"diabetes","30":"diabetes","31":"diabetes","32":"diabetes","33":"diabetes","34":"diabetes","35":"diabetes","36":"diabetes","37":"diabetes","38":"diabetes","39":"diabetes","40":"diabetes","41":"diabetes","42":"diabetes","43":"diabetes"},"fold":{"0":1,"1":1,"2":1,"3":1,"4":1,"5":1,"6":1,"7":1,"8":1,"9":1,"10":1,"11":1,"12":1,"13":1,"14":1,"15":1,"16":1,"17":1,"18":1,"19":1,"20":1,"21":1,"22":1,"23":1,"24":1,"25":1,"26":1,"27":1,"28":1,"29":1,"30":1,"31":1,"32":1,"33":1,"34":1,"35":1,"36":1,"37":1,"38":1,"39":1,"40":1,"41":1,"42":1,"43":1},"method":{"0":"GES","1":"GES","2":"GES","3":"GES","4":"GES","5":"GES","6":"GES","7":"GES","8":"GES","9":"GES","10":"GES","11":"GES","12":"GES","13":"GES","14":"GES","15":"GES","16":"GES","17":"GES","18":"GES","19":"GES","20":"GES","21":"GES","22":"GES","23":"GES","24":"GES","25":"GES","26":"GES","27":"GES","28":"GES","29":"GES","30":"GES","31":"GES","32":"GES","33":"GES","34":"GES","35":"GES","36":"GES","37":"GES","38":"GES","39":"GES","40":"GES","41":"GES","42":"GES","43":"GES"}}