{"iteration":{"0":1,"1":2,"2":3,"3":4,"4":5,"5":6,"6":7},"roc_auc_val":{"0":0.999623494,"1":0.9998178197,"2":0.9998785464,"3":0.9999514186,"4":0.9999514186,"5":0.9999635639,"6":0.9999757093},"roc_auc_test":{"0":1.0,"1":1.0,"2":1.0,"3":1.0,"4":1.0,"5":1.0,"6":1.0},"models_used":{"0":["NeuralNetTorch_r38_BAG_L1"],"1":["NeuralNetFastAI_r11_BAG_L1","NeuralNetTorch_r38_BAG_L1"],"2":["NeuralNetFastAI_r11_BAG_L1","NeuralNetTorch_r38_BAG_L1","NeuralNetTorch_r76_BAG_L1"],"3":["NeuralNetFastAI_r11_BAG_L1","NeuralNetTorch_r38_BAG_L1","NeuralNetFastAI_r29_BAG_L1","NeuralNetTorch_r76_BAG_L1"],"4":["NeuralNetFastAI_r177_BAG_L1","NeuralNetFastAI_r11_BAG_L1","NeuralNetFastAI_r29_BAG_L1","NeuralNetTorch_r76_BAG_L1","NeuralNetTorch_r38_BAG_L1"],"5":["NeuralNetFastAI_r177_BAG_L1","NeuralNetFastAI_r11_BAG_L1","NeuralNetFastAI_r29_BAG_L1","NeuralNetTorch_r76_BAG_L1","NeuralNetTorch_r21_BAG_L1","NeuralNetTorch_r38_BAG_L1"],"6":["NeuralNetFastAI_r177_BAG_L1","NeuralNetFastAI_r11_BAG_L1","NeuralNetFastAI_r29_BAG_L1","NeuralNetTorch_r76_BAG_L1","NeuralNetTorch_r21_BAG_L1","NeuralNetTorch_r38_BAG_L1","NeuralNetTorch_r98_BAG_L1"]},"weights":{"0":[1.0],"1":[0.5,0.5],"2":[0.3333333333,0.3333333333,0.3333333333],"3":[0.25,0.25,0.25,0.25],"4":[0.2,0.2,0.2,0.2,0.2],"5":[0.1666666667,0.1666666667,0.1666666667,0.1666666667,0.1666666667,0.1666666667],"6":[0.1428571429,0.1428571429,0.1428571429,0.1428571429,0.1428571429,0.1428571429,0.1428571429]},"task":{"0":"3980_1","1":"3980_1","2":"3980_1","3":"3980_1","4":"3980_1","5":"3980_1","6":"3980_1"},"dataset":{"0":"OVA_Prostate","1":"OVA_Prostate","2":"OVA_Prostate","3":"OVA_Prostate","4":"OVA_Prostate","5":"OVA_Prostate","6":"OVA_Prostate"},"fold":{"0":1,"1":1,"2":1,"3":1,"4":1,"5":1,"6":1},"method":{"0":"GES","1":"GES","2":"GES","3":"GES","4":"GES","5":"GES","6":"GES"}}