{"iteration":{"0":1,"1":2,"2":3,"3":4,"4":5,"5":6,"6":7,"7":8,"8":9,"9":10,"10":11,"11":12,"12":13,"13":14,"14":15,"15":16,"16":17,"17":18,"18":19,"19":20,"20":21},"roc_auc_val":{"0":0.7597476923,"1":0.7667953956,"2":0.7700300406,"3":0.771242839,"4":0.7719290736,"5":0.7727888935,"6":0.7731700974,"7":0.773185124,"8":0.773051055,"9":0.7729738928,"10":0.7732156713,"11":0.7733770568,"12":0.7735293705,"13":0.7736925475,"14":0.7733950756,"15":0.7737157997,"16":0.7735569487,"17":0.7738213264,"18":0.7737899973,"19":0.773799019,"20":0.7738097731},"roc_auc_test":{"0":0.7064853023,"1":0.700678014,"2":0.7031493987,"3":0.7075614125,"4":0.7080028503,"5":0.7042538038,"6":0.7065299949,"7":0.7042279491,"8":0.7049095517,"9":0.7025415266,"10":0.7032281026,"11":0.7020517992,"12":0.7020042948,"13":0.7018329548,"14":0.7019073862,"15":0.7031325534,"16":0.7030580798,"17":0.6999180452,"18":0.7007356678,"19":0.7006016068,"20":0.7000946204},"models_used":{"0":["NeuralNetFastAI_r35_BAG_L1"],"1":["NeuralNetTorch_r158_BAG_L1","NeuralNetFastAI_r35_BAG_L1"],"2":["NeuralNetTorch_r158_BAG_L1","NeuralNetFastAI_r41_BAG_L1","NeuralNetFastAI_r35_BAG_L1"],"3":["NeuralNetTorch_r158_BAG_L1","NeuralNetFastAI_r120_BAG_L1","NeuralNetFastAI_r41_BAG_L1","NeuralNetFastAI_r35_BAG_L1"],"4":["NeuralNetFastAI_r120_BAG_L1","NeuralNetFastAI_r35_BAG_L1","NeuralNetFastAI_r103_BAG_L1","NeuralNetFastAI_r41_BAG_L1","NeuralNetTorch_r158_BAG_L1"],"5":["NeuralNetFastAI_r120_BAG_L1","NeuralNetTorch_r197_BAG_L1","NeuralNetFastAI_r35_BAG_L1","NeuralNetFastAI_r103_BAG_L1","NeuralNetFastAI_r41_BAG_L1","NeuralNetTorch_r158_BAG_L1"],"6":["NeuralNetFastAI_r120_BAG_L1","NeuralNetTorch_r197_BAG_L1","NeuralNetFastAI_r35_BAG_L1","NeuralNetFastAI_r103_BAG_L1","NeuralNetFastAI_r41_BAG_L1","NeuralNetTorch_r128_BAG_L1","NeuralNetTorch_r158_BAG_L1"],"7":["NeuralNetFastAI_r120_BAG_L1","NeuralNetTorch_r197_BAG_L1","NeuralNetFastAI_r35_BAG_L1","NeuralNetFastAI_r103_BAG_L1","NeuralNetFastAI_r41_BAG_L1","NeuralNetTorch_r128_BAG_L1","NeuralNetTorch_r158_BAG_L1","NeuralNetTorch_r37_BAG_L1"],"8":["NeuralNetFastAI_r120_BAG_L1","NeuralNetTorch_r197_BAG_L1","NeuralNetFastAI_r35_BAG_L1","NeuralNetFastAI_r103_BAG_L1","NeuralNetFastAI_r41_BAG_L1","NeuralNetTorch_r128_BAG_L1","NeuralNetTorch_r158_BAG_L1","NeuralNetTorch_r37_BAG_L1"],"9":["NeuralNetFastAI_r120_BAG_L1","NeuralNetTorch_r197_BAG_L1","NeuralNetFastAI_r35_BAG_L1","NeuralNetFastAI_r103_BAG_L1","NeuralNetTorch_r59_BAG_L1","NeuralNetFastAI_r41_BAG_L1","NeuralNetTorch_r128_BAG_L1","NeuralNetTorch_r158_BAG_L1","NeuralNetTorch_r37_BAG_L1"],"10":["NeuralNetFastAI_r120_BAG_L1","NeuralNetTorch_r197_BAG_L1","NeuralNetFastAI_r35_BAG_L1","NeuralNetFastAI_r103_BAG_L1","NeuralNetFastAI_r134_BAG_L1","NeuralNetTorch_r59_BAG_L1","NeuralNetFastAI_r41_BAG_L1","NeuralNetTorch_r128_BAG_L1","NeuralNetTorch_r158_BAG_L1","NeuralNetTorch_r37_BAG_L1"],"11":["NeuralNetFastAI_r120_BAG_L1","NeuralNetTorch_r197_BAG_L1","NeuralNetFastAI_r183_BAG_L1","NeuralNetFastAI_r35_BAG_L1","NeuralNetFastAI_r103_BAG_L1","NeuralNetFastAI_r134_BAG_L1","NeuralNetTorch_r59_BAG_L1","NeuralNetFastAI_r41_BAG_L1","NeuralNetTorch_r128_BAG_L1","NeuralNetTorch_r158_BAG_L1","NeuralNetTorch_r37_BAG_L1"],"12":["NeuralNetFastAI_r120_BAG_L1","NeuralNetTorch_r197_BAG_L1","NeuralNetTorch_r113_BAG_L1","NeuralNetFastAI_r183_BAG_L1","NeuralNetFastAI_r35_BAG_L1","NeuralNetFastAI_r103_BAG_L1","NeuralNetFastAI_r134_BAG_L1","NeuralNetTorch_r59_BAG_L1","NeuralNetFastAI_r41_BAG_L1","NeuralNetTorch_r128_BAG_L1","NeuralNetTorch_r158_BAG_L1","NeuralNetTorch_r37_BAG_L1"],"13":["NeuralNetFastAI_r120_BAG_L1","NeuralNetTorch_r197_BAG_L1","NeuralNetTorch_r113_BAG_L1","NeuralNetFastAI_r183_BAG_L1","NeuralNetFastAI_r35_BAG_L1","NeuralNetTorch_r149_BAG_L1","NeuralNetFastAI_r103_BAG_L1","NeuralNetFastAI_r134_BAG_L1","NeuralNetTorch_r59_BAG_L1","NeuralNetFastAI_r41_BAG_L1","NeuralNetTorch_r128_BAG_L1","NeuralNetTorch_r158_BAG_L1","NeuralNetTorch_r37_BAG_L1"],"14":["NeuralNetFastAI_r120_BAG_L1","NeuralNetTorch_r197_BAG_L1","NeuralNetTorch_r113_BAG_L1","NeuralNetFastAI_r183_BAG_L1","NeuralNetFastAI_r35_BAG_L1","NeuralNetTorch_r149_BAG_L1","NeuralNetFastAI_r103_BAG_L1","NeuralNetFastAI_r134_BAG_L1","NeuralNetTorch_r59_BAG_L1","NeuralNetFastAI_r41_BAG_L1","NeuralNetTorch_r128_BAG_L1","NeuralNetTorch_r158_BAG_L1","NeuralNetTorch_r37_BAG_L1"],"15":["NeuralNetFastAI_r120_BAG_L1","NeuralNetTorch_r197_BAG_L1","NeuralNetTorch_r113_BAG_L1","NeuralNetFastAI_r183_BAG_L1","NeuralNetFastAI_r35_BAG_L1","NeuralNetTorch_r149_BAG_L1","NeuralNetFastAI_r103_BAG_L1","NeuralNetFastAI_r134_BAG_L1","NeuralNetTorch_r59_BAG_L1","NeuralNetFastAI_r41_BAG_L1","NeuralNetTorch_r128_BAG_L1","NeuralNetTorch_r158_BAG_L1","NeuralNetTorch_r37_BAG_L1"],"16":["NeuralNetFastAI_r120_BAG_L1","NeuralNetTorch_r197_BAG_L1","NeuralNetTorch_r113_BAG_L1","NeuralNetFastAI_r183_BAG_L1","NeuralNetFastAI_r35_BAG_L1","NeuralNetTorch_r149_BAG_L1","NeuralNetFastAI_r103_BAG_L1","NeuralNetFastAI_r134_BAG_L1","NeuralNetTorch_r59_BAG_L1","NeuralNetFastAI_r41_BAG_L1","NeuralNetTorch_r128_BAG_L1","NeuralNetTorch_r158_BAG_L1","NeuralNetTorch_r37_BAG_L1"],"17":["NeuralNetFastAI_r120_BAG_L1","NeuralNetTorch_r197_BAG_L1","NeuralNetTorch_r113_BAG_L1","NeuralNetFastAI_r183_BAG_L1","RandomForest_r42_BAG_L1","NeuralNetFastAI_r35_BAG_L1","NeuralNetTorch_r149_BAG_L1","NeuralNetFastAI_r103_BAG_L1","NeuralNetFastAI_r134_BAG_L1","NeuralNetTorch_r59_BAG_L1","NeuralNetFastAI_r41_BAG_L1","NeuralNetTorch_r128_BAG_L1","NeuralNetTorch_r158_BAG_L1","NeuralNetTorch_r37_BAG_L1"],"18":["NeuralNetFastAI_r120_BAG_L1","NeuralNetTorch_r197_BAG_L1","NeuralNetTorch_r113_BAG_L1","NeuralNetFastAI_r183_BAG_L1","RandomForest_r42_BAG_L1","NeuralNetFastAI_r35_BAG_L1","NeuralNetTorch_r149_BAG_L1","NeuralNetFastAI_r103_BAG_L1","NeuralNetFastAI_r134_BAG_L1","NeuralNetTorch_r59_BAG_L1","NeuralNetFastAI_r41_BAG_L1","NeuralNetTorch_r128_BAG_L1","NeuralNetTorch_r158_BAG_L1","NeuralNetTorch_r37_BAG_L1"],"19":["NeuralNetFastAI_r120_BAG_L1","NeuralNetTorch_r197_BAG_L1","NeuralNetTorch_r141_BAG_L1","NeuralNetTorch_r113_BAG_L1","NeuralNetFastAI_r183_BAG_L1","RandomForest_r42_BAG_L1","NeuralNetFastAI_r35_BAG_L1","NeuralNetTorch_r149_BAG_L1","NeuralNetFastAI_r103_BAG_L1","NeuralNetFastAI_r134_BAG_L1","NeuralNetTorch_r59_BAG_L1","NeuralNetFastAI_r41_BAG_L1","NeuralNetTorch_r128_BAG_L1","NeuralNetTorch_r158_BAG_L1","NeuralNetTorch_r37_BAG_L1"],"20":["NeuralNetFastAI_r120_BAG_L1","NeuralNetTorch_r197_BAG_L1","NeuralNetTorch_r141_BAG_L1","NeuralNetTorch_r113_BAG_L1","NeuralNetFastAI_r183_BAG_L1","RandomForest_r42_BAG_L1","NeuralNetFastAI_r35_BAG_L1","NeuralNetTorch_r149_BAG_L1","NeuralNetFastAI_r103_BAG_L1","NeuralNetFastAI_r134_BAG_L1","NeuralNetTorch_r59_BAG_L1","NeuralNetFastAI_r41_BAG_L1","NeuralNetTorch_r128_BAG_L1","NeuralNetTorch_r158_BAG_L1","NeuralNetTorch_r37_BAG_L1"]},"weights":{"0":[1.0],"1":[0.5,0.5],"2":[0.3333333333,0.3333333333,0.3333333333],"3":[0.25,0.25,0.25,0.25],"4":[0.2,0.2,0.2,0.2,0.2],"5":[0.1666666667,0.1666666667,0.1666666667,0.1666666667,0.1666666667,0.1666666667],"6":[0.1428571429,0.1428571429,0.1428571429,0.1428571429,0.1428571429,0.1428571429,0.1428571429],"7":[0.125,0.125,0.125,0.125,0.125,0.125,0.125,0.125],"8":[0.1111111111,0.1111111111,0.1111111111,0.1111111111,0.1111111111,0.1111111111,0.1111111111,0.1111111111],"9":[0.1,0.1,0.1,0.1,0.1,0.1,0.1,0.1,0.1],"10":[0.0909090909,0.0909090909,0.0909090909,0.0909090909,0.0909090909,0.0909090909,0.0909090909,0.0909090909,0.0909090909,0.0909090909],"11":[0.0833333333,0.0833333333,0.0833333333,0.0833333333,0.0833333333,0.0833333333,0.0833333333,0.0833333333,0.0833333333,0.0833333333,0.0833333333],"12":[0.0769230769,0.0769230769,0.0769230769,0.0769230769,0.0769230769,0.0769230769,0.0769230769,0.0769230769,0.0769230769,0.0769230769,0.0769230769,0.0769230769],"13":[0.0714285714,0.0714285714,0.0714285714,0.0714285714,0.0714285714,0.0714285714,0.0714285714,0.0714285714,0.0714285714,0.0714285714,0.0714285714,0.0714285714,0.0714285714],"14":[0.0666666667,0.0666666667,0.0666666667,0.0666666667,0.0666666667,0.0666666667,0.0666666667,0.0666666667,0.0666666667,0.0666666667,0.0666666667,0.0666666667,0.0666666667],"15":[0.0625,0.0625,0.0625,0.0625,0.0625,0.0625,0.0625,0.0625,0.0625,0.0625,0.0625,0.0625,0.0625],"16":[0.0588235294,0.0588235294,0.0588235294,0.0588235294,0.0588235294,0.0588235294,0.0588235294,0.0588235294,0.0588235294,0.0588235294,0.0588235294,0.0588235294,0.0588235294],"17":[0.0555555556,0.0555555556,0.0555555556,0.0555555556,0.0555555556,0.0555555556,0.0555555556,0.0555555556,0.0555555556,0.0555555556,0.0555555556,0.0555555556,0.0555555556,0.0555555556],"18":[0.0526315789,0.0526315789,0.0526315789,0.0526315789,0.0526315789,0.0526315789,0.0526315789,0.0526315789,0.0526315789,0.0526315789,0.0526315789,0.0526315789,0.0526315789,0.0526315789],"19":[0.05,0.05,0.05,0.05,0.05,0.05,0.05,0.05,0.05,0.05,0.05,0.05,0.05,0.05,0.05],"20":[0.0476190476,0.0476190476,0.0476190476,0.0476190476,0.0476190476,0.0476190476,0.0476190476,0.0476190476,0.0476190476,0.0476190476,0.0476190476,0.0476190476,0.0476190476,0.0476190476,0.0476190476]},"task":{"0":"359959_2","1":"359959_2","2":"359959_2","3":"359959_2","4":"359959_2","5":"359959_2","6":"359959_2","7":"359959_2","8":"359959_2","9":"359959_2","10":"359959_2","11":"359959_2","12":"359959_2","13":"359959_2","14":"359959_2","15":"359959_2","16":"359959_2","17":"359959_2","18":"359959_2","19":"359959_2","20":"359959_2"},"dataset":{"0":"cmc","1":"cmc","2":"cmc","3":"cmc","4":"cmc","5":"cmc","6":"cmc","7":"cmc","8":"cmc","9":"cmc","10":"cmc","11":"cmc","12":"cmc","13":"cmc","14":"cmc","15":"cmc","16":"cmc","17":"cmc","18":"cmc","19":"cmc","20":"cmc"},"fold":{"0":2,"1":2,"2":2,"3":2,"4":2,"5":2,"6":2,"7":2,"8":2,"9":2,"10":2,"11":2,"12":2,"13":2,"14":2,"15":2,"16":2,"17":2,"18":2,"19":2,"20":2},"method":{"0":"GES","1":"GES","2":"GES","3":"GES","4":"GES","5":"GES","6":"GES","7":"GES","8":"GES","9":"GES","10":"GES","11":"GES","12":"GES","13":"GES","14":"GES","15":"GES","16":"GES","17":"GES","18":"GES","19":"GES","20":"GES"}}