{"iteration":{"0":1,"1":2,"2":3,"3":4,"4":5,"5":6,"6":7,"7":8,"8":9,"9":10,"10":11,"11":12,"12":13,"13":14,"14":15,"15":16,"16":17,"17":18,"18":19,"19":20,"20":21,"21":22,"22":23,"23":24,"24":25,"25":26,"26":27,"27":28,"28":29,"29":30,"30":31,"31":32,"32":33,"33":34,"34":35,"35":36,"36":37,"37":38,"38":39,"39":40,"40":41},"roc_auc_val":{"0":0.9565882353,"1":0.9606666667,"2":0.9617058824,"3":0.9623333333,"4":0.9629215686,"5":0.9636470588,"6":0.9639215686,"7":0.9643137255,"8":0.9636862745,"9":0.9637647059,"10":0.964,"11":0.9637647059,"12":0.9634509804,"13":0.9632941176,"14":0.9627843137,"15":0.9630980392,"16":0.9622156863,"17":0.9635490196,"18":0.9630196078,"19":0.9632156863,"20":0.9634117647,"21":0.9629215686,"22":0.9630784314,"23":0.962745098,"24":0.9628627451,"25":0.9627058824,"26":0.9623529412,"27":0.9628235294,"28":0.9628431373,"29":0.9629215686,"30":0.9630784314,"31":0.9629607843,"32":0.9623529412,"33":0.9622156863,"34":0.9621960784,"35":0.9622352941,"36":0.9622156863,"37":0.962254902,"38":0.9621764706,"39":0.9621960784,"40":0.9615686275},"roc_auc_test":{"0":0.9704968944,"1":0.9813664596,"2":0.9782608696,"3":0.9751552795,"4":0.9720496894,"5":0.9751552795,"6":0.9751552795,"7":0.9798136646,"8":0.9813664596,"9":0.9829192547,"10":0.9813664596,"11":0.9782608696,"12":0.9813664596,"13":0.9844720497,"14":0.9844720497,"15":0.9844720497,"16":0.9751552795,"17":0.9829192547,"18":0.9767080745,"19":0.9767080745,"20":0.9767080745,"21":0.9767080745,"22":0.9767080745,"23":0.9767080745,"24":0.9767080745,"25":0.9767080745,"26":0.9751552795,"27":0.9736024845,"28":0.9736024845,"29":0.9782608696,"30":0.9782608696,"31":0.9782608696,"32":0.9829192547,"33":0.9813664596,"34":0.9813664596,"35":0.9813664596,"36":0.9767080745,"37":0.9782608696,"38":0.9782608696,"39":0.9782608696,"40":0.9782608696},"models_used":{"0":["NeuralNetTorch_r193_BAG_L1"],"1":["NeuralNetTorch_r193_BAG_L1","NeuralNetFastAI_r54_BAG_L1"],"2":["NeuralNetTorch_r193_BAG_L1","LightGBM_r180_BAG_L1","NeuralNetFastAI_r54_BAG_L1"],"3":["NeuralNetTorch_r193_BAG_L1","LightGBM_r180_BAG_L1","NeuralNetTorch_r21_BAG_L1","NeuralNetFastAI_r54_BAG_L1"],"4":["NeuralNetTorch_r193_BAG_L1","NeuralNetTorch_r135_BAG_L1","NeuralNetFastAI_r54_BAG_L1","LightGBM_r180_BAG_L1","NeuralNetTorch_r21_BAG_L1"],"5":["NeuralNetTorch_r193_BAG_L1","NeuralNetTorch_r135_BAG_L1","NeuralNetFastAI_r54_BAG_L1","LightGBM_r180_BAG_L1","NeuralNetTorch_r21_BAG_L1","NeuralNetFastAI_r172_BAG_L1"],"6":["NeuralNetTorch_r193_BAG_L1","NeuralNetTorch_r135_BAG_L1","NeuralNetFastAI_r54_BAG_L1","LightGBM_r180_BAG_L1","NeuralNetTorch_r21_BAG_L1","NeuralNetTorch_r11_BAG_L1","NeuralNetFastAI_r172_BAG_L1"],"7":["NeuralNetTorch_r193_BAG_L1","NeuralNetTorch_r135_BAG_L1","NeuralNetFastAI_r176_BAG_L1","NeuralNetFastAI_r54_BAG_L1","LightGBM_r180_BAG_L1","NeuralNetTorch_r21_BAG_L1","NeuralNetTorch_r11_BAG_L1","NeuralNetFastAI_r172_BAG_L1"],"8":["NeuralNetTorch_r193_BAG_L1","NeuralNetTorch_r135_BAG_L1","NeuralNetFastAI_r176_BAG_L1","NeuralNetFastAI_r54_BAG_L1","LightGBM_r180_BAG_L1","NeuralNetTorch_r21_BAG_L1","NeuralNetTorch_r11_BAG_L1","NeuralNetFastAI_r172_BAG_L1"],"9":["NeuralNetTorch_r193_BAG_L1","NeuralNetTorch_r135_BAG_L1","NeuralNetFastAI_r176_BAG_L1","NeuralNetFastAI_r54_BAG_L1","NeuralNetFastAI_r123_BAG_L1","LightGBM_r180_BAG_L1","NeuralNetTorch_r21_BAG_L1","NeuralNetTorch_r11_BAG_L1","NeuralNetFastAI_r172_BAG_L1"],"10":["NeuralNetTorch_r193_BAG_L1","NeuralNetTorch_r135_BAG_L1","NeuralNetFastAI_r176_BAG_L1","NeuralNetFastAI_r54_BAG_L1","NeuralNetFastAI_r123_BAG_L1","NeuralNetTorch_r141_BAG_L1","LightGBM_r180_BAG_L1","NeuralNetTorch_r21_BAG_L1","NeuralNetTorch_r11_BAG_L1","NeuralNetFastAI_r172_BAG_L1"],"11":["NeuralNetTorch_r193_BAG_L1","NeuralNetTorch_r135_BAG_L1","NeuralNetFastAI_r176_BAG_L1","NeuralNetFastAI_r54_BAG_L1","NeuralNetFastAI_r123_BAG_L1","NeuralNetTorch_r141_BAG_L1","LightGBM_r180_BAG_L1","NeuralNetTorch_r21_BAG_L1","NeuralNetTorch_r11_BAG_L1","LightGBM_r158_BAG_L1","NeuralNetFastAI_r172_BAG_L1"],"12":["NeuralNetTorch_r193_BAG_L1","NeuralNetTorch_r135_BAG_L1","NeuralNetFastAI_r176_BAG_L1","NeuralNetFastAI_r54_BAG_L1","NeuralNetFastAI_r123_BAG_L1","NeuralNetTorch_r141_BAG_L1","LightGBM_r180_BAG_L1","NeuralNetTorch_r21_BAG_L1","NeuralNetTorch_r11_BAG_L1","LightGBM_r158_BAG_L1","NeuralNetFastAI_r172_BAG_L1"],"13":["NeuralNetTorch_r193_BAG_L1","NeuralNetTorch_r135_BAG_L1","NeuralNetFastAI_r176_BAG_L1","NeuralNetFastAI_r54_BAG_L1","NeuralNetFastAI_r123_BAG_L1","NeuralNetTorch_r141_BAG_L1","LightGBM_r180_BAG_L1","NeuralNetTorch_r21_BAG_L1","NeuralNetTorch_r11_BAG_L1","LightGBM_r158_BAG_L1","NeuralNetFastAI_r172_BAG_L1"],"14":["NeuralNetTorch_r193_BAG_L1","NeuralNetTorch_r135_BAG_L1","NeuralNetFastAI_r176_BAG_L1","NeuralNetFastAI_r54_BAG_L1","NeuralNetFastAI_r123_BAG_L1","NeuralNetTorch_r141_BAG_L1","LightGBM_r180_BAG_L1","NeuralNetTorch_r21_BAG_L1","NeuralNetTorch_r11_BAG_L1","LightGBM_r158_BAG_L1","NeuralNetFastAI_r172_BAG_L1"],"15":["NeuralNetTorch_r193_BAG_L1","NeuralNetTorch_r135_BAG_L1","NeuralNetFastAI_r176_BAG_L1","NeuralNetFastAI_r54_BAG_L1","NeuralNetFastAI_r123_BAG_L1","NeuralNetTorch_r141_BAG_L1","LightGBM_r180_BAG_L1","NeuralNetTorch_r21_BAG_L1","NeuralNetTorch_r11_BAG_L1","LightGBM_r158_BAG_L1","NeuralNetFastAI_r99_BAG_L1","NeuralNetFastAI_r172_BAG_L1"],"16":["NeuralNetTorch_r193_BAG_L1","NeuralNetTorch_r135_BAG_L1","NeuralNetFastAI_r176_BAG_L1","NeuralNetFastAI_r54_BAG_L1","NeuralNetFastAI_r123_BAG_L1","NeuralNetTorch_r141_BAG_L1","LightGBM_r180_BAG_L1","NeuralNetTorch_r21_BAG_L1","NeuralNetTorch_r11_BAG_L1","LightGBM_r158_BAG_L1","NeuralNetFastAI_r99_BAG_L1","LightGBM_r192_BAG_L1","NeuralNetFastAI_r172_BAG_L1"],"17":["NeuralNetTorch_r193_BAG_L1","NeuralNetTorch_r135_BAG_L1","NeuralNetFastAI_r176_BAG_L1","NeuralNetFastAI_r54_BAG_L1","NeuralNetFastAI_r123_BAG_L1","NeuralNetTorch_r141_BAG_L1","LightGBM_r180_BAG_L1","NeuralNetTorch_r113_BAG_L1","NeuralNetTorch_r21_BAG_L1","NeuralNetTorch_r11_BAG_L1","LightGBM_r158_BAG_L1","NeuralNetFastAI_r99_BAG_L1","LightGBM_r192_BAG_L1","NeuralNetFastAI_r172_BAG_L1"],"18":["NeuralNetTorch_r193_BAG_L1","NeuralNetTorch_r135_BAG_L1","NeuralNetFastAI_r176_BAG_L1","NeuralNetFastAI_r54_BAG_L1","NeuralNetFastAI_r123_BAG_L1","NeuralNetTorch_r141_BAG_L1","LightGBM_r180_BAG_L1","NeuralNetTorch_r113_BAG_L1","NeuralNetTorch_r21_BAG_L1","NeuralNetTorch_r11_BAG_L1","LightGBM_r158_BAG_L1","NeuralNetFastAI_r99_BAG_L1","LightGBM_r192_BAG_L1","LightGBM_r108_BAG_L1","NeuralNetFastAI_r172_BAG_L1"],"19":["NeuralNetTorch_r193_BAG_L1","NeuralNetTorch_r135_BAG_L1","NeuralNetFastAI_r176_BAG_L1","NeuralNetFastAI_r54_BAG_L1","NeuralNetFastAI_r123_BAG_L1","NeuralNetTorch_r141_BAG_L1","LightGBM_r180_BAG_L1","NeuralNetTorch_r113_BAG_L1","NeuralNetTorch_r21_BAG_L1","NeuralNetTorch_r11_BAG_L1","LightGBM_r158_BAG_L1","NeuralNetFastAI_r99_BAG_L1","LightGBM_r192_BAG_L1","LightGBM_r108_BAG_L1","NeuralNetFastAI_r172_BAG_L1"],"20":["NeuralNetTorch_r193_BAG_L1","NeuralNetTorch_r135_BAG_L1","NeuralNetFastAI_r176_BAG_L1","NeuralNetFastAI_r54_BAG_L1","NeuralNetFastAI_r123_BAG_L1","NeuralNetTorch_r141_BAG_L1","LightGBM_r180_BAG_L1","NeuralNetTorch_r113_BAG_L1","NeuralNetTorch_r21_BAG_L1","NeuralNetTorch_r80_BAG_L1","NeuralNetTorch_r11_BAG_L1","LightGBM_r158_BAG_L1","NeuralNetFastAI_r99_BAG_L1","LightGBM_r192_BAG_L1","LightGBM_r108_BAG_L1","NeuralNetFastAI_r172_BAG_L1"],"21":["NeuralNetTorch_r193_BAG_L1","NeuralNetTorch_r135_BAG_L1","NeuralNetFastAI_r176_BAG_L1","NeuralNetFastAI_r54_BAG_L1","NeuralNetFastAI_r123_BAG_L1","NeuralNetTorch_r141_BAG_L1","LightGBM_r180_BAG_L1","NeuralNetTorch_r113_BAG_L1","NeuralNetTorch_r21_BAG_L1","NeuralNetTorch_r80_BAG_L1","NeuralNetTorch_r11_BAG_L1","LightGBM_r158_BAG_L1","NeuralNetFastAI_r99_BAG_L1","LightGBM_r192_BAG_L1","LightGBM_r108_BAG_L1","NeuralNetFastAI_r172_BAG_L1"],"22":["NeuralNetTorch_r193_BAG_L1","NeuralNetTorch_r135_BAG_L1","NeuralNetFastAI_r176_BAG_L1","NeuralNetFastAI_r54_BAG_L1","NeuralNetFastAI_r123_BAG_L1","NeuralNetTorch_r141_BAG_L1","LightGBM_r180_BAG_L1","NeuralNetTorch_r113_BAG_L1","NeuralNetTorch_r21_BAG_L1","NeuralNetTorch_r80_BAG_L1","NeuralNetTorch_r11_BAG_L1","LightGBM_r158_BAG_L1","NeuralNetFastAI_r99_BAG_L1","LightGBM_r192_BAG_L1","LightGBM_r108_BAG_L1","NeuralNetFastAI_r172_BAG_L1"],"23":["NeuralNetTorch_r193_BAG_L1","NeuralNetTorch_r135_BAG_L1","NeuralNetFastAI_r176_BAG_L1","NeuralNetFastAI_r54_BAG_L1","NeuralNetFastAI_r123_BAG_L1","NeuralNetTorch_r141_BAG_L1","LightGBM_r180_BAG_L1","NeuralNetTorch_r113_BAG_L1","NeuralNetTorch_r21_BAG_L1","NeuralNetTorch_r80_BAG_L1","NeuralNetTorch_r11_BAG_L1","LightGBM_r158_BAG_L1","NeuralNetFastAI_r99_BAG_L1","LightGBM_r192_BAG_L1","LightGBM_r108_BAG_L1","NeuralNetFastAI_r172_BAG_L1"],"24":["NeuralNetTorch_r193_BAG_L1","NeuralNetTorch_r135_BAG_L1","NeuralNetFastAI_r176_BAG_L1","NeuralNetFastAI_r54_BAG_L1","NeuralNetFastAI_r123_BAG_L1","NeuralNetTorch_r141_BAG_L1","LightGBM_r180_BAG_L1","NeuralNetTorch_r113_BAG_L1","NeuralNetTorch_r21_BAG_L1","NeuralNetTorch_r80_BAG_L1","NeuralNetTorch_r11_BAG_L1","LightGBM_r158_BAG_L1","NeuralNetFastAI_r99_BAG_L1","LightGBM_r192_BAG_L1","LightGBM_r108_BAG_L1","NeuralNetFastAI_r172_BAG_L1","NeuralNetTorch_r63_BAG_L1"],"25":["NeuralNetTorch_r193_BAG_L1","NeuralNetTorch_r135_BAG_L1","NeuralNetFastAI_r176_BAG_L1","NeuralNetFastAI_r54_BAG_L1","NeuralNetFastAI_r123_BAG_L1","NeuralNetTorch_r141_BAG_L1","LightGBM_r180_BAG_L1","NeuralNetTorch_r113_BAG_L1","NeuralNetTorch_r21_BAG_L1","NeuralNetTorch_r80_BAG_L1","NeuralNetTorch_r11_BAG_L1","LightGBM_r158_BAG_L1","NeuralNetFastAI_r99_BAG_L1","LightGBM_r192_BAG_L1","LightGBM_r108_BAG_L1","NeuralNetFastAI_r172_BAG_L1","NeuralNetTorch_r63_BAG_L1"],"26":["NeuralNetTorch_r193_BAG_L1","NeuralNetTorch_r135_BAG_L1","NeuralNetFastAI_r176_BAG_L1","NeuralNetFastAI_r54_BAG_L1","NeuralNetFastAI_r123_BAG_L1","NeuralNetTorch_r141_BAG_L1","LightGBM_r180_BAG_L1","NeuralNetTorch_r113_BAG_L1","NeuralNetTorch_r21_BAG_L1","NeuralNetTorch_r80_BAG_L1","NeuralNetTorch_r11_BAG_L1","LightGBM_r158_BAG_L1","NeuralNetFastAI_r99_BAG_L1","LightGBM_r192_BAG_L1","LightGBM_r108_BAG_L1","NeuralNetFastAI_r172_BAG_L1","NeuralNetTorch_r63_BAG_L1"],"27":["NeuralNetTorch_r193_BAG_L1","NeuralNetTorch_r135_BAG_L1","NeuralNetFastAI_r176_BAG_L1","NeuralNetFastAI_r54_BAG_L1","NeuralNetFastAI_r123_BAG_L1","NeuralNetTorch_r141_BAG_L1","LightGBM_r180_BAG_L1","NeuralNetTorch_r113_BAG_L1","NeuralNetTorch_r21_BAG_L1","NeuralNetTorch_r80_BAG_L1","NeuralNetTorch_r11_BAG_L1","LightGBM_r158_BAG_L1","NeuralNetFastAI_r99_BAG_L1","LightGBM_r192_BAG_L1","LightGBM_r108_BAG_L1","LightGBM_r110_BAG_L1","NeuralNetFastAI_r172_BAG_L1","NeuralNetTorch_r63_BAG_L1"],"28":["NeuralNetTorch_r193_BAG_L1","NeuralNetTorch_r135_BAG_L1","NeuralNetFastAI_r176_BAG_L1","NeuralNetFastAI_r54_BAG_L1","NeuralNetFastAI_r123_BAG_L1","NeuralNetTorch_r141_BAG_L1","LightGBM_r180_BAG_L1","NeuralNetTorch_r113_BAG_L1","NeuralNetTorch_r21_BAG_L1","NeuralNetTorch_r80_BAG_L1","NeuralNetTorch_r11_BAG_L1","LightGBM_r158_BAG_L1","NeuralNetFastAI_r99_BAG_L1","LightGBM_r192_BAG_L1","LightGBM_r108_BAG_L1","LightGBM_r110_BAG_L1","NeuralNetFastAI_r172_BAG_L1","NeuralNetTorch_r63_BAG_L1"],"29":["NeuralNetTorch_r193_BAG_L1","NeuralNetTorch_r21_BAG_L1","LightGBM_r158_BAG_L1","CatBoost_r51_BAG_L1","NeuralNetFastAI_r99_BAG_L1","NeuralNetFastAI_r172_BAG_L1","NeuralNetFastAI_r176_BAG_L1","NeuralNetTorch_r113_BAG_L1","LightGBM_r180_BAG_L1","NeuralNetTorch_r11_BAG_L1","LightGBM_r192_BAG_L1","NeuralNetTorch_r63_BAG_L1","NeuralNetTorch_r135_BAG_L1","NeuralNetTorch_r141_BAG_L1","NeuralNetTorch_r80_BAG_L1","LightGBM_r108_BAG_L1","LightGBM_r110_BAG_L1","NeuralNetFastAI_r54_BAG_L1","NeuralNetFastAI_r123_BAG_L1"],"30":["NeuralNetTorch_r193_BAG_L1","NeuralNetTorch_r21_BAG_L1","LightGBM_r158_BAG_L1","CatBoost_r51_BAG_L1","NeuralNetFastAI_r99_BAG_L1","NeuralNetFastAI_r172_BAG_L1","NeuralNetFastAI_r176_BAG_L1","NeuralNetTorch_r113_BAG_L1","LightGBM_r180_BAG_L1","NeuralNetTorch_r11_BAG_L1","LightGBM_r192_BAG_L1","NeuralNetTorch_r63_BAG_L1","NeuralNetTorch_r135_BAG_L1","NeuralNetTorch_r141_BAG_L1","NeuralNetTorch_r80_BAG_L1","LightGBM_r108_BAG_L1","LightGBM_r110_BAG_L1","NeuralNetFastAI_r54_BAG_L1","NeuralNetFastAI_r123_BAG_L1"],"31":["NeuralNetTorch_r193_BAG_L1","NeuralNetTorch_r21_BAG_L1","LightGBM_r158_BAG_L1","CatBoost_r51_BAG_L1","NeuralNetFastAI_r99_BAG_L1","NeuralNetFastAI_r172_BAG_L1","NeuralNetTorch_r103_BAG_L1","NeuralNetFastAI_r176_BAG_L1","NeuralNetTorch_r113_BAG_L1","LightGBM_r180_BAG_L1","NeuralNetTorch_r11_BAG_L1","LightGBM_r192_BAG_L1","NeuralNetTorch_r63_BAG_L1","NeuralNetTorch_r135_BAG_L1","NeuralNetTorch_r141_BAG_L1","NeuralNetTorch_r80_BAG_L1","LightGBM_r108_BAG_L1","LightGBM_r110_BAG_L1","NeuralNetFastAI_r54_BAG_L1","NeuralNetFastAI_r123_BAG_L1"],"32":["NeuralNetTorch_r193_BAG_L1","NeuralNetTorch_r21_BAG_L1","LightGBM_r158_BAG_L1","CatBoost_r51_BAG_L1","NeuralNetFastAI_r99_BAG_L1","NeuralNetFastAI_r172_BAG_L1","NeuralNetTorch_r103_BAG_L1","NeuralNetFastAI_r176_BAG_L1","NeuralNetTorch_r113_BAG_L1","LightGBM_r180_BAG_L1","NeuralNetTorch_r11_BAG_L1","LightGBM_r192_BAG_L1","NeuralNetTorch_r63_BAG_L1","NeuralNetTorch_r135_BAG_L1","NeuralNetTorch_r141_BAG_L1","NeuralNetTorch_r80_BAG_L1","NeuralNetFastAI_r42_BAG_L1","LightGBM_r108_BAG_L1","LightGBM_r110_BAG_L1","NeuralNetFastAI_r54_BAG_L1","NeuralNetFastAI_r123_BAG_L1"],"33":["NeuralNetTorch_r193_BAG_L1","NeuralNetTorch_r21_BAG_L1","LightGBM_r158_BAG_L1","CatBoost_r51_BAG_L1","NeuralNetFastAI_r99_BAG_L1","NeuralNetFastAI_r172_BAG_L1","NeuralNetTorch_r103_BAG_L1","NeuralNetFastAI_r176_BAG_L1","NeuralNetTorch_r113_BAG_L1","LightGBM_r180_BAG_L1","NeuralNetTorch_r11_BAG_L1","LightGBM_r192_BAG_L1","NeuralNetTorch_r63_BAG_L1","NeuralNetTorch_r135_BAG_L1","NeuralNetTorch_r141_BAG_L1","NeuralNetTorch_r80_BAG_L1","NeuralNetFastAI_r42_BAG_L1","LightGBM_r108_BAG_L1","LightGBM_r110_BAG_L1","NeuralNetFastAI_r54_BAG_L1","NeuralNetFastAI_r123_BAG_L1"],"34":["NeuralNetTorch_r193_BAG_L1","NeuralNetTorch_r21_BAG_L1","LightGBM_r158_BAG_L1","CatBoost_r51_BAG_L1","NeuralNetFastAI_r99_BAG_L1","NeuralNetFastAI_r172_BAG_L1","NeuralNetTorch_r103_BAG_L1","NeuralNetFastAI_r176_BAG_L1","NeuralNetTorch_r113_BAG_L1","LightGBM_r180_BAG_L1","NeuralNetTorch_r11_BAG_L1","LightGBM_r192_BAG_L1","NeuralNetTorch_r63_BAG_L1","NeuralNetTorch_r135_BAG_L1","NeuralNetTorch_r141_BAG_L1","NeuralNetTorch_r80_BAG_L1","NeuralNetFastAI_r42_BAG_L1","LightGBM_r108_BAG_L1","LightGBM_r110_BAG_L1","NeuralNetFastAI_r54_BAG_L1","NeuralNetFastAI_r123_BAG_L1"],"35":["NeuralNetTorch_r193_BAG_L1","NeuralNetTorch_r21_BAG_L1","LightGBM_r158_BAG_L1","CatBoost_r51_BAG_L1","NeuralNetFastAI_r99_BAG_L1","NeuralNetFastAI_r172_BAG_L1","NeuralNetTorch_r103_BAG_L1","NeuralNetFastAI_r176_BAG_L1","NeuralNetTorch_r113_BAG_L1","LightGBM_r180_BAG_L1","NeuralNetTorch_r11_BAG_L1","LightGBM_r192_BAG_L1","NeuralNetTorch_r63_BAG_L1","NeuralNetTorch_r135_BAG_L1","NeuralNetTorch_r141_BAG_L1","NeuralNetTorch_r80_BAG_L1","NeuralNetFastAI_r42_BAG_L1","LightGBM_r108_BAG_L1","LightGBM_r110_BAG_L1","NeuralNetFastAI_r54_BAG_L1","NeuralNetFastAI_r123_BAG_L1"],"36":["NeuralNetTorch_r193_BAG_L1","LightGBM_r85_BAG_L1","NeuralNetTorch_r21_BAG_L1","LightGBM_r158_BAG_L1","CatBoost_r51_BAG_L1","NeuralNetFastAI_r99_BAG_L1","NeuralNetFastAI_r172_BAG_L1","NeuralNetTorch_r103_BAG_L1","NeuralNetFastAI_r176_BAG_L1","NeuralNetTorch_r113_BAG_L1","LightGBM_r180_BAG_L1","NeuralNetTorch_r11_BAG_L1","LightGBM_r192_BAG_L1","NeuralNetTorch_r63_BAG_L1","NeuralNetTorch_r135_BAG_L1","NeuralNetTorch_r141_BAG_L1","NeuralNetTorch_r80_BAG_L1","NeuralNetFastAI_r42_BAG_L1","LightGBM_r108_BAG_L1","LightGBM_r110_BAG_L1","NeuralNetFastAI_r54_BAG_L1","NeuralNetFastAI_r123_BAG_L1"],"37":["NeuralNetTorch_r193_BAG_L1","LightGBM_r85_BAG_L1","NeuralNetTorch_r21_BAG_L1","NeuralNetFastAI_r94_BAG_L1","LightGBM_r158_BAG_L1","CatBoost_r51_BAG_L1","NeuralNetFastAI_r99_BAG_L1","NeuralNetFastAI_r172_BAG_L1","NeuralNetTorch_r103_BAG_L1","NeuralNetFastAI_r176_BAG_L1","NeuralNetTorch_r113_BAG_L1","LightGBM_r180_BAG_L1","NeuralNetTorch_r11_BAG_L1","LightGBM_r192_BAG_L1","NeuralNetTorch_r63_BAG_L1","NeuralNetTorch_r135_BAG_L1","NeuralNetTorch_r141_BAG_L1","NeuralNetTorch_r80_BAG_L1","NeuralNetFastAI_r42_BAG_L1","LightGBM_r108_BAG_L1","LightGBM_r110_BAG_L1","NeuralNetFastAI_r54_BAG_L1","NeuralNetFastAI_r123_BAG_L1"],"38":["NeuralNetTorch_r193_BAG_L1","LightGBM_r85_BAG_L1","NeuralNetTorch_r21_BAG_L1","NeuralNetFastAI_r94_BAG_L1","LightGBM_r158_BAG_L1","CatBoost_r51_BAG_L1","NeuralNetFastAI_r99_BAG_L1","NeuralNetFastAI_r172_BAG_L1","NeuralNetTorch_r103_BAG_L1","NeuralNetFastAI_r176_BAG_L1","NeuralNetTorch_r113_BAG_L1","LightGBM_r180_BAG_L1","NeuralNetTorch_r11_BAG_L1","LightGBM_r192_BAG_L1","NeuralNetTorch_r63_BAG_L1","NeuralNetTorch_r135_BAG_L1","NeuralNetTorch_r141_BAG_L1","NeuralNetTorch_r80_BAG_L1","NeuralNetFastAI_r42_BAG_L1","LightGBM_r108_BAG_L1","LightGBM_r110_BAG_L1","NeuralNetFastAI_r54_BAG_L1","NeuralNetFastAI_r123_BAG_L1"],"39":["NeuralNetTorch_r193_BAG_L1","LightGBM_r85_BAG_L1","NeuralNetTorch_r21_BAG_L1","NeuralNetFastAI_r94_BAG_L1","LightGBM_r158_BAG_L1","CatBoost_r51_BAG_L1","NeuralNetFastAI_r99_BAG_L1","NeuralNetFastAI_r172_BAG_L1","NeuralNetTorch_r103_BAG_L1","NeuralNetFastAI_r176_BAG_L1","NeuralNetTorch_r113_BAG_L1","LightGBM_r180_BAG_L1","NeuralNetTorch_r11_BAG_L1","LightGBM_r192_BAG_L1","NeuralNetTorch_r63_BAG_L1","NeuralNetTorch_r135_BAG_L1","NeuralNetTorch_r141_BAG_L1","NeuralNetTorch_r80_BAG_L1","NeuralNetFastAI_r42_BAG_L1","LightGBM_r108_BAG_L1","LightGBM_r110_BAG_L1","NeuralNetFastAI_r54_BAG_L1","NeuralNetFastAI_r123_BAG_L1"],"40":["NeuralNetTorch_r193_BAG_L1","LightGBM_r85_BAG_L1","NeuralNetTorch_r21_BAG_L1","NeuralNetFastAI_r94_BAG_L1","LightGBM_r158_BAG_L1","CatBoost_r51_BAG_L1","NeuralNetFastAI_r99_BAG_L1","NeuralNetFastAI_r172_BAG_L1","NeuralNetTorch_r103_BAG_L1","NeuralNetFastAI_r176_BAG_L1","NeuralNetTorch_r113_BAG_L1","LightGBM_r180_BAG_L1","NeuralNetTorch_r11_BAG_L1","LightGBM_r192_BAG_L1","NeuralNetTorch_r63_BAG_L1","NeuralNetTorch_r135_BAG_L1","NeuralNetTorch_r141_BAG_L1","NeuralNetTorch_r80_BAG_L1","NeuralNetFastAI_r42_BAG_L1","LightGBM_r108_BAG_L1","LightGBM_r110_BAG_L1","NeuralNetFastAI_r51_BAG_L1","NeuralNetFastAI_r54_BAG_L1","NeuralNetFastAI_r123_BAG_L1"]},"weights":{"0":[1.0],"1":[0.5,0.5],"2":[0.3333333333,0.3333333333,0.3333333333],"3":[0.25,0.25,0.25,0.25],"4":[0.2,0.2,0.2,0.2,0.2],"5":[0.1666666667,0.1666666667,0.1666666667,0.1666666667,0.1666666667,0.1666666667],"6":[0.1428571429,0.1428571429,0.1428571429,0.1428571429,0.1428571429,0.1428571429,0.1428571429],"7":[0.125,0.125,0.125,0.125,0.125,0.125,0.125,0.125],"8":[0.1111111111,0.1111111111,0.1111111111,0.1111111111,0.1111111111,0.1111111111,0.1111111111,0.1111111111],"9":[0.1,0.1,0.1,0.1,0.1,0.1,0.1,0.1,0.1],"10":[0.0909090909,0.0909090909,0.0909090909,0.0909090909,0.0909090909,0.0909090909,0.0909090909,0.0909090909,0.0909090909,0.0909090909],"11":[0.0833333333,0.0833333333,0.0833333333,0.0833333333,0.0833333333,0.0833333333,0.0833333333,0.0833333333,0.0833333333,0.0833333333,0.0833333333],"12":[0.0769230769,0.0769230769,0.0769230769,0.0769230769,0.0769230769,0.0769230769,0.0769230769,0.0769230769,0.0769230769,0.0769230769,0.0769230769],"13":[0.0714285714,0.0714285714,0.0714285714,0.0714285714,0.0714285714,0.0714285714,0.0714285714,0.0714285714,0.0714285714,0.0714285714,0.0714285714],"14":[0.0666666667,0.0666666667,0.0666666667,0.0666666667,0.0666666667,0.0666666667,0.0666666667,0.0666666667,0.0666666667,0.0666666667,0.0666666667],"15":[0.0625,0.0625,0.0625,0.0625,0.0625,0.0625,0.0625,0.0625,0.0625,0.0625,0.0625,0.0625],"16":[0.0588235294,0.0588235294,0.0588235294,0.0588235294,0.0588235294,0.0588235294,0.0588235294,0.0588235294,0.0588235294,0.0588235294,0.0588235294,0.0588235294,0.0588235294],"17":[0.0555555556,0.0555555556,0.0555555556,0.0555555556,0.0555555556,0.0555555556,0.0555555556,0.0555555556,0.0555555556,0.0555555556,0.0555555556,0.0555555556,0.0555555556,0.0555555556],"18":[0.0526315789,0.0526315789,0.0526315789,0.0526315789,0.0526315789,0.0526315789,0.0526315789,0.0526315789,0.0526315789,0.0526315789,0.0526315789,0.0526315789,0.0526315789,0.0526315789,0.0526315789],"19":[0.05,0.05,0.05,0.05,0.05,0.05,0.05,0.05,0.05,0.05,0.05,0.05,0.05,0.05,0.05],"20":[0.0476190476,0.0476190476,0.0476190476,0.0476190476,0.0476190476,0.0476190476,0.0476190476,0.0476190476,0.0476190476,0.0476190476,0.0476190476,0.0476190476,0.0476190476,0.0476190476,0.0476190476,0.0476190476],"21":[0.0454545455,0.0454545455,0.0454545455,0.0454545455,0.0454545455,0.0454545455,0.0454545455,0.0454545455,0.0454545455,0.0454545455,0.0454545455,0.0454545455,0.0454545455,0.0454545455,0.0454545455,0.0454545455],"22":[0.0434782609,0.0434782609,0.0434782609,0.0434782609,0.0434782609,0.0434782609,0.0434782609,0.0434782609,0.0434782609,0.0434782609,0.0434782609,0.0434782609,0.0434782609,0.0434782609,0.0434782609,0.0434782609],"23":[0.0416666667,0.0416666667,0.0416666667,0.0416666667,0.0416666667,0.0416666667,0.0416666667,0.0416666667,0.0416666667,0.0416666667,0.0416666667,0.0416666667,0.0416666667,0.0416666667,0.0416666667,0.0416666667],"24":[0.04,0.04,0.04,0.04,0.04,0.04,0.04,0.04,0.04,0.04,0.04,0.04,0.04,0.04,0.04,0.04,0.04],"25":[0.0384615385,0.0384615385,0.0384615385,0.0384615385,0.0384615385,0.0384615385,0.0384615385,0.0384615385,0.0384615385,0.0384615385,0.0384615385,0.0384615385,0.0384615385,0.0384615385,0.0384615385,0.0384615385,0.0384615385],"26":[0.037037037,0.037037037,0.037037037,0.037037037,0.037037037,0.037037037,0.037037037,0.037037037,0.037037037,0.037037037,0.037037037,0.037037037,0.037037037,0.037037037,0.037037037,0.037037037,0.037037037],"27":[0.0357142857,0.0357142857,0.0357142857,0.0357142857,0.0357142857,0.0357142857,0.0357142857,0.0357142857,0.0357142857,0.0357142857,0.0357142857,0.0357142857,0.0357142857,0.0357142857,0.0357142857,0.0357142857,0.0357142857,0.0357142857],"28":[0.0344827586,0.0344827586,0.0344827586,0.0344827586,0.0344827586,0.0344827586,0.0344827586,0.0344827586,0.0344827586,0.0344827586,0.0344827586,0.0344827586,0.0344827586,0.0344827586,0.0344827586,0.0344827586,0.0344827586,0.0344827586],"29":[0.0333333333,0.0333333333,0.0333333333,0.0333333333,0.0333333333,0.0333333333,0.0333333333,0.0333333333,0.0333333333,0.0333333333,0.0333333333,0.0333333333,0.0333333333,0.0333333333,0.0333333333,0.0333333333,0.0333333333,0.0333333333,0.0333333333],"30":[0.0322580645,0.0322580645,0.0322580645,0.0322580645,0.0322580645,0.0322580645,0.0322580645,0.0322580645,0.0322580645,0.0322580645,0.0322580645,0.0322580645,0.0322580645,0.0322580645,0.0322580645,0.0322580645,0.0322580645,0.0322580645,0.0322580645],"31":[0.03125,0.03125,0.03125,0.03125,0.03125,0.03125,0.03125,0.03125,0.03125,0.03125,0.03125,0.03125,0.03125,0.03125,0.03125,0.03125,0.03125,0.03125,0.03125,0.03125],"32":[0.0303030303,0.0303030303,0.0303030303,0.0303030303,0.0303030303,0.0303030303,0.0303030303,0.0303030303,0.0303030303,0.0303030303,0.0303030303,0.0303030303,0.0303030303,0.0303030303,0.0303030303,0.0303030303,0.0303030303,0.0303030303,0.0303030303,0.0303030303,0.0303030303],"33":[0.0294117647,0.0294117647,0.0294117647,0.0294117647,0.0294117647,0.0294117647,0.0294117647,0.0294117647,0.0294117647,0.0294117647,0.0294117647,0.0294117647,0.0294117647,0.0294117647,0.0294117647,0.0294117647,0.0294117647,0.0294117647,0.0294117647,0.0294117647,0.0294117647],"34":[0.0285714286,0.0285714286,0.0285714286,0.0285714286,0.0285714286,0.0285714286,0.0285714286,0.0285714286,0.0285714286,0.0285714286,0.0285714286,0.0285714286,0.0285714286,0.0285714286,0.0285714286,0.0285714286,0.0285714286,0.0285714286,0.0285714286,0.0285714286,0.0285714286],"35":[0.0277777778,0.0277777778,0.0277777778,0.0277777778,0.0277777778,0.0277777778,0.0277777778,0.0277777778,0.0277777778,0.0277777778,0.0277777778,0.0277777778,0.0277777778,0.0277777778,0.0277777778,0.0277777778,0.0277777778,0.0277777778,0.0277777778,0.0277777778,0.0277777778],"36":[0.027027027,0.027027027,0.027027027,0.027027027,0.027027027,0.027027027,0.027027027,0.027027027,0.027027027,0.027027027,0.027027027,0.027027027,0.027027027,0.027027027,0.027027027,0.027027027,0.027027027,0.027027027,0.027027027,0.027027027,0.027027027,0.027027027],"37":[0.0263157895,0.0263157895,0.0263157895,0.0263157895,0.0263157895,0.0263157895,0.0263157895,0.0263157895,0.0263157895,0.0263157895,0.0263157895,0.0263157895,0.0263157895,0.0263157895,0.0263157895,0.0263157895,0.0263157895,0.0263157895,0.0263157895,0.0263157895,0.0263157895,0.0263157895,0.0263157895],"38":[0.0256410256,0.0256410256,0.0256410256,0.0256410256,0.0256410256,0.0256410256,0.0256410256,0.0256410256,0.0256410256,0.0256410256,0.0256410256,0.0256410256,0.0256410256,0.0256410256,0.0256410256,0.0256410256,0.0256410256,0.0256410256,0.0256410256,0.0256410256,0.0256410256,0.0256410256,0.0256410256],"39":[0.025,0.025,0.025,0.025,0.025,0.025,0.025,0.025,0.025,0.025,0.025,0.025,0.025,0.025,0.025,0.025,0.025,0.025,0.025,0.025,0.025,0.025,0.025],"40":[0.0243902439,0.0243902439,0.0243902439,0.0243902439,0.0243902439,0.0243902439,0.0243902439,0.0243902439,0.0243902439,0.0243902439,0.0243902439,0.0243902439,0.0243902439,0.0243902439,0.0243902439,0.0243902439,0.0243902439,0.0243902439,0.0243902439,0.0243902439,0.0243902439,0.0243902439,0.0243902439,0.0243902439]},"task":{"0":"3690_0","1":"3690_0","2":"3690_0","3":"3690_0","4":"3690_0","5":"3690_0","6":"3690_0","7":"3690_0","8":"3690_0","9":"3690_0","10":"3690_0","11":"3690_0","12":"3690_0","13":"3690_0","14":"3690_0","15":"3690_0","16":"3690_0","17":"3690_0","18":"3690_0","19":"3690_0","20":"3690_0","21":"3690_0","22":"3690_0","23":"3690_0","24":"3690_0","25":"3690_0","26":"3690_0","27":"3690_0","28":"3690_0","29":"3690_0","30":"3690_0","31":"3690_0","32":"3690_0","33":"3690_0","34":"3690_0","35":"3690_0","36":"3690_0","37":"3690_0","38":"3690_0","39":"3690_0","40":"3690_0"},"dataset":{"0":"boston_corrected","1":"boston_corrected","2":"boston_corrected","3":"boston_corrected","4":"boston_corrected","5":"boston_corrected","6":"boston_corrected","7":"boston_corrected","8":"boston_corrected","9":"boston_corrected","10":"boston_corrected","11":"boston_corrected","12":"boston_corrected","13":"boston_corrected","14":"boston_corrected","15":"boston_corrected","16":"boston_corrected","17":"boston_corrected","18":"boston_corrected","19":"boston_corrected","20":"boston_corrected","21":"boston_corrected","22":"boston_corrected","23":"boston_corrected","24":"boston_corrected","25":"boston_corrected","26":"boston_corrected","27":"boston_corrected","28":"boston_corrected","29":"boston_corrected","30":"boston_corrected","31":"boston_corrected","32":"boston_corrected","33":"boston_corrected","34":"boston_corrected","35":"boston_corrected","36":"boston_corrected","37":"boston_corrected","38":"boston_corrected","39":"boston_corrected","40":"boston_corrected"},"fold":{"0":0,"1":0,"2":0,"3":0,"4":0,"5":0,"6":0,"7":0,"8":0,"9":0,"10":0,"11":0,"12":0,"13":0,"14":0,"15":0,"16":0,"17":0,"18":0,"19":0,"20":0,"21":0,"22":0,"23":0,"24":0,"25":0,"26":0,"27":0,"28":0,"29":0,"30":0,"31":0,"32":0,"33":0,"34":0,"35":0,"36":0,"37":0,"38":0,"39":0,"40":0},"method":{"0":"GES","1":"GES","2":"GES","3":"GES","4":"GES","5":"GES","6":"GES","7":"GES","8":"GES","9":"GES","10":"GES","11":"GES","12":"GES","13":"GES","14":"GES","15":"GES","16":"GES","17":"GES","18":"GES","19":"GES","20":"GES","21":"GES","22":"GES","23":"GES","24":"GES","25":"GES","26":"GES","27":"GES","28":"GES","29":"GES","30":"GES","31":"GES","32":"GES","33":"GES","34":"GES","35":"GES","36":"GES","37":"GES","38":"GES","39":"GES","40":"GES"}}