{"iteration":{"0":1,"1":2,"2":3,"3":4,"4":5,"5":6,"6":7,"7":8,"8":9,"9":10,"10":11,"11":12,"12":13,"13":14,"14":15,"15":16,"16":17,"17":18,"18":19,"19":20,"20":21,"21":22,"22":23,"23":24,"24":25},"roc_auc_val":{"0":0.858786208,"1":0.8768984416,"2":0.8818288871,"3":0.8836062687,"4":0.8846297764,"5":0.8855982567,"6":0.8866877971,"7":0.8876617802,"8":0.887667283,"9":0.8881019986,"10":0.8884211569,"11":0.8885752333,"12":0.8884651787,"13":0.888459676,"14":0.8886302606,"15":0.8885862388,"16":0.8880414686,"17":0.8876342666,"18":0.8872710865,"19":0.8875627311,"20":0.8876177584,"21":0.8874691847,"22":0.8879809385,"23":0.8877993485,"24":0.8875792393},"roc_auc_test":{"0":0.9002659574,"1":0.8869680851,"2":0.9011524823,"3":0.8962765957,"4":0.8984929078,"5":0.8980496454,"6":0.9029255319,"7":0.9024822695,"8":0.9060283688,"9":0.9033687943,"10":0.9046985816,"11":0.9095744681,"12":0.9064716312,"13":0.9064716312,"14":0.9091312057,"15":0.9091312057,"16":0.9100177305,"17":0.9091312057,"18":0.9086879433,"19":0.9091312057,"20":0.9082446809,"21":0.9113475177,"22":0.9100177305,"23":0.912677305,"24":0.9144503546},"models_used":{"0":["ExtraTrees_r13_BAG_L1"],"1":["NeuralNetFastAI_r95_BAG_L1","ExtraTrees_r13_BAG_L1"],"2":["NeuralNetFastAI_r95_BAG_L1","NeuralNetTorch_r86_BAG_L1","ExtraTrees_r13_BAG_L1"],"3":["NeuralNetFastAI_r95_BAG_L1","NeuralNetTorch_r86_BAG_L1","ExtraTrees_r13_BAG_L1","NeuralNetFastAI_r53_BAG_L1"],"4":["NeuralNetFastAI_r53_BAG_L1","NeuralNetFastAI_r95_BAG_L1","NeuralNetTorch_r86_BAG_L1","ExtraTrees_r13_BAG_L1","LightGBM_r142_BAG_L1"],"5":["NeuralNetFastAI_r53_BAG_L1","NeuralNetFastAI_r95_BAG_L1","NeuralNetTorch_r86_BAG_L1","ExtraTrees_r13_BAG_L1","ExtraTrees_r148_BAG_L1","LightGBM_r142_BAG_L1"],"6":["NeuralNetFastAI_r53_BAG_L1","NeuralNetTorch_r4_BAG_L1","NeuralNetFastAI_r95_BAG_L1","NeuralNetTorch_r86_BAG_L1","ExtraTrees_r13_BAG_L1","ExtraTrees_r148_BAG_L1","LightGBM_r142_BAG_L1"],"7":["NeuralNetFastAI_r53_BAG_L1","NeuralNetTorch_r4_BAG_L1","NeuralNetFastAI_r100_BAG_L1","NeuralNetFastAI_r95_BAG_L1","NeuralNetTorch_r86_BAG_L1","ExtraTrees_r13_BAG_L1","ExtraTrees_r148_BAG_L1","LightGBM_r142_BAG_L1"],"8":["NeuralNetFastAI_r53_BAG_L1","NeuralNetTorch_r4_BAG_L1","NeuralNetFastAI_r100_BAG_L1","NeuralNetFastAI_r95_BAG_L1","NeuralNetTorch_r86_BAG_L1","NeuralNetFastAI_r104_BAG_L1","ExtraTrees_r13_BAG_L1","ExtraTrees_r148_BAG_L1","LightGBM_r142_BAG_L1"],"9":["NeuralNetFastAI_r53_BAG_L1","NeuralNetTorch_r4_BAG_L1","NeuralNetFastAI_r100_BAG_L1","NeuralNetFastAI_r95_BAG_L1","NeuralNetTorch_r86_BAG_L1","NeuralNetFastAI_r104_BAG_L1","ExtraTrees_r109_BAG_L1","ExtraTrees_r13_BAG_L1","ExtraTrees_r148_BAG_L1","LightGBM_r142_BAG_L1"],"10":["NeuralNetFastAI_r53_BAG_L1","NeuralNetTorch_r4_BAG_L1","NeuralNetFastAI_r100_BAG_L1","NeuralNetFastAI_r95_BAG_L1","NeuralNetTorch_r86_BAG_L1","NeuralNetFastAI_r104_BAG_L1","ExtraTrees_r109_BAG_L1","ExtraTrees_r13_BAG_L1","NeuralNetTorch_r15_BAG_L1","ExtraTrees_r148_BAG_L1","LightGBM_r142_BAG_L1"],"11":["NeuralNetFastAI_r53_BAG_L1","NeuralNetTorch_r4_BAG_L1","NeuralNetTorch_r20_BAG_L1","NeuralNetFastAI_r100_BAG_L1","NeuralNetFastAI_r95_BAG_L1","NeuralNetTorch_r86_BAG_L1","NeuralNetFastAI_r104_BAG_L1","ExtraTrees_r109_BAG_L1","ExtraTrees_r13_BAG_L1","NeuralNetTorch_r15_BAG_L1","ExtraTrees_r148_BAG_L1","LightGBM_r142_BAG_L1"],"12":["NeuralNetFastAI_r53_BAG_L1","NeuralNetTorch_r4_BAG_L1","NeuralNetTorch_r20_BAG_L1","NeuralNetFastAI_r100_BAG_L1","NeuralNetFastAI_r95_BAG_L1","NeuralNetTorch_r86_BAG_L1","NeuralNetFastAI_r104_BAG_L1","ExtraTrees_r109_BAG_L1","ExtraTrees_r13_BAG_L1","NeuralNetFastAI_r111_BAG_L1","NeuralNetTorch_r15_BAG_L1","ExtraTrees_r148_BAG_L1","LightGBM_r142_BAG_L1"],"13":["NeuralNetFastAI_r53_BAG_L1","NeuralNetTorch_r4_BAG_L1","NeuralNetTorch_r20_BAG_L1","NeuralNetFastAI_r100_BAG_L1","NeuralNetFastAI_r95_BAG_L1","NeuralNetTorch_r86_BAG_L1","NeuralNetFastAI_r104_BAG_L1","ExtraTrees_r109_BAG_L1","ExtraTrees_r13_BAG_L1","LightGBM_r162_BAG_L1","NeuralNetFastAI_r111_BAG_L1","NeuralNetTorch_r15_BAG_L1","ExtraTrees_r148_BAG_L1","LightGBM_r142_BAG_L1"],"14":["NeuralNetFastAI_r53_BAG_L1","NeuralNetTorch_r4_BAG_L1","NeuralNetTorch_r20_BAG_L1","NeuralNetTorch_r146_BAG_L1","NeuralNetFastAI_r100_BAG_L1","NeuralNetFastAI_r95_BAG_L1","NeuralNetTorch_r86_BAG_L1","NeuralNetFastAI_r104_BAG_L1","ExtraTrees_r109_BAG_L1","ExtraTrees_r13_BAG_L1","LightGBM_r162_BAG_L1","NeuralNetFastAI_r111_BAG_L1","NeuralNetTorch_r15_BAG_L1","ExtraTrees_r148_BAG_L1","LightGBM_r142_BAG_L1"],"15":["NeuralNetFastAI_r53_BAG_L1","NeuralNetTorch_r4_BAG_L1","NeuralNetTorch_r20_BAG_L1","NeuralNetTorch_r146_BAG_L1","NeuralNetFastAI_r100_BAG_L1","NeuralNetFastAI_r95_BAG_L1","NeuralNetTorch_r86_BAG_L1","NeuralNetFastAI_r104_BAG_L1","ExtraTrees_r109_BAG_L1","ExtraTrees_r13_BAG_L1","LightGBM_r162_BAG_L1","NeuralNetFastAI_r111_BAG_L1","NeuralNetTorch_r15_BAG_L1","ExtraTrees_r148_BAG_L1","LightGBM_r142_BAG_L1"],"16":["NeuralNetFastAI_r53_BAG_L1","NeuralNetTorch_r4_BAG_L1","NeuralNetTorch_r20_BAG_L1","NeuralNetTorch_r146_BAG_L1","NeuralNetFastAI_r100_BAG_L1","NeuralNetFastAI_r95_BAG_L1","NeuralNetTorch_r86_BAG_L1","NeuralNetFastAI_r104_BAG_L1","ExtraTrees_r109_BAG_L1","ExtraTrees_r13_BAG_L1","LightGBM_r162_BAG_L1","NeuralNetFastAI_r111_BAG_L1","NeuralNetTorch_r15_BAG_L1","ExtraTrees_r148_BAG_L1","LightGBM_r142_BAG_L1"],"17":["NeuralNetFastAI_r53_BAG_L1","NeuralNetTorch_r4_BAG_L1","NeuralNetTorch_r20_BAG_L1","NeuralNetTorch_r146_BAG_L1","NeuralNetFastAI_r100_BAG_L1","NeuralNetFastAI_r95_BAG_L1","NeuralNetTorch_r86_BAG_L1","NeuralNetFastAI_r104_BAG_L1","ExtraTrees_r109_BAG_L1","ExtraTrees_r13_BAG_L1","LightGBM_r162_BAG_L1","NeuralNetFastAI_r111_BAG_L1","NeuralNetTorch_r15_BAG_L1","ExtraTrees_r148_BAG_L1","LightGBM_r142_BAG_L1"],"18":["NeuralNetFastAI_r53_BAG_L1","NeuralNetTorch_r4_BAG_L1","NeuralNetTorch_r20_BAG_L1","NeuralNetTorch_r146_BAG_L1","NeuralNetFastAI_r100_BAG_L1","NeuralNetFastAI_r95_BAG_L1","NeuralNetTorch_r86_BAG_L1","NeuralNetFastAI_r104_BAG_L1","ExtraTrees_r109_BAG_L1","ExtraTrees_r13_BAG_L1","LightGBM_r162_BAG_L1","NeuralNetFastAI_r111_BAG_L1","NeuralNetTorch_r15_BAG_L1","ExtraTrees_r148_BAG_L1","LightGBM_r142_BAG_L1"],"19":["NeuralNetFastAI_r53_BAG_L1","NeuralNetTorch_r4_BAG_L1","NeuralNetTorch_r20_BAG_L1","NeuralNetTorch_r146_BAG_L1","NeuralNetFastAI_r100_BAG_L1","NeuralNetFastAI_r95_BAG_L1","NeuralNetTorch_r86_BAG_L1","NeuralNetFastAI_r104_BAG_L1","ExtraTrees_r109_BAG_L1","ExtraTrees_r13_BAG_L1","LightGBM_r162_BAG_L1","NeuralNetFastAI_r162_BAG_L1","NeuralNetFastAI_r111_BAG_L1","NeuralNetTorch_r15_BAG_L1","ExtraTrees_r148_BAG_L1","LightGBM_r142_BAG_L1"],"20":["NeuralNetFastAI_r53_BAG_L1","NeuralNetTorch_r4_BAG_L1","NeuralNetTorch_r20_BAG_L1","NeuralNetTorch_r146_BAG_L1","NeuralNetFastAI_r100_BAG_L1","NeuralNetFastAI_r95_BAG_L1","NeuralNetTorch_r86_BAG_L1","NeuralNetFastAI_r104_BAG_L1","ExtraTrees_r109_BAG_L1","ExtraTrees_r13_BAG_L1","LightGBM_r162_BAG_L1","NeuralNetFastAI_r162_BAG_L1","NeuralNetFastAI_r111_BAG_L1","NeuralNetTorch_r15_BAG_L1","ExtraTrees_r148_BAG_L1","LightGBM_r142_BAG_L1"],"21":["NeuralNetFastAI_r53_BAG_L1","NeuralNetTorch_r4_BAG_L1","NeuralNetTorch_r20_BAG_L1","NeuralNetTorch_r146_BAG_L1","NeuralNetFastAI_r100_BAG_L1","NeuralNetFastAI_r95_BAG_L1","NeuralNetTorch_r86_BAG_L1","NeuralNetFastAI_r104_BAG_L1","ExtraTrees_r109_BAG_L1","ExtraTrees_r13_BAG_L1","LightGBM_r162_BAG_L1","NeuralNetFastAI_r162_BAG_L1","NeuralNetFastAI_r111_BAG_L1","NeuralNetTorch_r15_BAG_L1","ExtraTrees_r148_BAG_L1","LightGBM_r142_BAG_L1"],"22":["NeuralNetFastAI_r53_BAG_L1","ExtraTrees_r158_BAG_L1","NeuralNetTorch_r4_BAG_L1","NeuralNetTorch_r20_BAG_L1","NeuralNetTorch_r146_BAG_L1","NeuralNetFastAI_r100_BAG_L1","NeuralNetFastAI_r95_BAG_L1","NeuralNetTorch_r86_BAG_L1","NeuralNetFastAI_r104_BAG_L1","ExtraTrees_r109_BAG_L1","ExtraTrees_r13_BAG_L1","LightGBM_r162_BAG_L1","NeuralNetFastAI_r162_BAG_L1","NeuralNetFastAI_r111_BAG_L1","NeuralNetTorch_r15_BAG_L1","ExtraTrees_r148_BAG_L1","LightGBM_r142_BAG_L1"],"23":["NeuralNetFastAI_r53_BAG_L1","ExtraTrees_r158_BAG_L1","NeuralNetTorch_r4_BAG_L1","NeuralNetTorch_r20_BAG_L1","NeuralNetTorch_r146_BAG_L1","NeuralNetFastAI_r100_BAG_L1","NeuralNetFastAI_r95_BAG_L1","NeuralNetTorch_r86_BAG_L1","NeuralNetFastAI_r104_BAG_L1","ExtraTrees_r109_BAG_L1","ExtraTrees_r13_BAG_L1","LightGBM_r162_BAG_L1","NeuralNetFastAI_r162_BAG_L1","NeuralNetFastAI_r111_BAG_L1","NeuralNetTorch_r15_BAG_L1","NeuralNetTorch_r160_BAG_L1","ExtraTrees_r148_BAG_L1","LightGBM_r142_BAG_L1"],"24":["NeuralNetFastAI_r53_BAG_L1","ExtraTrees_r158_BAG_L1","NeuralNetTorch_r4_BAG_L1","NeuralNetTorch_r20_BAG_L1","NeuralNetTorch_r146_BAG_L1","NeuralNetFastAI_r100_BAG_L1","NeuralNetFastAI_r95_BAG_L1","NeuralNetTorch_r86_BAG_L1","NeuralNetFastAI_r104_BAG_L1","ExtraTrees_r109_BAG_L1","ExtraTrees_r13_BAG_L1","LightGBM_r162_BAG_L1","NeuralNetFastAI_r162_BAG_L1","NeuralNetFastAI_r111_BAG_L1","NeuralNetTorch_r15_BAG_L1","NeuralNetTorch_r160_BAG_L1","ExtraTrees_r148_BAG_L1","LightGBM_r142_BAG_L1"]},"weights":{"0":[1.0],"1":[0.5,0.5],"2":[0.3333333333,0.3333333333,0.3333333333],"3":[0.25,0.25,0.25,0.25],"4":[0.2,0.2,0.2,0.2,0.2],"5":[0.1666666667,0.1666666667,0.1666666667,0.1666666667,0.1666666667,0.1666666667],"6":[0.1428571429,0.1428571429,0.1428571429,0.1428571429,0.1428571429,0.1428571429,0.1428571429],"7":[0.125,0.125,0.125,0.125,0.125,0.125,0.125,0.125],"8":[0.1111111111,0.1111111111,0.1111111111,0.1111111111,0.1111111111,0.1111111111,0.1111111111,0.1111111111,0.1111111111],"9":[0.1,0.1,0.1,0.1,0.1,0.1,0.1,0.1,0.1,0.1],"10":[0.0909090909,0.0909090909,0.0909090909,0.0909090909,0.0909090909,0.0909090909,0.0909090909,0.0909090909,0.0909090909,0.0909090909,0.0909090909],"11":[0.0833333333,0.0833333333,0.0833333333,0.0833333333,0.0833333333,0.0833333333,0.0833333333,0.0833333333,0.0833333333,0.0833333333,0.0833333333,0.0833333333],"12":[0.0769230769,0.0769230769,0.0769230769,0.0769230769,0.0769230769,0.0769230769,0.0769230769,0.0769230769,0.0769230769,0.0769230769,0.0769230769,0.0769230769,0.0769230769],"13":[0.0714285714,0.0714285714,0.0714285714,0.0714285714,0.0714285714,0.0714285714,0.0714285714,0.0714285714,0.0714285714,0.0714285714,0.0714285714,0.0714285714,0.0714285714,0.0714285714],"14":[0.0666666667,0.0666666667,0.0666666667,0.0666666667,0.0666666667,0.0666666667,0.0666666667,0.0666666667,0.0666666667,0.0666666667,0.0666666667,0.0666666667,0.0666666667,0.0666666667,0.0666666667],"15":[0.0625,0.0625,0.0625,0.0625,0.0625,0.0625,0.0625,0.0625,0.0625,0.0625,0.0625,0.0625,0.0625,0.0625,0.0625],"16":[0.0588235294,0.0588235294,0.0588235294,0.0588235294,0.0588235294,0.0588235294,0.0588235294,0.0588235294,0.0588235294,0.0588235294,0.0588235294,0.0588235294,0.0588235294,0.0588235294,0.0588235294],"17":[0.0555555556,0.0555555556,0.0555555556,0.0555555556,0.0555555556,0.0555555556,0.0555555556,0.0555555556,0.0555555556,0.0555555556,0.0555555556,0.0555555556,0.0555555556,0.0555555556,0.0555555556],"18":[0.0526315789,0.0526315789,0.0526315789,0.0526315789,0.0526315789,0.0526315789,0.0526315789,0.0526315789,0.0526315789,0.0526315789,0.0526315789,0.0526315789,0.0526315789,0.0526315789,0.0526315789],"19":[0.05,0.05,0.05,0.05,0.05,0.05,0.05,0.05,0.05,0.05,0.05,0.05,0.05,0.05,0.05,0.05],"20":[0.0476190476,0.0476190476,0.0476190476,0.0476190476,0.0476190476,0.0476190476,0.0476190476,0.0476190476,0.0476190476,0.0476190476,0.0476190476,0.0476190476,0.0476190476,0.0476190476,0.0476190476,0.0476190476],"21":[0.0454545455,0.0454545455,0.0454545455,0.0454545455,0.0454545455,0.0454545455,0.0454545455,0.0454545455,0.0454545455,0.0454545455,0.0454545455,0.0454545455,0.0454545455,0.0454545455,0.0454545455,0.0454545455],"22":[0.0434782609,0.0434782609,0.0434782609,0.0434782609,0.0434782609,0.0434782609,0.0434782609,0.0434782609,0.0434782609,0.0434782609,0.0434782609,0.0434782609,0.0434782609,0.0434782609,0.0434782609,0.0434782609,0.0434782609],"23":[0.0416666667,0.0416666667,0.0416666667,0.0416666667,0.0416666667,0.0416666667,0.0416666667,0.0416666667,0.0416666667,0.0416666667,0.0416666667,0.0416666667,0.0416666667,0.0416666667,0.0416666667,0.0416666667,0.0416666667,0.0416666667],"24":[0.04,0.04,0.04,0.04,0.04,0.04,0.04,0.04,0.04,0.04,0.04,0.04,0.04,0.04,0.04,0.04,0.04,0.04]},"task":{"0":"3903_2","1":"3903_2","2":"3903_2","3":"3903_2","4":"3903_2","5":"3903_2","6":"3903_2","7":"3903_2","8":"3903_2","9":"3903_2","10":"3903_2","11":"3903_2","12":"3903_2","13":"3903_2","14":"3903_2","15":"3903_2","16":"3903_2","17":"3903_2","18":"3903_2","19":"3903_2","20":"3903_2","21":"3903_2","22":"3903_2","23":"3903_2","24":"3903_2"},"dataset":{"0":"pc3","1":"pc3","2":"pc3","3":"pc3","4":"pc3","5":"pc3","6":"pc3","7":"pc3","8":"pc3","9":"pc3","10":"pc3","11":"pc3","12":"pc3","13":"pc3","14":"pc3","15":"pc3","16":"pc3","17":"pc3","18":"pc3","19":"pc3","20":"pc3","21":"pc3","22":"pc3","23":"pc3","24":"pc3"},"fold":{"0":2,"1":2,"2":2,"3":2,"4":2,"5":2,"6":2,"7":2,"8":2,"9":2,"10":2,"11":2,"12":2,"13":2,"14":2,"15":2,"16":2,"17":2,"18":2,"19":2,"20":2,"21":2,"22":2,"23":2,"24":2},"method":{"0":"GES","1":"GES","2":"GES","3":"GES","4":"GES","5":"GES","6":"GES","7":"GES","8":"GES","9":"GES","10":"GES","11":"GES","12":"GES","13":"GES","14":"GES","15":"GES","16":"GES","17":"GES","18":"GES","19":"GES","20":"GES","21":"GES","22":"GES","23":"GES","24":"GES"}}