{"iteration":{"0":1,"1":2,"2":3,"3":4,"4":5,"5":6,"6":7,"7":8,"8":9,"9":10,"10":11,"11":12,"12":13,"13":14,"14":15,"15":16,"16":17,"17":18,"18":19,"19":20,"20":21,"21":22,"22":23,"23":24,"24":25,"25":26,"26":27,"27":28,"28":29,"29":30,"30":31,"31":32,"32":33,"33":34,"34":35,"35":36,"36":37,"37":38,"38":39,"39":40},"roc_auc_val":{"0":0.8751444824,"1":0.8840535979,"2":0.8909694053,"3":0.8940629731,"4":0.8955399913,"5":0.8982228144,"6":0.8994353797,"7":0.9000611531,"8":0.9004372635,"9":0.9006079792,"10":0.9003769456,"11":0.8992255665,"12":0.8996825278,"13":0.9006803671,"14":0.900675871,"15":0.90056744,"16":0.9006512102,"17":0.9008250219,"18":0.9004924081,"19":0.9005561112,"20":0.9001569836,"21":0.8999782257,"22":0.9000236135,"23":0.8994102179,"24":0.8995164168,"25":0.8997683189,"26":0.8999820624,"27":0.8997044013,"28":0.9002434741,"29":0.9004938558,"30":0.9003569193,"31":0.9002520776,"32":0.9003958035,"33":0.900366121,"34":0.9001260101,"35":0.9002027178,"36":0.90077353,"37":0.9009059744,"38":0.9008788014,"39":0.900771217},"roc_auc_test":{"0":0.8771521415,"1":0.89592024,"2":0.885674353,"3":0.8799279511,"4":0.8791973448,"5":0.8762726174,"6":0.8858303508,"7":0.8840407349,"8":0.8838770963,"9":0.8810364803,"10":0.8785672251,"11":0.8837746632,"12":0.8803360223,"13":0.8813416977,"14":0.8860650989,"15":0.8857671711,"16":0.8851027086,"17":0.8837335083,"18":0.883650305,"19":0.8844939945,"20":0.885093486,"21":0.8833002245,"22":0.8831354737,"23":0.8836667308,"24":0.8845362193,"25":0.8818268163,"26":0.8819838304,"27":0.8820471483,"28":0.8812368486,"29":0.8801143249,"30":0.8798363303,"31":0.8801694109,"32":0.8806868666,"33":0.8802842072,"34":0.8805222928,"35":0.8802281403,"36":0.883631898,"37":0.8855505758,"38":0.8852146435,"39":0.8837180532},"models_used":{"0":["CatBoost_r128_BAG_L1"],"1":["ExtraTrees_r78_BAG_L1","CatBoost_r128_BAG_L1"],"2":["ExtraTrees_r78_BAG_L1","NeuralNetTorch_r41_BAG_L1","CatBoost_r128_BAG_L1"],"3":["ExtraTrees_r78_BAG_L1","XGBoost_r61_BAG_L1","NeuralNetTorch_r41_BAG_L1","CatBoost_r128_BAG_L1"],"4":["NeuralNetTorch_r41_BAG_L1","XGBoost_r61_BAG_L1","ExtraTrees_r78_BAG_L1","KNeighbors_r42_BAG_L1","CatBoost_r128_BAG_L1"],"5":["NeuralNetTorch_r41_BAG_L1","NeuralNetTorch_r148_BAG_L1","XGBoost_r61_BAG_L1","ExtraTrees_r78_BAG_L1","KNeighbors_r42_BAG_L1","CatBoost_r128_BAG_L1"],"6":["NeuralNetTorch_r41_BAG_L1","NeuralNetTorch_r148_BAG_L1","XGBoost_r61_BAG_L1","ExtraTrees_r78_BAG_L1","ExtraTrees_r144_BAG_L1","KNeighbors_r42_BAG_L1","CatBoost_r128_BAG_L1"],"7":["NeuralNetTorch_r41_BAG_L1","NeuralNetTorch_r74_BAG_L1","NeuralNetTorch_r148_BAG_L1","XGBoost_r61_BAG_L1","ExtraTrees_r78_BAG_L1","ExtraTrees_r144_BAG_L1","KNeighbors_r42_BAG_L1","CatBoost_r128_BAG_L1"],"8":["NeuralNetTorch_r41_BAG_L1","NeuralNetTorch_r74_BAG_L1","NeuralNetTorch_r148_BAG_L1","XGBoost_r61_BAG_L1","LightGBM_r162_BAG_L1","ExtraTrees_r78_BAG_L1","ExtraTrees_r144_BAG_L1","KNeighbors_r42_BAG_L1","CatBoost_r128_BAG_L1"],"9":["NeuralNetTorch_r41_BAG_L1","NeuralNetTorch_r74_BAG_L1","NeuralNetTorch_r148_BAG_L1","XGBoost_r61_BAG_L1","XGBoost_r65_BAG_L1","LightGBM_r162_BAG_L1","ExtraTrees_r78_BAG_L1","ExtraTrees_r144_BAG_L1","KNeighbors_r42_BAG_L1","CatBoost_r128_BAG_L1"],"10":["NeuralNetTorch_r41_BAG_L1","NeuralNetTorch_r74_BAG_L1","NeuralNetTorch_r148_BAG_L1","XGBoost_r61_BAG_L1","XGBoost_r65_BAG_L1","LightGBM_r162_BAG_L1","ExtraTrees_r78_BAG_L1","ExtraTrees_r144_BAG_L1","KNeighbors_r42_BAG_L1","CatBoost_r128_BAG_L1"],"11":["NeuralNetTorch_r41_BAG_L1","NeuralNetTorch_r74_BAG_L1","NeuralNetTorch_r148_BAG_L1","XGBoost_r61_BAG_L1","XGBoost_r65_BAG_L1","LightGBM_r162_BAG_L1","ExtraTrees_r16_BAG_L1","ExtraTrees_r78_BAG_L1","ExtraTrees_r144_BAG_L1","KNeighbors_r42_BAG_L1","CatBoost_r128_BAG_L1"],"12":["NeuralNetTorch_r41_BAG_L1","NeuralNetTorch_r74_BAG_L1","NeuralNetTorch_r148_BAG_L1","XGBoost_r61_BAG_L1","XGBoost_r65_BAG_L1","LightGBM_r162_BAG_L1","ExtraTrees_r16_BAG_L1","ExtraTrees_r78_BAG_L1","ExtraTrees_r144_BAG_L1","NeuralNetTorch_r103_BAG_L1","KNeighbors_r42_BAG_L1","CatBoost_r128_BAG_L1"],"13":["NeuralNetTorch_r41_BAG_L1","NeuralNetTorch_r74_BAG_L1","NeuralNetTorch_r148_BAG_L1","XGBoost_r61_BAG_L1","XGBoost_r65_BAG_L1","LightGBM_r162_BAG_L1","ExtraTrees_r16_BAG_L1","ExtraTrees_r78_BAG_L1","ExtraTrees_r144_BAG_L1","NeuralNetTorch_r103_BAG_L1","KNeighbors_r42_BAG_L1","CatBoost_r128_BAG_L1"],"14":["NeuralNetTorch_r41_BAG_L1","NeuralNetTorch_r74_BAG_L1","ExtraTrees_r158_BAG_L1","NeuralNetTorch_r148_BAG_L1","XGBoost_r61_BAG_L1","XGBoost_r65_BAG_L1","LightGBM_r162_BAG_L1","ExtraTrees_r16_BAG_L1","ExtraTrees_r78_BAG_L1","ExtraTrees_r144_BAG_L1","NeuralNetTorch_r103_BAG_L1","KNeighbors_r42_BAG_L1","CatBoost_r128_BAG_L1"],"15":["NeuralNetTorch_r41_BAG_L1","NeuralNetTorch_r74_BAG_L1","ExtraTrees_r158_BAG_L1","NeuralNetTorch_r148_BAG_L1","XGBoost_r61_BAG_L1","XGBoost_r65_BAG_L1","LightGBM_r162_BAG_L1","ExtraTrees_r16_BAG_L1","NeuralNetTorch_r128_BAG_L1","ExtraTrees_r78_BAG_L1","ExtraTrees_r144_BAG_L1","NeuralNetTorch_r103_BAG_L1","KNeighbors_r42_BAG_L1","CatBoost_r128_BAG_L1"],"16":["NeuralNetTorch_r41_BAG_L1","NeuralNetTorch_r74_BAG_L1","ExtraTrees_r158_BAG_L1","NeuralNetTorch_r148_BAG_L1","XGBoost_r61_BAG_L1","ExtraTrees_r42_BAG_L1","XGBoost_r65_BAG_L1","LightGBM_r162_BAG_L1","ExtraTrees_r16_BAG_L1","NeuralNetTorch_r128_BAG_L1","ExtraTrees_r78_BAG_L1","ExtraTrees_r144_BAG_L1","NeuralNetTorch_r103_BAG_L1","KNeighbors_r42_BAG_L1","CatBoost_r128_BAG_L1"],"17":["NeuralNetTorch_r41_BAG_L1","NeuralNetTorch_r74_BAG_L1","XGBoost_r141_BAG_L1","ExtraTrees_r158_BAG_L1","NeuralNetTorch_r148_BAG_L1","XGBoost_r61_BAG_L1","ExtraTrees_r42_BAG_L1","XGBoost_r65_BAG_L1","LightGBM_r162_BAG_L1","ExtraTrees_r16_BAG_L1","NeuralNetTorch_r128_BAG_L1","ExtraTrees_r78_BAG_L1","ExtraTrees_r144_BAG_L1","NeuralNetTorch_r103_BAG_L1","KNeighbors_r42_BAG_L1","CatBoost_r128_BAG_L1"],"18":["NeuralNetTorch_r41_BAG_L1","NeuralNetTorch_r74_BAG_L1","XGBoost_r141_BAG_L1","ExtraTrees_r158_BAG_L1","NeuralNetTorch_r148_BAG_L1","XGBoost_r61_BAG_L1","ExtraTrees_r42_BAG_L1","XGBoost_r65_BAG_L1","NeuralNetTorch_r59_BAG_L1","LightGBM_r162_BAG_L1","ExtraTrees_r16_BAG_L1","NeuralNetTorch_r128_BAG_L1","ExtraTrees_r78_BAG_L1","ExtraTrees_r144_BAG_L1","NeuralNetTorch_r103_BAG_L1","KNeighbors_r42_BAG_L1","CatBoost_r128_BAG_L1"],"19":["NeuralNetTorch_r41_BAG_L1","NeuralNetTorch_r74_BAG_L1","XGBoost_r141_BAG_L1","ExtraTrees_r158_BAG_L1","NeuralNetTorch_r148_BAG_L1","XGBoost_r61_BAG_L1","ExtraTrees_r42_BAG_L1","XGBoost_r65_BAG_L1","NeuralNetTorch_r59_BAG_L1","LightGBM_r162_BAG_L1","ExtraTrees_r16_BAG_L1","NeuralNetTorch_r128_BAG_L1","ExtraTrees_r78_BAG_L1","ExtraTrees_r144_BAG_L1","NeuralNetTorch_r103_BAG_L1","KNeighbors_r42_BAG_L1","CatBoost_r128_BAG_L1"],"20":["NeuralNetTorch_r41_BAG_L1","NeuralNetTorch_r74_BAG_L1","XGBoost_r141_BAG_L1","ExtraTrees_r158_BAG_L1","NeuralNetTorch_r148_BAG_L1","XGBoost_r61_BAG_L1","ExtraTrees_r42_BAG_L1","XGBoost_r65_BAG_L1","NeuralNetTorch_r59_BAG_L1","LightGBM_r162_BAG_L1","ExtraTrees_r16_BAG_L1","NeuralNetTorch_r128_BAG_L1","ExtraTrees_r78_BAG_L1","ExtraTrees_r144_BAG_L1","NeuralNetTorch_r103_BAG_L1","KNeighbors_r42_BAG_L1","CatBoost_r128_BAG_L1"],"21":["NeuralNetTorch_r41_BAG_L1","NeuralNetTorch_r74_BAG_L1","XGBoost_r141_BAG_L1","ExtraTrees_r158_BAG_L1","NeuralNetTorch_r148_BAG_L1","XGBoost_r61_BAG_L1","ExtraTrees_r42_BAG_L1","XGBoost_r65_BAG_L1","NeuralNetTorch_r59_BAG_L1","LightGBM_r162_BAG_L1","ExtraTrees_r16_BAG_L1","ExtraTrees_r197_BAG_L1","NeuralNetTorch_r128_BAG_L1","ExtraTrees_r78_BAG_L1","ExtraTrees_r144_BAG_L1","NeuralNetTorch_r103_BAG_L1","KNeighbors_r42_BAG_L1","CatBoost_r128_BAG_L1"],"22":["NeuralNetTorch_r41_BAG_L1","NeuralNetTorch_r74_BAG_L1","XGBoost_r141_BAG_L1","ExtraTrees_r158_BAG_L1","NeuralNetTorch_r148_BAG_L1","XGBoost_r61_BAG_L1","ExtraTrees_r42_BAG_L1","XGBoost_r65_BAG_L1","NeuralNetTorch_r59_BAG_L1","LightGBM_r162_BAG_L1","ExtraTrees_r16_BAG_L1","ExtraTrees_r197_BAG_L1","NeuralNetTorch_r128_BAG_L1","ExtraTrees_r78_BAG_L1","ExtraTrees_r144_BAG_L1","NeuralNetTorch_r103_BAG_L1","KNeighbors_r42_BAG_L1","CatBoost_r128_BAG_L1"],"23":["NeuralNetTorch_r41_BAG_L1","NeuralNetTorch_r74_BAG_L1","XGBoost_r141_BAG_L1","ExtraTrees_r158_BAG_L1","NeuralNetTorch_r148_BAG_L1","XGBoost_r61_BAG_L1","ExtraTrees_r42_BAG_L1","XGBoost_r65_BAG_L1","NeuralNetTorch_r59_BAG_L1","LightGBM_r162_BAG_L1","ExtraTrees_r16_BAG_L1","ExtraTrees_r197_BAG_L1","NeuralNetTorch_r128_BAG_L1","ExtraTrees_r78_BAG_L1","ExtraTrees_r144_BAG_L1","NeuralNetTorch_r103_BAG_L1","KNeighbors_r42_BAG_L1","CatBoost_r128_BAG_L1"],"24":["NeuralNetTorch_r41_BAG_L1","NeuralNetTorch_r74_BAG_L1","XGBoost_r141_BAG_L1","ExtraTrees_r158_BAG_L1","NeuralNetTorch_r148_BAG_L1","XGBoost_r61_BAG_L1","ExtraTrees_r42_BAG_L1","XGBoost_r65_BAG_L1","NeuralNetTorch_r59_BAG_L1","LightGBM_r162_BAG_L1","ExtraTrees_r16_BAG_L1","ExtraTrees_r197_BAG_L1","NeuralNetTorch_r128_BAG_L1","ExtraTrees_r78_BAG_L1","ExtraTrees_r144_BAG_L1","NeuralNetTorch_r103_BAG_L1","KNeighbors_r42_BAG_L1","CatBoost_r128_BAG_L1"],"25":["ExtraTrees_r158_BAG_L1","LightGBM_r162_BAG_L1","ExtraTrees_r16_BAG_L1","NeuralNetTorch_r103_BAG_L1","CatBoost_r128_BAG_L1","NeuralNetTorch_r41_BAG_L1","NeuralNetTorch_r59_BAG_L1","ExtraTrees_r197_BAG_L1","NeuralNetTorch_r128_BAG_L1","KNeighbors_r42_BAG_L1","NeuralNetTorch_r74_BAG_L1","NeuralNetTorch_r148_BAG_L1","XGBoost_r61_BAG_L1","ExtraTrees_r42_BAG_L1","XGBoost_r65_BAG_L1","XGBoost_r130_BAG_L1","XGBoost_r141_BAG_L1","ExtraTrees_r78_BAG_L1","ExtraTrees_r144_BAG_L1"],"26":["ExtraTrees_r158_BAG_L1","LightGBM_r162_BAG_L1","ExtraTrees_r16_BAG_L1","NeuralNetTorch_r103_BAG_L1","CatBoost_r128_BAG_L1","NeuralNetTorch_r41_BAG_L1","NeuralNetTorch_r59_BAG_L1","ExtraTrees_r197_BAG_L1","NeuralNetTorch_r128_BAG_L1","KNeighbors_r42_BAG_L1","NeuralNetTorch_r74_BAG_L1","NeuralNetTorch_r148_BAG_L1","XGBoost_r61_BAG_L1","ExtraTrees_r42_BAG_L1","XGBoost_r65_BAG_L1","XGBoost_r130_BAG_L1","XGBoost_r141_BAG_L1","ExtraTrees_r78_BAG_L1","ExtraTrees_r144_BAG_L1"],"27":["ExtraTrees_r158_BAG_L1","LightGBM_r162_BAG_L1","ExtraTrees_r16_BAG_L1","NeuralNetTorch_r103_BAG_L1","CatBoost_r128_BAG_L1","NeuralNetTorch_r41_BAG_L1","NeuralNetTorch_r59_BAG_L1","ExtraTrees_r197_BAG_L1","NeuralNetTorch_r128_BAG_L1","KNeighbors_r42_BAG_L1","NeuralNetTorch_r74_BAG_L1","NeuralNetTorch_r148_BAG_L1","XGBoost_r61_BAG_L1","ExtraTrees_r42_BAG_L1","XGBoost_r65_BAG_L1","XGBoost_r130_BAG_L1","XGBoost_r141_BAG_L1","ExtraTrees_r78_BAG_L1","ExtraTrees_r144_BAG_L1"],"28":["ExtraTrees_r158_BAG_L1","LightGBM_r162_BAG_L1","ExtraTrees_r16_BAG_L1","NeuralNetTorch_r103_BAG_L1","CatBoost_r128_BAG_L1","NeuralNetTorch_r41_BAG_L1","NeuralNetTorch_r117_BAG_L1","NeuralNetTorch_r59_BAG_L1","ExtraTrees_r197_BAG_L1","NeuralNetTorch_r128_BAG_L1","KNeighbors_r42_BAG_L1","NeuralNetTorch_r74_BAG_L1","NeuralNetTorch_r148_BAG_L1","XGBoost_r61_BAG_L1","ExtraTrees_r42_BAG_L1","XGBoost_r65_BAG_L1","XGBoost_r130_BAG_L1","XGBoost_r141_BAG_L1","ExtraTrees_r78_BAG_L1","ExtraTrees_r144_BAG_L1"],"29":["ExtraTrees_r158_BAG_L1","LightGBM_r162_BAG_L1","ExtraTrees_r16_BAG_L1","NeuralNetTorch_r103_BAG_L1","CatBoost_r128_BAG_L1","NeuralNetTorch_r41_BAG_L1","NeuralNetTorch_r117_BAG_L1","ExtraTrees_r195_BAG_L1","NeuralNetTorch_r59_BAG_L1","ExtraTrees_r197_BAG_L1","NeuralNetTorch_r128_BAG_L1","KNeighbors_r42_BAG_L1","NeuralNetTorch_r74_BAG_L1","NeuralNetTorch_r148_BAG_L1","XGBoost_r61_BAG_L1","ExtraTrees_r42_BAG_L1","XGBoost_r65_BAG_L1","XGBoost_r130_BAG_L1","XGBoost_r141_BAG_L1","ExtraTrees_r78_BAG_L1","ExtraTrees_r144_BAG_L1"],"30":["ExtraTrees_r158_BAG_L1","LightGBM_r162_BAG_L1","ExtraTrees_r16_BAG_L1","NeuralNetTorch_r103_BAG_L1","CatBoost_r128_BAG_L1","NeuralNetTorch_r41_BAG_L1","NeuralNetTorch_r117_BAG_L1","ExtraTrees_r195_BAG_L1","NeuralNetTorch_r59_BAG_L1","ExtraTrees_r197_BAG_L1","NeuralNetTorch_r128_BAG_L1","KNeighbors_r42_BAG_L1","NeuralNetTorch_r74_BAG_L1","NeuralNetTorch_r148_BAG_L1","XGBoost_r61_BAG_L1","ExtraTrees_r42_BAG_L1","XGBoost_r65_BAG_L1","XGBoost_r130_BAG_L1","XGBoost_r141_BAG_L1","ExtraTrees_r78_BAG_L1","ExtraTrees_r144_BAG_L1"],"31":["ExtraTrees_r158_BAG_L1","LightGBM_r162_BAG_L1","ExtraTrees_r16_BAG_L1","NeuralNetTorch_r103_BAG_L1","CatBoost_r128_BAG_L1","NeuralNetTorch_r41_BAG_L1","NeuralNetTorch_r117_BAG_L1","ExtraTrees_r195_BAG_L1","NeuralNetTorch_r59_BAG_L1","ExtraTrees_r197_BAG_L1","NeuralNetTorch_r128_BAG_L1","KNeighbors_r42_BAG_L1","NeuralNetTorch_r74_BAG_L1","NeuralNetTorch_r148_BAG_L1","XGBoost_r61_BAG_L1","ExtraTrees_r42_BAG_L1","XGBoost_r65_BAG_L1","XGBoost_r130_BAG_L1","XGBoost_r141_BAG_L1","ExtraTrees_r78_BAG_L1","ExtraTrees_r144_BAG_L1"],"32":["ExtraTrees_r158_BAG_L1","LightGBM_r162_BAG_L1","ExtraTrees_r16_BAG_L1","NeuralNetTorch_r103_BAG_L1","CatBoost_r128_BAG_L1","NeuralNetTorch_r41_BAG_L1","NeuralNetTorch_r117_BAG_L1","ExtraTrees_r195_BAG_L1","NeuralNetTorch_r59_BAG_L1","ExtraTrees_r197_BAG_L1","NeuralNetTorch_r128_BAG_L1","KNeighbors_r42_BAG_L1","NeuralNetTorch_r74_BAG_L1","NeuralNetTorch_r148_BAG_L1","XGBoost_r61_BAG_L1","ExtraTrees_r42_BAG_L1","XGBoost_r65_BAG_L1","XGBoost_r130_BAG_L1","XGBoost_r141_BAG_L1","ExtraTrees_r78_BAG_L1","ExtraTrees_r144_BAG_L1"],"33":["ExtraTrees_r158_BAG_L1","LightGBM_r162_BAG_L1","ExtraTrees_r16_BAG_L1","NeuralNetTorch_r103_BAG_L1","CatBoost_r128_BAG_L1","NeuralNetTorch_r41_BAG_L1","NeuralNetTorch_r117_BAG_L1","ExtraTrees_r195_BAG_L1","NeuralNetTorch_r59_BAG_L1","ExtraTrees_r197_BAG_L1","NeuralNetTorch_r128_BAG_L1","KNeighbors_r42_BAG_L1","NeuralNetTorch_r74_BAG_L1","NeuralNetTorch_r148_BAG_L1","XGBoost_r61_BAG_L1","ExtraTrees_r42_BAG_L1","XGBoost_r65_BAG_L1","XGBoost_r130_BAG_L1","XGBoost_r141_BAG_L1","ExtraTrees_r78_BAG_L1","ExtraTrees_r144_BAG_L1"],"34":["ExtraTrees_r158_BAG_L1","LightGBM_r162_BAG_L1","ExtraTrees_r16_BAG_L1","NeuralNetTorch_r103_BAG_L1","CatBoost_r128_BAG_L1","NeuralNetTorch_r41_BAG_L1","NeuralNetTorch_r117_BAG_L1","ExtraTrees_r195_BAG_L1","NeuralNetTorch_r59_BAG_L1","ExtraTrees_r197_BAG_L1","NeuralNetTorch_r128_BAG_L1","KNeighbors_r42_BAG_L1","NeuralNetTorch_r74_BAG_L1","NeuralNetTorch_r148_BAG_L1","XGBoost_r61_BAG_L1","ExtraTrees_r42_BAG_L1","XGBoost_r65_BAG_L1","XGBoost_r130_BAG_L1","XGBoost_r141_BAG_L1","ExtraTrees_r78_BAG_L1","ExtraTrees_r144_BAG_L1"],"35":["ExtraTrees_r158_BAG_L1","LightGBM_r162_BAG_L1","ExtraTrees_r16_BAG_L1","NeuralNetTorch_r103_BAG_L1","CatBoost_r128_BAG_L1","NeuralNetTorch_r41_BAG_L1","NeuralNetTorch_r117_BAG_L1","ExtraTrees_r195_BAG_L1","NeuralNetTorch_r59_BAG_L1","ExtraTrees_r197_BAG_L1","NeuralNetTorch_r128_BAG_L1","KNeighbors_r42_BAG_L1","NeuralNetTorch_r74_BAG_L1","NeuralNetTorch_r148_BAG_L1","XGBoost_r61_BAG_L1","ExtraTrees_r42_BAG_L1","XGBoost_r65_BAG_L1","XGBoost_r130_BAG_L1","XGBoost_r141_BAG_L1","ExtraTrees_r78_BAG_L1","ExtraTrees_r144_BAG_L1"],"36":["NeuralNetFastAI_r150_BAG_L1","ExtraTrees_r158_BAG_L1","LightGBM_r162_BAG_L1","ExtraTrees_r16_BAG_L1","NeuralNetTorch_r103_BAG_L1","CatBoost_r128_BAG_L1","NeuralNetTorch_r41_BAG_L1","NeuralNetTorch_r117_BAG_L1","ExtraTrees_r195_BAG_L1","NeuralNetTorch_r59_BAG_L1","ExtraTrees_r197_BAG_L1","NeuralNetTorch_r128_BAG_L1","KNeighbors_r42_BAG_L1","NeuralNetTorch_r74_BAG_L1","NeuralNetTorch_r148_BAG_L1","XGBoost_r61_BAG_L1","ExtraTrees_r42_BAG_L1","XGBoost_r65_BAG_L1","XGBoost_r130_BAG_L1","XGBoost_r141_BAG_L1","ExtraTrees_r78_BAG_L1","ExtraTrees_r144_BAG_L1"],"37":["NeuralNetFastAI_r150_BAG_L1","ExtraTrees_r158_BAG_L1","LightGBM_r162_BAG_L1","ExtraTrees_r16_BAG_L1","NeuralNetTorch_r103_BAG_L1","CatBoost_r128_BAG_L1","NeuralNetTorch_r41_BAG_L1","NeuralNetTorch_r117_BAG_L1","ExtraTrees_r195_BAG_L1","NeuralNetTorch_r59_BAG_L1","ExtraTrees_r197_BAG_L1","NeuralNetTorch_r128_BAG_L1","KNeighbors_r42_BAG_L1","NeuralNetTorch_r74_BAG_L1","NeuralNetTorch_r148_BAG_L1","XGBoost_r61_BAG_L1","ExtraTrees_r42_BAG_L1","XGBoost_r65_BAG_L1","XGBoost_r130_BAG_L1","XGBoost_r141_BAG_L1","ExtraTrees_r78_BAG_L1","ExtraTrees_r144_BAG_L1"],"38":["NeuralNetFastAI_r150_BAG_L1","ExtraTrees_r158_BAG_L1","LightGBM_r162_BAG_L1","ExtraTrees_r16_BAG_L1","NeuralNetTorch_r103_BAG_L1","CatBoost_r128_BAG_L1","NeuralNetTorch_r41_BAG_L1","NeuralNetTorch_r117_BAG_L1","ExtraTrees_r195_BAG_L1","NeuralNetTorch_r59_BAG_L1","ExtraTrees_r197_BAG_L1","NeuralNetTorch_r128_BAG_L1","KNeighbors_r42_BAG_L1","NeuralNetTorch_r74_BAG_L1","NeuralNetTorch_r148_BAG_L1","XGBoost_r61_BAG_L1","ExtraTrees_r42_BAG_L1","XGBoost_r65_BAG_L1","XGBoost_r130_BAG_L1","XGBoost_r141_BAG_L1","ExtraTrees_r78_BAG_L1","ExtraTrees_r144_BAG_L1"],"39":["NeuralNetFastAI_r150_BAG_L1","ExtraTrees_r158_BAG_L1","LightGBM_r162_BAG_L1","ExtraTrees_r16_BAG_L1","NeuralNetTorch_r103_BAG_L1","CatBoost_r128_BAG_L1","NeuralNetTorch_r41_BAG_L1","NeuralNetTorch_r117_BAG_L1","ExtraTrees_r195_BAG_L1","NeuralNetTorch_r59_BAG_L1","ExtraTrees_r197_BAG_L1","NeuralNetTorch_r128_BAG_L1","KNeighbors_r42_BAG_L1","NeuralNetTorch_r74_BAG_L1","NeuralNetTorch_r148_BAG_L1","XGBoost_r61_BAG_L1","ExtraTrees_r42_BAG_L1","XGBoost_r65_BAG_L1","XGBoost_r130_BAG_L1","XGBoost_r141_BAG_L1","ExtraTrees_r78_BAG_L1","ExtraTrees_r144_BAG_L1"]},"weights":{"0":[1.0],"1":[0.5,0.5],"2":[0.3333333333,0.3333333333,0.3333333333],"3":[0.25,0.25,0.25,0.25],"4":[0.2,0.2,0.2,0.2,0.2],"5":[0.1666666667,0.1666666667,0.1666666667,0.1666666667,0.1666666667,0.1666666667],"6":[0.1428571429,0.1428571429,0.1428571429,0.1428571429,0.1428571429,0.1428571429,0.1428571429],"7":[0.125,0.125,0.125,0.125,0.125,0.125,0.125,0.125],"8":[0.1111111111,0.1111111111,0.1111111111,0.1111111111,0.1111111111,0.1111111111,0.1111111111,0.1111111111,0.1111111111],"9":[0.1,0.1,0.1,0.1,0.1,0.1,0.1,0.1,0.1,0.1],"10":[0.0909090909,0.0909090909,0.0909090909,0.0909090909,0.0909090909,0.0909090909,0.0909090909,0.0909090909,0.0909090909,0.0909090909],"11":[0.0833333333,0.0833333333,0.0833333333,0.0833333333,0.0833333333,0.0833333333,0.0833333333,0.0833333333,0.0833333333,0.0833333333,0.0833333333],"12":[0.0769230769,0.0769230769,0.0769230769,0.0769230769,0.0769230769,0.0769230769,0.0769230769,0.0769230769,0.0769230769,0.0769230769,0.0769230769,0.0769230769],"13":[0.0714285714,0.0714285714,0.0714285714,0.0714285714,0.0714285714,0.0714285714,0.0714285714,0.0714285714,0.0714285714,0.0714285714,0.0714285714,0.0714285714],"14":[0.0666666667,0.0666666667,0.0666666667,0.0666666667,0.0666666667,0.0666666667,0.0666666667,0.0666666667,0.0666666667,0.0666666667,0.0666666667,0.0666666667,0.0666666667],"15":[0.0625,0.0625,0.0625,0.0625,0.0625,0.0625,0.0625,0.0625,0.0625,0.0625,0.0625,0.0625,0.0625,0.0625],"16":[0.0588235294,0.0588235294,0.0588235294,0.0588235294,0.0588235294,0.0588235294,0.0588235294,0.0588235294,0.0588235294,0.0588235294,0.0588235294,0.0588235294,0.0588235294,0.0588235294,0.0588235294],"17":[0.0555555556,0.0555555556,0.0555555556,0.0555555556,0.0555555556,0.0555555556,0.0555555556,0.0555555556,0.0555555556,0.0555555556,0.0555555556,0.0555555556,0.0555555556,0.0555555556,0.0555555556,0.0555555556],"18":[0.0526315789,0.0526315789,0.0526315789,0.0526315789,0.0526315789,0.0526315789,0.0526315789,0.0526315789,0.0526315789,0.0526315789,0.0526315789,0.0526315789,0.0526315789,0.0526315789,0.0526315789,0.0526315789,0.0526315789],"19":[0.05,0.05,0.05,0.05,0.05,0.05,0.05,0.05,0.05,0.05,0.05,0.05,0.05,0.05,0.05,0.05,0.05],"20":[0.0476190476,0.0476190476,0.0476190476,0.0476190476,0.0476190476,0.0476190476,0.0476190476,0.0476190476,0.0476190476,0.0476190476,0.0476190476,0.0476190476,0.0476190476,0.0476190476,0.0476190476,0.0476190476,0.0476190476],"21":[0.0454545455,0.0454545455,0.0454545455,0.0454545455,0.0454545455,0.0454545455,0.0454545455,0.0454545455,0.0454545455,0.0454545455,0.0454545455,0.0454545455,0.0454545455,0.0454545455,0.0454545455,0.0454545455,0.0454545455,0.0454545455],"22":[0.0434782609,0.0434782609,0.0434782609,0.0434782609,0.0434782609,0.0434782609,0.0434782609,0.0434782609,0.0434782609,0.0434782609,0.0434782609,0.0434782609,0.0434782609,0.0434782609,0.0434782609,0.0434782609,0.0434782609,0.0434782609],"23":[0.0416666667,0.0416666667,0.0416666667,0.0416666667,0.0416666667,0.0416666667,0.0416666667,0.0416666667,0.0416666667,0.0416666667,0.0416666667,0.0416666667,0.0416666667,0.0416666667,0.0416666667,0.0416666667,0.0416666667,0.0416666667],"24":[0.04,0.04,0.04,0.04,0.04,0.04,0.04,0.04,0.04,0.04,0.04,0.04,0.04,0.04,0.04,0.04,0.04,0.04],"25":[0.0384615385,0.0384615385,0.0384615385,0.0384615385,0.0384615385,0.0384615385,0.0384615385,0.0384615385,0.0384615385,0.0384615385,0.0384615385,0.0384615385,0.0384615385,0.0384615385,0.0384615385,0.0384615385,0.0384615385,0.0384615385,0.0384615385],"26":[0.037037037,0.037037037,0.037037037,0.037037037,0.037037037,0.037037037,0.037037037,0.037037037,0.037037037,0.037037037,0.037037037,0.037037037,0.037037037,0.037037037,0.037037037,0.037037037,0.037037037,0.037037037,0.037037037],"27":[0.0357142857,0.0357142857,0.0357142857,0.0357142857,0.0357142857,0.0357142857,0.0357142857,0.0357142857,0.0357142857,0.0357142857,0.0357142857,0.0357142857,0.0357142857,0.0357142857,0.0357142857,0.0357142857,0.0357142857,0.0357142857,0.0357142857],"28":[0.0344827586,0.0344827586,0.0344827586,0.0344827586,0.0344827586,0.0344827586,0.0344827586,0.0344827586,0.0344827586,0.0344827586,0.0344827586,0.0344827586,0.0344827586,0.0344827586,0.0344827586,0.0344827586,0.0344827586,0.0344827586,0.0344827586,0.0344827586],"29":[0.0333333333,0.0333333333,0.0333333333,0.0333333333,0.0333333333,0.0333333333,0.0333333333,0.0333333333,0.0333333333,0.0333333333,0.0333333333,0.0333333333,0.0333333333,0.0333333333,0.0333333333,0.0333333333,0.0333333333,0.0333333333,0.0333333333,0.0333333333,0.0333333333],"30":[0.0322580645,0.0322580645,0.0322580645,0.0322580645,0.0322580645,0.0322580645,0.0322580645,0.0322580645,0.0322580645,0.0322580645,0.0322580645,0.0322580645,0.0322580645,0.0322580645,0.0322580645,0.0322580645,0.0322580645,0.0322580645,0.0322580645,0.0322580645,0.0322580645],"31":[0.03125,0.03125,0.03125,0.03125,0.03125,0.03125,0.03125,0.03125,0.03125,0.03125,0.03125,0.03125,0.03125,0.03125,0.03125,0.03125,0.03125,0.03125,0.03125,0.03125,0.03125],"32":[0.0303030303,0.0303030303,0.0303030303,0.0303030303,0.0303030303,0.0303030303,0.0303030303,0.0303030303,0.0303030303,0.0303030303,0.0303030303,0.0303030303,0.0303030303,0.0303030303,0.0303030303,0.0303030303,0.0303030303,0.0303030303,0.0303030303,0.0303030303,0.0303030303],"33":[0.0294117647,0.0294117647,0.0294117647,0.0294117647,0.0294117647,0.0294117647,0.0294117647,0.0294117647,0.0294117647,0.0294117647,0.0294117647,0.0294117647,0.0294117647,0.0294117647,0.0294117647,0.0294117647,0.0294117647,0.0294117647,0.0294117647,0.0294117647,0.0294117647],"34":[0.0285714286,0.0285714286,0.0285714286,0.0285714286,0.0285714286,0.0285714286,0.0285714286,0.0285714286,0.0285714286,0.0285714286,0.0285714286,0.0285714286,0.0285714286,0.0285714286,0.0285714286,0.0285714286,0.0285714286,0.0285714286,0.0285714286,0.0285714286,0.0285714286],"35":[0.0277777778,0.0277777778,0.0277777778,0.0277777778,0.0277777778,0.0277777778,0.0277777778,0.0277777778,0.0277777778,0.0277777778,0.0277777778,0.0277777778,0.0277777778,0.0277777778,0.0277777778,0.0277777778,0.0277777778,0.0277777778,0.0277777778,0.0277777778,0.0277777778],"36":[0.027027027,0.027027027,0.027027027,0.027027027,0.027027027,0.027027027,0.027027027,0.027027027,0.027027027,0.027027027,0.027027027,0.027027027,0.027027027,0.027027027,0.027027027,0.027027027,0.027027027,0.027027027,0.027027027,0.027027027,0.027027027,0.027027027],"37":[0.0263157895,0.0263157895,0.0263157895,0.0263157895,0.0263157895,0.0263157895,0.0263157895,0.0263157895,0.0263157895,0.0263157895,0.0263157895,0.0263157895,0.0263157895,0.0263157895,0.0263157895,0.0263157895,0.0263157895,0.0263157895,0.0263157895,0.0263157895,0.0263157895,0.0263157895],"38":[0.0256410256,0.0256410256,0.0256410256,0.0256410256,0.0256410256,0.0256410256,0.0256410256,0.0256410256,0.0256410256,0.0256410256,0.0256410256,0.0256410256,0.0256410256,0.0256410256,0.0256410256,0.0256410256,0.0256410256,0.0256410256,0.0256410256,0.0256410256,0.0256410256,0.0256410256],"39":[0.025,0.025,0.025,0.025,0.025,0.025,0.025,0.025,0.025,0.025,0.025,0.025,0.025,0.025,0.025,0.025,0.025,0.025,0.025,0.025,0.025,0.025]},"task":{"0":"361345_0","1":"361345_0","2":"361345_0","3":"361345_0","4":"361345_0","5":"361345_0","6":"361345_0","7":"361345_0","8":"361345_0","9":"361345_0","10":"361345_0","11":"361345_0","12":"361345_0","13":"361345_0","14":"361345_0","15":"361345_0","16":"361345_0","17":"361345_0","18":"361345_0","19":"361345_0","20":"361345_0","21":"361345_0","22":"361345_0","23":"361345_0","24":"361345_0","25":"361345_0","26":"361345_0","27":"361345_0","28":"361345_0","29":"361345_0","30":"361345_0","31":"361345_0","32":"361345_0","33":"361345_0","34":"361345_0","35":"361345_0","36":"361345_0","37":"361345_0","38":"361345_0","39":"361345_0"},"dataset":{"0":"wine-quality-red","1":"wine-quality-red","2":"wine-quality-red","3":"wine-quality-red","4":"wine-quality-red","5":"wine-quality-red","6":"wine-quality-red","7":"wine-quality-red","8":"wine-quality-red","9":"wine-quality-red","10":"wine-quality-red","11":"wine-quality-red","12":"wine-quality-red","13":"wine-quality-red","14":"wine-quality-red","15":"wine-quality-red","16":"wine-quality-red","17":"wine-quality-red","18":"wine-quality-red","19":"wine-quality-red","20":"wine-quality-red","21":"wine-quality-red","22":"wine-quality-red","23":"wine-quality-red","24":"wine-quality-red","25":"wine-quality-red","26":"wine-quality-red","27":"wine-quality-red","28":"wine-quality-red","29":"wine-quality-red","30":"wine-quality-red","31":"wine-quality-red","32":"wine-quality-red","33":"wine-quality-red","34":"wine-quality-red","35":"wine-quality-red","36":"wine-quality-red","37":"wine-quality-red","38":"wine-quality-red","39":"wine-quality-red"},"fold":{"0":0,"1":0,"2":0,"3":0,"4":0,"5":0,"6":0,"7":0,"8":0,"9":0,"10":0,"11":0,"12":0,"13":0,"14":0,"15":0,"16":0,"17":0,"18":0,"19":0,"20":0,"21":0,"22":0,"23":0,"24":0,"25":0,"26":0,"27":0,"28":0,"29":0,"30":0,"31":0,"32":0,"33":0,"34":0,"35":0,"36":0,"37":0,"38":0,"39":0},"method":{"0":"GES","1":"GES","2":"GES","3":"GES","4":"GES","5":"GES","6":"GES","7":"GES","8":"GES","9":"GES","10":"GES","11":"GES","12":"GES","13":"GES","14":"GES","15":"GES","16":"GES","17":"GES","18":"GES","19":"GES","20":"GES","21":"GES","22":"GES","23":"GES","24":"GES","25":"GES","26":"GES","27":"GES","28":"GES","29":"GES","30":"GES","31":"GES","32":"GES","33":"GES","34":"GES","35":"GES","36":"GES","37":"GES","38":"GES","39":"GES"}}