{"iteration":{"0":1,"1":2,"2":3,"3":4,"4":5,"5":6,"6":7,"7":8,"8":9,"9":10,"10":11,"11":12,"12":13,"13":14,"14":15,"15":16,"16":17,"17":18,"18":19,"19":20,"20":21,"21":22,"22":23,"23":24,"24":25,"25":26,"26":27,"27":28,"28":29,"29":30,"30":31,"31":32,"32":33,"33":34,"34":35,"35":36,"36":37,"37":38,"38":39,"39":40,"40":41,"41":42,"42":43},"roc_auc_val":{"0":0.9118380542,"1":0.932635468,"2":0.9375307882,"3":0.9411945813,"4":0.942179803,"5":0.9426416256,"6":0.9428109606,"7":0.9432727833,"8":0.9446582512,"9":0.945489532,"10":0.9456280788,"11":0.945304803,"12":0.9454356527,"13":0.9466594828,"14":0.9465055419,"15":0.9462053571,"16":0.9439347291,"17":0.9443888547,"18":0.9437884852,"19":0.9443426724,"20":0.9430649631,"21":0.94252617,"22":0.9428032635,"23":0.9453817734,"24":0.9456049877,"25":0.945481835,"26":0.9451123768,"27":0.9451739532,"28":0.9452278325,"29":0.9451662562,"30":0.9444196429,"31":0.944265702,"32":0.9441733374,"33":0.9444812192,"34":0.944450431,"35":0.9437884852,"36":0.9437269089,"37":0.9434806034,"38":0.9434344212,"39":0.9430803571,"40":0.943403633,"41":0.9432650862,"42":0.9425107759},"roc_auc_test":{"0":0.9038461538,"1":0.9010989011,"2":0.8997252747,"3":0.8832417582,"4":0.8846153846,"5":0.8846153846,"6":0.8818681319,"7":0.8777472527,"8":0.8763736264,"9":0.8736263736,"10":0.8708791209,"11":0.8763736264,"12":0.8681318681,"13":0.8736263736,"14":0.8722527473,"15":0.8722527473,"16":0.8791208791,"17":0.8791208791,"18":0.885989011,"19":0.8791208791,"20":0.8777472527,"21":0.8736263736,"22":0.8736263736,"23":0.8832417582,"24":0.8818681319,"25":0.8763736264,"26":0.8818681319,"27":0.8777472527,"28":0.8763736264,"29":0.8763736264,"30":0.8777472527,"31":0.875,"32":0.8777472527,"33":0.8777472527,"34":0.8777472527,"35":0.8832417582,"36":0.8818681319,"37":0.8832417582,"38":0.8818681319,"39":0.8818681319,"40":0.8791208791,"41":0.8777472527,"42":0.8763736264},"models_used":{"0":["CatBoost_r143_BAG_L1"],"1":["CatBoost_r143_BAG_L1","NeuralNetTorch_r95_BAG_L1"],"2":["CatBoost_r143_BAG_L1","NeuralNetTorch_r95_BAG_L1","NeuralNetFastAI_r35_BAG_L1"],"3":["CatBoost_r143_BAG_L1","NeuralNetTorch_r95_BAG_L1","NeuralNetFastAI_r35_BAG_L1","NeuralNetTorch_r47_BAG_L1"],"4":["NeuralNetTorch_r47_BAG_L1","NeuralNetTorch_r113_BAG_L1","NeuralNetFastAI_r35_BAG_L1","CatBoost_r143_BAG_L1","NeuralNetTorch_r95_BAG_L1"],"5":["NeuralNetTorch_r47_BAG_L1","NeuralNetTorch_r113_BAG_L1","LightGBM_r31_BAG_L1","NeuralNetFastAI_r35_BAG_L1","CatBoost_r143_BAG_L1","NeuralNetTorch_r95_BAG_L1"],"6":["NeuralNetTorch_r47_BAG_L1","NeuralNetTorch_r113_BAG_L1","LightGBM_r31_BAG_L1","NeuralNetFastAI_r35_BAG_L1","CatBoost_r143_BAG_L1","NeuralNetTorch_r150_BAG_L1","NeuralNetTorch_r95_BAG_L1"],"7":["NeuralNetTorch_r135_BAG_L1","NeuralNetTorch_r47_BAG_L1","NeuralNetTorch_r113_BAG_L1","LightGBM_r31_BAG_L1","NeuralNetFastAI_r35_BAG_L1","CatBoost_r143_BAG_L1","NeuralNetTorch_r150_BAG_L1","NeuralNetTorch_r95_BAG_L1"],"8":["NeuralNetTorch_r135_BAG_L1","NeuralNetTorch_r47_BAG_L1","NeuralNetTorch_r113_BAG_L1","NeuralNetTorch_r4_BAG_L1","LightGBM_r31_BAG_L1","NeuralNetFastAI_r35_BAG_L1","CatBoost_r143_BAG_L1","NeuralNetTorch_r150_BAG_L1","NeuralNetTorch_r95_BAG_L1"],"9":["NeuralNetTorch_r135_BAG_L1","NeuralNetTorch_r47_BAG_L1","NeuralNetTorch_r113_BAG_L1","NeuralNetTorch_r4_BAG_L1","LightGBM_r31_BAG_L1","NeuralNetFastAI_r35_BAG_L1","CatBoost_r143_BAG_L1","NeuralNetTorch_r150_BAG_L1","NeuralNetTorch_r95_BAG_L1","NeuralNetFastAI_r145_BAG_L1"],"10":["NeuralNetTorch_r135_BAG_L1","NeuralNetTorch_r47_BAG_L1","NeuralNetTorch_r113_BAG_L1","NeuralNetTorch_r4_BAG_L1","LightGBM_r31_BAG_L1","NeuralNetFastAI_r35_BAG_L1","CatBoost_r143_BAG_L1","NeuralNetTorch_r150_BAG_L1","NeuralNetTorch_r2_BAG_L1","NeuralNetTorch_r95_BAG_L1","NeuralNetFastAI_r145_BAG_L1"],"11":["NeuralNetTorch_r135_BAG_L1","NeuralNetTorch_r47_BAG_L1","NeuralNetTorch_r113_BAG_L1","NeuralNetTorch_r4_BAG_L1","LightGBM_r31_BAG_L1","NeuralNetFastAI_r35_BAG_L1","CatBoost_r143_BAG_L1","NeuralNetTorch_r150_BAG_L1","NeuralNetTorch_r2_BAG_L1","NeuralNetTorch_r95_BAG_L1","NeuralNetFastAI_r145_BAG_L1"],"12":["NeuralNetTorch_r135_BAG_L1","NeuralNetTorch_r47_BAG_L1","NeuralNetTorch_r113_BAG_L1","NeuralNetTorch_r4_BAG_L1","LightGBM_r31_BAG_L1","NeuralNetFastAI_r35_BAG_L1","CatBoost_r143_BAG_L1","NeuralNetTorch_r150_BAG_L1","NeuralNetTorch_r2_BAG_L1","NeuralNetFastAI_r46_BAG_L1","NeuralNetTorch_r95_BAG_L1","NeuralNetFastAI_r145_BAG_L1"],"13":["NeuralNetTorch_r135_BAG_L1","NeuralNetTorch_r47_BAG_L1","NeuralNetTorch_r113_BAG_L1","LightGBM_r27_BAG_L1","NeuralNetTorch_r4_BAG_L1","LightGBM_r31_BAG_L1","NeuralNetFastAI_r35_BAG_L1","CatBoost_r143_BAG_L1","NeuralNetTorch_r150_BAG_L1","NeuralNetTorch_r2_BAG_L1","NeuralNetFastAI_r46_BAG_L1","NeuralNetTorch_r95_BAG_L1","NeuralNetFastAI_r145_BAG_L1"],"14":["NeuralNetTorch_r135_BAG_L1","NeuralNetTorch_r47_BAG_L1","NeuralNetTorch_r113_BAG_L1","LightGBM_r27_BAG_L1","NeuralNetTorch_r4_BAG_L1","LightGBM_r31_BAG_L1","NeuralNetFastAI_r35_BAG_L1","CatBoost_r143_BAG_L1","NeuralNetTorch_r150_BAG_L1","NeuralNetTorch_r2_BAG_L1","NeuralNetFastAI_r46_BAG_L1","NeuralNetTorch_r95_BAG_L1","NeuralNetFastAI_r145_BAG_L1"],"15":["NeuralNetTorch_r135_BAG_L1","NeuralNetTorch_r47_BAG_L1","NeuralNetTorch_r113_BAG_L1","LightGBM_r27_BAG_L1","NeuralNetTorch_r4_BAG_L1","LightGBM_r31_BAG_L1","NeuralNetFastAI_r35_BAG_L1","CatBoost_r143_BAG_L1","NeuralNetTorch_r150_BAG_L1","NeuralNetTorch_r2_BAG_L1","NeuralNetFastAI_r46_BAG_L1","NeuralNetTorch_r95_BAG_L1","NeuralNetFastAI_r145_BAG_L1"],"16":["NeuralNetTorch_r135_BAG_L1","NeuralNetTorch_r47_BAG_L1","NeuralNetTorch_r113_BAG_L1","LightGBM_r27_BAG_L1","NeuralNetTorch_r4_BAG_L1","NeuralNetFastAI_r152_BAG_L1","LightGBM_r31_BAG_L1","NeuralNetFastAI_r35_BAG_L1","CatBoost_r143_BAG_L1","NeuralNetTorch_r150_BAG_L1","NeuralNetTorch_r2_BAG_L1","NeuralNetFastAI_r46_BAG_L1","NeuralNetTorch_r95_BAG_L1","NeuralNetFastAI_r145_BAG_L1"],"17":["NeuralNetTorch_r135_BAG_L1","NeuralNetTorch_r47_BAG_L1","NeuralNetTorch_r113_BAG_L1","LightGBM_r27_BAG_L1","NeuralNetTorch_r4_BAG_L1","NeuralNetFastAI_r152_BAG_L1","LightGBM_r31_BAG_L1","NeuralNetFastAI_r35_BAG_L1","CatBoost_r143_BAG_L1","NeuralNetTorch_r150_BAG_L1","NeuralNetTorch_r2_BAG_L1","NeuralNetFastAI_r46_BAG_L1","NeuralNetTorch_r95_BAG_L1","NeuralNetFastAI_r145_BAG_L1"],"18":["NeuralNetTorch_r135_BAG_L1","NeuralNetTorch_r47_BAG_L1","NeuralNetTorch_r113_BAG_L1","LightGBM_r27_BAG_L1","NeuralNetTorch_r4_BAG_L1","NeuralNetFastAI_r152_BAG_L1","LightGBM_r31_BAG_L1","NeuralNetFastAI_r35_BAG_L1","CatBoost_r143_BAG_L1","NeuralNetTorch_r150_BAG_L1","NeuralNetTorch_r2_BAG_L1","NeuralNetFastAI_r46_BAG_L1","NeuralNetTorch_r95_BAG_L1","NeuralNetFastAI_r145_BAG_L1"],"19":["NeuralNetTorch_r135_BAG_L1","NeuralNetTorch_r47_BAG_L1","NeuralNetTorch_r113_BAG_L1","LightGBM_r27_BAG_L1","NeuralNetTorch_r4_BAG_L1","NeuralNetFastAI_r152_BAG_L1","LightGBM_r31_BAG_L1","NeuralNetFastAI_r35_BAG_L1","CatBoost_r143_BAG_L1","NeuralNetTorch_r150_BAG_L1","NeuralNetTorch_r2_BAG_L1","NeuralNetFastAI_r46_BAG_L1","NeuralNetTorch_r95_BAG_L1","NeuralNetTorch_r97_BAG_L1","NeuralNetFastAI_r145_BAG_L1"],"20":["NeuralNetTorch_r135_BAG_L1","NeuralNetTorch_r40_BAG_L1","NeuralNetTorch_r47_BAG_L1","NeuralNetTorch_r113_BAG_L1","LightGBM_r27_BAG_L1","NeuralNetTorch_r4_BAG_L1","NeuralNetFastAI_r152_BAG_L1","LightGBM_r31_BAG_L1","NeuralNetFastAI_r35_BAG_L1","CatBoost_r143_BAG_L1","NeuralNetTorch_r150_BAG_L1","NeuralNetTorch_r2_BAG_L1","NeuralNetFastAI_r46_BAG_L1","NeuralNetTorch_r95_BAG_L1","NeuralNetTorch_r97_BAG_L1","NeuralNetFastAI_r145_BAG_L1"],"21":["NeuralNetTorch_r135_BAG_L1","NeuralNetTorch_r40_BAG_L1","LightGBM_r200_BAG_L1","NeuralNetTorch_r47_BAG_L1","NeuralNetTorch_r113_BAG_L1","LightGBM_r27_BAG_L1","NeuralNetTorch_r4_BAG_L1","NeuralNetFastAI_r152_BAG_L1","LightGBM_r31_BAG_L1","NeuralNetFastAI_r35_BAG_L1","CatBoost_r143_BAG_L1","NeuralNetTorch_r150_BAG_L1","NeuralNetTorch_r2_BAG_L1","NeuralNetFastAI_r46_BAG_L1","NeuralNetTorch_r95_BAG_L1","NeuralNetTorch_r97_BAG_L1","NeuralNetFastAI_r145_BAG_L1"],"22":["NeuralNetTorch_r135_BAG_L1","NeuralNetTorch_r40_BAG_L1","LightGBM_r200_BAG_L1","NeuralNetTorch_r47_BAG_L1","NeuralNetTorch_r113_BAG_L1","LightGBM_r27_BAG_L1","NeuralNetTorch_r4_BAG_L1","NeuralNetFastAI_r152_BAG_L1","LightGBM_r31_BAG_L1","NeuralNetFastAI_r35_BAG_L1","CatBoost_r143_BAG_L1","NeuralNetTorch_r150_BAG_L1","NeuralNetTorch_r2_BAG_L1","NeuralNetFastAI_r46_BAG_L1","NeuralNetTorch_r95_BAG_L1","NeuralNetTorch_r97_BAG_L1","NeuralNetFastAI_r145_BAG_L1"],"23":["NeuralNetTorch_r135_BAG_L1","NeuralNetTorch_r40_BAG_L1","LightGBM_r200_BAG_L1","NeuralNetTorch_r47_BAG_L1","NeuralNetTorch_r113_BAG_L1","LightGBM_r27_BAG_L1","NeuralNetTorch_r4_BAG_L1","NeuralNetFastAI_r152_BAG_L1","LightGBM_r31_BAG_L1","NeuralNetFastAI_r35_BAG_L1","LightGBM_r61_BAG_L1","CatBoost_r143_BAG_L1","NeuralNetTorch_r150_BAG_L1","NeuralNetTorch_r2_BAG_L1","NeuralNetFastAI_r46_BAG_L1","NeuralNetTorch_r95_BAG_L1","NeuralNetTorch_r97_BAG_L1","NeuralNetFastAI_r145_BAG_L1"],"24":["NeuralNetTorch_r135_BAG_L1","NeuralNetTorch_r40_BAG_L1","LightGBM_r200_BAG_L1","NeuralNetTorch_r47_BAG_L1","NeuralNetTorch_r113_BAG_L1","LightGBM_r27_BAG_L1","NeuralNetTorch_r4_BAG_L1","NeuralNetFastAI_r152_BAG_L1","LightGBM_r31_BAG_L1","NeuralNetFastAI_r35_BAG_L1","LightGBM_r61_BAG_L1","CatBoost_r143_BAG_L1","NeuralNetTorch_r150_BAG_L1","NeuralNetTorch_r2_BAG_L1","NeuralNetFastAI_r46_BAG_L1","NeuralNetTorch_r95_BAG_L1","NeuralNetTorch_r97_BAG_L1","NeuralNetFastAI_r145_BAG_L1"],"25":["NeuralNetFastAI_r152_BAG_L1","NeuralNetTorch_r2_BAG_L1","NeuralNetTorch_r40_BAG_L1","NeuralNetTorch_r47_BAG_L1","NeuralNetTorch_r113_BAG_L1","NeuralNetTorch_r4_BAG_L1","CatBoost_r143_BAG_L1","NeuralNetTorch_r135_BAG_L1","LightGBM_r200_BAG_L1","LightGBM_r27_BAG_L1","LightGBM_r31_BAG_L1","NeuralNetFastAI_r35_BAG_L1","NeuralNetTorch_r150_BAG_L1","NeuralNetFastAI_r46_BAG_L1","NeuralNetTorch_r95_BAG_L1","NeuralNetTorch_r97_BAG_L1","NeuralNetFastAI_r51_BAG_L1","LightGBM_r61_BAG_L1","NeuralNetFastAI_r145_BAG_L1"],"26":["NeuralNetFastAI_r152_BAG_L1","NeuralNetTorch_r2_BAG_L1","NeuralNetTorch_r40_BAG_L1","NeuralNetTorch_r47_BAG_L1","NeuralNetTorch_r113_BAG_L1","NeuralNetTorch_r4_BAG_L1","CatBoost_r143_BAG_L1","NeuralNetTorch_r135_BAG_L1","LightGBM_r200_BAG_L1","LightGBM_r27_BAG_L1","LightGBM_r31_BAG_L1","NeuralNetFastAI_r35_BAG_L1","NeuralNetTorch_r150_BAG_L1","NeuralNetFastAI_r46_BAG_L1","NeuralNetTorch_r95_BAG_L1","NeuralNetTorch_r97_BAG_L1","NeuralNetFastAI_r51_BAG_L1","LightGBM_r61_BAG_L1","NeuralNetFastAI_r145_BAG_L1"],"27":["NeuralNetFastAI_r152_BAG_L1","NeuralNetTorch_r2_BAG_L1","NeuralNetTorch_r40_BAG_L1","NeuralNetTorch_r47_BAG_L1","NeuralNetTorch_r113_BAG_L1","NeuralNetTorch_r4_BAG_L1","CatBoost_r143_BAG_L1","NeuralNetTorch_r135_BAG_L1","LightGBM_r200_BAG_L1","LightGBM_r27_BAG_L1","LightGBM_r31_BAG_L1","NeuralNetFastAI_r35_BAG_L1","NeuralNetTorch_r83_BAG_L1","NeuralNetTorch_r150_BAG_L1","NeuralNetFastAI_r46_BAG_L1","NeuralNetTorch_r95_BAG_L1","NeuralNetTorch_r97_BAG_L1","NeuralNetFastAI_r51_BAG_L1","LightGBM_r61_BAG_L1","NeuralNetFastAI_r145_BAG_L1"],"28":["NeuralNetFastAI_r152_BAG_L1","NeuralNetTorch_r2_BAG_L1","NeuralNetTorch_r40_BAG_L1","NeuralNetTorch_r47_BAG_L1","NeuralNetTorch_r113_BAG_L1","NeuralNetTorch_r4_BAG_L1","CatBoost_r143_BAG_L1","NeuralNetTorch_r135_BAG_L1","LightGBM_r200_BAG_L1","NeuralNetFastAI_r23_BAG_L1","LightGBM_r27_BAG_L1","LightGBM_r31_BAG_L1","NeuralNetFastAI_r35_BAG_L1","NeuralNetTorch_r83_BAG_L1","NeuralNetTorch_r150_BAG_L1","NeuralNetFastAI_r46_BAG_L1","NeuralNetTorch_r95_BAG_L1","NeuralNetTorch_r97_BAG_L1","NeuralNetFastAI_r51_BAG_L1","LightGBM_r61_BAG_L1","NeuralNetFastAI_r145_BAG_L1"],"29":["NeuralNetFastAI_r152_BAG_L1","NeuralNetTorch_r2_BAG_L1","NeuralNetTorch_r40_BAG_L1","NeuralNetTorch_r47_BAG_L1","NeuralNetTorch_r113_BAG_L1","NeuralNetTorch_r4_BAG_L1","CatBoost_r143_BAG_L1","NeuralNetTorch_r135_BAG_L1","LightGBM_r200_BAG_L1","NeuralNetFastAI_r23_BAG_L1","LightGBM_r27_BAG_L1","LightGBM_r31_BAG_L1","NeuralNetFastAI_r35_BAG_L1","NeuralNetTorch_r83_BAG_L1","NeuralNetTorch_r150_BAG_L1","NeuralNetFastAI_r46_BAG_L1","NeuralNetTorch_r95_BAG_L1","NeuralNetTorch_r97_BAG_L1","NeuralNetFastAI_r51_BAG_L1","LightGBM_r61_BAG_L1","NeuralNetFastAI_r145_BAG_L1"],"30":["NeuralNetFastAI_r152_BAG_L1","NeuralNetTorch_r2_BAG_L1","NeuralNetTorch_r40_BAG_L1","NeuralNetTorch_r47_BAG_L1","NeuralNetTorch_r113_BAG_L1","NeuralNetTorch_r4_BAG_L1","CatBoost_r143_BAG_L1","NeuralNetTorch_r135_BAG_L1","LightGBM_r200_BAG_L1","NeuralNetFastAI_r23_BAG_L1","LightGBM_r27_BAG_L1","LightGBM_r31_BAG_L1","NeuralNetFastAI_r35_BAG_L1","NeuralNetTorch_r83_BAG_L1","NeuralNetTorch_r150_BAG_L1","NeuralNetFastAI_r46_BAG_L1","NeuralNetTorch_r95_BAG_L1","NeuralNetTorch_r97_BAG_L1","NeuralNetFastAI_r51_BAG_L1","NeuralNetFastAI_r55_BAG_L1","LightGBM_r61_BAG_L1","NeuralNetFastAI_r145_BAG_L1"],"31":["NeuralNetFastAI_r152_BAG_L1","NeuralNetTorch_r2_BAG_L1","NeuralNetTorch_r40_BAG_L1","NeuralNetTorch_r47_BAG_L1","NeuralNetTorch_r113_BAG_L1","NeuralNetTorch_r4_BAG_L1","CatBoost_r143_BAG_L1","NeuralNetTorch_r135_BAG_L1","LightGBM_r200_BAG_L1","NeuralNetFastAI_r23_BAG_L1","LightGBM_r27_BAG_L1","LightGBM_r31_BAG_L1","NeuralNetFastAI_r35_BAG_L1","NeuralNetTorch_r83_BAG_L1","NeuralNetTorch_r150_BAG_L1","NeuralNetFastAI_r46_BAG_L1","NeuralNetTorch_r95_BAG_L1","NeuralNetTorch_r97_BAG_L1","NeuralNetFastAI_r51_BAG_L1","NeuralNetFastAI_r55_BAG_L1","LightGBM_r61_BAG_L1","NeuralNetFastAI_r145_BAG_L1"],"32":["NeuralNetFastAI_r152_BAG_L1","NeuralNetTorch_r2_BAG_L1","NeuralNetTorch_r40_BAG_L1","NeuralNetTorch_r47_BAG_L1","NeuralNetTorch_r113_BAG_L1","NeuralNetTorch_r4_BAG_L1","CatBoost_r143_BAG_L1","NeuralNetTorch_r135_BAG_L1","LightGBM_r200_BAG_L1","NeuralNetFastAI_r23_BAG_L1","LightGBM_r27_BAG_L1","LightGBM_r31_BAG_L1","NeuralNetFastAI_r35_BAG_L1","NeuralNetTorch_r83_BAG_L1","NeuralNetTorch_r150_BAG_L1","NeuralNetFastAI_r46_BAG_L1","NeuralNetTorch_r95_BAG_L1","NeuralNetTorch_r97_BAG_L1","NeuralNetFastAI_r51_BAG_L1","NeuralNetFastAI_r55_BAG_L1","LightGBM_r61_BAG_L1","NeuralNetFastAI_r145_BAG_L1"],"33":["NeuralNetFastAI_r152_BAG_L1","NeuralNetTorch_r2_BAG_L1","NeuralNetTorch_r40_BAG_L1","NeuralNetTorch_r47_BAG_L1","NeuralNetTorch_r113_BAG_L1","NeuralNetTorch_r4_BAG_L1","CatBoost_r143_BAG_L1","NeuralNetTorch_r135_BAG_L1","LightGBM_r200_BAG_L1","NeuralNetFastAI_r23_BAG_L1","LightGBM_r27_BAG_L1","LightGBM_r31_BAG_L1","NeuralNetFastAI_r35_BAG_L1","NeuralNetTorch_r83_BAG_L1","NeuralNetTorch_r150_BAG_L1","NeuralNetFastAI_r46_BAG_L1","NeuralNetTorch_r95_BAG_L1","NeuralNetTorch_r97_BAG_L1","NeuralNetFastAI_r51_BAG_L1","NeuralNetFastAI_r55_BAG_L1","LightGBM_r61_BAG_L1","NeuralNetFastAI_r145_BAG_L1"],"34":["NeuralNetFastAI_r152_BAG_L1","NeuralNetTorch_r2_BAG_L1","NeuralNetTorch_r40_BAG_L1","NeuralNetTorch_r47_BAG_L1","NeuralNetTorch_r113_BAG_L1","NeuralNetTorch_r4_BAG_L1","CatBoost_r143_BAG_L1","NeuralNetTorch_r135_BAG_L1","LightGBM_r200_BAG_L1","NeuralNetFastAI_r23_BAG_L1","LightGBM_r27_BAG_L1","LightGBM_r31_BAG_L1","NeuralNetFastAI_r35_BAG_L1","NeuralNetTorch_r83_BAG_L1","NeuralNetTorch_r150_BAG_L1","NeuralNetFastAI_r46_BAG_L1","NeuralNetTorch_r95_BAG_L1","NeuralNetTorch_r97_BAG_L1","NeuralNetFastAI_r51_BAG_L1","NeuralNetFastAI_r55_BAG_L1","LightGBM_r61_BAG_L1","NeuralNetFastAI_r145_BAG_L1"],"35":["NeuralNetFastAI_r152_BAG_L1","NeuralNetTorch_r2_BAG_L1","NeuralNetTorch_r40_BAG_L1","NeuralNetTorch_r47_BAG_L1","NeuralNetTorch_r113_BAG_L1","NeuralNetTorch_r4_BAG_L1","CatBoost_r143_BAG_L1","NeuralNetTorch_r135_BAG_L1","LightGBM_r200_BAG_L1","NeuralNetFastAI_r23_BAG_L1","LightGBM_r27_BAG_L1","LightGBM_r31_BAG_L1","NeuralNetFastAI_r35_BAG_L1","NeuralNetTorch_r83_BAG_L1","NeuralNetTorch_r150_BAG_L1","NeuralNetFastAI_r46_BAG_L1","NeuralNetTorch_r95_BAG_L1","NeuralNetTorch_r97_BAG_L1","NeuralNetFastAI_r51_BAG_L1","NeuralNetFastAI_r55_BAG_L1","LightGBM_r54_BAG_L1","LightGBM_r61_BAG_L1","NeuralNetFastAI_r145_BAG_L1"],"36":["NeuralNetFastAI_r152_BAG_L1","NeuralNetTorch_r2_BAG_L1","NeuralNetTorch_r40_BAG_L1","NeuralNetTorch_r47_BAG_L1","NeuralNetTorch_r113_BAG_L1","NeuralNetTorch_r4_BAG_L1","CatBoost_r143_BAG_L1","NeuralNetTorch_r135_BAG_L1","LightGBM_r200_BAG_L1","NeuralNetFastAI_r23_BAG_L1","LightGBM_r27_BAG_L1","LightGBM_r31_BAG_L1","NeuralNetFastAI_r35_BAG_L1","NeuralNetTorch_r83_BAG_L1","NeuralNetTorch_r150_BAG_L1","NeuralNetFastAI_r46_BAG_L1","NeuralNetTorch_r95_BAG_L1","NeuralNetTorch_r97_BAG_L1","NeuralNetFastAI_r51_BAG_L1","NeuralNetFastAI_r55_BAG_L1","LightGBM_r54_BAG_L1","LightGBM_r61_BAG_L1","NeuralNetFastAI_r145_BAG_L1"],"37":["NeuralNetFastAI_r152_BAG_L1","NeuralNetTorch_r2_BAG_L1","NeuralNetTorch_r40_BAG_L1","NeuralNetTorch_r47_BAG_L1","NeuralNetTorch_r113_BAG_L1","NeuralNetTorch_r4_BAG_L1","CatBoost_r143_BAG_L1","NeuralNetTorch_r135_BAG_L1","LightGBM_r200_BAG_L1","NeuralNetFastAI_r23_BAG_L1","LightGBM_r27_BAG_L1","LightGBM_r31_BAG_L1","NeuralNetFastAI_r35_BAG_L1","NeuralNetTorch_r83_BAG_L1","NeuralNetTorch_r150_BAG_L1","NeuralNetFastAI_r46_BAG_L1","NeuralNetTorch_r95_BAG_L1","NeuralNetTorch_r97_BAG_L1","NeuralNetFastAI_r51_BAG_L1","NeuralNetFastAI_r55_BAG_L1","LightGBM_r54_BAG_L1","LightGBM_r61_BAG_L1","NeuralNetFastAI_r145_BAG_L1"],"38":["NeuralNetFastAI_r152_BAG_L1","NeuralNetTorch_r2_BAG_L1","NeuralNetTorch_r40_BAG_L1","NeuralNetTorch_r47_BAG_L1","NeuralNetTorch_r113_BAG_L1","NeuralNetTorch_r4_BAG_L1","CatBoost_r143_BAG_L1","NeuralNetTorch_r66_BAG_L1","NeuralNetTorch_r135_BAG_L1","LightGBM_r200_BAG_L1","NeuralNetFastAI_r23_BAG_L1","LightGBM_r27_BAG_L1","LightGBM_r31_BAG_L1","NeuralNetFastAI_r35_BAG_L1","NeuralNetTorch_r83_BAG_L1","NeuralNetTorch_r150_BAG_L1","NeuralNetFastAI_r46_BAG_L1","NeuralNetTorch_r95_BAG_L1","NeuralNetTorch_r97_BAG_L1","NeuralNetFastAI_r51_BAG_L1","NeuralNetFastAI_r55_BAG_L1","LightGBM_r54_BAG_L1","LightGBM_r61_BAG_L1","NeuralNetFastAI_r145_BAG_L1"],"39":["NeuralNetFastAI_r152_BAG_L1","NeuralNetTorch_r2_BAG_L1","NeuralNetTorch_r40_BAG_L1","NeuralNetTorch_r47_BAG_L1","NeuralNetTorch_r113_BAG_L1","NeuralNetTorch_r4_BAG_L1","CatBoost_r143_BAG_L1","NeuralNetTorch_r66_BAG_L1","NeuralNetTorch_r135_BAG_L1","LightGBM_r200_BAG_L1","NeuralNetFastAI_r23_BAG_L1","LightGBM_r27_BAG_L1","LightGBM_r31_BAG_L1","NeuralNetFastAI_r35_BAG_L1","NeuralNetTorch_r83_BAG_L1","NeuralNetTorch_r150_BAG_L1","NeuralNetFastAI_r46_BAG_L1","NeuralNetTorch_r95_BAG_L1","NeuralNetTorch_r97_BAG_L1","NeuralNetFastAI_r51_BAG_L1","NeuralNetFastAI_r55_BAG_L1","LightGBM_r54_BAG_L1","LightGBM_r61_BAG_L1","NeuralNetFastAI_r145_BAG_L1"],"40":["NeuralNetFastAI_r152_BAG_L1","NeuralNetTorch_r2_BAG_L1","NeuralNetTorch_r40_BAG_L1","NeuralNetTorch_r47_BAG_L1","NeuralNetTorch_r113_BAG_L1","NeuralNetTorch_r4_BAG_L1","CatBoost_r143_BAG_L1","NeuralNetTorch_r66_BAG_L1","NeuralNetTorch_r135_BAG_L1","LightGBM_r200_BAG_L1","NeuralNetFastAI_r23_BAG_L1","LightGBM_r27_BAG_L1","LightGBM_r31_BAG_L1","NeuralNetFastAI_r35_BAG_L1","NeuralNetTorch_r83_BAG_L1","NeuralNetTorch_r150_BAG_L1","NeuralNetFastAI_r46_BAG_L1","NeuralNetTorch_r95_BAG_L1","NeuralNetTorch_r97_BAG_L1","NeuralNetFastAI_r51_BAG_L1","NeuralNetFastAI_r55_BAG_L1","LightGBM_r54_BAG_L1","LightGBM_r61_BAG_L1","NeuralNetFastAI_r145_BAG_L1"],"41":["NeuralNetFastAI_r152_BAG_L1","NeuralNetTorch_r2_BAG_L1","NeuralNetTorch_r40_BAG_L1","NeuralNetTorch_r47_BAG_L1","NeuralNetTorch_r113_BAG_L1","NeuralNetTorch_r4_BAG_L1","CatBoost_r143_BAG_L1","NeuralNetTorch_r66_BAG_L1","NeuralNetTorch_r135_BAG_L1","LightGBM_r200_BAG_L1","NeuralNetFastAI_r23_BAG_L1","LightGBM_r27_BAG_L1","LightGBM_r31_BAG_L1","NeuralNetFastAI_r35_BAG_L1","NeuralNetTorch_r83_BAG_L1","NeuralNetTorch_r150_BAG_L1","NeuralNetFastAI_r46_BAG_L1","NeuralNetTorch_r95_BAG_L1","NeuralNetTorch_r97_BAG_L1","NeuralNetFastAI_r51_BAG_L1","NeuralNetFastAI_r55_BAG_L1","LightGBM_r54_BAG_L1","LightGBM_r61_BAG_L1","NeuralNetFastAI_r145_BAG_L1"],"42":["NeuralNetFastAI_r152_BAG_L1","NeuralNetTorch_r2_BAG_L1","NeuralNetTorch_r40_BAG_L1","NeuralNetTorch_r47_BAG_L1","NeuralNetTorch_r113_BAG_L1","NeuralNetTorch_r4_BAG_L1","CatBoost_r143_BAG_L1","NeuralNetTorch_r66_BAG_L1","NeuralNetTorch_r135_BAG_L1","LightGBM_r200_BAG_L1","NeuralNetFastAI_r23_BAG_L1","LightGBM_r27_BAG_L1","LightGBM_r31_BAG_L1","NeuralNetFastAI_r35_BAG_L1","NeuralNetTorch_r83_BAG_L1","NeuralNetTorch_r150_BAG_L1","NeuralNetFastAI_r46_BAG_L1","NeuralNetTorch_r95_BAG_L1","NeuralNetTorch_r97_BAG_L1","NeuralNetFastAI_r51_BAG_L1","NeuralNetFastAI_r55_BAG_L1","LightGBM_r54_BAG_L1","LightGBM_r61_BAG_L1","NeuralNetFastAI_r75_BAG_L1","NeuralNetFastAI_r145_BAG_L1"]},"weights":{"0":[1.0],"1":[0.5,0.5],"2":[0.3333333333,0.3333333333,0.3333333333],"3":[0.25,0.25,0.25,0.25],"4":[0.2,0.2,0.2,0.2,0.2],"5":[0.1666666667,0.1666666667,0.1666666667,0.1666666667,0.1666666667,0.1666666667],"6":[0.1428571429,0.1428571429,0.1428571429,0.1428571429,0.1428571429,0.1428571429,0.1428571429],"7":[0.125,0.125,0.125,0.125,0.125,0.125,0.125,0.125],"8":[0.1111111111,0.1111111111,0.1111111111,0.1111111111,0.1111111111,0.1111111111,0.1111111111,0.1111111111,0.1111111111],"9":[0.1,0.1,0.1,0.1,0.1,0.1,0.1,0.1,0.1,0.1],"10":[0.0909090909,0.0909090909,0.0909090909,0.0909090909,0.0909090909,0.0909090909,0.0909090909,0.0909090909,0.0909090909,0.0909090909,0.0909090909],"11":[0.0833333333,0.0833333333,0.0833333333,0.0833333333,0.0833333333,0.0833333333,0.0833333333,0.0833333333,0.0833333333,0.0833333333,0.0833333333],"12":[0.0769230769,0.0769230769,0.0769230769,0.0769230769,0.0769230769,0.0769230769,0.0769230769,0.0769230769,0.0769230769,0.0769230769,0.0769230769,0.0769230769],"13":[0.0714285714,0.0714285714,0.0714285714,0.0714285714,0.0714285714,0.0714285714,0.0714285714,0.0714285714,0.0714285714,0.0714285714,0.0714285714,0.0714285714,0.0714285714],"14":[0.0666666667,0.0666666667,0.0666666667,0.0666666667,0.0666666667,0.0666666667,0.0666666667,0.0666666667,0.0666666667,0.0666666667,0.0666666667,0.0666666667,0.0666666667],"15":[0.0625,0.0625,0.0625,0.0625,0.0625,0.0625,0.0625,0.0625,0.0625,0.0625,0.0625,0.0625,0.0625],"16":[0.0588235294,0.0588235294,0.0588235294,0.0588235294,0.0588235294,0.0588235294,0.0588235294,0.0588235294,0.0588235294,0.0588235294,0.0588235294,0.0588235294,0.0588235294,0.0588235294],"17":[0.0555555556,0.0555555556,0.0555555556,0.0555555556,0.0555555556,0.0555555556,0.0555555556,0.0555555556,0.0555555556,0.0555555556,0.0555555556,0.0555555556,0.0555555556,0.0555555556],"18":[0.0526315789,0.0526315789,0.0526315789,0.0526315789,0.0526315789,0.0526315789,0.0526315789,0.0526315789,0.0526315789,0.0526315789,0.0526315789,0.0526315789,0.0526315789,0.0526315789],"19":[0.05,0.05,0.05,0.05,0.05,0.05,0.05,0.05,0.05,0.05,0.05,0.05,0.05,0.05,0.05],"20":[0.0476190476,0.0476190476,0.0476190476,0.0476190476,0.0476190476,0.0476190476,0.0476190476,0.0476190476,0.0476190476,0.0476190476,0.0476190476,0.0476190476,0.0476190476,0.0476190476,0.0476190476,0.0476190476],"21":[0.0454545455,0.0454545455,0.0454545455,0.0454545455,0.0454545455,0.0454545455,0.0454545455,0.0454545455,0.0454545455,0.0454545455,0.0454545455,0.0454545455,0.0454545455,0.0454545455,0.0454545455,0.0454545455,0.0454545455],"22":[0.0434782609,0.0434782609,0.0434782609,0.0434782609,0.0434782609,0.0434782609,0.0434782609,0.0434782609,0.0434782609,0.0434782609,0.0434782609,0.0434782609,0.0434782609,0.0434782609,0.0434782609,0.0434782609,0.0434782609],"23":[0.0416666667,0.0416666667,0.0416666667,0.0416666667,0.0416666667,0.0416666667,0.0416666667,0.0416666667,0.0416666667,0.0416666667,0.0416666667,0.0416666667,0.0416666667,0.0416666667,0.0416666667,0.0416666667,0.0416666667,0.0416666667],"24":[0.04,0.04,0.04,0.04,0.04,0.04,0.04,0.04,0.04,0.04,0.04,0.04,0.04,0.04,0.04,0.04,0.04,0.04],"25":[0.0384615385,0.0384615385,0.0384615385,0.0384615385,0.0384615385,0.0384615385,0.0384615385,0.0384615385,0.0384615385,0.0384615385,0.0384615385,0.0384615385,0.0384615385,0.0384615385,0.0384615385,0.0384615385,0.0384615385,0.0384615385,0.0384615385],"26":[0.037037037,0.037037037,0.037037037,0.037037037,0.037037037,0.037037037,0.037037037,0.037037037,0.037037037,0.037037037,0.037037037,0.037037037,0.037037037,0.037037037,0.037037037,0.037037037,0.037037037,0.037037037,0.037037037],"27":[0.0357142857,0.0357142857,0.0357142857,0.0357142857,0.0357142857,0.0357142857,0.0357142857,0.0357142857,0.0357142857,0.0357142857,0.0357142857,0.0357142857,0.0357142857,0.0357142857,0.0357142857,0.0357142857,0.0357142857,0.0357142857,0.0357142857,0.0357142857],"28":[0.0344827586,0.0344827586,0.0344827586,0.0344827586,0.0344827586,0.0344827586,0.0344827586,0.0344827586,0.0344827586,0.0344827586,0.0344827586,0.0344827586,0.0344827586,0.0344827586,0.0344827586,0.0344827586,0.0344827586,0.0344827586,0.0344827586,0.0344827586,0.0344827586],"29":[0.0333333333,0.0333333333,0.0333333333,0.0333333333,0.0333333333,0.0333333333,0.0333333333,0.0333333333,0.0333333333,0.0333333333,0.0333333333,0.0333333333,0.0333333333,0.0333333333,0.0333333333,0.0333333333,0.0333333333,0.0333333333,0.0333333333,0.0333333333,0.0333333333],"30":[0.0322580645,0.0322580645,0.0322580645,0.0322580645,0.0322580645,0.0322580645,0.0322580645,0.0322580645,0.0322580645,0.0322580645,0.0322580645,0.0322580645,0.0322580645,0.0322580645,0.0322580645,0.0322580645,0.0322580645,0.0322580645,0.0322580645,0.0322580645,0.0322580645,0.0322580645],"31":[0.03125,0.03125,0.03125,0.03125,0.03125,0.03125,0.03125,0.03125,0.03125,0.03125,0.03125,0.03125,0.03125,0.03125,0.03125,0.03125,0.03125,0.03125,0.03125,0.03125,0.03125,0.03125],"32":[0.0303030303,0.0303030303,0.0303030303,0.0303030303,0.0303030303,0.0303030303,0.0303030303,0.0303030303,0.0303030303,0.0303030303,0.0303030303,0.0303030303,0.0303030303,0.0303030303,0.0303030303,0.0303030303,0.0303030303,0.0303030303,0.0303030303,0.0303030303,0.0303030303,0.0303030303],"33":[0.0294117647,0.0294117647,0.0294117647,0.0294117647,0.0294117647,0.0294117647,0.0294117647,0.0294117647,0.0294117647,0.0294117647,0.0294117647,0.0294117647,0.0294117647,0.0294117647,0.0294117647,0.0294117647,0.0294117647,0.0294117647,0.0294117647,0.0294117647,0.0294117647,0.0294117647],"34":[0.0285714286,0.0285714286,0.0285714286,0.0285714286,0.0285714286,0.0285714286,0.0285714286,0.0285714286,0.0285714286,0.0285714286,0.0285714286,0.0285714286,0.0285714286,0.0285714286,0.0285714286,0.0285714286,0.0285714286,0.0285714286,0.0285714286,0.0285714286,0.0285714286,0.0285714286],"35":[0.0277777778,0.0277777778,0.0277777778,0.0277777778,0.0277777778,0.0277777778,0.0277777778,0.0277777778,0.0277777778,0.0277777778,0.0277777778,0.0277777778,0.0277777778,0.0277777778,0.0277777778,0.0277777778,0.0277777778,0.0277777778,0.0277777778,0.0277777778,0.0277777778,0.0277777778,0.0277777778],"36":[0.027027027,0.027027027,0.027027027,0.027027027,0.027027027,0.027027027,0.027027027,0.027027027,0.027027027,0.027027027,0.027027027,0.027027027,0.027027027,0.027027027,0.027027027,0.027027027,0.027027027,0.027027027,0.027027027,0.027027027,0.027027027,0.027027027,0.027027027],"37":[0.0263157895,0.0263157895,0.0263157895,0.0263157895,0.0263157895,0.0263157895,0.0263157895,0.0263157895,0.0263157895,0.0263157895,0.0263157895,0.0263157895,0.0263157895,0.0263157895,0.0263157895,0.0263157895,0.0263157895,0.0263157895,0.0263157895,0.0263157895,0.0263157895,0.0263157895,0.0263157895],"38":[0.0256410256,0.0256410256,0.0256410256,0.0256410256,0.0256410256,0.0256410256,0.0256410256,0.0256410256,0.0256410256,0.0256410256,0.0256410256,0.0256410256,0.0256410256,0.0256410256,0.0256410256,0.0256410256,0.0256410256,0.0256410256,0.0256410256,0.0256410256,0.0256410256,0.0256410256,0.0256410256,0.0256410256],"39":[0.025,0.025,0.025,0.025,0.025,0.025,0.025,0.025,0.025,0.025,0.025,0.025,0.025,0.025,0.025,0.025,0.025,0.025,0.025,0.025,0.025,0.025,0.025,0.025],"40":[0.0243902439,0.0243902439,0.0243902439,0.0243902439,0.0243902439,0.0243902439,0.0243902439,0.0243902439,0.0243902439,0.0243902439,0.0243902439,0.0243902439,0.0243902439,0.0243902439,0.0243902439,0.0243902439,0.0243902439,0.0243902439,0.0243902439,0.0243902439,0.0243902439,0.0243902439,0.0243902439,0.0243902439],"41":[0.0238095238,0.0238095238,0.0238095238,0.0238095238,0.0238095238,0.0238095238,0.0238095238,0.0238095238,0.0238095238,0.0238095238,0.0238095238,0.0238095238,0.0238095238,0.0238095238,0.0238095238,0.0238095238,0.0238095238,0.0238095238,0.0238095238,0.0238095238,0.0238095238,0.0238095238,0.0238095238,0.0238095238],"42":[0.023255814,0.023255814,0.023255814,0.023255814,0.023255814,0.023255814,0.023255814,0.023255814,0.023255814,0.023255814,0.023255814,0.023255814,0.023255814,0.023255814,0.023255814,0.023255814,0.023255814,0.023255814,0.023255814,0.023255814,0.023255814,0.023255814,0.023255814,0.023255814,0.023255814]},"task":{"0":"3918_1","1":"3918_1","2":"3918_1","3":"3918_1","4":"3918_1","5":"3918_1","6":"3918_1","7":"3918_1","8":"3918_1","9":"3918_1","10":"3918_1","11":"3918_1","12":"3918_1","13":"3918_1","14":"3918_1","15":"3918_1","16":"3918_1","17":"3918_1","18":"3918_1","19":"3918_1","20":"3918_1","21":"3918_1","22":"3918_1","23":"3918_1","24":"3918_1","25":"3918_1","26":"3918_1","27":"3918_1","28":"3918_1","29":"3918_1","30":"3918_1","31":"3918_1","32":"3918_1","33":"3918_1","34":"3918_1","35":"3918_1","36":"3918_1","37":"3918_1","38":"3918_1","39":"3918_1","40":"3918_1","41":"3918_1","42":"3918_1"},"dataset":{"0":"pc1","1":"pc1","2":"pc1","3":"pc1","4":"pc1","5":"pc1","6":"pc1","7":"pc1","8":"pc1","9":"pc1","10":"pc1","11":"pc1","12":"pc1","13":"pc1","14":"pc1","15":"pc1","16":"pc1","17":"pc1","18":"pc1","19":"pc1","20":"pc1","21":"pc1","22":"pc1","23":"pc1","24":"pc1","25":"pc1","26":"pc1","27":"pc1","28":"pc1","29":"pc1","30":"pc1","31":"pc1","32":"pc1","33":"pc1","34":"pc1","35":"pc1","36":"pc1","37":"pc1","38":"pc1","39":"pc1","40":"pc1","41":"pc1","42":"pc1"},"fold":{"0":1,"1":1,"2":1,"3":1,"4":1,"5":1,"6":1,"7":1,"8":1,"9":1,"10":1,"11":1,"12":1,"13":1,"14":1,"15":1,"16":1,"17":1,"18":1,"19":1,"20":1,"21":1,"22":1,"23":1,"24":1,"25":1,"26":1,"27":1,"28":1,"29":1,"30":1,"31":1,"32":1,"33":1,"34":1,"35":1,"36":1,"37":1,"38":1,"39":1,"40":1,"41":1,"42":1},"method":{"0":"GES","1":"GES","2":"GES","3":"GES","4":"GES","5":"GES","6":"GES","7":"GES","8":"GES","9":"GES","10":"GES","11":"GES","12":"GES","13":"GES","14":"GES","15":"GES","16":"GES","17":"GES","18":"GES","19":"GES","20":"GES","21":"GES","22":"GES","23":"GES","24":"GES","25":"GES","26":"GES","27":"GES","28":"GES","29":"GES","30":"GES","31":"GES","32":"GES","33":"GES","34":"GES","35":"GES","36":"GES","37":"GES","38":"GES","39":"GES","40":"GES","41":"GES","42":"GES"}}