{"iteration":{"0":1,"1":2,"2":3,"3":4,"4":5,"5":6,"6":7,"7":8,"8":9,"9":10,"10":11,"11":12,"12":13,"13":14,"14":15,"15":16,"16":17,"17":18,"18":19,"19":20,"20":21,"21":22,"22":23,"23":24,"24":25,"25":26,"26":27,"27":28,"28":29,"29":30,"30":31,"31":32,"32":33,"33":34,"34":35,"35":36,"36":37,"37":38,"38":39,"39":40,"40":41,"41":42,"42":43,"43":44,"44":45,"45":46,"46":47,"47":48,"48":49,"49":50,"50":51,"51":52,"52":53,"53":54},"roc_auc_val":{"0":0.8231628454,"1":0.8345649618,"2":0.8458788948,"3":0.8511228689,"4":0.8551440329,"5":0.8577718989,"6":0.8590593768,"7":0.8606643151,"8":0.8615226337,"9":0.8599823633,"10":0.8589300412,"11":0.8611463845,"12":0.8600470312,"13":0.8604409171,"14":0.8600529101,"15":0.8599118166,"16":0.8598765432,"17":0.8593650794,"18":0.8593415638,"19":0.8584479718,"20":0.8571546149,"21":0.8566666667,"22":0.8561610817,"23":0.854861846,"24":0.8537624927,"25":0.8527572016,"26":0.8515167549,"27":0.8504585538,"28":0.850446796,"29":0.8504291593,"30":0.8509876543,"31":0.8500940623,"32":0.849329806,"33":0.8484656085,"34":0.8475837743,"35":0.8493474427,"36":0.8499059377,"37":0.8502175191,"38":0.8497472075,"39":0.8487771899,"40":0.8506290417,"41":0.8513756614,"42":0.8517519106,"43":0.8504585538,"44":0.8503644915,"45":0.8491005291,"46":0.8488065844,"47":0.8496707819,"48":0.8483480306,"49":0.8470017637,"50":0.8488947678,"51":0.8497883598,"52":0.8506407995,"53":0.850728983},"roc_auc_test":{"0":0.7585714286,"1":0.7647619048,"2":0.7728571429,"3":0.7742857143,"4":0.7695238095,"5":0.759047619,"6":0.7619047619,"7":0.7638095238,"8":0.7633333333,"9":0.7652380952,"10":0.7628571429,"11":0.760952381,"12":0.7595238095,"13":0.7619047619,"14":0.7595238095,"15":0.7557142857,"16":0.7557142857,"17":0.7595238095,"18":0.7595238095,"19":0.760952381,"20":0.7614285714,"21":0.760952381,"22":0.7585714286,"23":0.7585714286,"24":0.7604761905,"25":0.76,"26":0.7595238095,"27":0.760952381,"28":0.760952381,"29":0.760952381,"30":0.7619047619,"31":0.7633333333,"32":0.7647619048,"33":0.7623809524,"34":0.7642857143,"35":0.7652380952,"36":0.7642857143,"37":0.7647619048,"38":0.7647619048,"39":0.7642857143,"40":0.7628571429,"41":0.7633333333,"42":0.7638095238,"43":0.7628571429,"44":0.7628571429,"45":0.7619047619,"46":0.760952381,"47":0.7576190476,"48":0.7595238095,"49":0.7595238095,"50":0.76,"51":0.7623809524,"52":0.760952381,"53":0.7633333333},"models_used":{"0":["NeuralNetFastAI_r187_BAG_L1"],"1":["NeuralNetTorch_r91_BAG_L1","NeuralNetFastAI_r187_BAG_L1"],"2":["NeuralNetTorch_r91_BAG_L1","NeuralNetFastAI_r88_BAG_L1","NeuralNetFastAI_r187_BAG_L1"],"3":["NeuralNetTorch_r91_BAG_L1","NeuralNetFastAI_r88_BAG_L1","NeuralNetFastAI_r83_BAG_L1","NeuralNetFastAI_r187_BAG_L1"],"4":["NeuralNetFastAI_r83_BAG_L1","NeuralNetFastAI_r88_BAG_L1","NeuralNetFastAI_r187_BAG_L1","NeuralNetTorch_r91_BAG_L1","NeuralNetTorch_r37_BAG_L1"],"5":["NeuralNetFastAI_r83_BAG_L1","NeuralNetFastAI_r88_BAG_L1","KNeighbors_r6_BAG_L1","NeuralNetFastAI_r187_BAG_L1","NeuralNetTorch_r91_BAG_L1","NeuralNetTorch_r37_BAG_L1"],"6":["NeuralNetFastAI_r83_BAG_L1","NeuralNetFastAI_r88_BAG_L1","KNeighbors_r6_BAG_L1","NeuralNetFastAI_r187_BAG_L1","NeuralNetTorch_r152_BAG_L1","NeuralNetTorch_r91_BAG_L1","NeuralNetTorch_r37_BAG_L1"],"7":["NeuralNetFastAI_r83_BAG_L1","NeuralNetFastAI_r88_BAG_L1","KNeighbors_r6_BAG_L1","NeuralNetFastAI_r187_BAG_L1","NeuralNetTorch_r152_BAG_L1","NeuralNetFastAI_r134_BAG_L1","NeuralNetTorch_r91_BAG_L1","NeuralNetTorch_r37_BAG_L1"],"8":["NeuralNetFastAI_r83_BAG_L1","NeuralNetFastAI_r88_BAG_L1","KNeighbors_r6_BAG_L1","NeuralNetFastAI_r187_BAG_L1","NeuralNetTorch_r148_BAG_L1","NeuralNetTorch_r152_BAG_L1","NeuralNetFastAI_r134_BAG_L1","NeuralNetTorch_r91_BAG_L1","NeuralNetTorch_r37_BAG_L1"],"9":["NeuralNetFastAI_r83_BAG_L1","NeuralNetFastAI_r88_BAG_L1","KNeighbors_r6_BAG_L1","NeuralNetFastAI_r187_BAG_L1","NeuralNetTorch_r148_BAG_L1","NeuralNetTorch_r152_BAG_L1","NeuralNetFastAI_r134_BAG_L1","NeuralNetTorch_r91_BAG_L1","NeuralNetTorch_r37_BAG_L1"],"10":["NeuralNetFastAI_r83_BAG_L1","NeuralNetFastAI_r88_BAG_L1","KNeighbors_r6_BAG_L1","NeuralNetFastAI_r187_BAG_L1","NeuralNetTorch_r148_BAG_L1","NeuralNetTorch_r152_BAG_L1","NeuralNetFastAI_r134_BAG_L1","NeuralNetTorch_r91_BAG_L1","NeuralNetTorch_r37_BAG_L1"],"11":["NeuralNetFastAI_r83_BAG_L1","NeuralNetFastAI_r88_BAG_L1","KNeighbors_r6_BAG_L1","NeuralNetFastAI_r187_BAG_L1","NeuralNetTorch_r148_BAG_L1","LightGBM_r31_BAG_L1","NeuralNetTorch_r152_BAG_L1","NeuralNetFastAI_r134_BAG_L1","NeuralNetTorch_r91_BAG_L1","NeuralNetTorch_r37_BAG_L1"],"12":["NeuralNetFastAI_r83_BAG_L1","NeuralNetFastAI_r88_BAG_L1","KNeighbors_r6_BAG_L1","NeuralNetFastAI_r187_BAG_L1","NeuralNetTorch_r148_BAG_L1","LightGBM_r31_BAG_L1","NeuralNetTorch_r152_BAG_L1","NeuralNetFastAI_r134_BAG_L1","NeuralNetTorch_r91_BAG_L1","NeuralNetTorch_r37_BAG_L1"],"13":["NeuralNetFastAI_r83_BAG_L1","NeuralNetFastAI_r88_BAG_L1","KNeighbors_r6_BAG_L1","NeuralNetFastAI_r187_BAG_L1","NeuralNetTorch_r148_BAG_L1","LightGBM_r31_BAG_L1","NeuralNetTorch_r176_BAG_L1","NeuralNetTorch_r152_BAG_L1","NeuralNetFastAI_r134_BAG_L1","NeuralNetTorch_r91_BAG_L1","NeuralNetTorch_r37_BAG_L1"],"14":["NeuralNetFastAI_r83_BAG_L1","NeuralNetFastAI_r88_BAG_L1","KNeighbors_r6_BAG_L1","NeuralNetFastAI_r187_BAG_L1","NeuralNetTorch_r148_BAG_L1","LightGBM_r31_BAG_L1","NeuralNetTorch_r176_BAG_L1","NeuralNetTorch_r11_BAG_L1","NeuralNetTorch_r152_BAG_L1","NeuralNetFastAI_r134_BAG_L1","NeuralNetTorch_r91_BAG_L1","NeuralNetTorch_r37_BAG_L1"],"15":["NeuralNetFastAI_r83_BAG_L1","NeuralNetFastAI_r88_BAG_L1","KNeighbors_r6_BAG_L1","KNeighbors_r8_BAG_L1","NeuralNetFastAI_r187_BAG_L1","NeuralNetTorch_r148_BAG_L1","LightGBM_r31_BAG_L1","NeuralNetTorch_r176_BAG_L1","NeuralNetTorch_r11_BAG_L1","NeuralNetTorch_r152_BAG_L1","NeuralNetFastAI_r134_BAG_L1","NeuralNetTorch_r91_BAG_L1","NeuralNetTorch_r37_BAG_L1"],"16":["NeuralNetFastAI_r83_BAG_L1","NeuralNetTorch_r141_BAG_L1","NeuralNetFastAI_r88_BAG_L1","KNeighbors_r6_BAG_L1","KNeighbors_r8_BAG_L1","NeuralNetFastAI_r187_BAG_L1","NeuralNetTorch_r148_BAG_L1","LightGBM_r31_BAG_L1","NeuralNetTorch_r176_BAG_L1","NeuralNetTorch_r11_BAG_L1","NeuralNetTorch_r152_BAG_L1","NeuralNetFastAI_r134_BAG_L1","NeuralNetTorch_r91_BAG_L1","NeuralNetTorch_r37_BAG_L1"],"17":["NeuralNetFastAI_r83_BAG_L1","NeuralNetTorch_r141_BAG_L1","NeuralNetFastAI_r88_BAG_L1","KNeighbors_r6_BAG_L1","KNeighbors_r8_BAG_L1","NeuralNetFastAI_r187_BAG_L1","NeuralNetTorch_r148_BAG_L1","LightGBM_r31_BAG_L1","NeuralNetTorch_r176_BAG_L1","NeuralNetTorch_r11_BAG_L1","NeuralNetTorch_r152_BAG_L1","NeuralNetFastAI_r134_BAG_L1","NeuralNetTorch_r91_BAG_L1","NeuralNetTorch_r37_BAG_L1"],"18":["NeuralNetFastAI_r83_BAG_L1","NeuralNetTorch_r141_BAG_L1","NeuralNetFastAI_r88_BAG_L1","KNeighbors_r6_BAG_L1","KNeighbors_r8_BAG_L1","NeuralNetTorch_r160_BAG_L1","NeuralNetFastAI_r187_BAG_L1","NeuralNetTorch_r148_BAG_L1","LightGBM_r31_BAG_L1","NeuralNetTorch_r176_BAG_L1","NeuralNetTorch_r11_BAG_L1","NeuralNetTorch_r152_BAG_L1","NeuralNetFastAI_r134_BAG_L1","NeuralNetTorch_r91_BAG_L1","NeuralNetTorch_r37_BAG_L1"],"19":["NeuralNetFastAI_r83_BAG_L1","NeuralNetTorch_r141_BAG_L1","NeuralNetFastAI_r88_BAG_L1","KNeighbors_r6_BAG_L1","KNeighbors_r8_BAG_L1","NeuralNetTorch_r160_BAG_L1","NeuralNetFastAI_r187_BAG_L1","NeuralNetTorch_r148_BAG_L1","LightGBM_r31_BAG_L1","NeuralNetTorch_r176_BAG_L1","NeuralNetTorch_r11_BAG_L1","NeuralNetTorch_r152_BAG_L1","NeuralNetFastAI_r134_BAG_L1","NeuralNetTorch_r91_BAG_L1","NeuralNetTorch_r37_BAG_L1"],"20":["NeuralNetFastAI_r83_BAG_L1","NeuralNetTorch_r141_BAG_L1","NeuralNetFastAI_r88_BAG_L1","KNeighbors_r6_BAG_L1","KNeighbors_r8_BAG_L1","NeuralNetTorch_r160_BAG_L1","NeuralNetFastAI_r187_BAG_L1","NeuralNetTorch_r148_BAG_L1","LightGBM_r31_BAG_L1","NeuralNetTorch_r176_BAG_L1","NeuralNetTorch_r11_BAG_L1","NeuralNetTorch_r152_BAG_L1","NeuralNetFastAI_r134_BAG_L1","NeuralNetTorch_r91_BAG_L1","NeuralNetTorch_r37_BAG_L1"],"21":["NeuralNetFastAI_r83_BAG_L1","NeuralNetTorch_r141_BAG_L1","NeuralNetFastAI_r88_BAG_L1","KNeighbors_r6_BAG_L1","KNeighbors_r8_BAG_L1","NeuralNetTorch_r160_BAG_L1","NeuralNetFastAI_r187_BAG_L1","NeuralNetTorch_r148_BAG_L1","LightGBM_r31_BAG_L1","NeuralNetTorch_r176_BAG_L1","NeuralNetTorch_r11_BAG_L1","NeuralNetTorch_r152_BAG_L1","NeuralNetFastAI_r134_BAG_L1","NeuralNetTorch_r91_BAG_L1","NeuralNetTorch_r37_BAG_L1"],"22":["NeuralNetFastAI_r83_BAG_L1","NeuralNetTorch_r141_BAG_L1","NeuralNetFastAI_r88_BAG_L1","KNeighbors_r6_BAG_L1","KNeighbors_r8_BAG_L1","NeuralNetTorch_r160_BAG_L1","NeuralNetFastAI_r187_BAG_L1","NeuralNetTorch_r148_BAG_L1","LightGBM_r31_BAG_L1","NeuralNetTorch_r176_BAG_L1","NeuralNetTorch_r11_BAG_L1","NeuralNetTorch_r152_BAG_L1","NeuralNetFastAI_r134_BAG_L1","NeuralNetTorch_r91_BAG_L1","NeuralNetTorch_r37_BAG_L1"],"23":["NeuralNetFastAI_r83_BAG_L1","NeuralNetTorch_r141_BAG_L1","NeuralNetFastAI_r88_BAG_L1","KNeighbors_r6_BAG_L1","KNeighbors_r8_BAG_L1","NeuralNetTorch_r160_BAG_L1","NeuralNetFastAI_r187_BAG_L1","NeuralNetTorch_r148_BAG_L1","LightGBM_r31_BAG_L1","NeuralNetTorch_r176_BAG_L1","NeuralNetTorch_r11_BAG_L1","NeuralNetTorch_r152_BAG_L1","NeuralNetFastAI_r134_BAG_L1","NeuralNetTorch_r91_BAG_L1","NeuralNetTorch_r37_BAG_L1"],"24":["NeuralNetFastAI_r83_BAG_L1","NeuralNetTorch_r141_BAG_L1","NeuralNetFastAI_r88_BAG_L1","KNeighbors_r6_BAG_L1","KNeighbors_r8_BAG_L1","NeuralNetTorch_r160_BAG_L1","NeuralNetFastAI_r187_BAG_L1","NeuralNetTorch_r148_BAG_L1","LightGBM_r31_BAG_L1","NeuralNetTorch_r176_BAG_L1","NeuralNetTorch_r11_BAG_L1","NeuralNetTorch_r152_BAG_L1","NeuralNetFastAI_r134_BAG_L1","NeuralNetTorch_r91_BAG_L1","NeuralNetTorch_r37_BAG_L1"],"25":["NeuralNetFastAI_r83_BAG_L1","NeuralNetTorch_r141_BAG_L1","NeuralNetFastAI_r88_BAG_L1","KNeighbors_r6_BAG_L1","KNeighbors_r8_BAG_L1","NeuralNetTorch_r160_BAG_L1","NeuralNetFastAI_r187_BAG_L1","NeuralNetTorch_r148_BAG_L1","LightGBM_r31_BAG_L1","NeuralNetTorch_r176_BAG_L1","NeuralNetTorch_r11_BAG_L1","NeuralNetTorch_r152_BAG_L1","NeuralNetFastAI_r134_BAG_L1","NeuralNetTorch_r91_BAG_L1","NeuralNetTorch_r37_BAG_L1"],"26":["NeuralNetFastAI_r83_BAG_L1","NeuralNetTorch_r141_BAG_L1","NeuralNetFastAI_r88_BAG_L1","KNeighbors_r6_BAG_L1","KNeighbors_r8_BAG_L1","NeuralNetTorch_r160_BAG_L1","NeuralNetFastAI_r187_BAG_L1","NeuralNetTorch_r148_BAG_L1","LightGBM_r31_BAG_L1","NeuralNetTorch_r176_BAG_L1","NeuralNetTorch_r11_BAG_L1","NeuralNetTorch_r152_BAG_L1","NeuralNetFastAI_r134_BAG_L1","NeuralNetTorch_r91_BAG_L1","NeuralNetTorch_r37_BAG_L1"],"27":["NeuralNetFastAI_r83_BAG_L1","NeuralNetTorch_r141_BAG_L1","NeuralNetFastAI_r88_BAG_L1","KNeighbors_r6_BAG_L1","KNeighbors_r8_BAG_L1","NeuralNetTorch_r160_BAG_L1","NeuralNetFastAI_r187_BAG_L1","NeuralNetTorch_r148_BAG_L1","LightGBM_r31_BAG_L1","NeuralNetTorch_r176_BAG_L1","NeuralNetTorch_r11_BAG_L1","NeuralNetTorch_r152_BAG_L1","NeuralNetFastAI_r134_BAG_L1","NeuralNetTorch_r91_BAG_L1","NeuralNetTorch_r37_BAG_L1"],"28":["NeuralNetFastAI_r83_BAG_L1","NeuralNetTorch_r141_BAG_L1","NeuralNetFastAI_r88_BAG_L1","KNeighbors_r6_BAG_L1","KNeighbors_r8_BAG_L1","NeuralNetTorch_r160_BAG_L1","NeuralNetFastAI_r187_BAG_L1","NeuralNetTorch_r148_BAG_L1","LightGBM_r31_BAG_L1","NeuralNetTorch_r176_BAG_L1","NeuralNetTorch_r11_BAG_L1","NeuralNetTorch_r152_BAG_L1","NeuralNetFastAI_r134_BAG_L1","NeuralNetTorch_r91_BAG_L1","NeuralNetTorch_r37_BAG_L1"],"29":["NeuralNetFastAI_r83_BAG_L1","NeuralNetTorch_r141_BAG_L1","NeuralNetFastAI_r88_BAG_L1","KNeighbors_r6_BAG_L1","KNeighbors_r8_BAG_L1","NeuralNetTorch_r160_BAG_L1","NeuralNetFastAI_r187_BAG_L1","NeuralNetTorch_r148_BAG_L1","LightGBM_r31_BAG_L1","NeuralNetTorch_r176_BAG_L1","NeuralNetTorch_r11_BAG_L1","NeuralNetTorch_r152_BAG_L1","NeuralNetFastAI_r134_BAG_L1","NeuralNetTorch_r91_BAG_L1","NeuralNetTorch_r37_BAG_L1"],"30":["NeuralNetFastAI_r83_BAG_L1","NeuralNetTorch_r141_BAG_L1","NeuralNetFastAI_r88_BAG_L1","KNeighbors_r6_BAG_L1","KNeighbors_r8_BAG_L1","NeuralNetTorch_r160_BAG_L1","NeuralNetFastAI_r187_BAG_L1","NeuralNetTorch_r148_BAG_L1","LightGBM_r31_BAG_L1","NeuralNetTorch_r176_BAG_L1","NeuralNetTorch_r11_BAG_L1","NeuralNetTorch_r152_BAG_L1","NeuralNetFastAI_r134_BAG_L1","NeuralNetTorch_r91_BAG_L1","NeuralNetTorch_r37_BAG_L1"],"31":["NeuralNetFastAI_r83_BAG_L1","NeuralNetTorch_r141_BAG_L1","NeuralNetFastAI_r88_BAG_L1","KNeighbors_r6_BAG_L1","KNeighbors_r8_BAG_L1","NeuralNetTorch_r160_BAG_L1","NeuralNetFastAI_r187_BAG_L1","NeuralNetTorch_r148_BAG_L1","LightGBM_r31_BAG_L1","NeuralNetTorch_r176_BAG_L1","NeuralNetTorch_r11_BAG_L1","NeuralNetTorch_r152_BAG_L1","NeuralNetFastAI_r134_BAG_L1","NeuralNetTorch_r91_BAG_L1","NeuralNetTorch_r37_BAG_L1"],"32":["NeuralNetFastAI_r83_BAG_L1","NeuralNetTorch_r141_BAG_L1","NeuralNetFastAI_r88_BAG_L1","KNeighbors_r6_BAG_L1","KNeighbors_r8_BAG_L1","NeuralNetTorch_r160_BAG_L1","NeuralNetFastAI_r187_BAG_L1","NeuralNetTorch_r148_BAG_L1","LightGBM_r31_BAG_L1","NeuralNetTorch_r176_BAG_L1","NeuralNetTorch_r11_BAG_L1","NeuralNetTorch_r152_BAG_L1","NeuralNetFastAI_r134_BAG_L1","NeuralNetTorch_r91_BAG_L1","NeuralNetTorch_r37_BAG_L1"],"33":["NeuralNetFastAI_r83_BAG_L1","NeuralNetTorch_r141_BAG_L1","NeuralNetFastAI_r88_BAG_L1","KNeighbors_r6_BAG_L1","KNeighbors_r8_BAG_L1","NeuralNetTorch_r160_BAG_L1","NeuralNetFastAI_r187_BAG_L1","NeuralNetTorch_r148_BAG_L1","LightGBM_r31_BAG_L1","NeuralNetTorch_r176_BAG_L1","NeuralNetTorch_r11_BAG_L1","NeuralNetTorch_r152_BAG_L1","NeuralNetFastAI_r134_BAG_L1","NeuralNetTorch_r91_BAG_L1","NeuralNetTorch_r37_BAG_L1"],"34":["NeuralNetFastAI_r83_BAG_L1","NeuralNetTorch_r141_BAG_L1","NeuralNetFastAI_r88_BAG_L1","KNeighbors_r6_BAG_L1","KNeighbors_r8_BAG_L1","NeuralNetTorch_r160_BAG_L1","NeuralNetFastAI_r187_BAG_L1","NeuralNetTorch_r148_BAG_L1","LightGBM_r31_BAG_L1","NeuralNetTorch_r176_BAG_L1","NeuralNetTorch_r11_BAG_L1","NeuralNetTorch_r152_BAG_L1","NeuralNetFastAI_r134_BAG_L1","NeuralNetTorch_r91_BAG_L1","NeuralNetTorch_r37_BAG_L1"],"35":["NeuralNetFastAI_r83_BAG_L1","NeuralNetTorch_r141_BAG_L1","NeuralNetFastAI_r88_BAG_L1","KNeighbors_r6_BAG_L1","KNeighbors_r8_BAG_L1","NeuralNetTorch_r160_BAG_L1","NeuralNetFastAI_r187_BAG_L1","NeuralNetTorch_r148_BAG_L1","LightGBM_r31_BAG_L1","NeuralNetTorch_r176_BAG_L1","NeuralNetTorch_r11_BAG_L1","NeuralNetTorch_r152_BAG_L1","NeuralNetFastAI_r134_BAG_L1","NeuralNetTorch_r91_BAG_L1","NeuralNetTorch_r37_BAG_L1"],"36":["NeuralNetFastAI_r83_BAG_L1","NeuralNetTorch_r141_BAG_L1","NeuralNetFastAI_r88_BAG_L1","KNeighbors_r6_BAG_L1","KNeighbors_r8_BAG_L1","NeuralNetTorch_r160_BAG_L1","NeuralNetFastAI_r187_BAG_L1","NeuralNetTorch_r148_BAG_L1","LightGBM_r31_BAG_L1","NeuralNetTorch_r176_BAG_L1","NeuralNetTorch_r11_BAG_L1","NeuralNetTorch_r152_BAG_L1","NeuralNetFastAI_r134_BAG_L1","NeuralNetTorch_r185_BAG_L1","NeuralNetTorch_r91_BAG_L1","NeuralNetTorch_r37_BAG_L1"],"37":["NeuralNetFastAI_r83_BAG_L1","NeuralNetTorch_r74_BAG_L1","NeuralNetTorch_r141_BAG_L1","NeuralNetFastAI_r88_BAG_L1","KNeighbors_r6_BAG_L1","KNeighbors_r8_BAG_L1","NeuralNetTorch_r160_BAG_L1","NeuralNetFastAI_r187_BAG_L1","NeuralNetTorch_r148_BAG_L1","LightGBM_r31_BAG_L1","NeuralNetTorch_r176_BAG_L1","NeuralNetTorch_r11_BAG_L1","NeuralNetTorch_r152_BAG_L1","NeuralNetFastAI_r134_BAG_L1","NeuralNetTorch_r185_BAG_L1","NeuralNetTorch_r91_BAG_L1","NeuralNetTorch_r37_BAG_L1"],"38":["NeuralNetFastAI_r83_BAG_L1","NeuralNetTorch_r74_BAG_L1","NeuralNetTorch_r141_BAG_L1","NeuralNetFastAI_r88_BAG_L1","KNeighbors_r6_BAG_L1","KNeighbors_r8_BAG_L1","NeuralNetTorch_r160_BAG_L1","NeuralNetFastAI_r187_BAG_L1","NeuralNetTorch_r148_BAG_L1","LightGBM_r31_BAG_L1","NeuralNetTorch_r176_BAG_L1","NeuralNetTorch_r11_BAG_L1","NeuralNetTorch_r152_BAG_L1","NeuralNetFastAI_r134_BAG_L1","NeuralNetTorch_r185_BAG_L1","NeuralNetTorch_r91_BAG_L1","NeuralNetTorch_r37_BAG_L1"],"39":["NeuralNetFastAI_r83_BAG_L1","NeuralNetTorch_r74_BAG_L1","NeuralNetTorch_r141_BAG_L1","NeuralNetFastAI_r88_BAG_L1","KNeighbors_r6_BAG_L1","KNeighbors_r8_BAG_L1","NeuralNetTorch_r160_BAG_L1","NeuralNetFastAI_r187_BAG_L1","NeuralNetTorch_r148_BAG_L1","LightGBM_r31_BAG_L1","NeuralNetTorch_r176_BAG_L1","NeuralNetTorch_r11_BAG_L1","NeuralNetTorch_r152_BAG_L1","NeuralNetFastAI_r134_BAG_L1","NeuralNetTorch_r185_BAG_L1","NeuralNetTorch_r91_BAG_L1","NeuralNetTorch_r37_BAG_L1"],"40":["NeuralNetFastAI_r83_BAG_L1","NeuralNetTorch_r74_BAG_L1","NeuralNetTorch_r141_BAG_L1","NeuralNetFastAI_r88_BAG_L1","KNeighbors_r6_BAG_L1","KNeighbors_r8_BAG_L1","NeuralNetTorch_r160_BAG_L1","NeuralNetFastAI_r187_BAG_L1","NeuralNetTorch_r148_BAG_L1","LightGBM_r31_BAG_L1","NeuralNetTorch_r176_BAG_L1","NeuralNetTorch_r11_BAG_L1","NeuralNetFastAI_r190_BAG_L1","NeuralNetTorch_r152_BAG_L1","NeuralNetFastAI_r134_BAG_L1","NeuralNetTorch_r185_BAG_L1","NeuralNetTorch_r91_BAG_L1","NeuralNetTorch_r37_BAG_L1"],"41":["NeuralNetFastAI_r83_BAG_L1","NeuralNetTorch_r74_BAG_L1","NeuralNetTorch_r141_BAG_L1","NeuralNetFastAI_r88_BAG_L1","KNeighbors_r6_BAG_L1","KNeighbors_r8_BAG_L1","NeuralNetTorch_r160_BAG_L1","NeuralNetFastAI_r187_BAG_L1","NeuralNetTorch_r148_BAG_L1","LightGBM_r31_BAG_L1","NeuralNetTorch_r176_BAG_L1","NeuralNetTorch_r11_BAG_L1","NeuralNetFastAI_r190_BAG_L1","NeuralNetTorch_r152_BAG_L1","NeuralNetFastAI_r134_BAG_L1","NeuralNetTorch_r185_BAG_L1","NeuralNetTorch_r91_BAG_L1","NeuralNetTorch_r37_BAG_L1"],"42":["NeuralNetFastAI_r83_BAG_L1","NeuralNetFastAI_r88_BAG_L1","NeuralNetTorch_r29_BAG_L1","NeuralNetTorch_r37_BAG_L1","NeuralNetFastAI_r187_BAG_L1","NeuralNetTorch_r11_BAG_L1","NeuralNetFastAI_r190_BAG_L1","NeuralNetTorch_r74_BAG_L1","NeuralNetTorch_r141_BAG_L1","KNeighbors_r6_BAG_L1","KNeighbors_r8_BAG_L1","LightGBM_r31_BAG_L1","NeuralNetTorch_r148_BAG_L1","NeuralNetTorch_r152_BAG_L1","NeuralNetTorch_r91_BAG_L1","NeuralNetTorch_r160_BAG_L1","NeuralNetTorch_r176_BAG_L1","NeuralNetFastAI_r134_BAG_L1","NeuralNetTorch_r185_BAG_L1"],"43":["NeuralNetFastAI_r83_BAG_L1","NeuralNetFastAI_r88_BAG_L1","NeuralNetTorch_r29_BAG_L1","NeuralNetTorch_r37_BAG_L1","NeuralNetFastAI_r187_BAG_L1","NeuralNetTorch_r11_BAG_L1","NeuralNetFastAI_r190_BAG_L1","NeuralNetTorch_r74_BAG_L1","NeuralNetTorch_r141_BAG_L1","KNeighbors_r6_BAG_L1","KNeighbors_r8_BAG_L1","LightGBM_r31_BAG_L1","NeuralNetTorch_r148_BAG_L1","NeuralNetTorch_r152_BAG_L1","NeuralNetTorch_r91_BAG_L1","NeuralNetTorch_r160_BAG_L1","NeuralNetTorch_r176_BAG_L1","NeuralNetFastAI_r134_BAG_L1","NeuralNetTorch_r185_BAG_L1"],"44":["NeuralNetFastAI_r83_BAG_L1","NeuralNetFastAI_r88_BAG_L1","NeuralNetTorch_r29_BAG_L1","NeuralNetTorch_r37_BAG_L1","NeuralNetFastAI_r187_BAG_L1","NeuralNetTorch_r11_BAG_L1","NeuralNetFastAI_r190_BAG_L1","NeuralNetTorch_r74_BAG_L1","NeuralNetTorch_r141_BAG_L1","KNeighbors_r6_BAG_L1","KNeighbors_r8_BAG_L1","LightGBM_r31_BAG_L1","NeuralNetTorch_r148_BAG_L1","NeuralNetTorch_r152_BAG_L1","NeuralNetTorch_r91_BAG_L1","NeuralNetTorch_r160_BAG_L1","NeuralNetTorch_r176_BAG_L1","NeuralNetFastAI_r134_BAG_L1","NeuralNetTorch_r185_BAG_L1"],"45":["NeuralNetFastAI_r83_BAG_L1","NeuralNetFastAI_r88_BAG_L1","NeuralNetTorch_r29_BAG_L1","NeuralNetTorch_r37_BAG_L1","NeuralNetFastAI_r187_BAG_L1","NeuralNetTorch_r11_BAG_L1","NeuralNetFastAI_r190_BAG_L1","NeuralNetTorch_r74_BAG_L1","NeuralNetTorch_r141_BAG_L1","KNeighbors_r6_BAG_L1","KNeighbors_r8_BAG_L1","LightGBM_r31_BAG_L1","NeuralNetTorch_r148_BAG_L1","NeuralNetTorch_r152_BAG_L1","NeuralNetTorch_r91_BAG_L1","NeuralNetTorch_r160_BAG_L1","NeuralNetTorch_r176_BAG_L1","NeuralNetFastAI_r134_BAG_L1","NeuralNetTorch_r185_BAG_L1"],"46":["NeuralNetFastAI_r83_BAG_L1","NeuralNetFastAI_r88_BAG_L1","NeuralNetTorch_r29_BAG_L1","NeuralNetTorch_r37_BAG_L1","NeuralNetFastAI_r187_BAG_L1","NeuralNetTorch_r11_BAG_L1","NeuralNetFastAI_r190_BAG_L1","NeuralNetTorch_r74_BAG_L1","NeuralNetTorch_r141_BAG_L1","KNeighbors_r6_BAG_L1","KNeighbors_r8_BAG_L1","LightGBM_r31_BAG_L1","NeuralNetTorch_r148_BAG_L1","NeuralNetTorch_r152_BAG_L1","NeuralNetTorch_r91_BAG_L1","NeuralNetTorch_r160_BAG_L1","NeuralNetTorch_r176_BAG_L1","NeuralNetFastAI_r134_BAG_L1","NeuralNetTorch_r185_BAG_L1"],"47":["NeuralNetFastAI_r83_BAG_L1","NeuralNetFastAI_r88_BAG_L1","NeuralNetTorch_r29_BAG_L1","NeuralNetTorch_r37_BAG_L1","NeuralNetFastAI_r187_BAG_L1","NeuralNetTorch_r11_BAG_L1","NeuralNetFastAI_r190_BAG_L1","NeuralNetTorch_r74_BAG_L1","NeuralNetTorch_r141_BAG_L1","KNeighbors_r6_BAG_L1","KNeighbors_r8_BAG_L1","LightGBM_r31_BAG_L1","NeuralNetTorch_r148_BAG_L1","NeuralNetTorch_r152_BAG_L1","NeuralNetTorch_r91_BAG_L1","NeuralNetTorch_r160_BAG_L1","NeuralNetTorch_r176_BAG_L1","NeuralNetFastAI_r134_BAG_L1","NeuralNetTorch_r185_BAG_L1"],"48":["NeuralNetFastAI_r83_BAG_L1","NeuralNetFastAI_r88_BAG_L1","NeuralNetTorch_r29_BAG_L1","NeuralNetTorch_r37_BAG_L1","NeuralNetFastAI_r187_BAG_L1","NeuralNetTorch_r11_BAG_L1","NeuralNetFastAI_r190_BAG_L1","NeuralNetTorch_r74_BAG_L1","NeuralNetTorch_r141_BAG_L1","KNeighbors_r6_BAG_L1","KNeighbors_r8_BAG_L1","LightGBM_r31_BAG_L1","NeuralNetTorch_r148_BAG_L1","NeuralNetTorch_r152_BAG_L1","NeuralNetTorch_r91_BAG_L1","NeuralNetTorch_r160_BAG_L1","NeuralNetTorch_r176_BAG_L1","NeuralNetFastAI_r134_BAG_L1","NeuralNetTorch_r185_BAG_L1"],"49":["NeuralNetFastAI_r83_BAG_L1","NeuralNetFastAI_r88_BAG_L1","NeuralNetTorch_r29_BAG_L1","NeuralNetTorch_r37_BAG_L1","NeuralNetFastAI_r187_BAG_L1","NeuralNetTorch_r11_BAG_L1","NeuralNetFastAI_r190_BAG_L1","NeuralNetTorch_r74_BAG_L1","NeuralNetTorch_r141_BAG_L1","KNeighbors_r6_BAG_L1","KNeighbors_r8_BAG_L1","LightGBM_r31_BAG_L1","NeuralNetTorch_r148_BAG_L1","NeuralNetTorch_r152_BAG_L1","NeuralNetTorch_r91_BAG_L1","NeuralNetTorch_r160_BAG_L1","NeuralNetTorch_r176_BAG_L1","NeuralNetFastAI_r134_BAG_L1","NeuralNetTorch_r185_BAG_L1"],"50":["NeuralNetFastAI_r83_BAG_L1","NeuralNetFastAI_r88_BAG_L1","NeuralNetTorch_r29_BAG_L1","NeuralNetTorch_r37_BAG_L1","NeuralNetFastAI_r187_BAG_L1","NeuralNetTorch_r11_BAG_L1","NeuralNetFastAI_r190_BAG_L1","NeuralNetTorch_r74_BAG_L1","NeuralNetTorch_r141_BAG_L1","KNeighbors_r6_BAG_L1","KNeighbors_r8_BAG_L1","LightGBM_r31_BAG_L1","NeuralNetTorch_r148_BAG_L1","NeuralNetTorch_r152_BAG_L1","NeuralNetTorch_r91_BAG_L1","NeuralNetTorch_r160_BAG_L1","NeuralNetTorch_r176_BAG_L1","NeuralNetFastAI_r134_BAG_L1","NeuralNetTorch_r181_BAG_L1","NeuralNetTorch_r185_BAG_L1"],"51":["NeuralNetFastAI_r83_BAG_L1","NeuralNetFastAI_r88_BAG_L1","NeuralNetTorch_r29_BAG_L1","NeuralNetTorch_r37_BAG_L1","NeuralNetFastAI_r187_BAG_L1","NeuralNetTorch_r11_BAG_L1","NeuralNetFastAI_r190_BAG_L1","NeuralNetTorch_r74_BAG_L1","NeuralNetTorch_r141_BAG_L1","KNeighbors_r6_BAG_L1","KNeighbors_r8_BAG_L1","LightGBM_r31_BAG_L1","NeuralNetTorch_r148_BAG_L1","NeuralNetTorch_r152_BAG_L1","NeuralNetTorch_r91_BAG_L1","NeuralNetTorch_r160_BAG_L1","NeuralNetTorch_r176_BAG_L1","NeuralNetFastAI_r134_BAG_L1","NeuralNetTorch_r181_BAG_L1","NeuralNetTorch_r185_BAG_L1"],"52":["NeuralNetFastAI_r83_BAG_L1","NeuralNetFastAI_r88_BAG_L1","NeuralNetTorch_r29_BAG_L1","NeuralNetTorch_r37_BAG_L1","NeuralNetFastAI_r187_BAG_L1","NeuralNetTorch_r11_BAG_L1","NeuralNetFastAI_r190_BAG_L1","NeuralNetTorch_r74_BAG_L1","NeuralNetTorch_r141_BAG_L1","KNeighbors_r6_BAG_L1","KNeighbors_r8_BAG_L1","LightGBM_r31_BAG_L1","NeuralNetTorch_r148_BAG_L1","NeuralNetTorch_r152_BAG_L1","NeuralNetTorch_r91_BAG_L1","NeuralNetTorch_r160_BAG_L1","NeuralNetTorch_r176_BAG_L1","NeuralNetFastAI_r134_BAG_L1","NeuralNetTorch_r181_BAG_L1","NeuralNetTorch_r185_BAG_L1"],"53":["NeuralNetFastAI_r83_BAG_L1","NeuralNetFastAI_r88_BAG_L1","NeuralNetTorch_r29_BAG_L1","NeuralNetTorch_r37_BAG_L1","NeuralNetFastAI_r187_BAG_L1","NeuralNetTorch_r11_BAG_L1","NeuralNetFastAI_r190_BAG_L1","NeuralNetTorch_r74_BAG_L1","NeuralNetTorch_r141_BAG_L1","KNeighbors_r6_BAG_L1","KNeighbors_r8_BAG_L1","LightGBM_r31_BAG_L1","NeuralNetTorch_r148_BAG_L1","NeuralNetTorch_r152_BAG_L1","NeuralNetTorch_r91_BAG_L1","NeuralNetTorch_r160_BAG_L1","NeuralNetTorch_r176_BAG_L1","NeuralNetFastAI_r134_BAG_L1","NeuralNetTorch_r181_BAG_L1","NeuralNetTorch_r185_BAG_L1"]},"weights":{"0":[1.0],"1":[0.5,0.5],"2":[0.3333333333,0.3333333333,0.3333333333],"3":[0.25,0.25,0.25,0.25],"4":[0.2,0.2,0.2,0.2,0.2],"5":[0.1666666667,0.1666666667,0.1666666667,0.1666666667,0.1666666667,0.1666666667],"6":[0.1428571429,0.1428571429,0.1428571429,0.1428571429,0.1428571429,0.1428571429,0.1428571429],"7":[0.125,0.125,0.125,0.125,0.125,0.125,0.125,0.125],"8":[0.1111111111,0.1111111111,0.1111111111,0.1111111111,0.1111111111,0.1111111111,0.1111111111,0.1111111111,0.1111111111],"9":[0.1,0.1,0.1,0.1,0.1,0.1,0.1,0.1,0.1],"10":[0.0909090909,0.0909090909,0.0909090909,0.0909090909,0.0909090909,0.0909090909,0.0909090909,0.0909090909,0.0909090909],"11":[0.0833333333,0.0833333333,0.0833333333,0.0833333333,0.0833333333,0.0833333333,0.0833333333,0.0833333333,0.0833333333,0.0833333333],"12":[0.0769230769,0.0769230769,0.0769230769,0.0769230769,0.0769230769,0.0769230769,0.0769230769,0.0769230769,0.0769230769,0.0769230769],"13":[0.0714285714,0.0714285714,0.0714285714,0.0714285714,0.0714285714,0.0714285714,0.0714285714,0.0714285714,0.0714285714,0.0714285714,0.0714285714],"14":[0.0666666667,0.0666666667,0.0666666667,0.0666666667,0.0666666667,0.0666666667,0.0666666667,0.0666666667,0.0666666667,0.0666666667,0.0666666667,0.0666666667],"15":[0.0625,0.0625,0.0625,0.0625,0.0625,0.0625,0.0625,0.0625,0.0625,0.0625,0.0625,0.0625,0.0625],"16":[0.0588235294,0.0588235294,0.0588235294,0.0588235294,0.0588235294,0.0588235294,0.0588235294,0.0588235294,0.0588235294,0.0588235294,0.0588235294,0.0588235294,0.0588235294,0.0588235294],"17":[0.0555555556,0.0555555556,0.0555555556,0.0555555556,0.0555555556,0.0555555556,0.0555555556,0.0555555556,0.0555555556,0.0555555556,0.0555555556,0.0555555556,0.0555555556,0.0555555556],"18":[0.0526315789,0.0526315789,0.0526315789,0.0526315789,0.0526315789,0.0526315789,0.0526315789,0.0526315789,0.0526315789,0.0526315789,0.0526315789,0.0526315789,0.0526315789,0.0526315789,0.0526315789],"19":[0.05,0.05,0.05,0.05,0.05,0.05,0.05,0.05,0.05,0.05,0.05,0.05,0.05,0.05,0.05],"20":[0.0476190476,0.0476190476,0.0476190476,0.0476190476,0.0476190476,0.0476190476,0.0476190476,0.0476190476,0.0476190476,0.0476190476,0.0476190476,0.0476190476,0.0476190476,0.0476190476,0.0476190476],"21":[0.0454545455,0.0454545455,0.0454545455,0.0454545455,0.0454545455,0.0454545455,0.0454545455,0.0454545455,0.0454545455,0.0454545455,0.0454545455,0.0454545455,0.0454545455,0.0454545455,0.0454545455],"22":[0.0434782609,0.0434782609,0.0434782609,0.0434782609,0.0434782609,0.0434782609,0.0434782609,0.0434782609,0.0434782609,0.0434782609,0.0434782609,0.0434782609,0.0434782609,0.0434782609,0.0434782609],"23":[0.0416666667,0.0416666667,0.0416666667,0.0416666667,0.0416666667,0.0416666667,0.0416666667,0.0416666667,0.0416666667,0.0416666667,0.0416666667,0.0416666667,0.0416666667,0.0416666667,0.0416666667],"24":[0.04,0.04,0.04,0.04,0.04,0.04,0.04,0.04,0.04,0.04,0.04,0.04,0.04,0.04,0.04],"25":[0.0384615385,0.0384615385,0.0384615385,0.0384615385,0.0384615385,0.0384615385,0.0384615385,0.0384615385,0.0384615385,0.0384615385,0.0384615385,0.0384615385,0.0384615385,0.0384615385,0.0384615385],"26":[0.037037037,0.037037037,0.037037037,0.037037037,0.037037037,0.037037037,0.037037037,0.037037037,0.037037037,0.037037037,0.037037037,0.037037037,0.037037037,0.037037037,0.037037037],"27":[0.0357142857,0.0357142857,0.0357142857,0.0357142857,0.0357142857,0.0357142857,0.0357142857,0.0357142857,0.0357142857,0.0357142857,0.0357142857,0.0357142857,0.0357142857,0.0357142857,0.0357142857],"28":[0.0344827586,0.0344827586,0.0344827586,0.0344827586,0.0344827586,0.0344827586,0.0344827586,0.0344827586,0.0344827586,0.0344827586,0.0344827586,0.0344827586,0.0344827586,0.0344827586,0.0344827586],"29":[0.0333333333,0.0333333333,0.0333333333,0.0333333333,0.0333333333,0.0333333333,0.0333333333,0.0333333333,0.0333333333,0.0333333333,0.0333333333,0.0333333333,0.0333333333,0.0333333333,0.0333333333],"30":[0.0322580645,0.0322580645,0.0322580645,0.0322580645,0.0322580645,0.0322580645,0.0322580645,0.0322580645,0.0322580645,0.0322580645,0.0322580645,0.0322580645,0.0322580645,0.0322580645,0.0322580645],"31":[0.03125,0.03125,0.03125,0.03125,0.03125,0.03125,0.03125,0.03125,0.03125,0.03125,0.03125,0.03125,0.03125,0.03125,0.03125],"32":[0.0303030303,0.0303030303,0.0303030303,0.0303030303,0.0303030303,0.0303030303,0.0303030303,0.0303030303,0.0303030303,0.0303030303,0.0303030303,0.0303030303,0.0303030303,0.0303030303,0.0303030303],"33":[0.0294117647,0.0294117647,0.0294117647,0.0294117647,0.0294117647,0.0294117647,0.0294117647,0.0294117647,0.0294117647,0.0294117647,0.0294117647,0.0294117647,0.0294117647,0.0294117647,0.0294117647],"34":[0.0285714286,0.0285714286,0.0285714286,0.0285714286,0.0285714286,0.0285714286,0.0285714286,0.0285714286,0.0285714286,0.0285714286,0.0285714286,0.0285714286,0.0285714286,0.0285714286,0.0285714286],"35":[0.0277777778,0.0277777778,0.0277777778,0.0277777778,0.0277777778,0.0277777778,0.0277777778,0.0277777778,0.0277777778,0.0277777778,0.0277777778,0.0277777778,0.0277777778,0.0277777778,0.0277777778],"36":[0.027027027,0.027027027,0.027027027,0.027027027,0.027027027,0.027027027,0.027027027,0.027027027,0.027027027,0.027027027,0.027027027,0.027027027,0.027027027,0.027027027,0.027027027,0.027027027],"37":[0.0263157895,0.0263157895,0.0263157895,0.0263157895,0.0263157895,0.0263157895,0.0263157895,0.0263157895,0.0263157895,0.0263157895,0.0263157895,0.0263157895,0.0263157895,0.0263157895,0.0263157895,0.0263157895,0.0263157895],"38":[0.0256410256,0.0256410256,0.0256410256,0.0256410256,0.0256410256,0.0256410256,0.0256410256,0.0256410256,0.0256410256,0.0256410256,0.0256410256,0.0256410256,0.0256410256,0.0256410256,0.0256410256,0.0256410256,0.0256410256],"39":[0.025,0.025,0.025,0.025,0.025,0.025,0.025,0.025,0.025,0.025,0.025,0.025,0.025,0.025,0.025,0.025,0.025],"40":[0.0243902439,0.0243902439,0.0243902439,0.0243902439,0.0243902439,0.0243902439,0.0243902439,0.0243902439,0.0243902439,0.0243902439,0.0243902439,0.0243902439,0.0243902439,0.0243902439,0.0243902439,0.0243902439,0.0243902439,0.0243902439],"41":[0.0238095238,0.0238095238,0.0238095238,0.0238095238,0.0238095238,0.0238095238,0.0238095238,0.0238095238,0.0238095238,0.0238095238,0.0238095238,0.0238095238,0.0238095238,0.0238095238,0.0238095238,0.0238095238,0.0238095238,0.0238095238],"42":[0.023255814,0.023255814,0.023255814,0.023255814,0.023255814,0.023255814,0.023255814,0.023255814,0.023255814,0.023255814,0.023255814,0.023255814,0.023255814,0.023255814,0.023255814,0.023255814,0.023255814,0.023255814,0.023255814],"43":[0.0227272727,0.0227272727,0.0227272727,0.0227272727,0.0227272727,0.0227272727,0.0227272727,0.0227272727,0.0227272727,0.0227272727,0.0227272727,0.0227272727,0.0227272727,0.0227272727,0.0227272727,0.0227272727,0.0227272727,0.0227272727,0.0227272727],"44":[0.0222222222,0.0222222222,0.0222222222,0.0222222222,0.0222222222,0.0222222222,0.0222222222,0.0222222222,0.0222222222,0.0222222222,0.0222222222,0.0222222222,0.0222222222,0.0222222222,0.0222222222,0.0222222222,0.0222222222,0.0222222222,0.0222222222],"45":[0.0217391304,0.0217391304,0.0217391304,0.0217391304,0.0217391304,0.0217391304,0.0217391304,0.0217391304,0.0217391304,0.0217391304,0.0217391304,0.0217391304,0.0217391304,0.0217391304,0.0217391304,0.0217391304,0.0217391304,0.0217391304,0.0217391304],"46":[0.0212765957,0.0212765957,0.0212765957,0.0212765957,0.0212765957,0.0212765957,0.0212765957,0.0212765957,0.0212765957,0.0212765957,0.0212765957,0.0212765957,0.0212765957,0.0212765957,0.0212765957,0.0212765957,0.0212765957,0.0212765957,0.0212765957],"47":[0.0208333333,0.0208333333,0.0208333333,0.0208333333,0.0208333333,0.0208333333,0.0208333333,0.0208333333,0.0208333333,0.0208333333,0.0208333333,0.0208333333,0.0208333333,0.0208333333,0.0208333333,0.0208333333,0.0208333333,0.0208333333,0.0208333333],"48":[0.0204081633,0.0204081633,0.0204081633,0.0204081633,0.0204081633,0.0204081633,0.0204081633,0.0204081633,0.0204081633,0.0204081633,0.0204081633,0.0204081633,0.0204081633,0.0204081633,0.0204081633,0.0204081633,0.0204081633,0.0204081633,0.0204081633],"49":[0.02,0.02,0.02,0.02,0.02,0.02,0.02,0.02,0.02,0.02,0.02,0.02,0.02,0.02,0.02,0.02,0.02,0.02,0.02],"50":[0.0196078431,0.0196078431,0.0196078431,0.0196078431,0.0196078431,0.0196078431,0.0196078431,0.0196078431,0.0196078431,0.0196078431,0.0196078431,0.0196078431,0.0196078431,0.0196078431,0.0196078431,0.0196078431,0.0196078431,0.0196078431,0.0196078431,0.0196078431],"51":[0.0192307692,0.0192307692,0.0192307692,0.0192307692,0.0192307692,0.0192307692,0.0192307692,0.0192307692,0.0192307692,0.0192307692,0.0192307692,0.0192307692,0.0192307692,0.0192307692,0.0192307692,0.0192307692,0.0192307692,0.0192307692,0.0192307692,0.0192307692],"52":[0.0188679245,0.0188679245,0.0188679245,0.0188679245,0.0188679245,0.0188679245,0.0188679245,0.0188679245,0.0188679245,0.0188679245,0.0188679245,0.0188679245,0.0188679245,0.0188679245,0.0188679245,0.0188679245,0.0188679245,0.0188679245,0.0188679245,0.0188679245],"53":[0.0185185185,0.0185185185,0.0185185185,0.0185185185,0.0185185185,0.0185185185,0.0185185185,0.0185185185,0.0185185185,0.0185185185,0.0185185185,0.0185185185,0.0185185185,0.0185185185,0.0185185185,0.0185185185,0.0185185185,0.0185185185,0.0185185185,0.0185185185]},"task":{"0":"168757_2","1":"168757_2","2":"168757_2","3":"168757_2","4":"168757_2","5":"168757_2","6":"168757_2","7":"168757_2","8":"168757_2","9":"168757_2","10":"168757_2","11":"168757_2","12":"168757_2","13":"168757_2","14":"168757_2","15":"168757_2","16":"168757_2","17":"168757_2","18":"168757_2","19":"168757_2","20":"168757_2","21":"168757_2","22":"168757_2","23":"168757_2","24":"168757_2","25":"168757_2","26":"168757_2","27":"168757_2","28":"168757_2","29":"168757_2","30":"168757_2","31":"168757_2","32":"168757_2","33":"168757_2","34":"168757_2","35":"168757_2","36":"168757_2","37":"168757_2","38":"168757_2","39":"168757_2","40":"168757_2","41":"168757_2","42":"168757_2","43":"168757_2","44":"168757_2","45":"168757_2","46":"168757_2","47":"168757_2","48":"168757_2","49":"168757_2","50":"168757_2","51":"168757_2","52":"168757_2","53":"168757_2"},"dataset":{"0":"credit-g","1":"credit-g","2":"credit-g","3":"credit-g","4":"credit-g","5":"credit-g","6":"credit-g","7":"credit-g","8":"credit-g","9":"credit-g","10":"credit-g","11":"credit-g","12":"credit-g","13":"credit-g","14":"credit-g","15":"credit-g","16":"credit-g","17":"credit-g","18":"credit-g","19":"credit-g","20":"credit-g","21":"credit-g","22":"credit-g","23":"credit-g","24":"credit-g","25":"credit-g","26":"credit-g","27":"credit-g","28":"credit-g","29":"credit-g","30":"credit-g","31":"credit-g","32":"credit-g","33":"credit-g","34":"credit-g","35":"credit-g","36":"credit-g","37":"credit-g","38":"credit-g","39":"credit-g","40":"credit-g","41":"credit-g","42":"credit-g","43":"credit-g","44":"credit-g","45":"credit-g","46":"credit-g","47":"credit-g","48":"credit-g","49":"credit-g","50":"credit-g","51":"credit-g","52":"credit-g","53":"credit-g"},"fold":{"0":2,"1":2,"2":2,"3":2,"4":2,"5":2,"6":2,"7":2,"8":2,"9":2,"10":2,"11":2,"12":2,"13":2,"14":2,"15":2,"16":2,"17":2,"18":2,"19":2,"20":2,"21":2,"22":2,"23":2,"24":2,"25":2,"26":2,"27":2,"28":2,"29":2,"30":2,"31":2,"32":2,"33":2,"34":2,"35":2,"36":2,"37":2,"38":2,"39":2,"40":2,"41":2,"42":2,"43":2,"44":2,"45":2,"46":2,"47":2,"48":2,"49":2,"50":2,"51":2,"52":2,"53":2},"method":{"0":"GES","1":"GES","2":"GES","3":"GES","4":"GES","5":"GES","6":"GES","7":"GES","8":"GES","9":"GES","10":"GES","11":"GES","12":"GES","13":"GES","14":"GES","15":"GES","16":"GES","17":"GES","18":"GES","19":"GES","20":"GES","21":"GES","22":"GES","23":"GES","24":"GES","25":"GES","26":"GES","27":"GES","28":"GES","29":"GES","30":"GES","31":"GES","32":"GES","33":"GES","34":"GES","35":"GES","36":"GES","37":"GES","38":"GES","39":"GES","40":"GES","41":"GES","42":"GES","43":"GES","44":"GES","45":"GES","46":"GES","47":"GES","48":"GES","49":"GES","50":"GES","51":"GES","52":"GES","53":"GES"}}