{"iteration":{"0":1,"1":2,"2":3,"3":4,"4":5,"5":6,"6":7,"7":8,"8":9,"9":10,"10":11,"11":12,"12":13,"13":14,"14":15,"15":16,"16":17,"17":18,"18":19,"19":20,"20":21,"21":22,"22":23,"23":24,"24":25,"25":26,"26":27,"27":28,"28":29,"29":30,"30":31,"31":32,"32":33,"33":34,"34":35,"35":36,"36":37,"37":38,"38":39,"39":40,"40":41},"roc_auc_val":{"0":0.8357359153,"1":0.845345183,"2":0.848864234,"3":0.8508914788,"4":0.8513219502,"5":0.8513495174,"6":0.8517312162,"7":0.8520492985,"8":0.8523058849,"9":0.852460685,"10":0.8522274246,"11":0.8523652603,"12":0.8524670467,"13":0.8523567781,"14":0.8522168219,"15":0.8519835615,"16":0.8512307666,"17":0.8515446079,"18":0.85120532,"19":0.8509126843,"20":0.8515742956,"21":0.851464027,"22":0.8509487336,"23":0.8508321034,"24":0.851073846,"25":0.8513452763,"26":0.8515403668,"27":0.8519453916,"28":0.851873293,"29":0.8510293145,"30":0.8512986242,"31":0.8512116817,"32":0.8511226186,"33":0.8509699391,"34":0.8511035337,"35":0.8512456105,"36":0.8514067722,"37":0.8512159228,"38":0.8511141364,"39":0.8506560979,"40":0.8505606731},"roc_auc_test":{"0":0.8509951117,"1":0.8515188547,"2":0.8523917598,"3":0.8534392458,"4":0.8536138268,"5":0.8537884078,"6":0.8553596369,"7":0.8569308659,"8":0.8557087989,"9":0.8562325419,"10":0.8569308659,"11":0.8571054469,"12":0.8555342179,"13":0.8548358939,"14":0.8555342179,"15":0.8544867318,"16":0.8532646648,"17":0.8543121508,"18":0.8525663408,"19":0.8515188547,"20":0.8534392458,"21":0.8529155028,"22":0.8525663408,"23":0.8515188547,"24":0.8520425978,"25":0.8539629888,"26":0.8537884078,"27":0.8537884078,"28":0.8515188547,"29":0.8543121508,"30":0.8541375698,"31":0.8536138268,"32":0.8534392458,"33":0.8541375698,"34":0.8541375698,"35":0.8537884078,"36":0.8534392458,"37":0.8536138268,"38":0.8539629888,"39":0.8527409218,"40":0.8523917598},"models_used":{"0":["CatBoost_r28_BAG_L1"],"1":["CatBoost_r28_BAG_L1","NeuralNetFastAI_r109_BAG_L1"],"2":["CatBoost_r28_BAG_L1","ExtraTrees_r78_BAG_L1","NeuralNetFastAI_r109_BAG_L1"],"3":["CatBoost_r28_BAG_L1","NeuralNetTorch_r116_BAG_L1","ExtraTrees_r78_BAG_L1","NeuralNetFastAI_r109_BAG_L1"],"4":["NeuralNetFastAI_r83_BAG_L1","ExtraTrees_r78_BAG_L1","NeuralNetTorch_r116_BAG_L1","NeuralNetFastAI_r109_BAG_L1","CatBoost_r28_BAG_L1"],"5":["NeuralNetFastAI_r83_BAG_L1","ExtraTrees_r78_BAG_L1","NeuralNetTorch_r116_BAG_L1","NeuralNetTorch_r127_BAG_L1","NeuralNetFastAI_r109_BAG_L1","CatBoost_r28_BAG_L1"],"6":["NeuralNetFastAI_r83_BAG_L1","ExtraTrees_r78_BAG_L1","NeuralNetTorch_r116_BAG_L1","NeuralNetTorch_r127_BAG_L1","NeuralNetFastAI_r109_BAG_L1","CatBoost_r28_BAG_L1","ExtraTrees_r144_BAG_L1"],"7":["NeuralNetFastAI_r83_BAG_L1","ExtraTrees_r78_BAG_L1","NeuralNetTorch_r116_BAG_L1","NeuralNetTorch_r127_BAG_L1","NeuralNetTorch_r2_BAG_L1","NeuralNetFastAI_r109_BAG_L1","CatBoost_r28_BAG_L1","ExtraTrees_r144_BAG_L1"],"8":["NeuralNetFastAI_r83_BAG_L1","ExtraTrees_r78_BAG_L1","NeuralNetTorch_r116_BAG_L1","NeuralNetTorch_r127_BAG_L1","CatBoost_r51_BAG_L1","NeuralNetTorch_r2_BAG_L1","NeuralNetFastAI_r109_BAG_L1","CatBoost_r28_BAG_L1","ExtraTrees_r144_BAG_L1"],"9":["NeuralNetFastAI_r83_BAG_L1","ExtraTrees_r78_BAG_L1","NeuralNetTorch_r116_BAG_L1","NeuralNetTorch_r127_BAG_L1","CatBoost_r51_BAG_L1","NeuralNetTorch_r2_BAG_L1","NeuralNetFastAI_r109_BAG_L1","CatBoost_r28_BAG_L1","ExtraTrees_r144_BAG_L1","NeuralNetFastAI_r46_BAG_L1"],"10":["NeuralNetFastAI_r83_BAG_L1","ExtraTrees_r78_BAG_L1","NeuralNetTorch_r116_BAG_L1","NeuralNetTorch_r127_BAG_L1","CatBoost_r51_BAG_L1","NeuralNetTorch_r2_BAG_L1","ExtraTrees_r16_BAG_L1","NeuralNetFastAI_r109_BAG_L1","CatBoost_r28_BAG_L1","ExtraTrees_r144_BAG_L1","NeuralNetFastAI_r46_BAG_L1"],"11":["NeuralNetFastAI_r83_BAG_L1","ExtraTrees_r78_BAG_L1","NeuralNetTorch_r116_BAG_L1","NeuralNetTorch_r127_BAG_L1","CatBoost_r51_BAG_L1","NeuralNetTorch_r2_BAG_L1","ExtraTrees_r16_BAG_L1","NeuralNetFastAI_r109_BAG_L1","CatBoost_r28_BAG_L1","ExtraTrees_r144_BAG_L1","NeuralNetTorch_r15_BAG_L1","NeuralNetFastAI_r46_BAG_L1"],"12":["NeuralNetFastAI_r83_BAG_L1","ExtraTrees_r78_BAG_L1","NeuralNetTorch_r116_BAG_L1","NeuralNetFastAI_r95_BAG_L1","NeuralNetTorch_r127_BAG_L1","CatBoost_r51_BAG_L1","NeuralNetTorch_r2_BAG_L1","ExtraTrees_r16_BAG_L1","NeuralNetFastAI_r109_BAG_L1","CatBoost_r28_BAG_L1","ExtraTrees_r144_BAG_L1","NeuralNetTorch_r15_BAG_L1","NeuralNetFastAI_r46_BAG_L1"],"13":["NeuralNetFastAI_r83_BAG_L1","ExtraTrees_r78_BAG_L1","NeuralNetTorch_r116_BAG_L1","NeuralNetFastAI_r95_BAG_L1","NeuralNetTorch_r127_BAG_L1","CatBoost_r51_BAG_L1","NeuralNetTorch_r2_BAG_L1","ExtraTrees_r16_BAG_L1","NeuralNetFastAI_r109_BAG_L1","CatBoost_r28_BAG_L1","ExtraTrees_r144_BAG_L1","NeuralNetTorch_r15_BAG_L1","NeuralNetFastAI_r46_BAG_L1"],"14":["NeuralNetFastAI_r83_BAG_L1","ExtraTrees_r78_BAG_L1","NeuralNetTorch_r116_BAG_L1","NeuralNetFastAI_r95_BAG_L1","NeuralNetTorch_r127_BAG_L1","CatBoost_r51_BAG_L1","NeuralNetTorch_r2_BAG_L1","ExtraTrees_r16_BAG_L1","NeuralNetFastAI_r109_BAG_L1","CatBoost_r28_BAG_L1","ExtraTrees_r144_BAG_L1","NeuralNetTorch_r15_BAG_L1","NeuralNetFastAI_r46_BAG_L1"],"15":["NeuralNetFastAI_r83_BAG_L1","ExtraTrees_r78_BAG_L1","NeuralNetTorch_r116_BAG_L1","NeuralNetFastAI_r95_BAG_L1","NeuralNetTorch_r127_BAG_L1","CatBoost_r51_BAG_L1","NeuralNetTorch_r2_BAG_L1","ExtraTrees_r16_BAG_L1","NeuralNetFastAI_r109_BAG_L1","CatBoost_r28_BAG_L1","ExtraTrees_r144_BAG_L1","NeuralNetTorch_r15_BAG_L1","NeuralNetFastAI_r46_BAG_L1"],"16":["NeuralNetFastAI_r83_BAG_L1","ExtraTrees_r78_BAG_L1","NeuralNetTorch_r116_BAG_L1","NeuralNetFastAI_r95_BAG_L1","NeuralNetTorch_r127_BAG_L1","CatBoost_r51_BAG_L1","NeuralNetTorch_r2_BAG_L1","NeuralNetFastAI_r134_BAG_L1","ExtraTrees_r16_BAG_L1","NeuralNetFastAI_r109_BAG_L1","CatBoost_r28_BAG_L1","ExtraTrees_r144_BAG_L1","NeuralNetTorch_r15_BAG_L1","NeuralNetFastAI_r46_BAG_L1"],"17":["NeuralNetFastAI_r83_BAG_L1","ExtraTrees_r78_BAG_L1","NeuralNetTorch_r116_BAG_L1","NeuralNetFastAI_r95_BAG_L1","NeuralNetTorch_r127_BAG_L1","CatBoost_r51_BAG_L1","NeuralNetTorch_r2_BAG_L1","NeuralNetFastAI_r134_BAG_L1","ExtraTrees_r16_BAG_L1","NeuralNetFastAI_r109_BAG_L1","CatBoost_r28_BAG_L1","ExtraTrees_r144_BAG_L1","NeuralNetTorch_r15_BAG_L1","NeuralNetFastAI_r46_BAG_L1"],"18":["NeuralNetFastAI_r83_BAG_L1","ExtraTrees_r78_BAG_L1","NeuralNetTorch_r116_BAG_L1","NeuralNetFastAI_r95_BAG_L1","NeuralNetTorch_r127_BAG_L1","CatBoost_r51_BAG_L1","NeuralNetTorch_r2_BAG_L1","NeuralNetFastAI_r134_BAG_L1","ExtraTrees_r16_BAG_L1","NeuralNetFastAI_r109_BAG_L1","CatBoost_r28_BAG_L1","ExtraTrees_r144_BAG_L1","NeuralNetTorch_r15_BAG_L1","NeuralNetFastAI_r46_BAG_L1","NeuralNetTorch_r97_BAG_L1"],"19":["NeuralNetFastAI_r83_BAG_L1","ExtraTrees_r78_BAG_L1","NeuralNetTorch_r116_BAG_L1","NeuralNetFastAI_r95_BAG_L1","NeuralNetTorch_r127_BAG_L1","CatBoost_r51_BAG_L1","NeuralNetTorch_r2_BAG_L1","NeuralNetFastAI_r134_BAG_L1","ExtraTrees_r16_BAG_L1","NeuralNetFastAI_r109_BAG_L1","CatBoost_r28_BAG_L1","ExtraTrees_r144_BAG_L1","NeuralNetTorch_r15_BAG_L1","NeuralNetFastAI_r46_BAG_L1","NeuralNetTorch_r97_BAG_L1"],"20":["NeuralNetFastAI_r83_BAG_L1","ExtraTrees_r78_BAG_L1","NeuralNetTorch_r116_BAG_L1","NeuralNetFastAI_r95_BAG_L1","NeuralNetTorch_r127_BAG_L1","CatBoost_r51_BAG_L1","NeuralNetTorch_r2_BAG_L1","NeuralNetFastAI_r134_BAG_L1","ExtraTrees_r16_BAG_L1","NeuralNetFastAI_r109_BAG_L1","CatBoost_r28_BAG_L1","ExtraTrees_r144_BAG_L1","NeuralNetTorch_r15_BAG_L1","NeuralNetFastAI_r46_BAG_L1","NeuralNetTorch_r97_BAG_L1"],"21":["NeuralNetFastAI_r83_BAG_L1","ExtraTrees_r78_BAG_L1","NeuralNetTorch_r116_BAG_L1","NeuralNetFastAI_r95_BAG_L1","NeuralNetTorch_r127_BAG_L1","CatBoost_r51_BAG_L1","NeuralNetTorch_r2_BAG_L1","NeuralNetFastAI_r134_BAG_L1","ExtraTrees_r16_BAG_L1","NeuralNetFastAI_r109_BAG_L1","CatBoost_r28_BAG_L1","ExtraTrees_r144_BAG_L1","NeuralNetTorch_r15_BAG_L1","NeuralNetFastAI_r46_BAG_L1","NeuralNetTorch_r97_BAG_L1"],"22":["NeuralNetFastAI_r83_BAG_L1","ExtraTrees_r78_BAG_L1","NeuralNetTorch_r116_BAG_L1","NeuralNetFastAI_r95_BAG_L1","NeuralNetTorch_r127_BAG_L1","CatBoost_r51_BAG_L1","NeuralNetTorch_r2_BAG_L1","NeuralNetFastAI_r134_BAG_L1","ExtraTrees_r16_BAG_L1","NeuralNetFastAI_r109_BAG_L1","CatBoost_r28_BAG_L1","ExtraTrees_r144_BAG_L1","NeuralNetTorch_r15_BAG_L1","NeuralNetFastAI_r46_BAG_L1","NeuralNetTorch_r97_BAG_L1"],"23":["NeuralNetFastAI_r83_BAG_L1","ExtraTrees_r78_BAG_L1","NeuralNetTorch_r116_BAG_L1","NeuralNetFastAI_r95_BAG_L1","NeuralNetTorch_r127_BAG_L1","CatBoost_r51_BAG_L1","NeuralNetTorch_r2_BAG_L1","NeuralNetFastAI_r134_BAG_L1","ExtraTrees_r16_BAG_L1","NeuralNetFastAI_r109_BAG_L1","ExtraTrees_r197_BAG_L1","CatBoost_r28_BAG_L1","ExtraTrees_r144_BAG_L1","NeuralNetTorch_r15_BAG_L1","NeuralNetFastAI_r46_BAG_L1","NeuralNetTorch_r97_BAG_L1"],"24":["NeuralNetFastAI_r83_BAG_L1","ExtraTrees_r78_BAG_L1","NeuralNetTorch_r116_BAG_L1","NeuralNetFastAI_r95_BAG_L1","NeuralNetTorch_r127_BAG_L1","CatBoost_r51_BAG_L1","NeuralNetTorch_r2_BAG_L1","NeuralNetFastAI_r134_BAG_L1","ExtraTrees_r16_BAG_L1","NeuralNetFastAI_r109_BAG_L1","ExtraTrees_r197_BAG_L1","CatBoost_r28_BAG_L1","ExtraTrees_r144_BAG_L1","NeuralNetTorch_r15_BAG_L1","NeuralNetFastAI_r46_BAG_L1","NeuralNetTorch_r97_BAG_L1"],"25":["NeuralNetFastAI_r83_BAG_L1","ExtraTrees_r78_BAG_L1","NeuralNetTorch_r116_BAG_L1","NeuralNetFastAI_r95_BAG_L1","NeuralNetTorch_r127_BAG_L1","CatBoost_r51_BAG_L1","NeuralNetTorch_r2_BAG_L1","NeuralNetFastAI_r134_BAG_L1","ExtraTrees_r16_BAG_L1","NeuralNetFastAI_r109_BAG_L1","ExtraTrees_r197_BAG_L1","CatBoost_r28_BAG_L1","ExtraTrees_r144_BAG_L1","NeuralNetTorch_r15_BAG_L1","NeuralNetFastAI_r46_BAG_L1","NeuralNetTorch_r97_BAG_L1"],"26":["NeuralNetFastAI_r83_BAG_L1","ExtraTrees_r78_BAG_L1","NeuralNetTorch_r116_BAG_L1","NeuralNetFastAI_r95_BAG_L1","NeuralNetTorch_r127_BAG_L1","CatBoost_r51_BAG_L1","NeuralNetTorch_r2_BAG_L1","NeuralNetFastAI_r134_BAG_L1","ExtraTrees_r16_BAG_L1","NeuralNetFastAI_r109_BAG_L1","ExtraTrees_r197_BAG_L1","CatBoost_r28_BAG_L1","ExtraTrees_r144_BAG_L1","NeuralNetTorch_r15_BAG_L1","NeuralNetFastAI_r46_BAG_L1","NeuralNetTorch_r97_BAG_L1"],"27":["NeuralNetFastAI_r118_BAG_L1","NeuralNetFastAI_r83_BAG_L1","ExtraTrees_r78_BAG_L1","NeuralNetTorch_r116_BAG_L1","NeuralNetFastAI_r95_BAG_L1","NeuralNetTorch_r127_BAG_L1","CatBoost_r51_BAG_L1","NeuralNetTorch_r2_BAG_L1","NeuralNetFastAI_r134_BAG_L1","ExtraTrees_r16_BAG_L1","NeuralNetFastAI_r109_BAG_L1","ExtraTrees_r197_BAG_L1","CatBoost_r28_BAG_L1","ExtraTrees_r144_BAG_L1","NeuralNetTorch_r15_BAG_L1","NeuralNetFastAI_r46_BAG_L1","NeuralNetTorch_r97_BAG_L1"],"28":["NeuralNetFastAI_r118_BAG_L1","NeuralNetFastAI_r83_BAG_L1","ExtraTrees_r78_BAG_L1","NeuralNetTorch_r116_BAG_L1","NeuralNetFastAI_r95_BAG_L1","NeuralNetTorch_r127_BAG_L1","CatBoost_r51_BAG_L1","NeuralNetTorch_r2_BAG_L1","NeuralNetFastAI_r134_BAG_L1","ExtraTrees_r16_BAG_L1","NeuralNetFastAI_r109_BAG_L1","ExtraTrees_r197_BAG_L1","CatBoost_r28_BAG_L1","ExtraTrees_r144_BAG_L1","NeuralNetTorch_r15_BAG_L1","NeuralNetFastAI_r46_BAG_L1","NeuralNetTorch_r97_BAG_L1"],"29":["NeuralNetFastAI_r118_BAG_L1","NeuralNetFastAI_r83_BAG_L1","ExtraTrees_r78_BAG_L1","NeuralNetTorch_r116_BAG_L1","NeuralNetFastAI_r95_BAG_L1","NeuralNetTorch_r127_BAG_L1","CatBoost_r51_BAG_L1","NeuralNetTorch_r2_BAG_L1","NeuralNetFastAI_r134_BAG_L1","ExtraTrees_r16_BAG_L1","NeuralNetFastAI_r109_BAG_L1","ExtraTrees_r197_BAG_L1","CatBoost_r28_BAG_L1","ExtraTrees_r144_BAG_L1","NeuralNetTorch_r15_BAG_L1","NeuralNetFastAI_r193_BAG_L1","NeuralNetFastAI_r46_BAG_L1","NeuralNetTorch_r97_BAG_L1"],"30":["NeuralNetFastAI_r118_BAG_L1","NeuralNetFastAI_r83_BAG_L1","ExtraTrees_r78_BAG_L1","NeuralNetTorch_r116_BAG_L1","NeuralNetFastAI_r95_BAG_L1","NeuralNetTorch_r127_BAG_L1","CatBoost_r51_BAG_L1","NeuralNetTorch_r2_BAG_L1","NeuralNetFastAI_r134_BAG_L1","ExtraTrees_r16_BAG_L1","NeuralNetFastAI_r109_BAG_L1","ExtraTrees_r197_BAG_L1","CatBoost_r28_BAG_L1","ExtraTrees_r144_BAG_L1","NeuralNetTorch_r15_BAG_L1","NeuralNetFastAI_r193_BAG_L1","NeuralNetFastAI_r46_BAG_L1","NeuralNetTorch_r97_BAG_L1"],"31":["NeuralNetFastAI_r83_BAG_L1","NeuralNetFastAI_r95_BAG_L1","CatBoost_r51_BAG_L1","NeuralNetTorch_r2_BAG_L1","ExtraTrees_r16_BAG_L1","NeuralNetTorch_r116_BAG_L1","ExtraTrees_r197_BAG_L1","NeuralNetFastAI_r193_BAG_L1","NeuralNetTorch_r127_BAG_L1","NeuralNetTorch_r140_BAG_L1","NeuralNetFastAI_r109_BAG_L1","NeuralNetFastAI_r46_BAG_L1","NeuralNetTorch_r15_BAG_L1","NeuralNetTorch_r97_BAG_L1","NeuralNetFastAI_r118_BAG_L1","CatBoost_r28_BAG_L1","NeuralNetFastAI_r134_BAG_L1","ExtraTrees_r78_BAG_L1","ExtraTrees_r144_BAG_L1"],"32":["NeuralNetFastAI_r83_BAG_L1","NeuralNetFastAI_r95_BAG_L1","CatBoost_r51_BAG_L1","NeuralNetTorch_r2_BAG_L1","ExtraTrees_r16_BAG_L1","NeuralNetTorch_r116_BAG_L1","ExtraTrees_r197_BAG_L1","NeuralNetFastAI_r193_BAG_L1","NeuralNetTorch_r127_BAG_L1","NeuralNetTorch_r140_BAG_L1","NeuralNetFastAI_r109_BAG_L1","NeuralNetFastAI_r46_BAG_L1","NeuralNetTorch_r15_BAG_L1","NeuralNetTorch_r97_BAG_L1","NeuralNetFastAI_r118_BAG_L1","CatBoost_r28_BAG_L1","NeuralNetFastAI_r134_BAG_L1","ExtraTrees_r78_BAG_L1","ExtraTrees_r144_BAG_L1"],"33":["NeuralNetFastAI_r83_BAG_L1","NeuralNetFastAI_r95_BAG_L1","CatBoost_r51_BAG_L1","NeuralNetTorch_r2_BAG_L1","ExtraTrees_r16_BAG_L1","NeuralNetTorch_r116_BAG_L1","ExtraTrees_r197_BAG_L1","NeuralNetFastAI_r193_BAG_L1","NeuralNetTorch_r127_BAG_L1","NeuralNetTorch_r140_BAG_L1","NeuralNetFastAI_r109_BAG_L1","NeuralNetFastAI_r46_BAG_L1","NeuralNetTorch_r15_BAG_L1","NeuralNetTorch_r97_BAG_L1","NeuralNetFastAI_r118_BAG_L1","CatBoost_r28_BAG_L1","NeuralNetFastAI_r134_BAG_L1","ExtraTrees_r78_BAG_L1","ExtraTrees_r144_BAG_L1"],"34":["NeuralNetFastAI_r83_BAG_L1","NeuralNetFastAI_r95_BAG_L1","CatBoost_r51_BAG_L1","NeuralNetTorch_r2_BAG_L1","ExtraTrees_r16_BAG_L1","NeuralNetTorch_r116_BAG_L1","ExtraTrees_r197_BAG_L1","NeuralNetFastAI_r193_BAG_L1","NeuralNetTorch_r127_BAG_L1","NeuralNetTorch_r140_BAG_L1","NeuralNetFastAI_r109_BAG_L1","NeuralNetFastAI_r46_BAG_L1","NeuralNetTorch_r15_BAG_L1","NeuralNetTorch_r97_BAG_L1","NeuralNetFastAI_r118_BAG_L1","CatBoost_r28_BAG_L1","NeuralNetFastAI_r134_BAG_L1","ExtraTrees_r78_BAG_L1","ExtraTrees_r144_BAG_L1"],"35":["NeuralNetFastAI_r83_BAG_L1","NeuralNetFastAI_r95_BAG_L1","CatBoost_r51_BAG_L1","NeuralNetTorch_r2_BAG_L1","ExtraTrees_r16_BAG_L1","NeuralNetTorch_r116_BAG_L1","ExtraTrees_r197_BAG_L1","NeuralNetFastAI_r193_BAG_L1","NeuralNetTorch_r127_BAG_L1","NeuralNetTorch_r140_BAG_L1","NeuralNetFastAI_r109_BAG_L1","NeuralNetFastAI_r46_BAG_L1","NeuralNetTorch_r15_BAG_L1","NeuralNetTorch_r97_BAG_L1","NeuralNetFastAI_r118_BAG_L1","CatBoost_r28_BAG_L1","NeuralNetFastAI_r134_BAG_L1","ExtraTrees_r78_BAG_L1","ExtraTrees_r144_BAG_L1"],"36":["NeuralNetFastAI_r83_BAG_L1","NeuralNetFastAI_r95_BAG_L1","CatBoost_r51_BAG_L1","NeuralNetTorch_r2_BAG_L1","ExtraTrees_r16_BAG_L1","NeuralNetTorch_r116_BAG_L1","ExtraTrees_r197_BAG_L1","NeuralNetFastAI_r193_BAG_L1","NeuralNetTorch_r127_BAG_L1","NeuralNetTorch_r140_BAG_L1","NeuralNetFastAI_r109_BAG_L1","NeuralNetFastAI_r46_BAG_L1","NeuralNetTorch_r15_BAG_L1","NeuralNetTorch_r97_BAG_L1","NeuralNetFastAI_r118_BAG_L1","CatBoost_r28_BAG_L1","NeuralNetFastAI_r134_BAG_L1","ExtraTrees_r78_BAG_L1","ExtraTrees_r144_BAG_L1"],"37":["NeuralNetFastAI_r83_BAG_L1","NeuralNetFastAI_r95_BAG_L1","CatBoost_r51_BAG_L1","NeuralNetTorch_r2_BAG_L1","ExtraTrees_r16_BAG_L1","NeuralNetTorch_r116_BAG_L1","ExtraTrees_r197_BAG_L1","NeuralNetFastAI_r193_BAG_L1","NeuralNetTorch_r127_BAG_L1","NeuralNetTorch_r140_BAG_L1","NeuralNetFastAI_r109_BAG_L1","NeuralNetFastAI_r46_BAG_L1","NeuralNetTorch_r15_BAG_L1","NeuralNetTorch_r97_BAG_L1","NeuralNetFastAI_r118_BAG_L1","CatBoost_r28_BAG_L1","NeuralNetFastAI_r134_BAG_L1","ExtraTrees_r78_BAG_L1","ExtraTrees_r144_BAG_L1"],"38":["NeuralNetFastAI_r83_BAG_L1","NeuralNetFastAI_r95_BAG_L1","CatBoost_r51_BAG_L1","NeuralNetTorch_r2_BAG_L1","ExtraTrees_r16_BAG_L1","NeuralNetTorch_r116_BAG_L1","ExtraTrees_r197_BAG_L1","NeuralNetFastAI_r193_BAG_L1","NeuralNetTorch_r127_BAG_L1","NeuralNetTorch_r140_BAG_L1","NeuralNetFastAI_r109_BAG_L1","NeuralNetFastAI_r46_BAG_L1","NeuralNetTorch_r15_BAG_L1","NeuralNetTorch_r97_BAG_L1","NeuralNetFastAI_r118_BAG_L1","CatBoost_r28_BAG_L1","NeuralNetFastAI_r134_BAG_L1","ExtraTrees_r78_BAG_L1","ExtraTrees_r144_BAG_L1"],"39":["NeuralNetFastAI_r83_BAG_L1","NeuralNetFastAI_r95_BAG_L1","CatBoost_r51_BAG_L1","NeuralNetTorch_r2_BAG_L1","ExtraTrees_r16_BAG_L1","NeuralNetTorch_r116_BAG_L1","ExtraTrees_r197_BAG_L1","NeuralNetFastAI_r193_BAG_L1","NeuralNetTorch_r127_BAG_L1","NeuralNetTorch_r140_BAG_L1","LightGBM_r31_BAG_L1","NeuralNetFastAI_r109_BAG_L1","NeuralNetFastAI_r46_BAG_L1","NeuralNetTorch_r15_BAG_L1","NeuralNetTorch_r97_BAG_L1","NeuralNetFastAI_r118_BAG_L1","CatBoost_r28_BAG_L1","NeuralNetFastAI_r134_BAG_L1","ExtraTrees_r78_BAG_L1","ExtraTrees_r144_BAG_L1"],"40":["NeuralNetFastAI_r83_BAG_L1","NeuralNetFastAI_r95_BAG_L1","CatBoost_r51_BAG_L1","NeuralNetTorch_r2_BAG_L1","ExtraTrees_r16_BAG_L1","NeuralNetTorch_r116_BAG_L1","ExtraTrees_r197_BAG_L1","NeuralNetFastAI_r193_BAG_L1","NeuralNetTorch_r127_BAG_L1","NeuralNetTorch_r140_BAG_L1","LightGBM_r31_BAG_L1","NeuralNetFastAI_r109_BAG_L1","NeuralNetFastAI_r46_BAG_L1","NeuralNetTorch_r15_BAG_L1","NeuralNetTorch_r97_BAG_L1","NeuralNetFastAI_r118_BAG_L1","CatBoost_r28_BAG_L1","NeuralNetFastAI_r134_BAG_L1","ExtraTrees_r78_BAG_L1","ExtraTrees_r144_BAG_L1"]},"weights":{"0":[1.0],"1":[0.5,0.5],"2":[0.3333333333,0.3333333333,0.3333333333],"3":[0.25,0.25,0.25,0.25],"4":[0.2,0.2,0.2,0.2,0.2],"5":[0.1666666667,0.1666666667,0.1666666667,0.1666666667,0.1666666667,0.1666666667],"6":[0.1428571429,0.1428571429,0.1428571429,0.1428571429,0.1428571429,0.1428571429,0.1428571429],"7":[0.125,0.125,0.125,0.125,0.125,0.125,0.125,0.125],"8":[0.1111111111,0.1111111111,0.1111111111,0.1111111111,0.1111111111,0.1111111111,0.1111111111,0.1111111111,0.1111111111],"9":[0.1,0.1,0.1,0.1,0.1,0.1,0.1,0.1,0.1,0.1],"10":[0.0909090909,0.0909090909,0.0909090909,0.0909090909,0.0909090909,0.0909090909,0.0909090909,0.0909090909,0.0909090909,0.0909090909,0.0909090909],"11":[0.0833333333,0.0833333333,0.0833333333,0.0833333333,0.0833333333,0.0833333333,0.0833333333,0.0833333333,0.0833333333,0.0833333333,0.0833333333,0.0833333333],"12":[0.0769230769,0.0769230769,0.0769230769,0.0769230769,0.0769230769,0.0769230769,0.0769230769,0.0769230769,0.0769230769,0.0769230769,0.0769230769,0.0769230769,0.0769230769],"13":[0.0714285714,0.0714285714,0.0714285714,0.0714285714,0.0714285714,0.0714285714,0.0714285714,0.0714285714,0.0714285714,0.0714285714,0.0714285714,0.0714285714,0.0714285714],"14":[0.0666666667,0.0666666667,0.0666666667,0.0666666667,0.0666666667,0.0666666667,0.0666666667,0.0666666667,0.0666666667,0.0666666667,0.0666666667,0.0666666667,0.0666666667],"15":[0.0625,0.0625,0.0625,0.0625,0.0625,0.0625,0.0625,0.0625,0.0625,0.0625,0.0625,0.0625,0.0625],"16":[0.0588235294,0.0588235294,0.0588235294,0.0588235294,0.0588235294,0.0588235294,0.0588235294,0.0588235294,0.0588235294,0.0588235294,0.0588235294,0.0588235294,0.0588235294,0.0588235294],"17":[0.0555555556,0.0555555556,0.0555555556,0.0555555556,0.0555555556,0.0555555556,0.0555555556,0.0555555556,0.0555555556,0.0555555556,0.0555555556,0.0555555556,0.0555555556,0.0555555556],"18":[0.0526315789,0.0526315789,0.0526315789,0.0526315789,0.0526315789,0.0526315789,0.0526315789,0.0526315789,0.0526315789,0.0526315789,0.0526315789,0.0526315789,0.0526315789,0.0526315789,0.0526315789],"19":[0.05,0.05,0.05,0.05,0.05,0.05,0.05,0.05,0.05,0.05,0.05,0.05,0.05,0.05,0.05],"20":[0.0476190476,0.0476190476,0.0476190476,0.0476190476,0.0476190476,0.0476190476,0.0476190476,0.0476190476,0.0476190476,0.0476190476,0.0476190476,0.0476190476,0.0476190476,0.0476190476,0.0476190476],"21":[0.0454545455,0.0454545455,0.0454545455,0.0454545455,0.0454545455,0.0454545455,0.0454545455,0.0454545455,0.0454545455,0.0454545455,0.0454545455,0.0454545455,0.0454545455,0.0454545455,0.0454545455],"22":[0.0434782609,0.0434782609,0.0434782609,0.0434782609,0.0434782609,0.0434782609,0.0434782609,0.0434782609,0.0434782609,0.0434782609,0.0434782609,0.0434782609,0.0434782609,0.0434782609,0.0434782609],"23":[0.0416666667,0.0416666667,0.0416666667,0.0416666667,0.0416666667,0.0416666667,0.0416666667,0.0416666667,0.0416666667,0.0416666667,0.0416666667,0.0416666667,0.0416666667,0.0416666667,0.0416666667,0.0416666667],"24":[0.04,0.04,0.04,0.04,0.04,0.04,0.04,0.04,0.04,0.04,0.04,0.04,0.04,0.04,0.04,0.04],"25":[0.0384615385,0.0384615385,0.0384615385,0.0384615385,0.0384615385,0.0384615385,0.0384615385,0.0384615385,0.0384615385,0.0384615385,0.0384615385,0.0384615385,0.0384615385,0.0384615385,0.0384615385,0.0384615385],"26":[0.037037037,0.037037037,0.037037037,0.037037037,0.037037037,0.037037037,0.037037037,0.037037037,0.037037037,0.037037037,0.037037037,0.037037037,0.037037037,0.037037037,0.037037037,0.037037037],"27":[0.0357142857,0.0357142857,0.0357142857,0.0357142857,0.0357142857,0.0357142857,0.0357142857,0.0357142857,0.0357142857,0.0357142857,0.0357142857,0.0357142857,0.0357142857,0.0357142857,0.0357142857,0.0357142857,0.0357142857],"28":[0.0344827586,0.0344827586,0.0344827586,0.0344827586,0.0344827586,0.0344827586,0.0344827586,0.0344827586,0.0344827586,0.0344827586,0.0344827586,0.0344827586,0.0344827586,0.0344827586,0.0344827586,0.0344827586,0.0344827586],"29":[0.0333333333,0.0333333333,0.0333333333,0.0333333333,0.0333333333,0.0333333333,0.0333333333,0.0333333333,0.0333333333,0.0333333333,0.0333333333,0.0333333333,0.0333333333,0.0333333333,0.0333333333,0.0333333333,0.0333333333,0.0333333333],"30":[0.0322580645,0.0322580645,0.0322580645,0.0322580645,0.0322580645,0.0322580645,0.0322580645,0.0322580645,0.0322580645,0.0322580645,0.0322580645,0.0322580645,0.0322580645,0.0322580645,0.0322580645,0.0322580645,0.0322580645,0.0322580645],"31":[0.03125,0.03125,0.03125,0.03125,0.03125,0.03125,0.03125,0.03125,0.03125,0.03125,0.03125,0.03125,0.03125,0.03125,0.03125,0.03125,0.03125,0.03125,0.03125],"32":[0.0303030303,0.0303030303,0.0303030303,0.0303030303,0.0303030303,0.0303030303,0.0303030303,0.0303030303,0.0303030303,0.0303030303,0.0303030303,0.0303030303,0.0303030303,0.0303030303,0.0303030303,0.0303030303,0.0303030303,0.0303030303,0.0303030303],"33":[0.0294117647,0.0294117647,0.0294117647,0.0294117647,0.0294117647,0.0294117647,0.0294117647,0.0294117647,0.0294117647,0.0294117647,0.0294117647,0.0294117647,0.0294117647,0.0294117647,0.0294117647,0.0294117647,0.0294117647,0.0294117647,0.0294117647],"34":[0.0285714286,0.0285714286,0.0285714286,0.0285714286,0.0285714286,0.0285714286,0.0285714286,0.0285714286,0.0285714286,0.0285714286,0.0285714286,0.0285714286,0.0285714286,0.0285714286,0.0285714286,0.0285714286,0.0285714286,0.0285714286,0.0285714286],"35":[0.0277777778,0.0277777778,0.0277777778,0.0277777778,0.0277777778,0.0277777778,0.0277777778,0.0277777778,0.0277777778,0.0277777778,0.0277777778,0.0277777778,0.0277777778,0.0277777778,0.0277777778,0.0277777778,0.0277777778,0.0277777778,0.0277777778],"36":[0.027027027,0.027027027,0.027027027,0.027027027,0.027027027,0.027027027,0.027027027,0.027027027,0.027027027,0.027027027,0.027027027,0.027027027,0.027027027,0.027027027,0.027027027,0.027027027,0.027027027,0.027027027,0.027027027],"37":[0.0263157895,0.0263157895,0.0263157895,0.0263157895,0.0263157895,0.0263157895,0.0263157895,0.0263157895,0.0263157895,0.0263157895,0.0263157895,0.0263157895,0.0263157895,0.0263157895,0.0263157895,0.0263157895,0.0263157895,0.0263157895,0.0263157895],"38":[0.0256410256,0.0256410256,0.0256410256,0.0256410256,0.0256410256,0.0256410256,0.0256410256,0.0256410256,0.0256410256,0.0256410256,0.0256410256,0.0256410256,0.0256410256,0.0256410256,0.0256410256,0.0256410256,0.0256410256,0.0256410256,0.0256410256],"39":[0.025,0.025,0.025,0.025,0.025,0.025,0.025,0.025,0.025,0.025,0.025,0.025,0.025,0.025,0.025,0.025,0.025,0.025,0.025,0.025],"40":[0.0243902439,0.0243902439,0.0243902439,0.0243902439,0.0243902439,0.0243902439,0.0243902439,0.0243902439,0.0243902439,0.0243902439,0.0243902439,0.0243902439,0.0243902439,0.0243902439,0.0243902439,0.0243902439,0.0243902439,0.0243902439,0.0243902439,0.0243902439]},"task":{"0":"359962_0","1":"359962_0","2":"359962_0","3":"359962_0","4":"359962_0","5":"359962_0","6":"359962_0","7":"359962_0","8":"359962_0","9":"359962_0","10":"359962_0","11":"359962_0","12":"359962_0","13":"359962_0","14":"359962_0","15":"359962_0","16":"359962_0","17":"359962_0","18":"359962_0","19":"359962_0","20":"359962_0","21":"359962_0","22":"359962_0","23":"359962_0","24":"359962_0","25":"359962_0","26":"359962_0","27":"359962_0","28":"359962_0","29":"359962_0","30":"359962_0","31":"359962_0","32":"359962_0","33":"359962_0","34":"359962_0","35":"359962_0","36":"359962_0","37":"359962_0","38":"359962_0","39":"359962_0","40":"359962_0"},"dataset":{"0":"kc1","1":"kc1","2":"kc1","3":"kc1","4":"kc1","5":"kc1","6":"kc1","7":"kc1","8":"kc1","9":"kc1","10":"kc1","11":"kc1","12":"kc1","13":"kc1","14":"kc1","15":"kc1","16":"kc1","17":"kc1","18":"kc1","19":"kc1","20":"kc1","21":"kc1","22":"kc1","23":"kc1","24":"kc1","25":"kc1","26":"kc1","27":"kc1","28":"kc1","29":"kc1","30":"kc1","31":"kc1","32":"kc1","33":"kc1","34":"kc1","35":"kc1","36":"kc1","37":"kc1","38":"kc1","39":"kc1","40":"kc1"},"fold":{"0":0,"1":0,"2":0,"3":0,"4":0,"5":0,"6":0,"7":0,"8":0,"9":0,"10":0,"11":0,"12":0,"13":0,"14":0,"15":0,"16":0,"17":0,"18":0,"19":0,"20":0,"21":0,"22":0,"23":0,"24":0,"25":0,"26":0,"27":0,"28":0,"29":0,"30":0,"31":0,"32":0,"33":0,"34":0,"35":0,"36":0,"37":0,"38":0,"39":0,"40":0},"method":{"0":"GES","1":"GES","2":"GES","3":"GES","4":"GES","5":"GES","6":"GES","7":"GES","8":"GES","9":"GES","10":"GES","11":"GES","12":"GES","13":"GES","14":"GES","15":"GES","16":"GES","17":"GES","18":"GES","19":"GES","20":"GES","21":"GES","22":"GES","23":"GES","24":"GES","25":"GES","26":"GES","27":"GES","28":"GES","29":"GES","30":"GES","31":"GES","32":"GES","33":"GES","34":"GES","35":"GES","36":"GES","37":"GES","38":"GES","39":"GES","40":"GES"}}