{"name":{"0":"INFER_TIME_QDO_0","1":"INFER_TIME_QDO_1","2":"INFER_TIME_QDO_2","3":"INFER_TIME_QDO_3","4":"INFER_TIME_QDO_4","5":"INFER_TIME_QDO_5","6":"INFER_TIME_QDO_6","7":"INFER_TIME_QDO_7","8":"INFER_TIME_QDO_8","9":"INFER_TIME_QDO_9","10":"INFER_TIME_QDO_10","11":"INFER_TIME_QDO_11","12":"INFER_TIME_QDO_12","13":"INFER_TIME_QDO_13","14":"INFER_TIME_QDO_14","15":"INFER_TIME_QDO_15","16":"INFER_TIME_QDO_16","17":"INFER_TIME_QDO_17","18":"INFER_TIME_QDO_18","19":"INFER_TIME_QDO_19","20":"INFER_TIME_QDO_20","21":"INFER_TIME_QDO_21","22":"INFER_TIME_QDO_22","23":"INFER_TIME_QDO_23","24":"INFER_TIME_QDO_24","25":"INFER_TIME_QDO_25","26":"INFER_TIME_QDO_26","27":"INFER_TIME_QDO_27","28":"INFER_TIME_QDO_28","29":"INFER_TIME_QDO_29","30":"INFER_TIME_QDO_30","31":"INFER_TIME_QDO_31","32":"INFER_TIME_QDO_32","33":"INFER_TIME_QDO_33","34":"INFER_TIME_QDO_34","35":"INFER_TIME_QDO_35","36":"INFER_TIME_QDO_36","37":"INFER_TIME_QDO_37","38":"INFER_TIME_QDO_38","39":"INFER_TIME_QDO_39","40":"INFER_TIME_QDO_40","41":"INFER_TIME_QDO_41","42":"INFER_TIME_QDO_42","43":"INFER_TIME_QDO_43","44":"INFER_TIME_QDO_44","45":"INFER_TIME_QDO_45","46":"INFER_TIME_QDO_46"},"roc_auc_val":{"0":0.918027949,"1":0.9267771895,"2":0.9501432167,"3":0.9475739953,"4":0.9535456992,"5":0.943025779,"6":0.9522437288,"7":0.9523652461,"8":0.9462025866,"9":0.9458553945,"10":0.9331481642,"11":0.9288777016,"12":0.9272285392,"13":0.9508376009,"14":0.9359257009,"15":0.9242079681,"16":0.951358389,"17":0.9541359257,"18":0.9493967538,"19":0.9471400052,"20":0.9233399878,"21":0.9531985071,"22":0.9539796893,"23":0.9541706449,"24":0.94385904,"25":0.9520354136,"26":0.9459421925,"27":0.9261869629,"28":0.926360559,"29":0.9518444579,"30":0.9163787866,"31":0.9422272372,"32":0.9506987241,"33":0.9307698984,"34":0.9293637705,"35":0.9333391199,"36":0.9524867633,"37":0.9539276105,"38":0.9465324191,"39":0.9484072563,"40":0.9358041837,"41":0.9514972659,"42":0.950525128,"43":0.9531290687,"44":0.9286173075,"45":0.9288082632,"46":0.9467407343},"roc_auc_test":{"0":0.9298737728,"1":0.9523141655,"2":0.9368863955,"3":0.9467040673,"4":0.9424964937,"5":0.9382889201,"6":0.9410939691,"7":0.9382889201,"8":0.9410939691,"9":0.9396914446,"10":0.9172510519,"11":0.9579242637,"12":0.9621318373,"13":0.9382889201,"14":0.9424964937,"15":0.9495091164,"16":0.9410939691,"17":0.9453015428,"18":0.9410939691,"19":0.9396914446,"20":0.9565217391,"21":0.9396914446,"22":0.9438990182,"23":0.9424964937,"24":0.9453015428,"25":0.9453015428,"26":0.9438990182,"27":0.9551192146,"28":0.9467040673,"29":0.9424964937,"30":0.9551192146,"31":0.9467040673,"32":0.9453015428,"33":0.8976157083,"34":0.9467040673,"35":0.9312762973,"36":0.9424964937,"37":0.9410939691,"38":0.9424964937,"39":0.9467040673,"40":0.950911641,"41":0.9396914446,"42":0.9396914446,"43":0.9410939691,"44":0.9453015428,"45":0.9481065919,"46":0.9368863955},"models_used":{"0":["ExtraTrees_r65_BAG_L1","KNeighbors_r19_BAG_L1","NeuralNetTorch_r47_BAG_L1"],"1":["CatBoost_r131_BAG_L1","CatBoost_r39_BAG_L1","NeuralNetTorch_r159_BAG_L1"],"2":["CatBoost_r163_BAG_L1","KNeighbors_r16_BAG_L1","KNeighbors_r19_BAG_L1","KNeighbors_r48_BAG_L1","LightGBM_r115_BAG_L1","NeuralNetFastAI_r126_BAG_L1","NeuralNetFastAI_r146_BAG_L1","NeuralNetFastAI_r156_BAG_L1","NeuralNetFastAI_r33_BAG_L1","NeuralNetTorch_r144_BAG_L1","NeuralNetTorch_r32_BAG_L1","NeuralNetTorch_r34_BAG_L1","NeuralNetTorch_r37_BAG_L1","NeuralNetTorch_r43_BAG_L1","NeuralNetTorch_r47_BAG_L1","XGBoost_r189_BAG_L1","XGBoost_r94_BAG_L1"],"3":["CatBoost_r199_BAG_L1","CatBoost_r64_BAG_L1","CatBoost_r98_BAG_L1","ExtraTrees_r109_BAG_L1","ExtraTrees_r16_BAG_L1","KNeighbors_r16_BAG_L1","KNeighbors_r19_BAG_L1","KNeighbors_r48_BAG_L1","KNeighbors_r5_BAG_L1","LightGBM_r115_BAG_L1","LightGBM_r116_BAG_L1","LightGBM_r185_BAG_L1","LightGBM_r198_BAG_L1","LightGBM_r200_BAG_L1","LightGBM_r41_BAG_L1","NeuralNetFastAI_r126_BAG_L1","NeuralNetFastAI_r146_BAG_L1","NeuralNetFastAI_r156_BAG_L1","NeuralNetFastAI_r190_BAG_L1","NeuralNetFastAI_r33_BAG_L1","NeuralNetTorch_r144_BAG_L1","NeuralNetTorch_r32_BAG_L1","NeuralNetTorch_r34_BAG_L1","NeuralNetTorch_r37_BAG_L1","NeuralNetTorch_r41_BAG_L1","NeuralNetTorch_r43_BAG_L1","NeuralNetTorch_r47_BAG_L1","XGBoost_r188_BAG_L1","XGBoost_r189_BAG_L1","XGBoost_r74_BAG_L1","XGBoost_r94_BAG_L1"],"4":["CatBoost_r3_BAG_L1","KNeighbors_r16_BAG_L1","KNeighbors_r19_BAG_L1","KNeighbors_r31_BAG_L1","KNeighbors_r48_BAG_L1","KNeighbors_r5_BAG_L1","LightGBM_r115_BAG_L1","LightGBM_r116_BAG_L1","LightGBM_r200_BAG_L1","LightGBM_r31_BAG_L1","NeuralNetFastAI_r126_BAG_L1","NeuralNetFastAI_r146_BAG_L1","NeuralNetFastAI_r156_BAG_L1","NeuralNetFastAI_r190_BAG_L1","NeuralNetFastAI_r33_BAG_L1","NeuralNetFastAI_r63_BAG_L1","NeuralNetFastAI_r88_BAG_L1","NeuralNetTorch_r141_BAG_L1","NeuralNetTorch_r144_BAG_L1","NeuralNetTorch_r32_BAG_L1","NeuralNetTorch_r34_BAG_L1","NeuralNetTorch_r37_BAG_L1","NeuralNetTorch_r41_BAG_L1","NeuralNetTorch_r43_BAG_L1","NeuralNetTorch_r47_BAG_L1","XGBoost_r189_BAG_L1","XGBoost_r74_BAG_L1","XGBoost_r94_BAG_L1"],"5":["CatBoost_r199_BAG_L1","CatBoost_r98_BAG_L1","KNeighbors_r19_BAG_L1","KNeighbors_r48_BAG_L1","LightGBM_r115_BAG_L1","LightGBM_r185_BAG_L1","NeuralNetFastAI_r146_BAG_L1","NeuralNetFastAI_r156_BAG_L1","NeuralNetFastAI_r33_BAG_L1","NeuralNetTorch_r144_BAG_L1","NeuralNetTorch_r37_BAG_L1","NeuralNetTorch_r43_BAG_L1","NeuralNetTorch_r47_BAG_L1","XGBoost_r132_BAG_L1","XGBoost_r188_BAG_L1","XGBoost_r189_BAG_L1","XGBoost_r94_BAG_L1"],"6":["KNeighbors_r16_BAG_L1","KNeighbors_r19_BAG_L1","KNeighbors_r48_BAG_L1","KNeighbors_r5_BAG_L1","LightGBM_r115_BAG_L1","LightGBM_r116_BAG_L1","LightGBM_r200_BAG_L1","NeuralNetFastAI_r126_BAG_L1","NeuralNetFastAI_r146_BAG_L1","NeuralNetFastAI_r156_BAG_L1","NeuralNetFastAI_r190_BAG_L1","NeuralNetFastAI_r33_BAG_L1","NeuralNetFastAI_r63_BAG_L1","NeuralNetTorch_r144_BAG_L1","NeuralNetTorch_r32_BAG_L1","NeuralNetTorch_r34_BAG_L1","NeuralNetTorch_r37_BAG_L1","NeuralNetTorch_r41_BAG_L1","NeuralNetTorch_r43_BAG_L1","NeuralNetTorch_r47_BAG_L1","XGBoost_r189_BAG_L1","XGBoost_r74_BAG_L1","XGBoost_r94_BAG_L1"],"7":["KNeighbors_r16_BAG_L1","KNeighbors_r19_BAG_L1","KNeighbors_r48_BAG_L1","KNeighbors_r5_BAG_L1","LightGBM_r115_BAG_L1","LightGBM_r116_BAG_L1","LightGBM_r162_BAG_L1","LightGBM_r200_BAG_L1","LightGBM_r31_BAG_L1","NeuralNetFastAI_r126_BAG_L1","NeuralNetFastAI_r146_BAG_L1","NeuralNetFastAI_r156_BAG_L1","NeuralNetFastAI_r190_BAG_L1","NeuralNetFastAI_r33_BAG_L1","NeuralNetFastAI_r63_BAG_L1","NeuralNetTorch_r144_BAG_L1","NeuralNetTorch_r32_BAG_L1","NeuralNetTorch_r34_BAG_L1","NeuralNetTorch_r37_BAG_L1","NeuralNetTorch_r41_BAG_L1","NeuralNetTorch_r43_BAG_L1","NeuralNetTorch_r47_BAG_L1","XGBoost_r189_BAG_L1","XGBoost_r191_BAG_L1","XGBoost_r74_BAG_L1","XGBoost_r94_BAG_L1"],"8":["KNeighbors_r19_BAG_L1","KNeighbors_r48_BAG_L1","LightGBM_r115_BAG_L1","LightGBM_r85_BAG_L1","NeuralNetFastAI_r146_BAG_L1","NeuralNetFastAI_r33_BAG_L1","NeuralNetTorch_r144_BAG_L1","NeuralNetTorch_r43_BAG_L1","NeuralNetTorch_r47_BAG_L1","XGBoost_r94_BAG_L1"],"9":["CatBoost_r41_BAG_L1","KNeighbors_r19_BAG_L1","LightGBM_r115_BAG_L1","NeuralNetFastAI_r146_BAG_L1","NeuralNetFastAI_r33_BAG_L1","NeuralNetTorch_r144_BAG_L1","NeuralNetTorch_r43_BAG_L1","NeuralNetTorch_r47_BAG_L1","XGBoost_r94_BAG_L1"],"10":["KNeighbors_r15_BAG_L1","LightGBM_r158_BAG_L1","NeuralNetTorch_r144_BAG_L1","XGBoost_r94_BAG_L1"],"11":["CatBoost_r139_BAG_L1","KNeighbors_r19_BAG_L1","NeuralNetTorch_r47_BAG_L1"],"12":["CatBoost_r3_BAG_L1","KNeighbors_r19_BAG_L1","NeuralNetTorch_r47_BAG_L1"],"13":["KNeighbors_r16_BAG_L1","KNeighbors_r19_BAG_L1","KNeighbors_r48_BAG_L1","KNeighbors_r5_BAG_L1","LightGBM_r115_BAG_L1","NeuralNetFastAI_r126_BAG_L1","NeuralNetFastAI_r146_BAG_L1","NeuralNetFastAI_r156_BAG_L1","NeuralNetFastAI_r33_BAG_L1","NeuralNetTorch_r144_BAG_L1","NeuralNetTorch_r32_BAG_L1","NeuralNetTorch_r34_BAG_L1","NeuralNetTorch_r37_BAG_L1","NeuralNetTorch_r43_BAG_L1","NeuralNetTorch_r47_BAG_L1","XGBoost_r189_BAG_L1","XGBoost_r94_BAG_L1"],"14":["CatBoost_r3_BAG_L1","KNeighbors_r19_BAG_L1","NeuralNetFastAI_r53_BAG_L1","NeuralNetTorch_r47_BAG_L1"],"15":["CatBoost_r10_BAG_L1","CatBoost_r98_BAG_L1","ExtraTrees_r112_BAG_L1","LightGBM_r121_BAG_L1","LightGBM_r185_BAG_L1","NeuralNetTorch_r80_BAG_L1","XGBoost_r120_BAG_L1","XGBoost_r188_BAG_L1","XGBoost_r98_BAG_L1"],"16":["ExtraTrees_r58_BAG_L1","KNeighbors_r16_BAG_L1","KNeighbors_r19_BAG_L1","KNeighbors_r48_BAG_L1","KNeighbors_r5_BAG_L1","LightGBM_r115_BAG_L1","LightGBM_r200_BAG_L1","NeuralNetFastAI_r126_BAG_L1","NeuralNetFastAI_r146_BAG_L1","NeuralNetFastAI_r156_BAG_L1","NeuralNetFastAI_r33_BAG_L1","NeuralNetTorch_r144_BAG_L1","NeuralNetTorch_r32_BAG_L1","NeuralNetTorch_r34_BAG_L1","NeuralNetTorch_r37_BAG_L1","NeuralNetTorch_r41_BAG_L1","NeuralNetTorch_r43_BAG_L1","NeuralNetTorch_r47_BAG_L1","XGBoost_r189_BAG_L1","XGBoost_r74_BAG_L1","XGBoost_r94_BAG_L1"],"17":["KNeighbors_r16_BAG_L1","KNeighbors_r19_BAG_L1","KNeighbors_r31_BAG_L1","KNeighbors_r48_BAG_L1","KNeighbors_r5_BAG_L1","LightGBM_r115_BAG_L1","LightGBM_r116_BAG_L1","LightGBM_r200_BAG_L1","LightGBM_r31_BAG_L1","NeuralNetFastAI_r126_BAG_L1","NeuralNetFastAI_r146_BAG_L1","NeuralNetFastAI_r156_BAG_L1","NeuralNetFastAI_r190_BAG_L1","NeuralNetFastAI_r33_BAG_L1","NeuralNetFastAI_r63_BAG_L1","NeuralNetFastAI_r88_BAG_L1","NeuralNetTorch_r130_BAG_L1","NeuralNetTorch_r141_BAG_L1","NeuralNetTorch_r144_BAG_L1","NeuralNetTorch_r185_BAG_L1","NeuralNetTorch_r32_BAG_L1","NeuralNetTorch_r34_BAG_L1","NeuralNetTorch_r37_BAG_L1","NeuralNetTorch_r41_BAG_L1","NeuralNetTorch_r43_BAG_L1","NeuralNetTorch_r47_BAG_L1","XGBoost_r189_BAG_L1","XGBoost_r74_BAG_L1","XGBoost_r94_BAG_L1"],"18":["CatBoost_r191_BAG_L1","KNeighbors_r16_BAG_L1","KNeighbors_r19_BAG_L1","KNeighbors_r48_BAG_L1","LightGBM_r115_BAG_L1","NeuralNetFastAI_r126_BAG_L1","NeuralNetFastAI_r146_BAG_L1","NeuralNetFastAI_r156_BAG_L1","NeuralNetFastAI_r33_BAG_L1","NeuralNetTorch_r144_BAG_L1","NeuralNetTorch_r32_BAG_L1","NeuralNetTorch_r34_BAG_L1","NeuralNetTorch_r37_BAG_L1","NeuralNetTorch_r43_BAG_L1","NeuralNetTorch_r47_BAG_L1","XGBoost_r189_BAG_L1","XGBoost_r94_BAG_L1"],"19":["KNeighbors_r19_BAG_L1","KNeighbors_r48_BAG_L1","LightGBM_r115_BAG_L1","NeuralNetFastAI_r146_BAG_L1","NeuralNetFastAI_r33_BAG_L1","NeuralNetTorch_r144_BAG_L1","NeuralNetTorch_r43_BAG_L1","NeuralNetTorch_r47_BAG_L1","XGBoost_r94_BAG_L1"],"20":["CatBoost_r78_BAG_L1","CatBoost_r98_BAG_L1","LightGBM_r185_BAG_L1","NeuralNetTorch_r80_BAG_L1","RandomForest_r98_BAG_L1","TabPFN_c2_BAG_L1","XGBoost_r188_BAG_L1"],"21":["KNeighbors_r16_BAG_L1","KNeighbors_r19_BAG_L1","KNeighbors_r31_BAG_L1","KNeighbors_r48_BAG_L1","KNeighbors_r5_BAG_L1","LightGBM_r115_BAG_L1","LightGBM_r116_BAG_L1","LightGBM_r200_BAG_L1","LightGBM_r31_BAG_L1","NeuralNetFastAI_r126_BAG_L1","NeuralNetFastAI_r146_BAG_L1","NeuralNetFastAI_r156_BAG_L1","NeuralNetFastAI_r190_BAG_L1","NeuralNetFastAI_r33_BAG_L1","NeuralNetFastAI_r63_BAG_L1","NeuralNetTorch_r144_BAG_L1","NeuralNetTorch_r32_BAG_L1","NeuralNetTorch_r34_BAG_L1","NeuralNetTorch_r37_BAG_L1","NeuralNetTorch_r41_BAG_L1","NeuralNetTorch_r43_BAG_L1","NeuralNetTorch_r47_BAG_L1","XGBoost_r189_BAG_L1","XGBoost_r74_BAG_L1","XGBoost_r94_BAG_L1"],"22":["KNeighbors_r16_BAG_L1","KNeighbors_r19_BAG_L1","KNeighbors_r31_BAG_L1","KNeighbors_r48_BAG_L1","KNeighbors_r5_BAG_L1","LightGBM_r115_BAG_L1","LightGBM_r116_BAG_L1","LightGBM_r162_BAG_L1","LightGBM_r200_BAG_L1","LightGBM_r31_BAG_L1","NeuralNetFastAI_r126_BAG_L1","NeuralNetFastAI_r146_BAG_L1","NeuralNetFastAI_r156_BAG_L1","NeuralNetFastAI_r190_BAG_L1","NeuralNetFastAI_r33_BAG_L1","NeuralNetFastAI_r63_BAG_L1","NeuralNetFastAI_r88_BAG_L1","NeuralNetTorch_r130_BAG_L1","NeuralNetTorch_r141_BAG_L1","NeuralNetTorch_r144_BAG_L1","NeuralNetTorch_r185_BAG_L1","NeuralNetTorch_r32_BAG_L1","NeuralNetTorch_r34_BAG_L1","NeuralNetTorch_r37_BAG_L1","NeuralNetTorch_r41_BAG_L1","NeuralNetTorch_r43_BAG_L1","NeuralNetTorch_r47_BAG_L1","XGBoost_r189_BAG_L1","XGBoost_r74_BAG_L1","XGBoost_r94_BAG_L1"],"23":["KNeighbors_r16_BAG_L1","KNeighbors_r19_BAG_L1","KNeighbors_r31_BAG_L1","KNeighbors_r48_BAG_L1","KNeighbors_r5_BAG_L1","LightGBM_r115_BAG_L1","LightGBM_r116_BAG_L1","LightGBM_r200_BAG_L1","LightGBM_r31_BAG_L1","NeuralNetFastAI_r126_BAG_L1","NeuralNetFastAI_r146_BAG_L1","NeuralNetFastAI_r156_BAG_L1","NeuralNetFastAI_r190_BAG_L1","NeuralNetFastAI_r2_BAG_L1","NeuralNetFastAI_r33_BAG_L1","NeuralNetFastAI_r63_BAG_L1","NeuralNetFastAI_r88_BAG_L1","NeuralNetTorch_r130_BAG_L1","NeuralNetTorch_r141_BAG_L1","NeuralNetTorch_r144_BAG_L1","NeuralNetTorch_r185_BAG_L1","NeuralNetTorch_r32_BAG_L1","NeuralNetTorch_r34_BAG_L1","NeuralNetTorch_r37_BAG_L1","NeuralNetTorch_r41_BAG_L1","NeuralNetTorch_r43_BAG_L1","NeuralNetTorch_r47_BAG_L1","XGBoost_r189_BAG_L1","XGBoost_r74_BAG_L1","XGBoost_r94_BAG_L1"],"24":["CatBoost_r14_BAG_L1","CatBoost_r199_BAG_L1","CatBoost_r64_BAG_L1","CatBoost_r98_BAG_L1","KNeighbors_r19_BAG_L1","KNeighbors_r48_BAG_L1","LightGBM_r115_BAG_L1","LightGBM_r185_BAG_L1","NeuralNetFastAI_r126_BAG_L1","NeuralNetFastAI_r13_BAG_L1","NeuralNetFastAI_r146_BAG_L1","NeuralNetFastAI_r156_BAG_L1","NeuralNetFastAI_r33_BAG_L1","NeuralNetTorch_r117_BAG_L1","NeuralNetTorch_r144_BAG_L1","NeuralNetTorch_r37_BAG_L1","NeuralNetTorch_r43_BAG_L1","NeuralNetTorch_r47_BAG_L1","RandomForest_c1_BAG_L1","XGBoost_r188_BAG_L1","XGBoost_r189_BAG_L1","XGBoost_r94_BAG_L1"],"25":["KNeighbors_r16_BAG_L1","KNeighbors_r19_BAG_L1","KNeighbors_r43_BAG_L1","KNeighbors_r48_BAG_L1","KNeighbors_r5_BAG_L1","LightGBM_r115_BAG_L1","LightGBM_r116_BAG_L1","LightGBM_r200_BAG_L1","NeuralNetFastAI_r126_BAG_L1","NeuralNetFastAI_r146_BAG_L1","NeuralNetFastAI_r156_BAG_L1","NeuralNetFastAI_r190_BAG_L1","NeuralNetFastAI_r33_BAG_L1","NeuralNetTorch_r144_BAG_L1","NeuralNetTorch_r32_BAG_L1","NeuralNetTorch_r34_BAG_L1","NeuralNetTorch_r37_BAG_L1","NeuralNetTorch_r41_BAG_L1","NeuralNetTorch_r43_BAG_L1","NeuralNetTorch_r47_BAG_L1","XGBoost_r189_BAG_L1","XGBoost_r74_BAG_L1","XGBoost_r94_BAG_L1"],"26":["CatBoost_r193_BAG_L1","KNeighbors_r19_BAG_L1","KNeighbors_r48_BAG_L1","LightGBM_r115_BAG_L1","NeuralNetFastAI_r146_BAG_L1","NeuralNetFastAI_r33_BAG_L1","NeuralNetTorch_r144_BAG_L1","NeuralNetTorch_r43_BAG_L1","NeuralNetTorch_r47_BAG_L1","XGBoost_r94_BAG_L1"],"27":["CatBoost_r21_BAG_L1","KNeighbors_r19_BAG_L1","NeuralNetTorch_r47_BAG_L1"],"28":["CatBoost_r39_BAG_L1","NeuralNetTorch_r159_BAG_L1"],"29":["CatBoost_r199_BAG_L1","KNeighbors_r16_BAG_L1","KNeighbors_r19_BAG_L1","KNeighbors_r48_BAG_L1","KNeighbors_r5_BAG_L1","LightGBM_r115_BAG_L1","LightGBM_r116_BAG_L1","LightGBM_r200_BAG_L1","NeuralNetFastAI_r126_BAG_L1","NeuralNetFastAI_r146_BAG_L1","NeuralNetFastAI_r156_BAG_L1","NeuralNetFastAI_r190_BAG_L1","NeuralNetFastAI_r33_BAG_L1","NeuralNetTorch_r144_BAG_L1","NeuralNetTorch_r32_BAG_L1","NeuralNetTorch_r34_BAG_L1","NeuralNetTorch_r37_BAG_L1","NeuralNetTorch_r41_BAG_L1","NeuralNetTorch_r43_BAG_L1","NeuralNetTorch_r47_BAG_L1","XGBoost_r189_BAG_L1","XGBoost_r74_BAG_L1","XGBoost_r94_BAG_L1"],"30":["NeuralNetTorch_r37_BAG_L1","RandomForest_r69_BAG_L1"],"31":["CatBoost_r98_BAG_L1","LightGBM_r185_BAG_L1","NeuralNetTorch_r176_BAG_L1","NeuralNetTorch_r66_BAG_L1","NeuralNetTorch_r80_BAG_L1","XGBoost_r188_BAG_L1"],"32":["CatBoost_r139_BAG_L1","KNeighbors_r16_BAG_L1","KNeighbors_r19_BAG_L1","KNeighbors_r48_BAG_L1","KNeighbors_r5_BAG_L1","LightGBM_r115_BAG_L1","LightGBM_r116_BAG_L1","LightGBM_r200_BAG_L1","LightGBM_r25_BAG_L1","NeuralNetFastAI_r126_BAG_L1","NeuralNetFastAI_r146_BAG_L1","NeuralNetFastAI_r156_BAG_L1","NeuralNetFastAI_r190_BAG_L1","NeuralNetFastAI_r33_BAG_L1","NeuralNetTorch_r144_BAG_L1","NeuralNetTorch_r32_BAG_L1","NeuralNetTorch_r34_BAG_L1","NeuralNetTorch_r37_BAG_L1","NeuralNetTorch_r41_BAG_L1","NeuralNetTorch_r43_BAG_L1","NeuralNetTorch_r47_BAG_L1","XGBoost_r189_BAG_L1","XGBoost_r74_BAG_L1","XGBoost_r94_BAG_L1"],"33":["KNeighbors_r15_BAG_L1","NeuralNetTorch_r144_BAG_L1","XGBoost_r94_BAG_L1"],"34":["CatBoost_r199_BAG_L1","CatBoost_r39_BAG_L1","CatBoost_r98_BAG_L1","LightGBM_r180_BAG_L1","LightGBM_r185_BAG_L1","NeuralNetTorch_r144_BAG_L1","NeuralNetTorch_r159_BAG_L1","XGBoost_r188_BAG_L1","XGBoost_r94_BAG_L1"],"35":["CatBoost_r14_BAG_L1","NeuralNetFastAI_r13_BAG_L1","NeuralNetTorch_r117_BAG_L1"],"36":["CatBoost_r131_BAG_L1","CatBoost_r39_BAG_L1","KNeighbors_r16_BAG_L1","KNeighbors_r19_BAG_L1","KNeighbors_r31_BAG_L1","KNeighbors_r48_BAG_L1","KNeighbors_r5_BAG_L1","LightGBM_r115_BAG_L1","LightGBM_r116_BAG_L1","LightGBM_r200_BAG_L1","LightGBM_r31_BAG_L1","NeuralNetFastAI_r126_BAG_L1","NeuralNetFastAI_r146_BAG_L1","NeuralNetFastAI_r156_BAG_L1","NeuralNetFastAI_r190_BAG_L1","NeuralNetFastAI_r33_BAG_L1","NeuralNetFastAI_r63_BAG_L1","NeuralNetFastAI_r88_BAG_L1","NeuralNetTorch_r130_BAG_L1","NeuralNetTorch_r141_BAG_L1","NeuralNetTorch_r144_BAG_L1","NeuralNetTorch_r159_BAG_L1","NeuralNetTorch_r185_BAG_L1","NeuralNetTorch_r32_BAG_L1","NeuralNetTorch_r34_BAG_L1","NeuralNetTorch_r37_BAG_L1","NeuralNetTorch_r41_BAG_L1","NeuralNetTorch_r43_BAG_L1","NeuralNetTorch_r47_BAG_L1","XGBoost_r189_BAG_L1","XGBoost_r74_BAG_L1","XGBoost_r94_BAG_L1"],"37":["KNeighbors_r16_BAG_L1","KNeighbors_r19_BAG_L1","KNeighbors_r31_BAG_L1","KNeighbors_r48_BAG_L1","KNeighbors_r5_BAG_L1","LightGBM_r115_BAG_L1","LightGBM_r116_BAG_L1","LightGBM_r200_BAG_L1","LightGBM_r31_BAG_L1","NeuralNetFastAI_r126_BAG_L1","NeuralNetFastAI_r146_BAG_L1","NeuralNetFastAI_r156_BAG_L1","NeuralNetFastAI_r190_BAG_L1","NeuralNetFastAI_r33_BAG_L1","NeuralNetFastAI_r63_BAG_L1","NeuralNetFastAI_r88_BAG_L1","NeuralNetTorch_r141_BAG_L1","NeuralNetTorch_r144_BAG_L1","NeuralNetTorch_r32_BAG_L1","NeuralNetTorch_r34_BAG_L1","NeuralNetTorch_r37_BAG_L1","NeuralNetTorch_r41_BAG_L1","NeuralNetTorch_r43_BAG_L1","NeuralNetTorch_r47_BAG_L1","XGBoost_r189_BAG_L1","XGBoost_r74_BAG_L1","XGBoost_r94_BAG_L1"],"38":["CatBoost_r123_BAG_L1","CatBoost_r77_BAG_L1","KNeighbors_r19_BAG_L1","KNeighbors_r48_BAG_L1","LightGBM_r115_BAG_L1","NeuralNetFastAI_r126_BAG_L1","NeuralNetFastAI_r146_BAG_L1","NeuralNetFastAI_r156_BAG_L1","NeuralNetFastAI_r33_BAG_L1","NeuralNetTorch_r144_BAG_L1","NeuralNetTorch_r32_BAG_L1","NeuralNetTorch_r37_BAG_L1","NeuralNetTorch_r43_BAG_L1","NeuralNetTorch_r47_BAG_L1","XGBoost_r189_BAG_L1","XGBoost_r94_BAG_L1"],"39":["CatBoost_r199_BAG_L1","CatBoost_r64_BAG_L1","CatBoost_r98_BAG_L1","ExtraTrees_r109_BAG_L1","ExtraTrees_r16_BAG_L1","ExtraTrees_r86_BAG_L1","KNeighbors_r16_BAG_L1","KNeighbors_r19_BAG_L1","KNeighbors_r31_BAG_L1","KNeighbors_r48_BAG_L1","KNeighbors_r5_BAG_L1","LightGBM_r115_BAG_L1","LightGBM_r116_BAG_L1","LightGBM_r185_BAG_L1","LightGBM_r198_BAG_L1","LightGBM_r200_BAG_L1","LightGBM_r31_BAG_L1","LightGBM_r41_BAG_L1","NeuralNetFastAI_r126_BAG_L1","NeuralNetFastAI_r146_BAG_L1","NeuralNetFastAI_r156_BAG_L1","NeuralNetFastAI_r190_BAG_L1","NeuralNetFastAI_r33_BAG_L1","NeuralNetFastAI_r63_BAG_L1","NeuralNetTorch_r144_BAG_L1","NeuralNetTorch_r32_BAG_L1","NeuralNetTorch_r34_BAG_L1","NeuralNetTorch_r37_BAG_L1","NeuralNetTorch_r41_BAG_L1","NeuralNetTorch_r43_BAG_L1","NeuralNetTorch_r47_BAG_L1","XGBoost_r188_BAG_L1","XGBoost_r189_BAG_L1","XGBoost_r74_BAG_L1","XGBoost_r94_BAG_L1"],"40":["CatBoost_r39_BAG_L1","KNeighbors_r19_BAG_L1","NeuralNetTorch_r159_BAG_L1","NeuralNetTorch_r47_BAG_L1"],"41":["CatBoost_r98_BAG_L1","KNeighbors_r16_BAG_L1","KNeighbors_r19_BAG_L1","KNeighbors_r31_BAG_L1","KNeighbors_r48_BAG_L1","KNeighbors_r5_BAG_L1","LightGBM_r115_BAG_L1","LightGBM_r116_BAG_L1","LightGBM_r185_BAG_L1","LightGBM_r200_BAG_L1","LightGBM_r31_BAG_L1","NeuralNetFastAI_r126_BAG_L1","NeuralNetFastAI_r146_BAG_L1","NeuralNetFastAI_r156_BAG_L1","NeuralNetFastAI_r190_BAG_L1","NeuralNetFastAI_r33_BAG_L1","NeuralNetFastAI_r63_BAG_L1","NeuralNetTorch_r144_BAG_L1","NeuralNetTorch_r19_BAG_L1","NeuralNetTorch_r32_BAG_L1","NeuralNetTorch_r34_BAG_L1","NeuralNetTorch_r37_BAG_L1","NeuralNetTorch_r41_BAG_L1","NeuralNetTorch_r43_BAG_L1","NeuralNetTorch_r47_BAG_L1","NeuralNetTorch_r80_BAG_L1","XGBoost_r188_BAG_L1","XGBoost_r189_BAG_L1","XGBoost_r74_BAG_L1","XGBoost_r94_BAG_L1"],"42":["CatBoost_r123_BAG_L1","KNeighbors_r16_BAG_L1","KNeighbors_r19_BAG_L1","KNeighbors_r48_BAG_L1","KNeighbors_r5_BAG_L1","LightGBM_r115_BAG_L1","NeuralNetFastAI_r126_BAG_L1","NeuralNetFastAI_r146_BAG_L1","NeuralNetFastAI_r156_BAG_L1","NeuralNetFastAI_r33_BAG_L1","NeuralNetTorch_r144_BAG_L1","NeuralNetTorch_r32_BAG_L1","NeuralNetTorch_r34_BAG_L1","NeuralNetTorch_r37_BAG_L1","NeuralNetTorch_r43_BAG_L1","NeuralNetTorch_r47_BAG_L1","XGBoost_r189_BAG_L1","XGBoost_r94_BAG_L1"],"43":["KNeighbors_r12_BAG_L1","KNeighbors_r16_BAG_L1","KNeighbors_r19_BAG_L1","KNeighbors_r31_BAG_L1","KNeighbors_r48_BAG_L1","KNeighbors_r5_BAG_L1","LightGBM_r115_BAG_L1","LightGBM_r116_BAG_L1","LightGBM_r200_BAG_L1","LightGBM_r31_BAG_L1","NeuralNetFastAI_r126_BAG_L1","NeuralNetFastAI_r146_BAG_L1","NeuralNetFastAI_r156_BAG_L1","NeuralNetFastAI_r190_BAG_L1","NeuralNetFastAI_r33_BAG_L1","NeuralNetFastAI_r63_BAG_L1","NeuralNetFastAI_r88_BAG_L1","NeuralNetTorch_r141_BAG_L1","NeuralNetTorch_r144_BAG_L1","NeuralNetTorch_r32_BAG_L1","NeuralNetTorch_r34_BAG_L1","NeuralNetTorch_r37_BAG_L1","NeuralNetTorch_r41_BAG_L1","NeuralNetTorch_r43_BAG_L1","NeuralNetTorch_r47_BAG_L1","XGBoost_r189_BAG_L1","XGBoost_r74_BAG_L1","XGBoost_r94_BAG_L1"],"44":["CatBoost_r162_BAG_L1","CatBoost_r98_BAG_L1","LightGBM_r185_BAG_L1","NeuralNetTorch_r80_BAG_L1","XGBoost_r188_BAG_L1"],"45":["CatBoost_r139_BAG_L1","KNeighbors_r19_BAG_L1","NeuralNetFastAI_r101_BAG_L1","NeuralNetTorch_r47_BAG_L1"],"46":["KNeighbors_r19_BAG_L1","LightGBM_r115_BAG_L1","LightGBM_r31_BAG_L1","NeuralNetFastAI_r146_BAG_L1","NeuralNetFastAI_r33_BAG_L1","NeuralNetTorch_r144_BAG_L1","NeuralNetTorch_r43_BAG_L1","NeuralNetTorch_r47_BAG_L1","XGBoost_r94_BAG_L1"]},"weights":{"0":[0.3333333333,0.3333333333,0.3333333333],"1":[0.3333333333,0.3333333333,0.3333333333],"2":[0.0588235294,0.0588235294,0.0588235294,0.0588235294,0.0588235294,0.0588235294,0.0588235294,0.0588235294,0.0588235294,0.0588235294,0.0588235294,0.0588235294,0.0588235294,0.0588235294,0.0588235294,0.0588235294,0.0588235294],"3":[0.0322580645,0.0322580645,0.0322580645,0.0322580645,0.0322580645,0.0322580645,0.0322580645,0.0322580645,0.0322580645,0.0322580645,0.0322580645,0.0322580645,0.0322580645,0.0322580645,0.0322580645,0.0322580645,0.0322580645,0.0322580645,0.0322580645,0.0322580645,0.0322580645,0.0322580645,0.0322580645,0.0322580645,0.0322580645,0.0322580645,0.0322580645,0.0322580645,0.0322580645,0.0322580645,0.0322580645],"4":[0.0333333333,0.0333333333,0.0333333333,0.0333333333,0.0333333333,0.0666666667,0.0333333333,0.0333333333,0.0333333333,0.0333333333,0.0333333333,0.0333333333,0.0333333333,0.0333333333,0.0333333333,0.0333333333,0.0333333333,0.0333333333,0.0333333333,0.0333333333,0.0333333333,0.0333333333,0.0666666667,0.0333333333,0.0333333333,0.0333333333,0.0333333333,0.0333333333],"5":[0.0588235294,0.0588235294,0.0588235294,0.0588235294,0.0588235294,0.0588235294,0.0588235294,0.0588235294,0.0588235294,0.0588235294,0.0588235294,0.0588235294,0.0588235294,0.0588235294,0.0588235294,0.0588235294,0.0588235294],"6":[0.0434782609,0.0434782609,0.0434782609,0.0434782609,0.0434782609,0.0434782609,0.0434782609,0.0434782609,0.0434782609,0.0434782609,0.0434782609,0.0434782609,0.0434782609,0.0434782609,0.0434782609,0.0434782609,0.0434782609,0.0434782609,0.0434782609,0.0434782609,0.0434782609,0.0434782609,0.0434782609],"7":[0.037037037,0.037037037,0.037037037,0.037037037,0.037037037,0.037037037,0.037037037,0.037037037,0.037037037,0.037037037,0.037037037,0.037037037,0.037037037,0.037037037,0.037037037,0.037037037,0.037037037,0.037037037,0.037037037,0.0740740741,0.037037037,0.037037037,0.037037037,0.037037037,0.037037037,0.037037037],"8":[0.1,0.1,0.1,0.1,0.1,0.1,0.1,0.1,0.1,0.1],"9":[0.1111111111,0.1111111111,0.1111111111,0.1111111111,0.1111111111,0.1111111111,0.1111111111,0.1111111111,0.1111111111],"10":[0.25,0.25,0.25,0.25],"11":[0.3333333333,0.3333333333,0.3333333333],"12":[0.3333333333,0.3333333333,0.3333333333],"13":[0.0588235294,0.0588235294,0.0588235294,0.0588235294,0.0588235294,0.0588235294,0.0588235294,0.0588235294,0.0588235294,0.0588235294,0.0588235294,0.0588235294,0.0588235294,0.0588235294,0.0588235294,0.0588235294,0.0588235294],"14":[0.25,0.25,0.25,0.25],"15":[0.1111111111,0.1111111111,0.1111111111,0.1111111111,0.1111111111,0.1111111111,0.1111111111,0.1111111111,0.1111111111],"16":[0.0476190476,0.0476190476,0.0476190476,0.0476190476,0.0476190476,0.0476190476,0.0476190476,0.0476190476,0.0476190476,0.0476190476,0.0476190476,0.0476190476,0.0476190476,0.0476190476,0.0476190476,0.0476190476,0.0476190476,0.0476190476,0.0476190476,0.0476190476,0.0476190476],"17":[0.0322580645,0.0322580645,0.0322580645,0.0322580645,0.064516129,0.0322580645,0.0322580645,0.0322580645,0.0322580645,0.0322580645,0.0322580645,0.0322580645,0.0322580645,0.0322580645,0.0322580645,0.0322580645,0.0322580645,0.0322580645,0.0322580645,0.0322580645,0.0322580645,0.0322580645,0.0322580645,0.064516129,0.0322580645,0.0322580645,0.0322580645,0.0322580645,0.0322580645],"18":[0.0588235294,0.0588235294,0.0588235294,0.0588235294,0.0588235294,0.0588235294,0.0588235294,0.0588235294,0.0588235294,0.0588235294,0.0588235294,0.0588235294,0.0588235294,0.0588235294,0.0588235294,0.0588235294,0.0588235294],"19":[0.1111111111,0.1111111111,0.1111111111,0.1111111111,0.1111111111,0.1111111111,0.1111111111,0.1111111111,0.1111111111],"20":[0.1428571429,0.1428571429,0.1428571429,0.1428571429,0.1428571429,0.1428571429,0.1428571429],"21":[0.0384615385,0.0384615385,0.0384615385,0.0384615385,0.0384615385,0.0384615385,0.0384615385,0.0384615385,0.0384615385,0.0384615385,0.0384615385,0.0384615385,0.0384615385,0.0384615385,0.0384615385,0.0384615385,0.0384615385,0.0384615385,0.0384615385,0.0769230769,0.0384615385,0.0384615385,0.0384615385,0.0384615385,0.0384615385],"22":[0.03125,0.03125,0.03125,0.03125,0.0625,0.03125,0.03125,0.03125,0.03125,0.03125,0.03125,0.03125,0.03125,0.03125,0.03125,0.03125,0.03125,0.03125,0.03125,0.03125,0.03125,0.03125,0.03125,0.03125,0.0625,0.03125,0.03125,0.03125,0.03125,0.03125],"23":[0.03125,0.03125,0.03125,0.03125,0.0625,0.03125,0.03125,0.03125,0.03125,0.03125,0.03125,0.03125,0.03125,0.03125,0.03125,0.03125,0.03125,0.03125,0.03125,0.03125,0.03125,0.03125,0.03125,0.03125,0.0625,0.03125,0.03125,0.03125,0.03125,0.03125],"24":[0.0454545455,0.0454545455,0.0454545455,0.0454545455,0.0454545455,0.0454545455,0.0454545455,0.0454545455,0.0454545455,0.0454545455,0.0454545455,0.0454545455,0.0454545455,0.0454545455,0.0454545455,0.0454545455,0.0454545455,0.0454545455,0.0454545455,0.0454545455,0.0454545455,0.0454545455],"25":[0.0434782609,0.0434782609,0.0434782609,0.0434782609,0.0434782609,0.0434782609,0.0434782609,0.0434782609,0.0434782609,0.0434782609,0.0434782609,0.0434782609,0.0434782609,0.0434782609,0.0434782609,0.0434782609,0.0434782609,0.0434782609,0.0434782609,0.0434782609,0.0434782609,0.0434782609,0.0434782609],"26":[0.1,0.1,0.1,0.1,0.1,0.1,0.1,0.1,0.1,0.1],"27":[0.3333333333,0.3333333333,0.3333333333],"28":[0.5,0.5],"29":[0.0434782609,0.0434782609,0.0434782609,0.0434782609,0.0434782609,0.0434782609,0.0434782609,0.0434782609,0.0434782609,0.0434782609,0.0434782609,0.0434782609,0.0434782609,0.0434782609,0.0434782609,0.0434782609,0.0434782609,0.0434782609,0.0434782609,0.0434782609,0.0434782609,0.0434782609,0.0434782609],"30":[0.5,0.5],"31":[0.1666666667,0.1666666667,0.1666666667,0.1666666667,0.1666666667,0.1666666667],"32":[0.0416666667,0.0416666667,0.0416666667,0.0416666667,0.0416666667,0.0416666667,0.0416666667,0.0416666667,0.0416666667,0.0416666667,0.0416666667,0.0416666667,0.0416666667,0.0416666667,0.0416666667,0.0416666667,0.0416666667,0.0416666667,0.0416666667,0.0416666667,0.0416666667,0.0416666667,0.0416666667,0.0416666667],"33":[0.3333333333,0.3333333333,0.3333333333],"34":[0.1111111111,0.1111111111,0.1111111111,0.1111111111,0.1111111111,0.1111111111,0.1111111111,0.1111111111,0.1111111111],"35":[0.3333333333,0.3333333333,0.3333333333],"36":[0.03125,0.03125,0.03125,0.03125,0.03125,0.03125,0.03125,0.03125,0.03125,0.03125,0.03125,0.03125,0.03125,0.03125,0.03125,0.03125,0.03125,0.03125,0.03125,0.03125,0.03125,0.03125,0.03125,0.03125,0.03125,0.03125,0.03125,0.03125,0.03125,0.03125,0.03125,0.03125],"37":[0.0344827586,0.0344827586,0.0344827586,0.0344827586,0.0689655172,0.0344827586,0.0344827586,0.0344827586,0.0344827586,0.0344827586,0.0344827586,0.0344827586,0.0344827586,0.0344827586,0.0344827586,0.0344827586,0.0344827586,0.0344827586,0.0344827586,0.0344827586,0.0344827586,0.0689655172,0.0344827586,0.0344827586,0.0344827586,0.0344827586,0.0344827586],"38":[0.0625,0.0625,0.0625,0.0625,0.0625,0.0625,0.0625,0.0625,0.0625,0.0625,0.0625,0.0625,0.0625,0.0625,0.0625,0.0625],"39":[0.0277777778,0.0277777778,0.0277777778,0.0277777778,0.0277777778,0.0277777778,0.0277777778,0.0277777778,0.0277777778,0.0277777778,0.0277777778,0.0277777778,0.0277777778,0.0277777778,0.0277777778,0.0277777778,0.0277777778,0.0277777778,0.0277777778,0.0277777778,0.0277777778,0.0277777778,0.0277777778,0.0277777778,0.0277777778,0.0277777778,0.0277777778,0.0277777778,0.0555555556,0.0277777778,0.0277777778,0.0277777778,0.0277777778,0.0277777778,0.0277777778],"40":[0.25,0.25,0.25,0.25],"41":[0.0333333333,0.0333333333,0.0333333333,0.0333333333,0.0333333333,0.0333333333,0.0333333333,0.0333333333,0.0333333333,0.0333333333,0.0333333333,0.0333333333,0.0333333333,0.0333333333,0.0333333333,0.0333333333,0.0333333333,0.0333333333,0.0333333333,0.0333333333,0.0333333333,0.0333333333,0.0333333333,0.0333333333,0.0333333333,0.0333333333,0.0333333333,0.0333333333,0.0333333333,0.0333333333],"42":[0.0555555556,0.0555555556,0.0555555556,0.0555555556,0.0555555556,0.0555555556,0.0555555556,0.0555555556,0.0555555556,0.0555555556,0.0555555556,0.0555555556,0.0555555556,0.0555555556,0.0555555556,0.0555555556,0.0555555556,0.0555555556],"43":[0.0333333333,0.0333333333,0.0333333333,0.0333333333,0.0333333333,0.0666666667,0.0333333333,0.0333333333,0.0333333333,0.0333333333,0.0333333333,0.0333333333,0.0333333333,0.0333333333,0.0333333333,0.0333333333,0.0333333333,0.0333333333,0.0333333333,0.0333333333,0.0333333333,0.0333333333,0.0666666667,0.0333333333,0.0333333333,0.0333333333,0.0333333333,0.0333333333],"44":[0.2,0.2,0.2,0.2,0.2],"45":[0.25,0.25,0.25,0.25],"46":[0.1111111111,0.1111111111,0.1111111111,0.1111111111,0.1111111111,0.1111111111,0.1111111111,0.1111111111,0.1111111111]},"meta":{"0":16,"1":6,"2":17,"3":9,"4":21,"5":3,"6":3,"7":2,"8":3,"9":2,"10":9,"11":3,"12":3,"13":4,"14":4,"15":3,"16":17,"17":5,"18":9,"19":10,"20":3,"21":7,"22":9,"23":18,"24":17,"25":30,"26":26,"27":32,"28":32,"29":36,"30":17,"31":4,"32":4,"33":10,"34":24,"35":22,"36":23,"37":23,"38":23,"39":27,"40":32,"41":29,"42":30,"43":30,"44":31,"45":9,"46":31},"task":{"0":"14954_1","1":"14954_1","2":"14954_1","3":"14954_1","4":"14954_1","5":"14954_1","6":"14954_1","7":"14954_1","8":"14954_1","9":"14954_1","10":"14954_1","11":"14954_1","12":"14954_1","13":"14954_1","14":"14954_1","15":"14954_1","16":"14954_1","17":"14954_1","18":"14954_1","19":"14954_1","20":"14954_1","21":"14954_1","22":"14954_1","23":"14954_1","24":"14954_1","25":"14954_1","26":"14954_1","27":"14954_1","28":"14954_1","29":"14954_1","30":"14954_1","31":"14954_1","32":"14954_1","33":"14954_1","34":"14954_1","35":"14954_1","36":"14954_1","37":"14954_1","38":"14954_1","39":"14954_1","40":"14954_1","41":"14954_1","42":"14954_1","43":"14954_1","44":"14954_1","45":"14954_1","46":"14954_1"},"dataset":{"0":"cylinder-bands","1":"cylinder-bands","2":"cylinder-bands","3":"cylinder-bands","4":"cylinder-bands","5":"cylinder-bands","6":"cylinder-bands","7":"cylinder-bands","8":"cylinder-bands","9":"cylinder-bands","10":"cylinder-bands","11":"cylinder-bands","12":"cylinder-bands","13":"cylinder-bands","14":"cylinder-bands","15":"cylinder-bands","16":"cylinder-bands","17":"cylinder-bands","18":"cylinder-bands","19":"cylinder-bands","20":"cylinder-bands","21":"cylinder-bands","22":"cylinder-bands","23":"cylinder-bands","24":"cylinder-bands","25":"cylinder-bands","26":"cylinder-bands","27":"cylinder-bands","28":"cylinder-bands","29":"cylinder-bands","30":"cylinder-bands","31":"cylinder-bands","32":"cylinder-bands","33":"cylinder-bands","34":"cylinder-bands","35":"cylinder-bands","36":"cylinder-bands","37":"cylinder-bands","38":"cylinder-bands","39":"cylinder-bands","40":"cylinder-bands","41":"cylinder-bands","42":"cylinder-bands","43":"cylinder-bands","44":"cylinder-bands","45":"cylinder-bands","46":"cylinder-bands"},"fold":{"0":1,"1":1,"2":1,"3":1,"4":1,"5":1,"6":1,"7":1,"8":1,"9":1,"10":1,"11":1,"12":1,"13":1,"14":1,"15":1,"16":1,"17":1,"18":1,"19":1,"20":1,"21":1,"22":1,"23":1,"24":1,"25":1,"26":1,"27":1,"28":1,"29":1,"30":1,"31":1,"32":1,"33":1,"34":1,"35":1,"36":1,"37":1,"38":1,"39":1,"40":1,"41":1,"42":1,"43":1,"44":1,"45":1,"46":1},"method":{"0":"INFER_TIME_QDO","1":"INFER_TIME_QDO","2":"INFER_TIME_QDO","3":"INFER_TIME_QDO","4":"INFER_TIME_QDO","5":"INFER_TIME_QDO","6":"INFER_TIME_QDO","7":"INFER_TIME_QDO","8":"INFER_TIME_QDO","9":"INFER_TIME_QDO","10":"INFER_TIME_QDO","11":"INFER_TIME_QDO","12":"INFER_TIME_QDO","13":"INFER_TIME_QDO","14":"INFER_TIME_QDO","15":"INFER_TIME_QDO","16":"INFER_TIME_QDO","17":"INFER_TIME_QDO","18":"INFER_TIME_QDO","19":"INFER_TIME_QDO","20":"INFER_TIME_QDO","21":"INFER_TIME_QDO","22":"INFER_TIME_QDO","23":"INFER_TIME_QDO","24":"INFER_TIME_QDO","25":"INFER_TIME_QDO","26":"INFER_TIME_QDO","27":"INFER_TIME_QDO","28":"INFER_TIME_QDO","29":"INFER_TIME_QDO","30":"INFER_TIME_QDO","31":"INFER_TIME_QDO","32":"INFER_TIME_QDO","33":"INFER_TIME_QDO","34":"INFER_TIME_QDO","35":"INFER_TIME_QDO","36":"INFER_TIME_QDO","37":"INFER_TIME_QDO","38":"INFER_TIME_QDO","39":"INFER_TIME_QDO","40":"INFER_TIME_QDO","41":"INFER_TIME_QDO","42":"INFER_TIME_QDO","43":"INFER_TIME_QDO","44":"INFER_TIME_QDO","45":"INFER_TIME_QDO","46":"INFER_TIME_QDO"}}