{"name":{"0":"INFER_TIME_QDO_0","1":"INFER_TIME_QDO_1","2":"INFER_TIME_QDO_2","3":"INFER_TIME_QDO_3","4":"INFER_TIME_QDO_4","5":"INFER_TIME_QDO_5","6":"INFER_TIME_QDO_6","7":"INFER_TIME_QDO_7","8":"INFER_TIME_QDO_8","9":"INFER_TIME_QDO_9","10":"INFER_TIME_QDO_10","11":"INFER_TIME_QDO_11","12":"INFER_TIME_QDO_12","13":"INFER_TIME_QDO_13","14":"INFER_TIME_QDO_14","15":"INFER_TIME_QDO_15","16":"INFER_TIME_QDO_16","17":"INFER_TIME_QDO_17","18":"INFER_TIME_QDO_18","19":"INFER_TIME_QDO_19","20":"INFER_TIME_QDO_20","21":"INFER_TIME_QDO_21","22":"INFER_TIME_QDO_22","23":"INFER_TIME_QDO_23","24":"INFER_TIME_QDO_24","25":"INFER_TIME_QDO_25","26":"INFER_TIME_QDO_26","27":"INFER_TIME_QDO_27","28":"INFER_TIME_QDO_28","29":"INFER_TIME_QDO_29","30":"INFER_TIME_QDO_30","31":"INFER_TIME_QDO_31","32":"INFER_TIME_QDO_32","33":"INFER_TIME_QDO_33","34":"INFER_TIME_QDO_34","35":"INFER_TIME_QDO_35","36":"INFER_TIME_QDO_36","37":"INFER_TIME_QDO_37","38":"INFER_TIME_QDO_38","39":"INFER_TIME_QDO_39","40":"INFER_TIME_QDO_40","41":"INFER_TIME_QDO_41","42":"INFER_TIME_QDO_42","43":"INFER_TIME_QDO_43","44":"INFER_TIME_QDO_44"},"roc_auc_val":{"0":0.8883829198,"1":0.8921197146,"2":0.8899785959,"3":0.8917948528,"4":0.8907584057,"5":0.8915717975,"6":0.8820079925,"7":0.8921317334,"8":0.8922218746,"9":0.8895105686,"10":0.8926810645,"11":0.8904932845,"12":0.8920203825,"13":0.8838451056,"14":0.8851961632,"15":0.8926573804,"16":0.8798456641,"17":0.8899966241,"18":0.8828182029,"19":0.8926566734,"20":0.8926874274,"21":0.8920087172,"22":0.8926057701,"23":0.8926750551,"24":0.8921218356,"25":0.8885897144,"26":0.8886833905,"27":0.8925965792,"28":0.8920440667,"29":0.8890156757,"30":0.8887876715,"31":0.8865405043,"32":0.8823738598,"33":0.8918231324,"34":0.8877066841,"35":0.8760593801,"36":0.8909277297,"37":0.8919574604,"38":0.8924184178,"39":0.8842357175,"40":0.8922275305,"41":0.889481582,"42":0.8866278176,"43":0.8921186541,"44":0.8918195974},"roc_auc_test":{"0":0.8944323519,"1":0.8925134609,"2":0.8951197159,"3":0.8917115363,"4":0.8948905946,"5":0.8943750716,"6":0.8865276664,"7":0.8927712224,"8":0.8928571429,"9":0.8939741093,"10":0.892885783,"11":0.895320197,"12":0.892542101,"13":0.8935158667,"14":0.8892771222,"15":0.8928285027,"16":0.8893344026,"17":0.8949765151,"18":0.8909955321,"19":0.8925993814,"20":0.8926853019,"21":0.8922270592,"22":0.8926853019,"23":0.8927712224,"24":0.8923702601,"25":0.892885783,"26":0.8929717035,"27":0.8926280215,"28":0.8933153855,"29":0.8942318708,"30":0.8938881888,"31":0.8905372895,"32":0.8903940887,"33":0.8934872265,"34":0.8893057624,"35":0.879338985,"36":0.8929144232,"37":0.8935158667,"38":0.8925707412,"39":0.8952056364,"40":0.8924275404,"41":0.8901936075,"42":0.8894776034,"43":0.8927998625,"44":0.8923702601},"models_used":{"0":["RandomForest_c1_BAG_L1","XGBoost_r34_BAG_L1","XGBoost_r95_BAG_L1"],"1":["CatBoost_r183_BAG_L1","CatBoost_r78_BAG_L1","FTTransformer_c1_BAG_L1","KNeighbors_r19_BAG_L1","LightGBM_r14_BAG_L1","LightGBM_r31_BAG_L1","NeuralNetTorch_r142_BAG_L1","NeuralNetTorch_r161_BAG_L1","NeuralNetTorch_r165_BAG_L1","NeuralNetTorch_r19_BAG_L1","NeuralNetTorch_r43_BAG_L1","NeuralNetTorch_r58_BAG_L1","NeuralNetTorch_r64_BAG_L1","NeuralNetTorch_r74_BAG_L1","RandomForest_c1_BAG_L1","RandomForest_r114_BAG_L1","RandomForest_r134_BAG_L1","XGBoost_r107_BAG_L1","XGBoost_r153_BAG_L1","XGBoost_r34_BAG_L1","XGBoost_r39_BAG_L1","XGBoost_r40_BAG_L1","XGBoost_r4_BAG_L1"],"2":["CatBoost_r183_BAG_L1","CatBoost_r39_BAG_L1","NeuralNetTorch_r142_BAG_L1","NeuralNetTorch_r159_BAG_L1","RandomForest_c1_BAG_L1","XGBoost_r34_BAG_L1","XGBoost_r39_BAG_L1"],"3":["CatBoost_r183_BAG_L1","CatBoost_r28_BAG_L1","CatBoost_r39_BAG_L1","CatBoost_r78_BAG_L1","ExtraTrees_r190_BAG_L1","FTTransformer_c1_BAG_L1","KNeighbors_r19_BAG_L1","KNeighbors_r40_BAG_L1","LightGBM_r113_BAG_L1","LightGBM_r14_BAG_L1","LightGBM_r31_BAG_L1","NeuralNetFastAI_r82_BAG_L1","NeuralNetTorch_r142_BAG_L1","NeuralNetTorch_r159_BAG_L1","NeuralNetTorch_r161_BAG_L1","NeuralNetTorch_r19_BAG_L1","NeuralNetTorch_r43_BAG_L1","NeuralNetTorch_r52_BAG_L1","NeuralNetTorch_r58_BAG_L1","NeuralNetTorch_r64_BAG_L1","NeuralNetTorch_r74_BAG_L1","NeuralNetTorch_r91_BAG_L1","RandomForest_c1_BAG_L1","RandomForest_r114_BAG_L1","RandomForest_r134_BAG_L1","RandomForest_r148_BAG_L1","XGBoost_r104_BAG_L1","XGBoost_r107_BAG_L1","XGBoost_r153_BAG_L1","XGBoost_r34_BAG_L1","XGBoost_r39_BAG_L1","XGBoost_r40_BAG_L1","XGBoost_r4_BAG_L1","XGBoost_r50_BAG_L1"],"4":["CatBoost_r183_BAG_L1","CatBoost_r78_BAG_L1","FTTransformer_c1_BAG_L1","NeuralNetTorch_r142_BAG_L1","NeuralNetTorch_r20_BAG_L1","NeuralNetTorch_r64_BAG_L1","RandomForest_c1_BAG_L1","RandomForest_r42_BAG_L1","XGBoost_r147_BAG_L1","XGBoost_r34_BAG_L1","XGBoost_r39_BAG_L1","XGBoost_r40_BAG_L1"],"5":["CatBoost_r183_BAG_L1","CatBoost_r78_BAG_L1","FTTransformer_c1_BAG_L1","LightGBM_r14_BAG_L1","LightGBM_r31_BAG_L1","NeuralNetTorch_r142_BAG_L1","NeuralNetTorch_r160_BAG_L1","NeuralNetTorch_r161_BAG_L1","NeuralNetTorch_r58_BAG_L1","NeuralNetTorch_r64_BAG_L1","NeuralNetTorch_r74_BAG_L1","RandomForest_c1_BAG_L1","XGBoost_r34_BAG_L1","XGBoost_r39_BAG_L1","XGBoost_r40_BAG_L1","XGBoost_r4_BAG_L1","XGBoost_r50_BAG_L1"],"6":["ExtraTrees_r7_BAG_L1","RandomForest_r129_BAG_L1","XGBoost_r184_BAG_L1"],"7":["CatBoost_r183_BAG_L1","CatBoost_r78_BAG_L1","FTTransformer_c1_BAG_L1","KNeighbors_r19_BAG_L1","LightGBM_r14_BAG_L1","LightGBM_r31_BAG_L1","NeuralNetTorch_r142_BAG_L1","NeuralNetTorch_r161_BAG_L1","NeuralNetTorch_r19_BAG_L1","NeuralNetTorch_r43_BAG_L1","NeuralNetTorch_r58_BAG_L1","NeuralNetTorch_r64_BAG_L1","NeuralNetTorch_r74_BAG_L1","RandomForest_c1_BAG_L1","RandomForest_r114_BAG_L1","RandomForest_r144_BAG_L1","XGBoost_r107_BAG_L1","XGBoost_r34_BAG_L1","XGBoost_r39_BAG_L1","XGBoost_r40_BAG_L1","XGBoost_r4_BAG_L1"],"8":["CatBoost_r183_BAG_L1","CatBoost_r78_BAG_L1","FTTransformer_c1_BAG_L1","KNeighbors_r19_BAG_L1","KNeighbors_r40_BAG_L1","LightGBM_r113_BAG_L1","LightGBM_r14_BAG_L1","LightGBM_r31_BAG_L1","NeuralNetTorch_r142_BAG_L1","NeuralNetTorch_r161_BAG_L1","NeuralNetTorch_r19_BAG_L1","NeuralNetTorch_r43_BAG_L1","NeuralNetTorch_r58_BAG_L1","NeuralNetTorch_r64_BAG_L1","NeuralNetTorch_r74_BAG_L1","RandomForest_c1_BAG_L1","RandomForest_r114_BAG_L1","RandomForest_r134_BAG_L1","RandomForest_r148_BAG_L1","XGBoost_r104_BAG_L1","XGBoost_r107_BAG_L1","XGBoost_r153_BAG_L1","XGBoost_r34_BAG_L1","XGBoost_r39_BAG_L1","XGBoost_r40_BAG_L1","XGBoost_r4_BAG_L1"],"9":["CatBoost_r28_BAG_L1","CatBoost_r39_BAG_L1","CatBoost_r78_BAG_L1","ExtraTrees_r190_BAG_L1","FTTransformer_c1_BAG_L1","KNeighbors_r38_BAG_L1","LightGBM_r180_BAG_L1","NeuralNetFastAI_r51_BAG_L1","NeuralNetFastAI_r7_BAG_L1","NeuralNetTorch_r159_BAG_L1","RandomForest_c1_BAG_L1","RandomForest_r194_BAG_L1","XGBoost_r153_BAG_L1","XGBoost_r167_BAG_L1","XGBoost_r176_BAG_L1","XGBoost_r34_BAG_L1","XGBoost_r40_BAG_L1"],"10":["CatBoost_r183_BAG_L1","CatBoost_r28_BAG_L1","CatBoost_r78_BAG_L1","ExtraTrees_r190_BAG_L1","FTTransformer_c1_BAG_L1","KNeighbors_r19_BAG_L1","KNeighbors_r40_BAG_L1","LightGBM_r113_BAG_L1","LightGBM_r14_BAG_L1","LightGBM_r31_BAG_L1","NeuralNetTorch_r120_BAG_L1","NeuralNetTorch_r142_BAG_L1","NeuralNetTorch_r161_BAG_L1","NeuralNetTorch_r19_BAG_L1","NeuralNetTorch_r43_BAG_L1","NeuralNetTorch_r52_BAG_L1","NeuralNetTorch_r58_BAG_L1","NeuralNetTorch_r64_BAG_L1","NeuralNetTorch_r74_BAG_L1","NeuralNetTorch_r88_BAG_L1","RandomForest_c1_BAG_L1","RandomForest_r114_BAG_L1","RandomForest_r134_BAG_L1","RandomForest_r148_BAG_L1","RandomForest_r42_BAG_L1","XGBoost_r104_BAG_L1","XGBoost_r107_BAG_L1","XGBoost_r153_BAG_L1","XGBoost_r34_BAG_L1","XGBoost_r39_BAG_L1","XGBoost_r40_BAG_L1","XGBoost_r4_BAG_L1","XGBoost_r50_BAG_L1","XGBoost_r95_BAG_L1"],"11":["CatBoost_r123_BAG_L1","CatBoost_r183_BAG_L1","NeuralNetTorch_r142_BAG_L1","RandomForest_c1_BAG_L1","RandomForest_r112_BAG_L1","XGBoost_r161_BAG_L1","XGBoost_r34_BAG_L1","XGBoost_r39_BAG_L1"],"12":["CatBoost_r183_BAG_L1","CatBoost_r78_BAG_L1","FTTransformer_c1_BAG_L1","KNeighbors_r19_BAG_L1","LightGBM_r14_BAG_L1","LightGBM_r31_BAG_L1","LightGBM_r67_BAG_L1","NeuralNetTorch_r142_BAG_L1","NeuralNetTorch_r161_BAG_L1","NeuralNetTorch_r43_BAG_L1","NeuralNetTorch_r58_BAG_L1","NeuralNetTorch_r64_BAG_L1","NeuralNetTorch_r74_BAG_L1","RandomForest_c1_BAG_L1","RandomForest_r114_BAG_L1","XGBoost_r34_BAG_L1","XGBoost_r39_BAG_L1","XGBoost_r40_BAG_L1","XGBoost_r4_BAG_L1"],"13":["KNeighbors_r39_BAG_L1","NeuralNetFastAI_r190_BAG_L1","RandomForest_c1_BAG_L1","XGBoost_r101_BAG_L1","XGBoost_r34_BAG_L1"],"14":["NeuralNetFastAI_r108_BAG_L1","RandomForest_c1_BAG_L1","XGBoost_r34_BAG_L1"],"15":["CatBoost_r183_BAG_L1","CatBoost_r28_BAG_L1","CatBoost_r78_BAG_L1","ExtraTrees_r190_BAG_L1","FTTransformer_c1_BAG_L1","KNeighbors_r19_BAG_L1","KNeighbors_r40_BAG_L1","LightGBM_r113_BAG_L1","LightGBM_r14_BAG_L1","LightGBM_r31_BAG_L1","NeuralNetTorch_r120_BAG_L1","NeuralNetTorch_r142_BAG_L1","NeuralNetTorch_r161_BAG_L1","NeuralNetTorch_r189_BAG_L1","NeuralNetTorch_r19_BAG_L1","NeuralNetTorch_r43_BAG_L1","NeuralNetTorch_r52_BAG_L1","NeuralNetTorch_r58_BAG_L1","NeuralNetTorch_r64_BAG_L1","NeuralNetTorch_r74_BAG_L1","NeuralNetTorch_r88_BAG_L1","RandomForest_c1_BAG_L1","RandomForest_r114_BAG_L1","RandomForest_r134_BAG_L1","RandomForest_r148_BAG_L1","RandomForest_r42_BAG_L1","XGBoost_r104_BAG_L1","XGBoost_r107_BAG_L1","XGBoost_r153_BAG_L1","XGBoost_r34_BAG_L1","XGBoost_r39_BAG_L1","XGBoost_r40_BAG_L1","XGBoost_r4_BAG_L1","XGBoost_r50_BAG_L1","XGBoost_r79_BAG_L1"],"16":["NeuralNetFastAI_r141_BAG_L1","XGBoost_r21_BAG_L1"],"17":["CatBoost_r123_BAG_L1","CatBoost_r183_BAG_L1","NeuralNetTorch_r142_BAG_L1","NeuralNetTorch_r29_BAG_L1","RandomForest_c1_BAG_L1","XGBoost_r34_BAG_L1","XGBoost_r39_BAG_L1"],"18":["ExtraTrees_r7_BAG_L1","RandomForest_r56_BAG_L1","XGBoost_r184_BAG_L1"],"19":["CatBoost_r183_BAG_L1","CatBoost_r28_BAG_L1","CatBoost_r78_BAG_L1","ExtraTrees_r190_BAG_L1","FTTransformer_c1_BAG_L1","KNeighbors_r19_BAG_L1","KNeighbors_r40_BAG_L1","LightGBM_r113_BAG_L1","LightGBM_r14_BAG_L1","LightGBM_r31_BAG_L1","NeuralNetTorch_r120_BAG_L1","NeuralNetTorch_r142_BAG_L1","NeuralNetTorch_r161_BAG_L1","NeuralNetTorch_r19_BAG_L1","NeuralNetTorch_r43_BAG_L1","NeuralNetTorch_r52_BAG_L1","NeuralNetTorch_r58_BAG_L1","NeuralNetTorch_r64_BAG_L1","NeuralNetTorch_r74_BAG_L1","NeuralNetTorch_r88_BAG_L1","RandomForest_c1_BAG_L1","RandomForest_r114_BAG_L1","RandomForest_r134_BAG_L1","RandomForest_r148_BAG_L1","XGBoost_r104_BAG_L1","XGBoost_r107_BAG_L1","XGBoost_r153_BAG_L1","XGBoost_r161_BAG_L1","XGBoost_r34_BAG_L1","XGBoost_r39_BAG_L1","XGBoost_r40_BAG_L1","XGBoost_r4_BAG_L1","XGBoost_r50_BAG_L1"],"20":["CatBoost_r183_BAG_L1","CatBoost_r28_BAG_L1","CatBoost_r78_BAG_L1","ExtraTrees_r190_BAG_L1","FTTransformer_c1_BAG_L1","KNeighbors_r19_BAG_L1","KNeighbors_r40_BAG_L1","LightGBM_r113_BAG_L1","LightGBM_r14_BAG_L1","LightGBM_r31_BAG_L1","NeuralNetTorch_r120_BAG_L1","NeuralNetTorch_r142_BAG_L1","NeuralNetTorch_r161_BAG_L1","NeuralNetTorch_r19_BAG_L1","NeuralNetTorch_r43_BAG_L1","NeuralNetTorch_r52_BAG_L1","NeuralNetTorch_r58_BAG_L1","NeuralNetTorch_r64_BAG_L1","NeuralNetTorch_r74_BAG_L1","NeuralNetTorch_r88_BAG_L1","RandomForest_c1_BAG_L1","RandomForest_r114_BAG_L1","RandomForest_r134_BAG_L1","RandomForest_r148_BAG_L1","RandomForest_r42_BAG_L1","XGBoost_r104_BAG_L1","XGBoost_r107_BAG_L1","XGBoost_r153_BAG_L1","XGBoost_r34_BAG_L1","XGBoost_r39_BAG_L1","XGBoost_r40_BAG_L1","XGBoost_r4_BAG_L1","XGBoost_r50_BAG_L1"],"21":["CatBoost_r183_BAG_L1","CatBoost_r39_BAG_L1","CatBoost_r78_BAG_L1","FTTransformer_c1_BAG_L1","KNeighbors_r19_BAG_L1","LightGBM_r14_BAG_L1","LightGBM_r31_BAG_L1","NeuralNetTorch_r142_BAG_L1","NeuralNetTorch_r159_BAG_L1","NeuralNetTorch_r161_BAG_L1","NeuralNetTorch_r19_BAG_L1","NeuralNetTorch_r43_BAG_L1","NeuralNetTorch_r58_BAG_L1","NeuralNetTorch_r64_BAG_L1","NeuralNetTorch_r74_BAG_L1","RandomForest_c1_BAG_L1","RandomForest_r114_BAG_L1","XGBoost_r34_BAG_L1","XGBoost_r39_BAG_L1","XGBoost_r40_BAG_L1","XGBoost_r4_BAG_L1"],"22":["CatBoost_r183_BAG_L1","CatBoost_r28_BAG_L1","CatBoost_r78_BAG_L1","ExtraTrees_r190_BAG_L1","ExtraTrees_r58_BAG_L1","FTTransformer_c1_BAG_L1","KNeighbors_r19_BAG_L1","KNeighbors_r40_BAG_L1","LightGBM_r113_BAG_L1","LightGBM_r14_BAG_L1","LightGBM_r31_BAG_L1","NeuralNetTorch_r120_BAG_L1","NeuralNetTorch_r142_BAG_L1","NeuralNetTorch_r161_BAG_L1","NeuralNetTorch_r19_BAG_L1","NeuralNetTorch_r43_BAG_L1","NeuralNetTorch_r52_BAG_L1","NeuralNetTorch_r58_BAG_L1","NeuralNetTorch_r64_BAG_L1","NeuralNetTorch_r74_BAG_L1","NeuralNetTorch_r88_BAG_L1","RandomForest_c1_BAG_L1","RandomForest_r114_BAG_L1","RandomForest_r134_BAG_L1","RandomForest_r148_BAG_L1","RandomForest_r42_BAG_L1","XGBoost_r104_BAG_L1","XGBoost_r107_BAG_L1","XGBoost_r153_BAG_L1","XGBoost_r34_BAG_L1","XGBoost_r39_BAG_L1","XGBoost_r40_BAG_L1","XGBoost_r4_BAG_L1","XGBoost_r50_BAG_L1"],"23":["CatBoost_r183_BAG_L1","CatBoost_r28_BAG_L1","CatBoost_r78_BAG_L1","ExtraTrees_r190_BAG_L1","FTTransformer_c1_BAG_L1","KNeighbors_r19_BAG_L1","KNeighbors_r40_BAG_L1","LightGBM_r113_BAG_L1","LightGBM_r14_BAG_L1","LightGBM_r31_BAG_L1","NeuralNetTorch_r120_BAG_L1","NeuralNetTorch_r142_BAG_L1","NeuralNetTorch_r161_BAG_L1","NeuralNetTorch_r19_BAG_L1","NeuralNetTorch_r43_BAG_L1","NeuralNetTorch_r52_BAG_L1","NeuralNetTorch_r58_BAG_L1","NeuralNetTorch_r64_BAG_L1","NeuralNetTorch_r74_BAG_L1","NeuralNetTorch_r88_BAG_L1","RandomForest_c1_BAG_L1","RandomForest_r114_BAG_L1","RandomForest_r134_BAG_L1","RandomForest_r148_BAG_L1","RandomForest_r42_BAG_L1","RandomForest_r49_BAG_L1","XGBoost_r104_BAG_L1","XGBoost_r107_BAG_L1","XGBoost_r153_BAG_L1","XGBoost_r34_BAG_L1","XGBoost_r39_BAG_L1","XGBoost_r40_BAG_L1","XGBoost_r4_BAG_L1","XGBoost_r50_BAG_L1"],"24":["CatBoost_r183_BAG_L1","CatBoost_r28_BAG_L1","CatBoost_r78_BAG_L1","ExtraTrees_r190_BAG_L1","FTTransformer_c1_BAG_L1","KNeighbors_r19_BAG_L1","KNeighbors_r40_BAG_L1","LightGBM_r113_BAG_L1","LightGBM_r14_BAG_L1","LightGBM_r31_BAG_L1","NeuralNetTorch_r141_BAG_L1","NeuralNetTorch_r142_BAG_L1","NeuralNetTorch_r161_BAG_L1","NeuralNetTorch_r19_BAG_L1","NeuralNetTorch_r21_BAG_L1","NeuralNetTorch_r43_BAG_L1","NeuralNetTorch_r52_BAG_L1","NeuralNetTorch_r58_BAG_L1","NeuralNetTorch_r64_BAG_L1","NeuralNetTorch_r74_BAG_L1","RandomForest_c1_BAG_L1","RandomForest_r114_BAG_L1","RandomForest_r134_BAG_L1","RandomForest_r148_BAG_L1","XGBoost_r104_BAG_L1","XGBoost_r107_BAG_L1","XGBoost_r153_BAG_L1","XGBoost_r34_BAG_L1","XGBoost_r39_BAG_L1","XGBoost_r40_BAG_L1","XGBoost_r4_BAG_L1","XGBoost_r50_BAG_L1"],"25":["CatBoost_r39_BAG_L1","CatBoost_r78_BAG_L1","FTTransformer_c1_BAG_L1","LightGBM_r180_BAG_L1","NeuralNetFastAI_r51_BAG_L1","NeuralNetFastAI_r7_BAG_L1","NeuralNetTorch_r159_BAG_L1","RandomForest_c1_BAG_L1","XGBoost_r176_BAG_L1","XGBoost_r34_BAG_L1","XGBoost_r40_BAG_L1"],"26":["CatBoost_r39_BAG_L1","CatBoost_r78_BAG_L1","FTTransformer_c1_BAG_L1","LightGBM_r180_BAG_L1","NeuralNetFastAI_r51_BAG_L1","NeuralNetFastAI_r7_BAG_L1","NeuralNetTorch_r159_BAG_L1","RandomForest_c1_BAG_L1","RandomForest_r194_BAG_L1","XGBoost_r176_BAG_L1","XGBoost_r34_BAG_L1","XGBoost_r40_BAG_L1"],"27":["CatBoost_r123_BAG_L1","CatBoost_r183_BAG_L1","CatBoost_r28_BAG_L1","CatBoost_r78_BAG_L1","ExtraTrees_r190_BAG_L1","FTTransformer_c1_BAG_L1","KNeighbors_r19_BAG_L1","KNeighbors_r40_BAG_L1","LightGBM_r113_BAG_L1","LightGBM_r14_BAG_L1","LightGBM_r31_BAG_L1","NeuralNetTorch_r120_BAG_L1","NeuralNetTorch_r142_BAG_L1","NeuralNetTorch_r161_BAG_L1","NeuralNetTorch_r19_BAG_L1","NeuralNetTorch_r43_BAG_L1","NeuralNetTorch_r52_BAG_L1","NeuralNetTorch_r58_BAG_L1","NeuralNetTorch_r64_BAG_L1","NeuralNetTorch_r74_BAG_L1","NeuralNetTorch_r88_BAG_L1","RandomForest_c1_BAG_L1","RandomForest_r114_BAG_L1","RandomForest_r134_BAG_L1","RandomForest_r148_BAG_L1","RandomForest_r42_BAG_L1","XGBoost_r104_BAG_L1","XGBoost_r107_BAG_L1","XGBoost_r153_BAG_L1","XGBoost_r161_BAG_L1","XGBoost_r34_BAG_L1","XGBoost_r39_BAG_L1","XGBoost_r40_BAG_L1","XGBoost_r4_BAG_L1","XGBoost_r50_BAG_L1"],"28":["CatBoost_r183_BAG_L1","CatBoost_r78_BAG_L1","FTTransformer_c1_BAG_L1","KNeighbors_r19_BAG_L1","LightGBM_r14_BAG_L1","LightGBM_r31_BAG_L1","NeuralNetTorch_r142_BAG_L1","NeuralNetTorch_r161_BAG_L1","NeuralNetTorch_r43_BAG_L1","NeuralNetTorch_r58_BAG_L1","NeuralNetTorch_r64_BAG_L1","NeuralNetTorch_r74_BAG_L1","RandomForest_c1_BAG_L1","RandomForest_r114_BAG_L1","XGBoost_r34_BAG_L1","XGBoost_r39_BAG_L1","XGBoost_r40_BAG_L1","XGBoost_r4_BAG_L1"],"29":["CatBoost_r78_BAG_L1","FTTransformer_c1_BAG_L1","LightGBM_r113_BAG_L1","LightGBM_r180_BAG_L1","NeuralNetFastAI_r7_BAG_L1","RandomForest_c1_BAG_L1","RandomForest_r148_BAG_L1","XGBoost_r167_BAG_L1","XGBoost_r34_BAG_L1","XGBoost_r40_BAG_L1"],"30":["CatBoost_r78_BAG_L1","FTTransformer_c1_BAG_L1","LightGBM_r180_BAG_L1","NeuralNetFastAI_r7_BAG_L1","RandomForest_c1_BAG_L1","XGBoost_r167_BAG_L1","XGBoost_r34_BAG_L1","XGBoost_r40_BAG_L1"],"31":["CatBoost_r28_BAG_L1","ExtraTrees_r190_BAG_L1","LightGBM_r29_BAG_L1","NeuralNetFastAI_r190_BAG_L1","RandomForest_c1_BAG_L1","XGBoost_r101_BAG_L1","XGBoost_r34_BAG_L1"],"32":["ExtraTrees_r59_BAG_L1","ExtraTrees_r7_BAG_L1","RandomForest_r56_BAG_L1","XGBoost_r184_BAG_L1"],"33":["CatBoost_r110_BAG_L1","CatBoost_r183_BAG_L1","CatBoost_r78_BAG_L1","FTTransformer_c1_BAG_L1","KNeighbors_r19_BAG_L1","KNeighbors_r40_BAG_L1","LightGBM_r113_BAG_L1","LightGBM_r14_BAG_L1","LightGBM_r180_BAG_L1","LightGBM_r31_BAG_L1","NeuralNetTorch_r142_BAG_L1","NeuralNetTorch_r161_BAG_L1","NeuralNetTorch_r19_BAG_L1","NeuralNetTorch_r36_BAG_L1","NeuralNetTorch_r43_BAG_L1","NeuralNetTorch_r58_BAG_L1","NeuralNetTorch_r64_BAG_L1","NeuralNetTorch_r73_BAG_L1","NeuralNetTorch_r74_BAG_L1","RandomForest_c1_BAG_L1","RandomForest_r114_BAG_L1","RandomForest_r134_BAG_L1","RandomForest_r148_BAG_L1","XGBoost_r104_BAG_L1","XGBoost_r107_BAG_L1","XGBoost_r13_BAG_L1","XGBoost_r153_BAG_L1","XGBoost_r189_BAG_L1","XGBoost_r34_BAG_L1","XGBoost_r39_BAG_L1","XGBoost_r40_BAG_L1","XGBoost_r4_BAG_L1"],"34":["CatBoost_r28_BAG_L1","ExtraTrees_r190_BAG_L1","FTTransformer_c1_BAG_L1","XGBoost_r40_BAG_L1"],"35":["KNeighbors_r22_BAG_L1","XGBoost_r185_BAG_L1"],"36":["CatBoost_r183_BAG_L1","CatBoost_r28_BAG_L1","CatBoost_r78_BAG_L1","ExtraTrees_r190_BAG_L1","ExtraTrees_r76_BAG_L1","FTTransformer_c1_BAG_L1","KNeighbors_r40_BAG_L1","LightGBM_r14_BAG_L1","LightGBM_r31_BAG_L1","NeuralNetTorch_r142_BAG_L1","NeuralNetTorch_r64_BAG_L1","NeuralNetTorch_r74_BAG_L1","RandomForest_c1_BAG_L1","RandomForest_r144_BAG_L1","XGBoost_r34_BAG_L1","XGBoost_r39_BAG_L1","XGBoost_r40_BAG_L1","XGBoost_r41_BAG_L1","XGBoost_r65_BAG_L1"],"37":["CatBoost_r183_BAG_L1","CatBoost_r78_BAG_L1","FTTransformer_c1_BAG_L1","KNeighbors_r19_BAG_L1","LightGBM_r14_BAG_L1","LightGBM_r31_BAG_L1","LightGBM_r86_BAG_L1","NeuralNetTorch_r142_BAG_L1","NeuralNetTorch_r161_BAG_L1","NeuralNetTorch_r43_BAG_L1","NeuralNetTorch_r58_BAG_L1","NeuralNetTorch_r64_BAG_L1","NeuralNetTorch_r74_BAG_L1","RandomForest_c1_BAG_L1","RandomForest_r114_BAG_L1","XGBoost_r34_BAG_L1","XGBoost_r39_BAG_L1","XGBoost_r40_BAG_L1","XGBoost_r4_BAG_L1"],"38":["CatBoost_r183_BAG_L1","CatBoost_r28_BAG_L1","CatBoost_r78_BAG_L1","ExtraTrees_r190_BAG_L1","FTTransformer_c1_BAG_L1","KNeighbors_r19_BAG_L1","KNeighbors_r40_BAG_L1","LightGBM_r113_BAG_L1","LightGBM_r14_BAG_L1","LightGBM_r31_BAG_L1","LightGBM_r67_BAG_L1","NeuralNetTorch_r120_BAG_L1","NeuralNetTorch_r142_BAG_L1","NeuralNetTorch_r161_BAG_L1","NeuralNetTorch_r19_BAG_L1","NeuralNetTorch_r43_BAG_L1","NeuralNetTorch_r52_BAG_L1","NeuralNetTorch_r58_BAG_L1","NeuralNetTorch_r64_BAG_L1","NeuralNetTorch_r74_BAG_L1","RandomForest_c1_BAG_L1","RandomForest_r114_BAG_L1","RandomForest_r134_BAG_L1","RandomForest_r148_BAG_L1","XGBoost_r104_BAG_L1","XGBoost_r107_BAG_L1","XGBoost_r153_BAG_L1","XGBoost_r155_BAG_L1","XGBoost_r30_BAG_L1","XGBoost_r34_BAG_L1","XGBoost_r39_BAG_L1","XGBoost_r40_BAG_L1","XGBoost_r4_BAG_L1","XGBoost_r50_BAG_L1"],"39":["NeuralNetTorch_r142_BAG_L1","XGBoost_r39_BAG_L1"],"40":["CatBoost_r183_BAG_L1","CatBoost_r28_BAG_L1","CatBoost_r78_BAG_L1","ExtraTrees_r190_BAG_L1","FTTransformer_c1_BAG_L1","KNeighbors_r19_BAG_L1","KNeighbors_r40_BAG_L1","LightGBM_r113_BAG_L1","LightGBM_r14_BAG_L1","LightGBM_r31_BAG_L1","NeuralNetTorch_r142_BAG_L1","NeuralNetTorch_r161_BAG_L1","NeuralNetTorch_r19_BAG_L1","NeuralNetTorch_r43_BAG_L1","NeuralNetTorch_r58_BAG_L1","NeuralNetTorch_r64_BAG_L1","NeuralNetTorch_r74_BAG_L1","RandomForest_c1_BAG_L1","RandomForest_r114_BAG_L1","RandomForest_r134_BAG_L1","RandomForest_r148_BAG_L1","XGBoost_r104_BAG_L1","XGBoost_r107_BAG_L1","XGBoost_r153_BAG_L1","XGBoost_r34_BAG_L1","XGBoost_r39_BAG_L1","XGBoost_r40_BAG_L1","XGBoost_r4_BAG_L1"],"41":["CatBoost_r28_BAG_L1","ExtraTrees_r190_BAG_L1","NeuralNetTorch_r89_BAG_L1","RandomForest_c1_BAG_L1","XGBoost_r153_BAG_L1","XGBoost_r34_BAG_L1"],"42":["CatBoost_r28_BAG_L1","ExtraTrees_r190_BAG_L1","FTTransformer_c1_BAG_L1","NeuralNetFastAI_r100_BAG_L1","XGBoost_r40_BAG_L1"],"43":["CatBoost_r183_BAG_L1","CatBoost_r78_BAG_L1","FTTransformer_c1_BAG_L1","KNeighbors_r19_BAG_L1","LightGBM_r14_BAG_L1","LightGBM_r31_BAG_L1","NeuralNetTorch_r142_BAG_L1","NeuralNetTorch_r161_BAG_L1","NeuralNetTorch_r19_BAG_L1","NeuralNetTorch_r43_BAG_L1","NeuralNetTorch_r58_BAG_L1","NeuralNetTorch_r64_BAG_L1","NeuralNetTorch_r74_BAG_L1","RandomForest_c1_BAG_L1","RandomForest_r114_BAG_L1","RandomForest_r42_BAG_L1","XGBoost_r34_BAG_L1","XGBoost_r39_BAG_L1","XGBoost_r40_BAG_L1","XGBoost_r4_BAG_L1"],"44":["CatBoost_r183_BAG_L1","CatBoost_r78_BAG_L1","FTTransformer_c1_BAG_L1","LightGBM_r14_BAG_L1","LightGBM_r31_BAG_L1","NeuralNetTorch_r142_BAG_L1","NeuralNetTorch_r161_BAG_L1","NeuralNetTorch_r43_BAG_L1","NeuralNetTorch_r58_BAG_L1","NeuralNetTorch_r64_BAG_L1","NeuralNetTorch_r74_BAG_L1","RandomForest_c1_BAG_L1","XGBoost_r34_BAG_L1","XGBoost_r39_BAG_L1","XGBoost_r40_BAG_L1","XGBoost_r4_BAG_L1"]},"weights":{"0":[0.3333333333,0.3333333333,0.3333333333],"1":[0.0416666667,0.0416666667,0.0416666667,0.0416666667,0.0416666667,0.0416666667,0.0416666667,0.0416666667,0.0416666667,0.0416666667,0.0416666667,0.0416666667,0.0416666667,0.0416666667,0.0833333333,0.0416666667,0.0416666667,0.0416666667,0.0416666667,0.0416666667,0.0416666667,0.0416666667,0.0416666667],"2":[0.1428571429,0.1428571429,0.1428571429,0.1428571429,0.1428571429,0.1428571429,0.1428571429],"3":[0.0294117647,0.0294117647,0.0294117647,0.0294117647,0.0294117647,0.0294117647,0.0294117647,0.0294117647,0.0294117647,0.0294117647,0.0294117647,0.0294117647,0.0294117647,0.0294117647,0.0294117647,0.0294117647,0.0294117647,0.0294117647,0.0294117647,0.0294117647,0.0294117647,0.0294117647,0.0294117647,0.0294117647,0.0294117647,0.0294117647,0.0294117647,0.0294117647,0.0294117647,0.0294117647,0.0294117647,0.0294117647,0.0294117647,0.0294117647],"4":[0.0833333333,0.0833333333,0.0833333333,0.0833333333,0.0833333333,0.0833333333,0.0833333333,0.0833333333,0.0833333333,0.0833333333,0.0833333333,0.0833333333],"5":[0.0588235294,0.0588235294,0.0588235294,0.0588235294,0.0588235294,0.0588235294,0.0588235294,0.0588235294,0.0588235294,0.0588235294,0.0588235294,0.0588235294,0.0588235294,0.0588235294,0.0588235294,0.0588235294,0.0588235294],"6":[0.3333333333,0.3333333333,0.3333333333],"7":[0.0476190476,0.0476190476,0.0476190476,0.0476190476,0.0476190476,0.0476190476,0.0476190476,0.0476190476,0.0476190476,0.0476190476,0.0476190476,0.0476190476,0.0476190476,0.0476190476,0.0476190476,0.0476190476,0.0476190476,0.0476190476,0.0476190476,0.0476190476,0.0476190476],"8":[0.037037037,0.037037037,0.037037037,0.037037037,0.037037037,0.037037037,0.037037037,0.037037037,0.037037037,0.037037037,0.037037037,0.037037037,0.037037037,0.037037037,0.037037037,0.0740740741,0.037037037,0.037037037,0.037037037,0.037037037,0.037037037,0.037037037,0.037037037,0.037037037,0.037037037,0.037037037],"9":[0.0588235294,0.0588235294,0.0588235294,0.0588235294,0.0588235294,0.0588235294,0.0588235294,0.0588235294,0.0588235294,0.0588235294,0.0588235294,0.0588235294,0.0588235294,0.0588235294,0.0588235294,0.0588235294,0.0588235294],"10":[0.0294117647,0.0294117647,0.0294117647,0.0294117647,0.0294117647,0.0294117647,0.0294117647,0.0294117647,0.0294117647,0.0294117647,0.0294117647,0.0294117647,0.0294117647,0.0294117647,0.0294117647,0.0294117647,0.0294117647,0.0294117647,0.0294117647,0.0294117647,0.0294117647,0.0294117647,0.0294117647,0.0294117647,0.0294117647,0.0294117647,0.0294117647,0.0294117647,0.0294117647,0.0294117647,0.0294117647,0.0294117647,0.0294117647,0.0294117647],"11":[0.125,0.125,0.125,0.125,0.125,0.125,0.125,0.125],"12":[0.0526315789,0.0526315789,0.0526315789,0.0526315789,0.0526315789,0.0526315789,0.0526315789,0.0526315789,0.0526315789,0.0526315789,0.0526315789,0.0526315789,0.0526315789,0.0526315789,0.0526315789,0.0526315789,0.0526315789,0.0526315789,0.0526315789],"13":[0.2,0.2,0.2,0.2,0.2],"14":[0.3333333333,0.3333333333,0.3333333333],"15":[0.0285714286,0.0285714286,0.0285714286,0.0285714286,0.0285714286,0.0285714286,0.0285714286,0.0285714286,0.0285714286,0.0285714286,0.0285714286,0.0285714286,0.0285714286,0.0285714286,0.0285714286,0.0285714286,0.0285714286,0.0285714286,0.0285714286,0.0285714286,0.0285714286,0.0285714286,0.0285714286,0.0285714286,0.0285714286,0.0285714286,0.0285714286,0.0285714286,0.0285714286,0.0285714286,0.0285714286,0.0285714286,0.0285714286,0.0285714286,0.0285714286],"16":[0.5,0.5],"17":[0.1428571429,0.1428571429,0.1428571429,0.1428571429,0.1428571429,0.1428571429,0.1428571429],"18":[0.3333333333,0.3333333333,0.3333333333],"19":[0.0303030303,0.0303030303,0.0303030303,0.0303030303,0.0303030303,0.0303030303,0.0303030303,0.0303030303,0.0303030303,0.0303030303,0.0303030303,0.0303030303,0.0303030303,0.0303030303,0.0303030303,0.0303030303,0.0303030303,0.0303030303,0.0303030303,0.0303030303,0.0303030303,0.0303030303,0.0303030303,0.0303030303,0.0303030303,0.0303030303,0.0303030303,0.0303030303,0.0303030303,0.0303030303,0.0303030303,0.0303030303,0.0303030303],"20":[0.0303030303,0.0303030303,0.0303030303,0.0303030303,0.0303030303,0.0303030303,0.0303030303,0.0303030303,0.0303030303,0.0303030303,0.0303030303,0.0303030303,0.0303030303,0.0303030303,0.0303030303,0.0303030303,0.0303030303,0.0303030303,0.0303030303,0.0303030303,0.0303030303,0.0303030303,0.0303030303,0.0303030303,0.0303030303,0.0303030303,0.0303030303,0.0303030303,0.0303030303,0.0303030303,0.0303030303,0.0303030303,0.0303030303],"21":[0.0476190476,0.0476190476,0.0476190476,0.0476190476,0.0476190476,0.0476190476,0.0476190476,0.0476190476,0.0476190476,0.0476190476,0.0476190476,0.0476190476,0.0476190476,0.0476190476,0.0476190476,0.0476190476,0.0476190476,0.0476190476,0.0476190476,0.0476190476,0.0476190476],"22":[0.0294117647,0.0294117647,0.0294117647,0.0294117647,0.0294117647,0.0294117647,0.0294117647,0.0294117647,0.0294117647,0.0294117647,0.0294117647,0.0294117647,0.0294117647,0.0294117647,0.0294117647,0.0294117647,0.0294117647,0.0294117647,0.0294117647,0.0294117647,0.0294117647,0.0294117647,0.0294117647,0.0294117647,0.0294117647,0.0294117647,0.0294117647,0.0294117647,0.0294117647,0.0294117647,0.0294117647,0.0294117647,0.0294117647,0.0294117647],"23":[0.0294117647,0.0294117647,0.0294117647,0.0294117647,0.0294117647,0.0294117647,0.0294117647,0.0294117647,0.0294117647,0.0294117647,0.0294117647,0.0294117647,0.0294117647,0.0294117647,0.0294117647,0.0294117647,0.0294117647,0.0294117647,0.0294117647,0.0294117647,0.0294117647,0.0294117647,0.0294117647,0.0294117647,0.0294117647,0.0294117647,0.0294117647,0.0294117647,0.0294117647,0.0294117647,0.0294117647,0.0294117647,0.0294117647,0.0294117647],"24":[0.03125,0.03125,0.03125,0.03125,0.03125,0.03125,0.03125,0.03125,0.03125,0.03125,0.03125,0.03125,0.03125,0.03125,0.03125,0.03125,0.03125,0.03125,0.03125,0.03125,0.03125,0.03125,0.03125,0.03125,0.03125,0.03125,0.03125,0.03125,0.03125,0.03125,0.03125,0.03125],"25":[0.0909090909,0.0909090909,0.0909090909,0.0909090909,0.0909090909,0.0909090909,0.0909090909,0.0909090909,0.0909090909,0.0909090909,0.0909090909],"26":[0.0833333333,0.0833333333,0.0833333333,0.0833333333,0.0833333333,0.0833333333,0.0833333333,0.0833333333,0.0833333333,0.0833333333,0.0833333333,0.0833333333],"27":[0.0285714286,0.0285714286,0.0285714286,0.0285714286,0.0285714286,0.0285714286,0.0285714286,0.0285714286,0.0285714286,0.0285714286,0.0285714286,0.0285714286,0.0285714286,0.0285714286,0.0285714286,0.0285714286,0.0285714286,0.0285714286,0.0285714286,0.0285714286,0.0285714286,0.0285714286,0.0285714286,0.0285714286,0.0285714286,0.0285714286,0.0285714286,0.0285714286,0.0285714286,0.0285714286,0.0285714286,0.0285714286,0.0285714286,0.0285714286,0.0285714286],"28":[0.0555555556,0.0555555556,0.0555555556,0.0555555556,0.0555555556,0.0555555556,0.0555555556,0.0555555556,0.0555555556,0.0555555556,0.0555555556,0.0555555556,0.0555555556,0.0555555556,0.0555555556,0.0555555556,0.0555555556,0.0555555556],"29":[0.1,0.1,0.1,0.1,0.1,0.1,0.1,0.1,0.1,0.1],"30":[0.125,0.125,0.125,0.125,0.125,0.125,0.125,0.125],"31":[0.1428571429,0.1428571429,0.1428571429,0.1428571429,0.1428571429,0.1428571429,0.1428571429],"32":[0.25,0.25,0.25,0.25],"33":[0.0303030303,0.0303030303,0.0303030303,0.0303030303,0.0303030303,0.0303030303,0.0303030303,0.0303030303,0.0303030303,0.0303030303,0.0303030303,0.0303030303,0.0303030303,0.0303030303,0.0303030303,0.0303030303,0.0303030303,0.0303030303,0.0303030303,0.0606060606,0.0303030303,0.0303030303,0.0303030303,0.0303030303,0.0303030303,0.0303030303,0.0303030303,0.0303030303,0.0303030303,0.0303030303,0.0303030303,0.0303030303],"34":[0.25,0.25,0.25,0.25],"35":[0.5,0.5],"36":[0.0526315789,0.0526315789,0.0526315789,0.0526315789,0.0526315789,0.0526315789,0.0526315789,0.0526315789,0.0526315789,0.0526315789,0.0526315789,0.0526315789,0.0526315789,0.0526315789,0.0526315789,0.0526315789,0.0526315789,0.0526315789,0.0526315789],"37":[0.0526315789,0.0526315789,0.0526315789,0.0526315789,0.0526315789,0.0526315789,0.0526315789,0.0526315789,0.0526315789,0.0526315789,0.0526315789,0.0526315789,0.0526315789,0.0526315789,0.0526315789,0.0526315789,0.0526315789,0.0526315789,0.0526315789],"38":[0.0294117647,0.0294117647,0.0294117647,0.0294117647,0.0294117647,0.0294117647,0.0294117647,0.0294117647,0.0294117647,0.0294117647,0.0294117647,0.0294117647,0.0294117647,0.0294117647,0.0294117647,0.0294117647,0.0294117647,0.0294117647,0.0294117647,0.0294117647,0.0294117647,0.0294117647,0.0294117647,0.0294117647,0.0294117647,0.0294117647,0.0294117647,0.0294117647,0.0294117647,0.0294117647,0.0294117647,0.0294117647,0.0294117647,0.0294117647],"39":[0.5,0.5],"40":[0.0357142857,0.0357142857,0.0357142857,0.0357142857,0.0357142857,0.0357142857,0.0357142857,0.0357142857,0.0357142857,0.0357142857,0.0357142857,0.0357142857,0.0357142857,0.0357142857,0.0357142857,0.0357142857,0.0357142857,0.0357142857,0.0357142857,0.0357142857,0.0357142857,0.0357142857,0.0357142857,0.0357142857,0.0357142857,0.0357142857,0.0357142857,0.0357142857],"41":[0.1666666667,0.1666666667,0.1666666667,0.1666666667,0.1666666667,0.1666666667],"42":[0.2,0.2,0.2,0.2,0.2],"43":[0.05,0.05,0.05,0.05,0.05,0.05,0.05,0.05,0.05,0.05,0.05,0.05,0.05,0.05,0.05,0.05,0.05,0.05,0.05,0.05],"44":[0.0625,0.0625,0.0625,0.0625,0.0625,0.0625,0.0625,0.0625,0.0625,0.0625,0.0625,0.0625,0.0625,0.0625,0.0625,0.0625]},"meta":{"0":34,"1":7,"2":8,"3":17,"4":10,"5":11,"6":2,"7":3,"8":5,"9":3,"10":3,"11":12,"12":4,"13":12,"14":7,"15":19,"16":3,"17":7,"18":8,"19":6,"20":2,"21":4,"22":19,"23":5,"24":16,"25":18,"26":21,"27":27,"28":35,"29":33,"30":35,"31":17,"32":2,"33":19,"34":24,"35":21,"36":20,"37":34,"38":28,"39":32,"40":34,"41":33,"42":34,"43":34,"44":33},"task":{"0":"359967_2","1":"359967_2","2":"359967_2","3":"359967_2","4":"359967_2","5":"359967_2","6":"359967_2","7":"359967_2","8":"359967_2","9":"359967_2","10":"359967_2","11":"359967_2","12":"359967_2","13":"359967_2","14":"359967_2","15":"359967_2","16":"359967_2","17":"359967_2","18":"359967_2","19":"359967_2","20":"359967_2","21":"359967_2","22":"359967_2","23":"359967_2","24":"359967_2","25":"359967_2","26":"359967_2","27":"359967_2","28":"359967_2","29":"359967_2","30":"359967_2","31":"359967_2","32":"359967_2","33":"359967_2","34":"359967_2","35":"359967_2","36":"359967_2","37":"359967_2","38":"359967_2","39":"359967_2","40":"359967_2","41":"359967_2","42":"359967_2","43":"359967_2","44":"359967_2"},"dataset":{"0":"Bioresponse","1":"Bioresponse","2":"Bioresponse","3":"Bioresponse","4":"Bioresponse","5":"Bioresponse","6":"Bioresponse","7":"Bioresponse","8":"Bioresponse","9":"Bioresponse","10":"Bioresponse","11":"Bioresponse","12":"Bioresponse","13":"Bioresponse","14":"Bioresponse","15":"Bioresponse","16":"Bioresponse","17":"Bioresponse","18":"Bioresponse","19":"Bioresponse","20":"Bioresponse","21":"Bioresponse","22":"Bioresponse","23":"Bioresponse","24":"Bioresponse","25":"Bioresponse","26":"Bioresponse","27":"Bioresponse","28":"Bioresponse","29":"Bioresponse","30":"Bioresponse","31":"Bioresponse","32":"Bioresponse","33":"Bioresponse","34":"Bioresponse","35":"Bioresponse","36":"Bioresponse","37":"Bioresponse","38":"Bioresponse","39":"Bioresponse","40":"Bioresponse","41":"Bioresponse","42":"Bioresponse","43":"Bioresponse","44":"Bioresponse"},"fold":{"0":2,"1":2,"2":2,"3":2,"4":2,"5":2,"6":2,"7":2,"8":2,"9":2,"10":2,"11":2,"12":2,"13":2,"14":2,"15":2,"16":2,"17":2,"18":2,"19":2,"20":2,"21":2,"22":2,"23":2,"24":2,"25":2,"26":2,"27":2,"28":2,"29":2,"30":2,"31":2,"32":2,"33":2,"34":2,"35":2,"36":2,"37":2,"38":2,"39":2,"40":2,"41":2,"42":2,"43":2,"44":2},"method":{"0":"INFER_TIME_QDO","1":"INFER_TIME_QDO","2":"INFER_TIME_QDO","3":"INFER_TIME_QDO","4":"INFER_TIME_QDO","5":"INFER_TIME_QDO","6":"INFER_TIME_QDO","7":"INFER_TIME_QDO","8":"INFER_TIME_QDO","9":"INFER_TIME_QDO","10":"INFER_TIME_QDO","11":"INFER_TIME_QDO","12":"INFER_TIME_QDO","13":"INFER_TIME_QDO","14":"INFER_TIME_QDO","15":"INFER_TIME_QDO","16":"INFER_TIME_QDO","17":"INFER_TIME_QDO","18":"INFER_TIME_QDO","19":"INFER_TIME_QDO","20":"INFER_TIME_QDO","21":"INFER_TIME_QDO","22":"INFER_TIME_QDO","23":"INFER_TIME_QDO","24":"INFER_TIME_QDO","25":"INFER_TIME_QDO","26":"INFER_TIME_QDO","27":"INFER_TIME_QDO","28":"INFER_TIME_QDO","29":"INFER_TIME_QDO","30":"INFER_TIME_QDO","31":"INFER_TIME_QDO","32":"INFER_TIME_QDO","33":"INFER_TIME_QDO","34":"INFER_TIME_QDO","35":"INFER_TIME_QDO","36":"INFER_TIME_QDO","37":"INFER_TIME_QDO","38":"INFER_TIME_QDO","39":"INFER_TIME_QDO","40":"INFER_TIME_QDO","41":"INFER_TIME_QDO","42":"INFER_TIME_QDO","43":"INFER_TIME_QDO","44":"INFER_TIME_QDO"}}