{"name":{"0":"INFER_TIME_QDO_0","1":"INFER_TIME_QDO_1","2":"INFER_TIME_QDO_2","3":"INFER_TIME_QDO_3","4":"INFER_TIME_QDO_4","5":"INFER_TIME_QDO_5","6":"INFER_TIME_QDO_6","7":"INFER_TIME_QDO_7","8":"INFER_TIME_QDO_8","9":"INFER_TIME_QDO_9","10":"INFER_TIME_QDO_10","11":"INFER_TIME_QDO_11","12":"INFER_TIME_QDO_12","13":"INFER_TIME_QDO_13","14":"INFER_TIME_QDO_14","15":"INFER_TIME_QDO_15","16":"INFER_TIME_QDO_16","17":"INFER_TIME_QDO_17","18":"INFER_TIME_QDO_18","19":"INFER_TIME_QDO_19","20":"INFER_TIME_QDO_20","21":"INFER_TIME_QDO_21","22":"INFER_TIME_QDO_22","23":"INFER_TIME_QDO_23","24":"INFER_TIME_QDO_24","25":"INFER_TIME_QDO_25","26":"INFER_TIME_QDO_26","27":"INFER_TIME_QDO_27","28":"INFER_TIME_QDO_28","29":"INFER_TIME_QDO_29","30":"INFER_TIME_QDO_30","31":"INFER_TIME_QDO_31","32":"INFER_TIME_QDO_32","33":"INFER_TIME_QDO_33","34":"INFER_TIME_QDO_34","35":"INFER_TIME_QDO_35","36":"INFER_TIME_QDO_36","37":"INFER_TIME_QDO_37","38":"INFER_TIME_QDO_38","39":"INFER_TIME_QDO_39","40":"INFER_TIME_QDO_40","41":"INFER_TIME_QDO_41","42":"INFER_TIME_QDO_42","43":"INFER_TIME_QDO_43","44":"INFER_TIME_QDO_44"},"roc_auc_val":{"0":0.9084493426,"1":0.9057746842,"2":0.8881154937,"3":0.8910801753,"4":0.9084815674,"5":0.9093838618,"6":0.8832173241,"7":0.9001353442,"8":0.8956883217,"9":0.8927236401,"10":0.9058713586,"11":0.9075470482,"12":0.8916924465,"13":0.8472222222,"14":0.9093838618,"15":0.8589842743,"16":0.8934970353,"17":0.8878899201,"18":0.8937548337,"19":0.9044212426,"20":0.9037445218,"21":0.8833139985,"22":0.9097383346,"23":0.9091582882,"24":0.875322248,"25":0.8933359113,"26":0.9089004898,"27":0.909190513,"28":0.8985885538,"29":0.8866653777,"30":0.909673885,"31":0.905162413,"32":0.8971384377,"33":0.8872454241,"34":0.8759022944,"35":0.9044212426,"36":0.9063869554,"37":0.900006445,"38":0.9098994586,"39":0.8805104408,"40":0.9018110338,"41":0.909673885,"42":0.9068703274,"43":0.902101057,"44":0.8942382057},"roc_auc_test":{"0":0.8333333333,"1":0.8359375,"2":0.8307291667,"3":0.8307291667,"4":0.8333333333,"5":0.8333333333,"6":0.8489583333,"7":0.828125,"8":0.8333333333,"9":0.8333333333,"10":0.8333333333,"11":0.8333333333,"12":0.828125,"13":0.8359375,"14":0.8359375,"15":0.828125,"16":0.8359375,"17":0.828125,"18":0.8307291667,"19":0.8359375,"20":0.8203125,"21":0.8489583333,"22":0.8307291667,"23":0.8307291667,"24":0.8541666667,"25":0.8307291667,"26":0.8333333333,"27":0.8333333333,"28":0.8333333333,"29":0.8333333333,"30":0.8333333333,"31":0.8359375,"32":0.828125,"33":0.8359375,"34":0.7890625,"35":0.8359375,"36":0.8333333333,"37":0.8307291667,"38":0.8359375,"39":0.8385416667,"40":0.8307291667,"41":0.8333333333,"42":0.8333333333,"43":0.8333333333,"44":0.8333333333},"models_used":{"0":["CatBoost_r103_BAG_L1","CatBoost_r105_BAG_L1","ExtraTrees_r113_BAG_L1","ExtraTrees_r77_BAG_L1","FTTransformer_c4_BAG_L1","LightGBM_r126_BAG_L1","LightGBM_r132_BAG_L1","LightGBM_r31_BAG_L1","NeuralNetFastAI_r102_BAG_L1","NeuralNetFastAI_r13_BAG_L1","NeuralNetFastAI_r145_BAG_L1","NeuralNetFastAI_r147_BAG_L1","NeuralNetFastAI_r156_BAG_L1","NeuralNetFastAI_r170_BAG_L1","NeuralNetFastAI_r51_BAG_L1","NeuralNetFastAI_r75_BAG_L1","NeuralNetTorch_r117_BAG_L1","NeuralNetTorch_r150_BAG_L1","NeuralNetTorch_r158_BAG_L1","NeuralNetTorch_r160_BAG_L1","NeuralNetTorch_r168_BAG_L1","NeuralNetTorch_r41_BAG_L1","NeuralNetTorch_r78_BAG_L1","NeuralNetTorch_r79_BAG_L1"],"1":["CatBoost_r103_BAG_L1","CatBoost_r105_BAG_L1","ExtraTrees_r27_BAG_L1","ExtraTrees_r77_BAG_L1","LightGBM_r126_BAG_L1","LightGBM_r31_BAG_L1","NeuralNetFastAI_r145_BAG_L1","NeuralNetFastAI_r156_BAG_L1","NeuralNetFastAI_r170_BAG_L1","NeuralNetFastAI_r51_BAG_L1","NeuralNetFastAI_r75_BAG_L1","NeuralNetTorch_r150_BAG_L1","NeuralNetTorch_r158_BAG_L1","NeuralNetTorch_r160_BAG_L1","NeuralNetTorch_r168_BAG_L1","NeuralNetTorch_r41_BAG_L1","NeuralNetTorch_r78_BAG_L1","NeuralNetTorch_r79_BAG_L1"],"2":["CatBoost_r57_BAG_L1","NeuralNetTorch_r176_BAG_L1","NeuralNetTorch_r198_BAG_L1"],"3":["CatBoost_r103_BAG_L1","NeuralNetFastAI_r75_BAG_L1"],"4":["CatBoost_r103_BAG_L1","CatBoost_r105_BAG_L1","CatBoost_r127_BAG_L1","ExtraTrees_r113_BAG_L1","ExtraTrees_r77_BAG_L1","FTTransformer_c4_BAG_L1","LightGBM_r126_BAG_L1","LightGBM_r132_BAG_L1","LightGBM_r31_BAG_L1","LightGBM_r66_BAG_L1","NeuralNetFastAI_r102_BAG_L1","NeuralNetFastAI_r13_BAG_L1","NeuralNetFastAI_r145_BAG_L1","NeuralNetFastAI_r147_BAG_L1","NeuralNetFastAI_r156_BAG_L1","NeuralNetFastAI_r170_BAG_L1","NeuralNetFastAI_r182_BAG_L1","NeuralNetFastAI_r51_BAG_L1","NeuralNetFastAI_r75_BAG_L1","NeuralNetTorch_r117_BAG_L1","NeuralNetTorch_r150_BAG_L1","NeuralNetTorch_r158_BAG_L1","NeuralNetTorch_r160_BAG_L1","NeuralNetTorch_r168_BAG_L1","NeuralNetTorch_r38_BAG_L1","NeuralNetTorch_r41_BAG_L1","NeuralNetTorch_r78_BAG_L1","NeuralNetTorch_r79_BAG_L1"],"5":["CatBoost_r103_BAG_L1","CatBoost_r105_BAG_L1","ExtraTrees_r113_BAG_L1","ExtraTrees_r67_BAG_L1","ExtraTrees_r77_BAG_L1","FTTransformer_c4_BAG_L1","LightGBM_r126_BAG_L1","LightGBM_r132_BAG_L1","LightGBM_r31_BAG_L1","LightGBM_r58_BAG_L1","LightGBM_r66_BAG_L1","NeuralNetFastAI_r102_BAG_L1","NeuralNetFastAI_r126_BAG_L1","NeuralNetFastAI_r13_BAG_L1","NeuralNetFastAI_r145_BAG_L1","NeuralNetFastAI_r147_BAG_L1","NeuralNetFastAI_r156_BAG_L1","NeuralNetFastAI_r170_BAG_L1","NeuralNetFastAI_r182_BAG_L1","NeuralNetFastAI_r51_BAG_L1","NeuralNetFastAI_r75_BAG_L1","NeuralNetTorch_r117_BAG_L1","NeuralNetTorch_r150_BAG_L1","NeuralNetTorch_r158_BAG_L1","NeuralNetTorch_r160_BAG_L1","NeuralNetTorch_r168_BAG_L1","NeuralNetTorch_r29_BAG_L1","NeuralNetTorch_r38_BAG_L1","NeuralNetTorch_r41_BAG_L1","NeuralNetTorch_r78_BAG_L1","NeuralNetTorch_r79_BAG_L1"],"6":["NeuralNetFastAI_r189_BAG_L1","RandomForest_r155_BAG_L1"],"7":["CatBoost_r103_BAG_L1","LightGBM_r127_BAG_L1","LightGBM_r185_BAG_L1","NeuralNetFastAI_r75_BAG_L1","NeuralNetTorch_r149_BAG_L1","NeuralNetTorch_r85_BAG_L1"],"8":["CatBoost_r103_BAG_L1","CatBoost_r105_BAG_L1","LightGBM_r21_BAG_L1","LightGBM_r85_BAG_L1","LightGBM_r86_BAG_L1","NeuralNetFastAI_r145_BAG_L1","NeuralNetFastAI_r160_BAG_L1","NeuralNetFastAI_r75_BAG_L1","NeuralNetTorch_r78_BAG_L1","NeuralNetTorch_r83_BAG_L1"],"9":["CatBoost_r103_BAG_L1","CatBoost_r188_BAG_L1","NeuralNetFastAI_r75_BAG_L1","NeuralNetTorch_r29_BAG_L1"],"10":["CatBoost_r103_BAG_L1","CatBoost_r105_BAG_L1","ExtraTrees_r77_BAG_L1","LightGBM_r126_BAG_L1","LightGBM_r31_BAG_L1","NeuralNetFastAI_r145_BAG_L1","NeuralNetFastAI_r156_BAG_L1","NeuralNetFastAI_r170_BAG_L1","NeuralNetFastAI_r51_BAG_L1","NeuralNetFastAI_r75_BAG_L1","NeuralNetTorch_r150_BAG_L1","NeuralNetTorch_r158_BAG_L1","NeuralNetTorch_r160_BAG_L1","NeuralNetTorch_r168_BAG_L1","NeuralNetTorch_r41_BAG_L1","NeuralNetTorch_r78_BAG_L1","NeuralNetTorch_r79_BAG_L1"],"11":["CatBoost_r103_BAG_L1","CatBoost_r105_BAG_L1","ExtraTrees_r113_BAG_L1","ExtraTrees_r77_BAG_L1","FTTransformer_c4_BAG_L1","LightGBM_r126_BAG_L1","LightGBM_r31_BAG_L1","NeuralNetFastAI_r102_BAG_L1","NeuralNetFastAI_r13_BAG_L1","NeuralNetFastAI_r145_BAG_L1","NeuralNetFastAI_r156_BAG_L1","NeuralNetFastAI_r170_BAG_L1","NeuralNetFastAI_r186_BAG_L1","NeuralNetFastAI_r51_BAG_L1","NeuralNetFastAI_r75_BAG_L1","NeuralNetTorch_r117_BAG_L1","NeuralNetTorch_r150_BAG_L1","NeuralNetTorch_r158_BAG_L1","NeuralNetTorch_r160_BAG_L1","NeuralNetTorch_r168_BAG_L1","NeuralNetTorch_r41_BAG_L1","NeuralNetTorch_r78_BAG_L1","NeuralNetTorch_r79_BAG_L1"],"12":["CatBoost_r103_BAG_L1","CatBoost_r78_BAG_L1","ExtraTrees_r77_BAG_L1","LightGBM_r161_BAG_L1","LightGBM_r82_BAG_L1","NeuralNetFastAI_r75_BAG_L1","NeuralNetTorch_r41_BAG_L1","NeuralNetTorch_r79_BAG_L1","TabPFN_c2_BAG_L1"],"13":["CatBoost_r78_BAG_L1","NeuralNetTorch_r51_BAG_L1","NeuralNetTorch_r57_BAG_L1","TabPFN_c2_BAG_L1"],"14":["CatBoost_r103_BAG_L1","CatBoost_r105_BAG_L1","ExtraTrees_r113_BAG_L1","ExtraTrees_r161_BAG_L1","ExtraTrees_r67_BAG_L1","ExtraTrees_r77_BAG_L1","FTTransformer_c4_BAG_L1","LightGBM_r126_BAG_L1","LightGBM_r132_BAG_L1","LightGBM_r31_BAG_L1","LightGBM_r66_BAG_L1","NeuralNetFastAI_r102_BAG_L1","NeuralNetFastAI_r126_BAG_L1","NeuralNetFastAI_r13_BAG_L1","NeuralNetFastAI_r145_BAG_L1","NeuralNetFastAI_r147_BAG_L1","NeuralNetFastAI_r156_BAG_L1","NeuralNetFastAI_r170_BAG_L1","NeuralNetFastAI_r182_BAG_L1","NeuralNetFastAI_r50_BAG_L1","NeuralNetFastAI_r51_BAG_L1","NeuralNetFastAI_r75_BAG_L1","NeuralNetTorch_r117_BAG_L1","NeuralNetTorch_r150_BAG_L1","NeuralNetTorch_r158_BAG_L1","NeuralNetTorch_r160_BAG_L1","NeuralNetTorch_r168_BAG_L1","NeuralNetTorch_r29_BAG_L1","NeuralNetTorch_r38_BAG_L1","NeuralNetTorch_r41_BAG_L1","NeuralNetTorch_r78_BAG_L1","NeuralNetTorch_r79_BAG_L1"],"15":["NeuralNetTorch_r109_BAG_L1","TabPFN_c1_BAG_L1"],"16":["CatBoost_r103_BAG_L1","CatBoost_r105_BAG_L1","NeuralNetFastAI_r145_BAG_L1","NeuralNetFastAI_r160_BAG_L1","NeuralNetFastAI_r75_BAG_L1","NeuralNetTorch_r78_BAG_L1"],"17":["CatBoost_r103_BAG_L1","NeuralNetFastAI_r75_BAG_L1","NeuralNetTorch_r2_BAG_L1","RandomForest_r62_BAG_L1"],"18":["CatBoost_r103_BAG_L1","NeuralNetFastAI_r120_BAG_L1","NeuralNetFastAI_r75_BAG_L1"],"19":["CatBoost_r103_BAG_L1","CatBoost_r105_BAG_L1","ExtraTrees_r77_BAG_L1","LightGBM_r126_BAG_L1","LightGBM_r31_BAG_L1","LightGBM_r58_BAG_L1","LightGBM_r66_BAG_L1","NeuralNetFastAI_r126_BAG_L1","NeuralNetFastAI_r145_BAG_L1","NeuralNetFastAI_r156_BAG_L1","NeuralNetFastAI_r170_BAG_L1","NeuralNetFastAI_r51_BAG_L1","NeuralNetFastAI_r75_BAG_L1","NeuralNetTorch_r150_BAG_L1","NeuralNetTorch_r158_BAG_L1","NeuralNetTorch_r41_BAG_L1","NeuralNetTorch_r78_BAG_L1","NeuralNetTorch_r79_BAG_L1","XGBoost_r28_BAG_L1"],"20":["LightGBM_r66_BAG_L1","NeuralNetFastAI_r102_BAG_L1","NeuralNetFastAI_r156_BAG_L1","NeuralNetFastAI_r170_BAG_L1","NeuralNetTorch_r150_BAG_L1"],"21":["LightGBM_r21_BAG_L1","NeuralNetTorch_r71_BAG_L1"],"22":["CatBoost_r103_BAG_L1","CatBoost_r105_BAG_L1","ExtraTrees_r113_BAG_L1","ExtraTrees_r67_BAG_L1","ExtraTrees_r77_BAG_L1","FTTransformer_c4_BAG_L1","LightGBM_r126_BAG_L1","LightGBM_r132_BAG_L1","LightGBM_r31_BAG_L1","LightGBM_r66_BAG_L1","NeuralNetFastAI_r102_BAG_L1","NeuralNetFastAI_r126_BAG_L1","NeuralNetFastAI_r13_BAG_L1","NeuralNetFastAI_r145_BAG_L1","NeuralNetFastAI_r147_BAG_L1","NeuralNetFastAI_r156_BAG_L1","NeuralNetFastAI_r170_BAG_L1","NeuralNetFastAI_r182_BAG_L1","NeuralNetFastAI_r51_BAG_L1","NeuralNetFastAI_r75_BAG_L1","NeuralNetTorch_r117_BAG_L1","NeuralNetTorch_r150_BAG_L1","NeuralNetTorch_r158_BAG_L1","NeuralNetTorch_r160_BAG_L1","NeuralNetTorch_r168_BAG_L1","NeuralNetTorch_r29_BAG_L1","NeuralNetTorch_r38_BAG_L1","NeuralNetTorch_r41_BAG_L1","NeuralNetTorch_r78_BAG_L1","NeuralNetTorch_r79_BAG_L1"],"23":["CatBoost_r103_BAG_L1","CatBoost_r105_BAG_L1","ExtraTrees_r113_BAG_L1","ExtraTrees_r67_BAG_L1","ExtraTrees_r77_BAG_L1","FTTransformer_c4_BAG_L1","LightGBM_r126_BAG_L1","LightGBM_r132_BAG_L1","LightGBM_r31_BAG_L1","LightGBM_r66_BAG_L1","NeuralNetFastAI_r102_BAG_L1","NeuralNetFastAI_r126_BAG_L1","NeuralNetFastAI_r13_BAG_L1","NeuralNetFastAI_r145_BAG_L1","NeuralNetFastAI_r147_BAG_L1","NeuralNetFastAI_r156_BAG_L1","NeuralNetFastAI_r170_BAG_L1","NeuralNetFastAI_r182_BAG_L1","NeuralNetFastAI_r51_BAG_L1","NeuralNetFastAI_r75_BAG_L1","NeuralNetTorch_r117_BAG_L1","NeuralNetTorch_r11_BAG_L1","NeuralNetTorch_r150_BAG_L1","NeuralNetTorch_r158_BAG_L1","NeuralNetTorch_r160_BAG_L1","NeuralNetTorch_r168_BAG_L1","NeuralNetTorch_r29_BAG_L1","NeuralNetTorch_r38_BAG_L1","NeuralNetTorch_r41_BAG_L1","NeuralNetTorch_r78_BAG_L1","NeuralNetTorch_r79_BAG_L1"],"24":["ExtraTrees_r198_BAG_L1","NeuralNetTorch_r78_BAG_L1"],"25":["CatBoost_r103_BAG_L1","CatBoost_r105_BAG_L1","CatBoost_r62_BAG_L1","CatBoost_r78_BAG_L1","LightGBM_r105_BAG_L1","LightGBM_r85_BAG_L1","LightGBM_r86_BAG_L1","NeuralNetFastAI_r145_BAG_L1","NeuralNetFastAI_r160_BAG_L1","NeuralNetFastAI_r75_BAG_L1","NeuralNetTorch_r78_BAG_L1","NeuralNetTorch_r83_BAG_L1","TabPFN_c2_BAG_L1"],"26":["CatBoost_r103_BAG_L1","CatBoost_r105_BAG_L1","ExtraTrees_r113_BAG_L1","ExtraTrees_r77_BAG_L1","FTTransformer_c4_BAG_L1","LightGBM_r126_BAG_L1","LightGBM_r132_BAG_L1","LightGBM_r31_BAG_L1","LightGBM_r66_BAG_L1","NeuralNetFastAI_r102_BAG_L1","NeuralNetFastAI_r13_BAG_L1","NeuralNetFastAI_r145_BAG_L1","NeuralNetFastAI_r147_BAG_L1","NeuralNetFastAI_r156_BAG_L1","NeuralNetFastAI_r170_BAG_L1","NeuralNetFastAI_r182_BAG_L1","NeuralNetFastAI_r51_BAG_L1","NeuralNetFastAI_r75_BAG_L1","NeuralNetTorch_r117_BAG_L1","NeuralNetTorch_r150_BAG_L1","NeuralNetTorch_r158_BAG_L1","NeuralNetTorch_r160_BAG_L1","NeuralNetTorch_r168_BAG_L1","NeuralNetTorch_r38_BAG_L1","NeuralNetTorch_r41_BAG_L1","NeuralNetTorch_r78_BAG_L1","NeuralNetTorch_r79_BAG_L1"],"27":["CatBoost_r103_BAG_L1","CatBoost_r105_BAG_L1","ExtraTrees_r113_BAG_L1","ExtraTrees_r67_BAG_L1","ExtraTrees_r77_BAG_L1","FTTransformer_c4_BAG_L1","LightGBM_r126_BAG_L1","LightGBM_r132_BAG_L1","LightGBM_r31_BAG_L1","LightGBM_r66_BAG_L1","NeuralNetFastAI_r102_BAG_L1","NeuralNetFastAI_r126_BAG_L1","NeuralNetFastAI_r13_BAG_L1","NeuralNetFastAI_r145_BAG_L1","NeuralNetFastAI_r147_BAG_L1","NeuralNetFastAI_r156_BAG_L1","NeuralNetFastAI_r170_BAG_L1","NeuralNetFastAI_r182_BAG_L1","NeuralNetFastAI_r51_BAG_L1","NeuralNetFastAI_r75_BAG_L1","NeuralNetTorch_r117_BAG_L1","NeuralNetTorch_r150_BAG_L1","NeuralNetTorch_r158_BAG_L1","NeuralNetTorch_r160_BAG_L1","NeuralNetTorch_r168_BAG_L1","NeuralNetTorch_r29_BAG_L1","NeuralNetTorch_r38_BAG_L1","NeuralNetTorch_r41_BAG_L1","NeuralNetTorch_r78_BAG_L1","NeuralNetTorch_r79_BAG_L1","XGBoost_r183_BAG_L1"],"28":["CatBoost_r103_BAG_L1","ExtraTrees_r77_BAG_L1","LightGBM_r14_BAG_L1","NeuralNetFastAI_r75_BAG_L1","NeuralNetTorch_r41_BAG_L1","NeuralNetTorch_r79_BAG_L1"],"29":["CatBoost_r195_BAG_L1","ExtraTrees_r77_BAG_L1","LightGBM_r183_BAG_L1","NeuralNetTorch_r79_BAG_L1"],"30":["CatBoost_r103_BAG_L1","CatBoost_r105_BAG_L1","ExtraTrees_r113_BAG_L1","ExtraTrees_r67_BAG_L1","ExtraTrees_r77_BAG_L1","FTTransformer_c4_BAG_L1","LightGBM_r126_BAG_L1","LightGBM_r132_BAG_L1","LightGBM_r31_BAG_L1","LightGBM_r66_BAG_L1","NeuralNetFastAI_r102_BAG_L1","NeuralNetFastAI_r126_BAG_L1","NeuralNetFastAI_r13_BAG_L1","NeuralNetFastAI_r145_BAG_L1","NeuralNetFastAI_r147_BAG_L1","NeuralNetFastAI_r156_BAG_L1","NeuralNetFastAI_r170_BAG_L1","NeuralNetFastAI_r182_BAG_L1","NeuralNetFastAI_r185_BAG_L1","NeuralNetFastAI_r51_BAG_L1","NeuralNetFastAI_r75_BAG_L1","NeuralNetTorch_r117_BAG_L1","NeuralNetTorch_r150_BAG_L1","NeuralNetTorch_r158_BAG_L1","NeuralNetTorch_r160_BAG_L1","NeuralNetTorch_r168_BAG_L1","NeuralNetTorch_r29_BAG_L1","NeuralNetTorch_r38_BAG_L1","NeuralNetTorch_r41_BAG_L1","NeuralNetTorch_r78_BAG_L1","NeuralNetTorch_r79_BAG_L1"],"31":["CatBoost_r103_BAG_L1","CatBoost_r105_BAG_L1","ExtraTrees_r77_BAG_L1","LightGBM_r126_BAG_L1","LightGBM_r31_BAG_L1","NeuralNetFastAI_r126_BAG_L1","NeuralNetFastAI_r145_BAG_L1","NeuralNetFastAI_r51_BAG_L1","NeuralNetFastAI_r75_BAG_L1","NeuralNetTorch_r158_BAG_L1","NeuralNetTorch_r29_BAG_L1","NeuralNetTorch_r41_BAG_L1","NeuralNetTorch_r78_BAG_L1","NeuralNetTorch_r79_BAG_L1"],"32":["CatBoost_r103_BAG_L1","ExtraTrees_r77_BAG_L1","NeuralNetFastAI_r75_BAG_L1","NeuralNetTorch_r79_BAG_L1"],"33":["CatBoost_r103_BAG_L1","NeuralNetFastAI_r75_BAG_L1","RandomForest_r62_BAG_L1"],"34":["ExtraTrees_r138_BAG_L1","LightGBM_r135_BAG_L1"],"35":["CatBoost_r103_BAG_L1","CatBoost_r105_BAG_L1","ExtraTrees_r67_BAG_L1","ExtraTrees_r77_BAG_L1","LightGBM_r31_BAG_L1","NeuralNetFastAI_r145_BAG_L1","NeuralNetFastAI_r51_BAG_L1","NeuralNetFastAI_r75_BAG_L1","NeuralNetTorch_r158_BAG_L1","NeuralNetTorch_r41_BAG_L1","NeuralNetTorch_r78_BAG_L1","NeuralNetTorch_r79_BAG_L1"],"36":["CatBoost_r103_BAG_L1","CatBoost_r105_BAG_L1","CatBoost_r188_BAG_L1","ExtraTrees_r113_BAG_L1","ExtraTrees_r77_BAG_L1","FTTransformer_c4_BAG_L1","LightGBM_r126_BAG_L1","LightGBM_r132_BAG_L1","LightGBM_r31_BAG_L1","LightGBM_r64_BAG_L1","LightGBM_r66_BAG_L1","NeuralNetFastAI_r102_BAG_L1","NeuralNetFastAI_r13_BAG_L1","NeuralNetFastAI_r145_BAG_L1","NeuralNetFastAI_r147_BAG_L1","NeuralNetFastAI_r156_BAG_L1","NeuralNetFastAI_r170_BAG_L1","NeuralNetFastAI_r51_BAG_L1","NeuralNetFastAI_r75_BAG_L1","NeuralNetTorch_r117_BAG_L1","NeuralNetTorch_r150_BAG_L1","NeuralNetTorch_r158_BAG_L1","NeuralNetTorch_r160_BAG_L1","NeuralNetTorch_r168_BAG_L1","NeuralNetTorch_r38_BAG_L1","NeuralNetTorch_r41_BAG_L1","NeuralNetTorch_r78_BAG_L1","NeuralNetTorch_r79_BAG_L1"],"37":["CatBoost_r103_BAG_L1","ExtraTrees_r77_BAG_L1","NeuralNetFastAI_r75_BAG_L1","NeuralNetTorch_r41_BAG_L1","NeuralNetTorch_r79_BAG_L1"],"38":["CatBoost_r103_BAG_L1","CatBoost_r105_BAG_L1","ExtraTrees_r113_BAG_L1","ExtraTrees_r161_BAG_L1","ExtraTrees_r67_BAG_L1","ExtraTrees_r77_BAG_L1","FTTransformer_c4_BAG_L1","LightGBM_r126_BAG_L1","LightGBM_r132_BAG_L1","LightGBM_r31_BAG_L1","LightGBM_r66_BAG_L1","NeuralNetFastAI_r102_BAG_L1","NeuralNetFastAI_r126_BAG_L1","NeuralNetFastAI_r13_BAG_L1","NeuralNetFastAI_r145_BAG_L1","NeuralNetFastAI_r147_BAG_L1","NeuralNetFastAI_r156_BAG_L1","NeuralNetFastAI_r170_BAG_L1","NeuralNetFastAI_r182_BAG_L1","NeuralNetFastAI_r51_BAG_L1","NeuralNetFastAI_r75_BAG_L1","NeuralNetTorch_r117_BAG_L1","NeuralNetTorch_r150_BAG_L1","NeuralNetTorch_r158_BAG_L1","NeuralNetTorch_r160_BAG_L1","NeuralNetTorch_r168_BAG_L1","NeuralNetTorch_r29_BAG_L1","NeuralNetTorch_r38_BAG_L1","NeuralNetTorch_r41_BAG_L1","NeuralNetTorch_r78_BAG_L1","NeuralNetTorch_r79_BAG_L1"],"39":["CatBoost_r19_BAG_L1","NeuralNetTorch_r80_BAG_L1"],"40":["CatBoost_r103_BAG_L1","ExtraTrees_r77_BAG_L1","LightGBM_r144_BAG_L1","NeuralNetFastAI_r75_BAG_L1","NeuralNetTorch_r41_BAG_L1","NeuralNetTorch_r79_BAG_L1"],"41":["CatBoost_r103_BAG_L1","CatBoost_r105_BAG_L1","ExtraTrees_r113_BAG_L1","ExtraTrees_r161_BAG_L1","ExtraTrees_r67_BAG_L1","ExtraTrees_r77_BAG_L1","FTTransformer_c4_BAG_L1","LightGBM_r126_BAG_L1","LightGBM_r132_BAG_L1","LightGBM_r31_BAG_L1","LightGBM_r40_BAG_L1","LightGBM_r66_BAG_L1","NeuralNetFastAI_r102_BAG_L1","NeuralNetFastAI_r126_BAG_L1","NeuralNetFastAI_r13_BAG_L1","NeuralNetFastAI_r145_BAG_L1","NeuralNetFastAI_r147_BAG_L1","NeuralNetFastAI_r156_BAG_L1","NeuralNetFastAI_r170_BAG_L1","NeuralNetFastAI_r182_BAG_L1","NeuralNetFastAI_r51_BAG_L1","NeuralNetFastAI_r75_BAG_L1","NeuralNetTorch_r117_BAG_L1","NeuralNetTorch_r150_BAG_L1","NeuralNetTorch_r158_BAG_L1","NeuralNetTorch_r160_BAG_L1","NeuralNetTorch_r168_BAG_L1","NeuralNetTorch_r29_BAG_L1","NeuralNetTorch_r38_BAG_L1","NeuralNetTorch_r41_BAG_L1","NeuralNetTorch_r78_BAG_L1","NeuralNetTorch_r79_BAG_L1"],"42":["CatBoost_r103_BAG_L1","CatBoost_r105_BAG_L1","ExtraTrees_r77_BAG_L1","LightGBM_r126_BAG_L1","LightGBM_r31_BAG_L1","LightGBM_r40_BAG_L1","NeuralNetFastAI_r126_BAG_L1","NeuralNetFastAI_r145_BAG_L1","NeuralNetFastAI_r156_BAG_L1","NeuralNetFastAI_r170_BAG_L1","NeuralNetFastAI_r51_BAG_L1","NeuralNetFastAI_r75_BAG_L1","NeuralNetTorch_r150_BAG_L1","NeuralNetTorch_r158_BAG_L1","NeuralNetTorch_r168_BAG_L1","NeuralNetTorch_r29_BAG_L1","NeuralNetTorch_r41_BAG_L1","NeuralNetTorch_r78_BAG_L1","NeuralNetTorch_r79_BAG_L1"],"43":["CatBoost_r103_BAG_L1","NeuralNetFastAI_r120_BAG_L1","NeuralNetFastAI_r75_BAG_L1","NeuralNetTorch_r149_BAG_L1"],"44":["CatBoost_r103_BAG_L1","CatBoost_r97_BAG_L1","ExtraTrees_r77_BAG_L1","NeuralNetFastAI_r75_BAG_L1","NeuralNetTorch_r79_BAG_L1"]},"weights":{"0":[0.0416666667,0.0416666667,0.0416666667,0.0416666667,0.0416666667,0.0416666667,0.0416666667,0.0416666667,0.0416666667,0.0416666667,0.0416666667,0.0416666667,0.0416666667,0.0416666667,0.0416666667,0.0416666667,0.0416666667,0.0416666667,0.0416666667,0.0416666667,0.0416666667,0.0416666667,0.0416666667,0.0416666667],"1":[0.0555555556,0.0555555556,0.0555555556,0.0555555556,0.0555555556,0.0555555556,0.0555555556,0.0555555556,0.0555555556,0.0555555556,0.0555555556,0.0555555556,0.0555555556,0.0555555556,0.0555555556,0.0555555556,0.0555555556,0.0555555556],"2":[0.3333333333,0.3333333333,0.3333333333],"3":[0.5,0.5],"4":[0.0357142857,0.0357142857,0.0357142857,0.0357142857,0.0357142857,0.0357142857,0.0357142857,0.0357142857,0.0357142857,0.0357142857,0.0357142857,0.0357142857,0.0357142857,0.0357142857,0.0357142857,0.0357142857,0.0357142857,0.0357142857,0.0357142857,0.0357142857,0.0357142857,0.0357142857,0.0357142857,0.0357142857,0.0357142857,0.0357142857,0.0357142857,0.0357142857],"5":[0.03125,0.03125,0.03125,0.03125,0.03125,0.03125,0.03125,0.03125,0.03125,0.03125,0.03125,0.03125,0.03125,0.03125,0.03125,0.03125,0.03125,0.03125,0.03125,0.03125,0.03125,0.03125,0.03125,0.0625,0.03125,0.03125,0.03125,0.03125,0.03125,0.03125,0.03125],"6":[0.5,0.5],"7":[0.1666666667,0.1666666667,0.1666666667,0.1666666667,0.1666666667,0.1666666667],"8":[0.1,0.1,0.1,0.1,0.1,0.1,0.1,0.1,0.1,0.1],"9":[0.25,0.25,0.25,0.25],"10":[0.0588235294,0.0588235294,0.0588235294,0.0588235294,0.0588235294,0.0588235294,0.0588235294,0.0588235294,0.0588235294,0.0588235294,0.0588235294,0.0588235294,0.0588235294,0.0588235294,0.0588235294,0.0588235294,0.0588235294],"11":[0.0434782609,0.0434782609,0.0434782609,0.0434782609,0.0434782609,0.0434782609,0.0434782609,0.0434782609,0.0434782609,0.0434782609,0.0434782609,0.0434782609,0.0434782609,0.0434782609,0.0434782609,0.0434782609,0.0434782609,0.0434782609,0.0434782609,0.0434782609,0.0434782609,0.0434782609,0.0434782609],"12":[0.1111111111,0.1111111111,0.1111111111,0.1111111111,0.1111111111,0.1111111111,0.1111111111,0.1111111111,0.1111111111],"13":[0.25,0.25,0.25,0.25],"14":[0.0303030303,0.0303030303,0.0303030303,0.0303030303,0.0303030303,0.0303030303,0.0303030303,0.0303030303,0.0303030303,0.0303030303,0.0303030303,0.0303030303,0.0303030303,0.0303030303,0.0303030303,0.0303030303,0.0303030303,0.0303030303,0.0303030303,0.0303030303,0.0303030303,0.0303030303,0.0303030303,0.0303030303,0.0606060606,0.0303030303,0.0303030303,0.0303030303,0.0303030303,0.0303030303,0.0303030303,0.0303030303],"15":[0.5,0.5],"16":[0.1666666667,0.1666666667,0.1666666667,0.1666666667,0.1666666667,0.1666666667],"17":[0.25,0.25,0.25,0.25],"18":[0.3333333333,0.3333333333,0.3333333333],"19":[0.0526315789,0.0526315789,0.0526315789,0.0526315789,0.0526315789,0.0526315789,0.0526315789,0.0526315789,0.0526315789,0.0526315789,0.0526315789,0.0526315789,0.0526315789,0.0526315789,0.0526315789,0.0526315789,0.0526315789,0.0526315789,0.0526315789],"20":[0.2,0.2,0.2,0.2,0.2],"21":[0.5,0.5],"22":[0.0322580645,0.0322580645,0.0322580645,0.0322580645,0.0322580645,0.0322580645,0.0322580645,0.0322580645,0.0322580645,0.0322580645,0.0322580645,0.0322580645,0.0322580645,0.0322580645,0.0322580645,0.0322580645,0.0322580645,0.0322580645,0.0322580645,0.0322580645,0.0322580645,0.0322580645,0.064516129,0.0322580645,0.0322580645,0.0322580645,0.0322580645,0.0322580645,0.0322580645,0.0322580645],"23":[0.03125,0.03125,0.03125,0.03125,0.03125,0.03125,0.03125,0.03125,0.03125,0.03125,0.03125,0.03125,0.03125,0.03125,0.03125,0.03125,0.03125,0.03125,0.03125,0.03125,0.03125,0.03125,0.03125,0.0625,0.03125,0.03125,0.03125,0.03125,0.03125,0.03125,0.03125],"24":[0.5,0.5],"25":[0.0769230769,0.0769230769,0.0769230769,0.0769230769,0.0769230769,0.0769230769,0.0769230769,0.0769230769,0.0769230769,0.0769230769,0.0769230769,0.0769230769,0.0769230769],"26":[0.037037037,0.037037037,0.037037037,0.037037037,0.037037037,0.037037037,0.037037037,0.037037037,0.037037037,0.037037037,0.037037037,0.037037037,0.037037037,0.037037037,0.037037037,0.037037037,0.037037037,0.037037037,0.037037037,0.037037037,0.037037037,0.037037037,0.037037037,0.037037037,0.037037037,0.037037037,0.037037037],"27":[0.03125,0.03125,0.03125,0.03125,0.03125,0.03125,0.03125,0.03125,0.03125,0.03125,0.03125,0.03125,0.03125,0.03125,0.03125,0.03125,0.03125,0.03125,0.03125,0.03125,0.03125,0.03125,0.0625,0.03125,0.03125,0.03125,0.03125,0.03125,0.03125,0.03125,0.03125],"28":[0.1666666667,0.1666666667,0.1666666667,0.1666666667,0.1666666667,0.1666666667],"29":[0.25,0.25,0.25,0.25],"30":[0.03125,0.03125,0.03125,0.03125,0.03125,0.03125,0.03125,0.03125,0.03125,0.03125,0.03125,0.03125,0.03125,0.03125,0.03125,0.03125,0.03125,0.03125,0.03125,0.03125,0.03125,0.03125,0.03125,0.0625,0.03125,0.03125,0.03125,0.03125,0.03125,0.03125,0.03125],"31":[0.0714285714,0.0714285714,0.0714285714,0.0714285714,0.0714285714,0.0714285714,0.0714285714,0.0714285714,0.0714285714,0.0714285714,0.0714285714,0.0714285714,0.0714285714,0.0714285714],"32":[0.25,0.25,0.25,0.25],"33":[0.3333333333,0.3333333333,0.3333333333],"34":[0.5,0.5],"35":[0.0769230769,0.0769230769,0.0769230769,0.0769230769,0.0769230769,0.0769230769,0.0769230769,0.0769230769,0.1538461538,0.0769230769,0.0769230769,0.0769230769],"36":[0.0357142857,0.0357142857,0.0357142857,0.0357142857,0.0357142857,0.0357142857,0.0357142857,0.0357142857,0.0357142857,0.0357142857,0.0357142857,0.0357142857,0.0357142857,0.0357142857,0.0357142857,0.0357142857,0.0357142857,0.0357142857,0.0357142857,0.0357142857,0.0357142857,0.0357142857,0.0357142857,0.0357142857,0.0357142857,0.0357142857,0.0357142857,0.0357142857],"37":[0.2,0.2,0.2,0.2,0.2],"38":[0.03125,0.03125,0.03125,0.03125,0.03125,0.03125,0.03125,0.03125,0.03125,0.03125,0.03125,0.03125,0.03125,0.03125,0.03125,0.03125,0.03125,0.03125,0.03125,0.03125,0.03125,0.03125,0.03125,0.0625,0.03125,0.03125,0.03125,0.03125,0.03125,0.03125,0.03125],"39":[0.5,0.5],"40":[0.1666666667,0.1666666667,0.1666666667,0.1666666667,0.1666666667,0.1666666667],"41":[0.0303030303,0.0303030303,0.0303030303,0.0303030303,0.0303030303,0.0303030303,0.0303030303,0.0303030303,0.0303030303,0.0303030303,0.0303030303,0.0303030303,0.0303030303,0.0303030303,0.0303030303,0.0303030303,0.0303030303,0.0303030303,0.0303030303,0.0303030303,0.0303030303,0.0303030303,0.0303030303,0.0303030303,0.0606060606,0.0303030303,0.0303030303,0.0303030303,0.0303030303,0.0303030303,0.0303030303,0.0303030303],"42":[0.0526315789,0.0526315789,0.0526315789,0.0526315789,0.0526315789,0.0526315789,0.0526315789,0.0526315789,0.0526315789,0.0526315789,0.0526315789,0.0526315789,0.0526315789,0.0526315789,0.0526315789,0.0526315789,0.0526315789,0.0526315789,0.0526315789],"43":[0.25,0.25,0.25,0.25],"44":[0.2,0.2,0.2,0.2,0.2]},"meta":{"0":18,"1":14,"2":33,"3":5,"4":4,"5":3,"6":5,"7":2,"8":2,"9":4,"10":3,"11":3,"12":6,"13":6,"14":4,"15":2,"16":10,"17":4,"18":2,"19":17,"20":5,"21":32,"22":13,"23":13,"24":24,"25":28,"26":32,"27":4,"28":2,"29":2,"30":6,"31":2,"32":6,"33":19,"34":27,"35":23,"36":31,"37":32,"38":32,"39":9,"40":19,"41":32,"42":28,"43":33,"44":4},"task":{"0":"3812_0","1":"3812_0","2":"3812_0","3":"3812_0","4":"3812_0","5":"3812_0","6":"3812_0","7":"3812_0","8":"3812_0","9":"3812_0","10":"3812_0","11":"3812_0","12":"3812_0","13":"3812_0","14":"3812_0","15":"3812_0","16":"3812_0","17":"3812_0","18":"3812_0","19":"3812_0","20":"3812_0","21":"3812_0","22":"3812_0","23":"3812_0","24":"3812_0","25":"3812_0","26":"3812_0","27":"3812_0","28":"3812_0","29":"3812_0","30":"3812_0","31":"3812_0","32":"3812_0","33":"3812_0","34":"3812_0","35":"3812_0","36":"3812_0","37":"3812_0","38":"3812_0","39":"3812_0","40":"3812_0","41":"3812_0","42":"3812_0","43":"3812_0","44":"3812_0"},"dataset":{"0":"arsenic-female-bladder","1":"arsenic-female-bladder","2":"arsenic-female-bladder","3":"arsenic-female-bladder","4":"arsenic-female-bladder","5":"arsenic-female-bladder","6":"arsenic-female-bladder","7":"arsenic-female-bladder","8":"arsenic-female-bladder","9":"arsenic-female-bladder","10":"arsenic-female-bladder","11":"arsenic-female-bladder","12":"arsenic-female-bladder","13":"arsenic-female-bladder","14":"arsenic-female-bladder","15":"arsenic-female-bladder","16":"arsenic-female-bladder","17":"arsenic-female-bladder","18":"arsenic-female-bladder","19":"arsenic-female-bladder","20":"arsenic-female-bladder","21":"arsenic-female-bladder","22":"arsenic-female-bladder","23":"arsenic-female-bladder","24":"arsenic-female-bladder","25":"arsenic-female-bladder","26":"arsenic-female-bladder","27":"arsenic-female-bladder","28":"arsenic-female-bladder","29":"arsenic-female-bladder","30":"arsenic-female-bladder","31":"arsenic-female-bladder","32":"arsenic-female-bladder","33":"arsenic-female-bladder","34":"arsenic-female-bladder","35":"arsenic-female-bladder","36":"arsenic-female-bladder","37":"arsenic-female-bladder","38":"arsenic-female-bladder","39":"arsenic-female-bladder","40":"arsenic-female-bladder","41":"arsenic-female-bladder","42":"arsenic-female-bladder","43":"arsenic-female-bladder","44":"arsenic-female-bladder"},"fold":{"0":0,"1":0,"2":0,"3":0,"4":0,"5":0,"6":0,"7":0,"8":0,"9":0,"10":0,"11":0,"12":0,"13":0,"14":0,"15":0,"16":0,"17":0,"18":0,"19":0,"20":0,"21":0,"22":0,"23":0,"24":0,"25":0,"26":0,"27":0,"28":0,"29":0,"30":0,"31":0,"32":0,"33":0,"34":0,"35":0,"36":0,"37":0,"38":0,"39":0,"40":0,"41":0,"42":0,"43":0,"44":0},"method":{"0":"INFER_TIME_QDO","1":"INFER_TIME_QDO","2":"INFER_TIME_QDO","3":"INFER_TIME_QDO","4":"INFER_TIME_QDO","5":"INFER_TIME_QDO","6":"INFER_TIME_QDO","7":"INFER_TIME_QDO","8":"INFER_TIME_QDO","9":"INFER_TIME_QDO","10":"INFER_TIME_QDO","11":"INFER_TIME_QDO","12":"INFER_TIME_QDO","13":"INFER_TIME_QDO","14":"INFER_TIME_QDO","15":"INFER_TIME_QDO","16":"INFER_TIME_QDO","17":"INFER_TIME_QDO","18":"INFER_TIME_QDO","19":"INFER_TIME_QDO","20":"INFER_TIME_QDO","21":"INFER_TIME_QDO","22":"INFER_TIME_QDO","23":"INFER_TIME_QDO","24":"INFER_TIME_QDO","25":"INFER_TIME_QDO","26":"INFER_TIME_QDO","27":"INFER_TIME_QDO","28":"INFER_TIME_QDO","29":"INFER_TIME_QDO","30":"INFER_TIME_QDO","31":"INFER_TIME_QDO","32":"INFER_TIME_QDO","33":"INFER_TIME_QDO","34":"INFER_TIME_QDO","35":"INFER_TIME_QDO","36":"INFER_TIME_QDO","37":"INFER_TIME_QDO","38":"INFER_TIME_QDO","39":"INFER_TIME_QDO","40":"INFER_TIME_QDO","41":"INFER_TIME_QDO","42":"INFER_TIME_QDO","43":"INFER_TIME_QDO","44":"INFER_TIME_QDO"}}