{"name":{"0":"INFER_TIME_QDO_0","1":"INFER_TIME_QDO_1","2":"INFER_TIME_QDO_2","3":"INFER_TIME_QDO_3","4":"INFER_TIME_QDO_4","5":"INFER_TIME_QDO_5","6":"INFER_TIME_QDO_6","7":"INFER_TIME_QDO_7","8":"INFER_TIME_QDO_8","9":"INFER_TIME_QDO_9","10":"INFER_TIME_QDO_10","11":"INFER_TIME_QDO_11","12":"INFER_TIME_QDO_12","13":"INFER_TIME_QDO_13","14":"INFER_TIME_QDO_14","15":"INFER_TIME_QDO_15","16":"INFER_TIME_QDO_16","17":"INFER_TIME_QDO_17","18":"INFER_TIME_QDO_18","19":"INFER_TIME_QDO_19","20":"INFER_TIME_QDO_20","21":"INFER_TIME_QDO_21","22":"INFER_TIME_QDO_22","23":"INFER_TIME_QDO_23","24":"INFER_TIME_QDO_24","25":"INFER_TIME_QDO_25","26":"INFER_TIME_QDO_26","27":"INFER_TIME_QDO_27","28":"INFER_TIME_QDO_28","29":"INFER_TIME_QDO_29","30":"INFER_TIME_QDO_30","31":"INFER_TIME_QDO_31","32":"INFER_TIME_QDO_32","33":"INFER_TIME_QDO_33","34":"INFER_TIME_QDO_34","35":"INFER_TIME_QDO_35","36":"INFER_TIME_QDO_36","37":"INFER_TIME_QDO_37","38":"INFER_TIME_QDO_38","39":"INFER_TIME_QDO_39","40":"INFER_TIME_QDO_40","41":"INFER_TIME_QDO_41","42":"INFER_TIME_QDO_42","43":"INFER_TIME_QDO_43","44":"INFER_TIME_QDO_44","45":"INFER_TIME_QDO_45"},"roc_auc_val":{"0":0.9638785092,"1":0.9605729616,"2":0.9620101562,"3":0.96632174,"4":0.9658426751,"5":0.9585129827,"6":0.9588962346,"7":0.9584650762,"8":0.9147743604,"9":0.8911085561,"10":0.9659384881,"11":0.9630640989,"12":0.9646450129,"13":0.9639264156,"14":0.9382724921,"15":0.9001628821,"16":0.9644054805,"17":0.9653157037,"18":0.9617706237,"19":0.9598064578,"20":0.9499377216,"21":0.8929769091,"22":0.9656510492,"23":0.9634952573,"24":0.9515186356,"25":0.9355178691,"26":0.9598543643,"27":0.9442368497,"28":0.9246430967,"29":0.941218741,"30":0.9608604005,"31":0.9565009102,"32":0.9623455016,"33":0.9619622497,"34":0.912953914,"35":0.9084507042,"36":0.9592794864,"37":0.95745904,"38":0.9008814794,"39":0.9586567021,"40":0.9249784421,"41":0.9514707291,"42":0.9645492,"43":0.9545367443,"44":0.9240203124,"45":0.9189901313},"roc_auc_test":{"0":0.9833333333,"1":0.975,"2":0.9791666667,"3":0.9791666667,"4":0.9791666667,"5":0.975,"6":0.9583333333,"7":0.9666666667,"8":0.9666666667,"9":0.9708333333,"10":0.9791666667,"11":0.975,"12":0.9833333333,"13":0.9791666667,"14":0.9791666667,"15":0.9708333333,"16":0.9791666667,"17":0.9833333333,"18":0.9791666667,"19":0.9625,"20":0.9666666667,"21":0.9833333333,"22":0.9791666667,"23":0.9833333333,"24":0.975,"25":0.9791666667,"26":0.9583333333,"27":0.975,"28":0.9791666667,"29":0.975,"30":0.975,"31":0.9875,"32":0.9833333333,"33":0.9708333333,"34":0.9875,"35":0.9875,"36":0.9666666667,"37":0.9583333333,"38":0.9625,"39":0.9708333333,"40":0.9666666667,"41":0.9625,"42":0.9833333333,"43":0.9708333333,"44":0.9583333333,"45":0.9958333333},"models_used":{"0":["CatBoost_r146_BAG_L1","NeuralNetFastAI_r11_BAG_L1","NeuralNetFastAI_r131_BAG_L1","NeuralNetFastAI_r135_BAG_L1","NeuralNetFastAI_r141_BAG_L1","NeuralNetFastAI_r156_BAG_L1","NeuralNetFastAI_r170_BAG_L1","NeuralNetFastAI_r176_BAG_L1","NeuralNetTorch_r117_BAG_L1","NeuralNetTorch_r127_BAG_L1","NeuralNetTorch_r148_BAG_L1","NeuralNetTorch_r150_BAG_L1","NeuralNetTorch_r15_BAG_L1","NeuralNetTorch_r34_BAG_L1","NeuralNetTorch_r41_BAG_L1","NeuralNetTorch_r59_BAG_L1","NeuralNetTorch_r75_BAG_L1","NeuralNetTorch_r89_BAG_L1","XGBoost_r163_BAG_L1","XGBoost_r199_BAG_L1"],"1":["CatBoost_r96_BAG_L1","NeuralNetFastAI_r11_BAG_L1","NeuralNetFastAI_r149_BAG_L1","NeuralNetTorch_r127_BAG_L1","NeuralNetTorch_r148_BAG_L1","NeuralNetTorch_r15_BAG_L1","NeuralNetTorch_r165_BAG_L1","NeuralNetTorch_r85_BAG_L1","XGBoost_r199_BAG_L1"],"2":["NeuralNetFastAI_r11_BAG_L1","NeuralNetFastAI_r135_BAG_L1","NeuralNetFastAI_r141_BAG_L1","NeuralNetFastAI_r170_BAG_L1","NeuralNetTorch_r117_BAG_L1","NeuralNetTorch_r127_BAG_L1","NeuralNetTorch_r148_BAG_L1","NeuralNetTorch_r150_BAG_L1","NeuralNetTorch_r15_BAG_L1","NeuralNetTorch_r34_BAG_L1","NeuralNetTorch_r75_BAG_L1","XGBoost_r147_BAG_L1","XGBoost_r199_BAG_L1"],"3":["NeuralNetFastAI_r109_BAG_L1","NeuralNetFastAI_r11_BAG_L1","NeuralNetFastAI_r131_BAG_L1","NeuralNetFastAI_r135_BAG_L1","NeuralNetFastAI_r141_BAG_L1","NeuralNetFastAI_r156_BAG_L1","NeuralNetFastAI_r170_BAG_L1","NeuralNetFastAI_r190_BAG_L1","NeuralNetFastAI_r74_BAG_L1","NeuralNetTorch_r117_BAG_L1","NeuralNetTorch_r127_BAG_L1","NeuralNetTorch_r148_BAG_L1","NeuralNetTorch_r150_BAG_L1","NeuralNetTorch_r15_BAG_L1","NeuralNetTorch_r162_BAG_L1","NeuralNetTorch_r34_BAG_L1","NeuralNetTorch_r41_BAG_L1","NeuralNetTorch_r59_BAG_L1","NeuralNetTorch_r75_BAG_L1","NeuralNetTorch_r84_BAG_L1","NeuralNetTorch_r89_BAG_L1","XGBoost_r163_BAG_L1","XGBoost_r199_BAG_L1"],"4":["NeuralNetFastAI_r109_BAG_L1","NeuralNetFastAI_r11_BAG_L1","NeuralNetFastAI_r131_BAG_L1","NeuralNetFastAI_r135_BAG_L1","NeuralNetFastAI_r141_BAG_L1","NeuralNetFastAI_r156_BAG_L1","NeuralNetFastAI_r170_BAG_L1","NeuralNetFastAI_r190_BAG_L1","NeuralNetFastAI_r74_BAG_L1","NeuralNetTorch_r117_BAG_L1","NeuralNetTorch_r127_BAG_L1","NeuralNetTorch_r148_BAG_L1","NeuralNetTorch_r150_BAG_L1","NeuralNetTorch_r15_BAG_L1","NeuralNetTorch_r162_BAG_L1","NeuralNetTorch_r34_BAG_L1","NeuralNetTorch_r41_BAG_L1","NeuralNetTorch_r59_BAG_L1","NeuralNetTorch_r75_BAG_L1","NeuralNetTorch_r89_BAG_L1","NeuralNetTorch_r99_BAG_L1","XGBoost_r163_BAG_L1","XGBoost_r199_BAG_L1"],"5":["CatBoost_r96_BAG_L1","NeuralNetFastAI_r11_BAG_L1","NeuralNetFastAI_r149_BAG_L1","NeuralNetTorch_r127_BAG_L1","NeuralNetTorch_r148_BAG_L1","NeuralNetTorch_r15_BAG_L1","NeuralNetTorch_r165_BAG_L1","XGBoost_r199_BAG_L1","XGBoost_r57_BAG_L1"],"6":["NeuralNetFastAI_r11_BAG_L1","NeuralNetFastAI_r170_BAG_L1","NeuralNetTorch_r148_BAG_L1","NeuralNetTorch_r150_BAG_L1","NeuralNetTorch_r15_BAG_L1","XGBoost_r199_BAG_L1"],"7":["CatBoost_r45_BAG_L1","NeuralNetFastAI_r11_BAG_L1","NeuralNetFastAI_r170_BAG_L1","NeuralNetTorch_r148_BAG_L1","NeuralNetTorch_r150_BAG_L1","NeuralNetTorch_r15_BAG_L1","NeuralNetTorch_r75_BAG_L1","XGBoost_r199_BAG_L1"],"8":["NeuralNetFastAI_r134_BAG_L1","RandomForest_r134_BAG_L1"],"9":["CatBoost_r78_BAG_L1","TabPFN_c2_BAG_L1"],"10":["ExtraTrees_r190_BAG_L1","NeuralNetFastAI_r109_BAG_L1","NeuralNetFastAI_r11_BAG_L1","NeuralNetFastAI_r131_BAG_L1","NeuralNetFastAI_r135_BAG_L1","NeuralNetFastAI_r141_BAG_L1","NeuralNetFastAI_r156_BAG_L1","NeuralNetFastAI_r170_BAG_L1","NeuralNetFastAI_r190_BAG_L1","NeuralNetFastAI_r74_BAG_L1","NeuralNetTorch_r117_BAG_L1","NeuralNetTorch_r127_BAG_L1","NeuralNetTorch_r148_BAG_L1","NeuralNetTorch_r150_BAG_L1","NeuralNetTorch_r15_BAG_L1","NeuralNetTorch_r162_BAG_L1","NeuralNetTorch_r34_BAG_L1","NeuralNetTorch_r41_BAG_L1","NeuralNetTorch_r59_BAG_L1","NeuralNetTorch_r75_BAG_L1","NeuralNetTorch_r89_BAG_L1","XGBoost_r163_BAG_L1","XGBoost_r199_BAG_L1"],"11":["CatBoost_r103_BAG_L1","NeuralNetFastAI_r11_BAG_L1","NeuralNetFastAI_r135_BAG_L1","NeuralNetFastAI_r141_BAG_L1","NeuralNetFastAI_r156_BAG_L1","NeuralNetFastAI_r170_BAG_L1","NeuralNetFastAI_r75_BAG_L1","NeuralNetTorch_r117_BAG_L1","NeuralNetTorch_r127_BAG_L1","NeuralNetTorch_r148_BAG_L1","NeuralNetTorch_r150_BAG_L1","NeuralNetTorch_r15_BAG_L1","NeuralNetTorch_r34_BAG_L1","NeuralNetTorch_r59_BAG_L1","NeuralNetTorch_r75_BAG_L1","XGBoost_r163_BAG_L1","XGBoost_r199_BAG_L1"],"12":["CatBoost_r73_BAG_L1","NeuralNetFastAI_r11_BAG_L1","NeuralNetFastAI_r131_BAG_L1","NeuralNetFastAI_r135_BAG_L1","NeuralNetFastAI_r141_BAG_L1","NeuralNetFastAI_r156_BAG_L1","NeuralNetFastAI_r170_BAG_L1","NeuralNetTorch_r117_BAG_L1","NeuralNetTorch_r127_BAG_L1","NeuralNetTorch_r148_BAG_L1","NeuralNetTorch_r150_BAG_L1","NeuralNetTorch_r15_BAG_L1","NeuralNetTorch_r34_BAG_L1","NeuralNetTorch_r41_BAG_L1","NeuralNetTorch_r59_BAG_L1","NeuralNetTorch_r75_BAG_L1","NeuralNetTorch_r89_BAG_L1","XGBoost_r163_BAG_L1","XGBoost_r199_BAG_L1"],"13":["CatBoost_r36_BAG_L1","NeuralNetFastAI_r109_BAG_L1","NeuralNetFastAI_r11_BAG_L1","NeuralNetFastAI_r131_BAG_L1","NeuralNetFastAI_r135_BAG_L1","NeuralNetFastAI_r141_BAG_L1","NeuralNetFastAI_r156_BAG_L1","NeuralNetFastAI_r170_BAG_L1","NeuralNetFastAI_r190_BAG_L1","NeuralNetFastAI_r74_BAG_L1","NeuralNetTorch_r117_BAG_L1","NeuralNetTorch_r127_BAG_L1","NeuralNetTorch_r148_BAG_L1","NeuralNetTorch_r150_BAG_L1","NeuralNetTorch_r15_BAG_L1","NeuralNetTorch_r162_BAG_L1","NeuralNetTorch_r200_BAG_L1","NeuralNetTorch_r34_BAG_L1","NeuralNetTorch_r41_BAG_L1","NeuralNetTorch_r59_BAG_L1","NeuralNetTorch_r75_BAG_L1","NeuralNetTorch_r89_BAG_L1","XGBoost_r163_BAG_L1","XGBoost_r169_BAG_L1","XGBoost_r199_BAG_L1"],"14":["XGBoost_r109_BAG_L1","XGBoost_r144_BAG_L1"],"15":["NeuralNetFastAI_r84_BAG_L1","NeuralNetTorch_r83_BAG_L1"],"16":["NeuralNetFastAI_r11_BAG_L1","NeuralNetFastAI_r131_BAG_L1","NeuralNetFastAI_r135_BAG_L1","NeuralNetFastAI_r141_BAG_L1","NeuralNetFastAI_r156_BAG_L1","NeuralNetFastAI_r170_BAG_L1","NeuralNetTorch_r117_BAG_L1","NeuralNetTorch_r127_BAG_L1","NeuralNetTorch_r148_BAG_L1","NeuralNetTorch_r150_BAG_L1","NeuralNetTorch_r15_BAG_L1","NeuralNetTorch_r34_BAG_L1","NeuralNetTorch_r59_BAG_L1","NeuralNetTorch_r75_BAG_L1","XGBoost_r163_BAG_L1","XGBoost_r199_BAG_L1"],"17":["NeuralNetFastAI_r109_BAG_L1","NeuralNetFastAI_r11_BAG_L1","NeuralNetFastAI_r131_BAG_L1","NeuralNetFastAI_r135_BAG_L1","NeuralNetFastAI_r141_BAG_L1","NeuralNetFastAI_r156_BAG_L1","NeuralNetFastAI_r170_BAG_L1","NeuralNetTorch_r117_BAG_L1","NeuralNetTorch_r127_BAG_L1","NeuralNetTorch_r148_BAG_L1","NeuralNetTorch_r150_BAG_L1","NeuralNetTorch_r15_BAG_L1","NeuralNetTorch_r34_BAG_L1","NeuralNetTorch_r41_BAG_L1","NeuralNetTorch_r59_BAG_L1","NeuralNetTorch_r75_BAG_L1","NeuralNetTorch_r89_BAG_L1","XGBoost_r163_BAG_L1","XGBoost_r199_BAG_L1"],"18":["LightGBM_r97_BAG_L1","NeuralNetFastAI_r11_BAG_L1","NeuralNetFastAI_r135_BAG_L1","NeuralNetFastAI_r141_BAG_L1","NeuralNetFastAI_r156_BAG_L1","NeuralNetFastAI_r170_BAG_L1","NeuralNetTorch_r117_BAG_L1","NeuralNetTorch_r127_BAG_L1","NeuralNetTorch_r148_BAG_L1","NeuralNetTorch_r150_BAG_L1","NeuralNetTorch_r15_BAG_L1","NeuralNetTorch_r34_BAG_L1","NeuralNetTorch_r59_BAG_L1","NeuralNetTorch_r75_BAG_L1","XGBoost_r163_BAG_L1","XGBoost_r199_BAG_L1"],"19":["CatBoost_r96_BAG_L1","NeuralNetFastAI_r11_BAG_L1","NeuralNetFastAI_r149_BAG_L1","NeuralNetTorch_r148_BAG_L1","NeuralNetTorch_r15_BAG_L1","NeuralNetTorch_r165_BAG_L1","XGBoost_r199_BAG_L1"],"20":["CatBoost_r188_BAG_L1","NeuralNetTorch_r148_BAG_L1","NeuralNetTorch_r193_BAG_L1","XGBoost_r199_BAG_L1"],"21":["NeuralNetTorch_r66_BAG_L1","RandomForest_r106_BAG_L1"],"22":["CatBoost_r66_BAG_L1","NeuralNetFastAI_r109_BAG_L1","NeuralNetFastAI_r11_BAG_L1","NeuralNetFastAI_r131_BAG_L1","NeuralNetFastAI_r135_BAG_L1","NeuralNetFastAI_r141_BAG_L1","NeuralNetFastAI_r156_BAG_L1","NeuralNetFastAI_r170_BAG_L1","NeuralNetFastAI_r190_BAG_L1","NeuralNetFastAI_r74_BAG_L1","NeuralNetTorch_r117_BAG_L1","NeuralNetTorch_r127_BAG_L1","NeuralNetTorch_r148_BAG_L1","NeuralNetTorch_r150_BAG_L1","NeuralNetTorch_r15_BAG_L1","NeuralNetTorch_r162_BAG_L1","NeuralNetTorch_r34_BAG_L1","NeuralNetTorch_r41_BAG_L1","NeuralNetTorch_r59_BAG_L1","NeuralNetTorch_r75_BAG_L1","NeuralNetTorch_r89_BAG_L1","XGBoost_r163_BAG_L1","XGBoost_r199_BAG_L1"],"23":["CatBoost_r135_BAG_L1","NeuralNetFastAI_r11_BAG_L1","NeuralNetFastAI_r131_BAG_L1","NeuralNetFastAI_r135_BAG_L1","NeuralNetFastAI_r141_BAG_L1","NeuralNetFastAI_r156_BAG_L1","NeuralNetFastAI_r170_BAG_L1","NeuralNetTorch_r117_BAG_L1","NeuralNetTorch_r127_BAG_L1","NeuralNetTorch_r148_BAG_L1","NeuralNetTorch_r150_BAG_L1","NeuralNetTorch_r15_BAG_L1","NeuralNetTorch_r34_BAG_L1","NeuralNetTorch_r59_BAG_L1","NeuralNetTorch_r75_BAG_L1","XGBoost_r163_BAG_L1","XGBoost_r199_BAG_L1"],"24":["NeuralNetTorch_r148_BAG_L1","XGBoost_r199_BAG_L1","XGBoost_r36_BAG_L1","XGBoost_r61_BAG_L1"],"25":["CatBoost_r103_BAG_L1","CatBoost_r70_BAG_L1","ExtraTrees_r2_BAG_L1","ExtraTrees_r71_BAG_L1","ExtraTrees_r77_BAG_L1","NeuralNetFastAI_r75_BAG_L1","NeuralNetTorch_r148_BAG_L1","TabPFN_c1_BAG_L1","XGBoost_r120_BAG_L1","XGBoost_r199_BAG_L1","XGBoost_r36_BAG_L1","XGBoost_r61_BAG_L1"],"26":["NeuralNetFastAI_r11_BAG_L1","NeuralNetFastAI_r170_BAG_L1","NeuralNetTorch_r148_BAG_L1","NeuralNetTorch_r150_BAG_L1","NeuralNetTorch_r15_BAG_L1","NeuralNetTorch_r75_BAG_L1","XGBoost_r199_BAG_L1"],"27":["CatBoost_r103_BAG_L1","NeuralNetFastAI_r75_BAG_L1","NeuralNetTorch_r37_BAG_L1"],"28":["CatBoost_r103_BAG_L1","ExtraTrees_r2_BAG_L1","ExtraTrees_r71_BAG_L1","NeuralNetFastAI_r75_BAG_L1","TabPFN_c1_BAG_L1","XGBoost_r120_BAG_L1","XGBoost_r36_BAG_L1","XGBoost_r61_BAG_L1"],"29":["ExtraTrees_r2_BAG_L1","NeuralNetFastAI_r11_BAG_L1","NeuralNetTorch_r121_BAG_L1","NeuralNetTorch_r15_BAG_L1","TabPFN_c1_BAG_L1","XGBoost_r36_BAG_L1","XGBoost_r61_BAG_L1"],"30":["CatBoost_r96_BAG_L1","NeuralNetFastAI_r11_BAG_L1","NeuralNetFastAI_r149_BAG_L1","NeuralNetTorch_r127_BAG_L1","NeuralNetTorch_r148_BAG_L1","NeuralNetTorch_r15_BAG_L1","NeuralNetTorch_r165_BAG_L1","XGBoost_r199_BAG_L1"],"31":["CatBoost_r14_BAG_L1","NeuralNetTorch_r103_BAG_L1","NeuralNetTorch_r117_BAG_L1"],"32":["NeuralNetFastAI_r11_BAG_L1","NeuralNetFastAI_r135_BAG_L1","NeuralNetFastAI_r141_BAG_L1","NeuralNetFastAI_r156_BAG_L1","NeuralNetFastAI_r170_BAG_L1","NeuralNetTorch_r117_BAG_L1","NeuralNetTorch_r127_BAG_L1","NeuralNetTorch_r148_BAG_L1","NeuralNetTorch_r150_BAG_L1","NeuralNetTorch_r15_BAG_L1","NeuralNetTorch_r34_BAG_L1","NeuralNetTorch_r75_BAG_L1","XGBoost_r199_BAG_L1"],"33":["CatBoost_r47_BAG_L1","NeuralNetFastAI_r11_BAG_L1","NeuralNetFastAI_r135_BAG_L1","NeuralNetFastAI_r141_BAG_L1","NeuralNetFastAI_r170_BAG_L1","NeuralNetFastAI_r176_BAG_L1","NeuralNetTorch_r117_BAG_L1","NeuralNetTorch_r127_BAG_L1","NeuralNetTorch_r148_BAG_L1","NeuralNetTorch_r150_BAG_L1","NeuralNetTorch_r15_BAG_L1","NeuralNetTorch_r75_BAG_L1","XGBoost_r199_BAG_L1"],"34":["NeuralNetTorch_r37_BAG_L1","RandomForest_r69_BAG_L1"],"35":["ExtraTrees_r62_BAG_L1","NeuralNetTorch_r37_BAG_L1","RandomForest_r69_BAG_L1"],"36":["CatBoost_r47_BAG_L1","NeuralNetFastAI_r11_BAG_L1","NeuralNetFastAI_r170_BAG_L1","NeuralNetTorch_r148_BAG_L1","NeuralNetTorch_r150_BAG_L1","NeuralNetTorch_r15_BAG_L1","NeuralNetTorch_r75_BAG_L1","XGBoost_r199_BAG_L1"],"37":["LightGBM_r114_BAG_L1","NeuralNetFastAI_r11_BAG_L1","NeuralNetFastAI_r170_BAG_L1","NeuralNetTorch_r148_BAG_L1","NeuralNetTorch_r150_BAG_L1","NeuralNetTorch_r15_BAG_L1","NeuralNetTorch_r75_BAG_L1","XGBoost_r199_BAG_L1"],"38":["ExtraTrees_r106_BAG_L1","NeuralNetTorch_r128_BAG_L1"],"39":["CatBoost_r96_BAG_L1","ExtraTrees_r51_BAG_L1","NeuralNetFastAI_r11_BAG_L1","NeuralNetFastAI_r135_BAG_L1","NeuralNetFastAI_r141_BAG_L1","NeuralNetFastAI_r149_BAG_L1","NeuralNetTorch_r127_BAG_L1","NeuralNetTorch_r148_BAG_L1","NeuralNetTorch_r15_BAG_L1","NeuralNetTorch_r165_BAG_L1","XGBoost_r199_BAG_L1"],"40":["NeuralNetFastAI_r170_BAG_L1","NeuralNetTorch_r150_BAG_L1","XGBoost_r196_BAG_L1"],"41":["CatBoost_r102_BAG_L1","CatBoost_r96_BAG_L1","LightGBM_r138_BAG_L1","NeuralNetFastAI_r11_BAG_L1","NeuralNetFastAI_r144_BAG_L1","NeuralNetFastAI_r149_BAG_L1","NeuralNetFastAI_r32_BAG_L1","NeuralNetTorch_r148_BAG_L1","NeuralNetTorch_r15_BAG_L1","NeuralNetTorch_r165_BAG_L1","XGBoost_r199_BAG_L1","XGBoost_r2_BAG_L1","XGBoost_r36_BAG_L1","XGBoost_r61_BAG_L1"],"42":["NeuralNetFastAI_r11_BAG_L1","NeuralNetFastAI_r131_BAG_L1","NeuralNetFastAI_r135_BAG_L1","NeuralNetFastAI_r141_BAG_L1","NeuralNetFastAI_r156_BAG_L1","NeuralNetFastAI_r170_BAG_L1","NeuralNetTorch_r117_BAG_L1","NeuralNetTorch_r127_BAG_L1","NeuralNetTorch_r148_BAG_L1","NeuralNetTorch_r150_BAG_L1","NeuralNetTorch_r15_BAG_L1","NeuralNetTorch_r34_BAG_L1","NeuralNetTorch_r41_BAG_L1","NeuralNetTorch_r59_BAG_L1","NeuralNetTorch_r75_BAG_L1","XGBoost_r163_BAG_L1","XGBoost_r199_BAG_L1"],"43":["NeuralNetTorch_r148_BAG_L1","XGBoost_r199_BAG_L1"],"44":["CatBoost_r116_BAG_L1","CatBoost_r165_BAG_L1","NeuralNetFastAI_r170_BAG_L1","NeuralNetTorch_r150_BAG_L1"],"45":["ExtraTrees_r159_BAG_L1","NeuralNetTorch_r95_BAG_L1"]},"weights":{"0":[0.0476190476,0.0476190476,0.0476190476,0.0476190476,0.0476190476,0.0476190476,0.0476190476,0.0476190476,0.0952380952,0.0476190476,0.0476190476,0.0476190476,0.0476190476,0.0476190476,0.0476190476,0.0476190476,0.0476190476,0.0476190476,0.0476190476,0.0476190476],"1":[0.1111111111,0.1111111111,0.1111111111,0.1111111111,0.1111111111,0.1111111111,0.1111111111,0.1111111111,0.1111111111],"2":[0.0769230769,0.0769230769,0.0769230769,0.0769230769,0.0769230769,0.0769230769,0.0769230769,0.0769230769,0.0769230769,0.0769230769,0.0769230769,0.0769230769,0.0769230769],"3":[0.04,0.08,0.04,0.04,0.04,0.04,0.04,0.04,0.04,0.08,0.04,0.04,0.04,0.04,0.04,0.04,0.04,0.04,0.04,0.04,0.04,0.04,0.04],"4":[0.04,0.08,0.04,0.04,0.04,0.04,0.04,0.04,0.04,0.08,0.04,0.04,0.04,0.04,0.04,0.04,0.04,0.04,0.04,0.04,0.04,0.04,0.04],"5":[0.1111111111,0.1111111111,0.1111111111,0.1111111111,0.1111111111,0.1111111111,0.1111111111,0.1111111111,0.1111111111],"6":[0.1666666667,0.1666666667,0.1666666667,0.1666666667,0.1666666667,0.1666666667],"7":[0.125,0.125,0.125,0.125,0.125,0.125,0.125,0.125],"8":[0.6666666667,0.3333333333],"9":[0.5,0.5],"10":[0.04,0.04,0.08,0.04,0.04,0.04,0.04,0.04,0.04,0.04,0.08,0.04,0.04,0.04,0.04,0.04,0.04,0.04,0.04,0.04,0.04,0.04,0.04],"11":[0.0526315789,0.0526315789,0.0526315789,0.0526315789,0.0526315789,0.0526315789,0.0526315789,0.1052631579,0.0526315789,0.1052631579,0.0526315789,0.0526315789,0.0526315789,0.0526315789,0.0526315789,0.0526315789,0.0526315789],"12":[0.05,0.05,0.05,0.05,0.05,0.05,0.05,0.1,0.05,0.05,0.05,0.05,0.05,0.05,0.05,0.05,0.05,0.05,0.05],"13":[0.04,0.04,0.04,0.04,0.04,0.04,0.04,0.04,0.04,0.04,0.04,0.04,0.04,0.04,0.04,0.04,0.04,0.04,0.04,0.04,0.04,0.04,0.04,0.04,0.04],"14":[0.5,0.5],"15":[0.5,0.5],"16":[0.0588235294,0.0588235294,0.0588235294,0.0588235294,0.0588235294,0.0588235294,0.1176470588,0.0588235294,0.0588235294,0.0588235294,0.0588235294,0.0588235294,0.0588235294,0.0588235294,0.0588235294,0.0588235294],"17":[0.0476190476,0.0476190476,0.0476190476,0.0476190476,0.0476190476,0.0476190476,0.0476190476,0.0952380952,0.0476190476,0.0952380952,0.0476190476,0.0476190476,0.0476190476,0.0476190476,0.0476190476,0.0476190476,0.0476190476,0.0476190476,0.0476190476],"18":[0.0588235294,0.0588235294,0.0588235294,0.0588235294,0.0588235294,0.0588235294,0.1176470588,0.0588235294,0.0588235294,0.0588235294,0.0588235294,0.0588235294,0.0588235294,0.0588235294,0.0588235294,0.0588235294],"19":[0.1428571429,0.1428571429,0.1428571429,0.1428571429,0.1428571429,0.1428571429,0.1428571429],"20":[0.25,0.25,0.25,0.25],"21":[0.5,0.5],"22":[0.04,0.04,0.08,0.04,0.04,0.04,0.04,0.04,0.04,0.04,0.08,0.04,0.04,0.04,0.04,0.04,0.04,0.04,0.04,0.04,0.04,0.04,0.04],"23":[0.0555555556,0.0555555556,0.0555555556,0.0555555556,0.0555555556,0.0555555556,0.0555555556,0.1111111111,0.0555555556,0.0555555556,0.0555555556,0.0555555556,0.0555555556,0.0555555556,0.0555555556,0.0555555556,0.0555555556],"24":[0.25,0.25,0.25,0.25],"25":[0.0833333333,0.0833333333,0.0833333333,0.0833333333,0.0833333333,0.0833333333,0.0833333333,0.0833333333,0.0833333333,0.0833333333,0.0833333333,0.0833333333],"26":[0.1428571429,0.1428571429,0.1428571429,0.1428571429,0.1428571429,0.1428571429,0.1428571429],"27":[0.3333333333,0.3333333333,0.3333333333],"28":[0.125,0.125,0.125,0.125,0.125,0.125,0.125,0.125],"29":[0.1428571429,0.1428571429,0.1428571429,0.1428571429,0.1428571429,0.1428571429,0.1428571429],"30":[0.125,0.125,0.125,0.125,0.125,0.125,0.125,0.125],"31":[0.3333333333,0.3333333333,0.3333333333],"32":[0.0769230769,0.0769230769,0.0769230769,0.0769230769,0.0769230769,0.0769230769,0.0769230769,0.0769230769,0.0769230769,0.0769230769,0.0769230769,0.0769230769,0.0769230769],"33":[0.0769230769,0.0769230769,0.0769230769,0.0769230769,0.0769230769,0.0769230769,0.0769230769,0.0769230769,0.0769230769,0.0769230769,0.0769230769,0.0769230769,0.0769230769],"34":[0.5,0.5],"35":[0.3333333333,0.3333333333,0.3333333333],"36":[0.125,0.125,0.125,0.125,0.125,0.125,0.125,0.125],"37":[0.125,0.125,0.125,0.125,0.125,0.125,0.125,0.125],"38":[0.5,0.5],"39":[0.0909090909,0.0909090909,0.0909090909,0.0909090909,0.0909090909,0.0909090909,0.0909090909,0.0909090909,0.0909090909,0.0909090909,0.0909090909],"40":[0.3333333333,0.3333333333,0.3333333333],"41":[0.0714285714,0.0714285714,0.0714285714,0.0714285714,0.0714285714,0.0714285714,0.0714285714,0.0714285714,0.0714285714,0.0714285714,0.0714285714,0.0714285714,0.0714285714,0.0714285714],"42":[0.0555555556,0.0555555556,0.0555555556,0.0555555556,0.0555555556,0.0555555556,0.1111111111,0.0555555556,0.0555555556,0.0555555556,0.0555555556,0.0555555556,0.0555555556,0.0555555556,0.0555555556,0.0555555556,0.0555555556],"43":[0.5,0.5],"44":[0.25,0.25,0.25,0.25],"45":[0.5,0.5]},"meta":{"0":8,"1":7,"2":25,"3":3,"4":25,"5":6,"6":2,"7":3,"8":4,"9":2,"10":4,"11":4,"12":3,"13":2,"14":12,"15":2,"16":13,"17":7,"18":13,"19":9,"20":14,"21":25,"22":2,"23":3,"24":3,"25":2,"26":2,"27":18,"28":2,"29":8,"30":8,"31":8,"32":9,"33":17,"34":11,"35":13,"36":17,"37":19,"38":21,"39":21,"40":20,"41":18,"42":25,"43":8,"44":7,"45":25},"task":{"0":"3623_0","1":"3623_0","2":"3623_0","3":"3623_0","4":"3623_0","5":"3623_0","6":"3623_0","7":"3623_0","8":"3623_0","9":"3623_0","10":"3623_0","11":"3623_0","12":"3623_0","13":"3623_0","14":"3623_0","15":"3623_0","16":"3623_0","17":"3623_0","18":"3623_0","19":"3623_0","20":"3623_0","21":"3623_0","22":"3623_0","23":"3623_0","24":"3623_0","25":"3623_0","26":"3623_0","27":"3623_0","28":"3623_0","29":"3623_0","30":"3623_0","31":"3623_0","32":"3623_0","33":"3623_0","34":"3623_0","35":"3623_0","36":"3623_0","37":"3623_0","38":"3623_0","39":"3623_0","40":"3623_0","41":"3623_0","42":"3623_0","43":"3623_0","44":"3623_0","45":"3623_0"},"dataset":{"0":"meta","1":"meta","2":"meta","3":"meta","4":"meta","5":"meta","6":"meta","7":"meta","8":"meta","9":"meta","10":"meta","11":"meta","12":"meta","13":"meta","14":"meta","15":"meta","16":"meta","17":"meta","18":"meta","19":"meta","20":"meta","21":"meta","22":"meta","23":"meta","24":"meta","25":"meta","26":"meta","27":"meta","28":"meta","29":"meta","30":"meta","31":"meta","32":"meta","33":"meta","34":"meta","35":"meta","36":"meta","37":"meta","38":"meta","39":"meta","40":"meta","41":"meta","42":"meta","43":"meta","44":"meta","45":"meta"},"fold":{"0":0,"1":0,"2":0,"3":0,"4":0,"5":0,"6":0,"7":0,"8":0,"9":0,"10":0,"11":0,"12":0,"13":0,"14":0,"15":0,"16":0,"17":0,"18":0,"19":0,"20":0,"21":0,"22":0,"23":0,"24":0,"25":0,"26":0,"27":0,"28":0,"29":0,"30":0,"31":0,"32":0,"33":0,"34":0,"35":0,"36":0,"37":0,"38":0,"39":0,"40":0,"41":0,"42":0,"43":0,"44":0,"45":0},"method":{"0":"INFER_TIME_QDO","1":"INFER_TIME_QDO","2":"INFER_TIME_QDO","3":"INFER_TIME_QDO","4":"INFER_TIME_QDO","5":"INFER_TIME_QDO","6":"INFER_TIME_QDO","7":"INFER_TIME_QDO","8":"INFER_TIME_QDO","9":"INFER_TIME_QDO","10":"INFER_TIME_QDO","11":"INFER_TIME_QDO","12":"INFER_TIME_QDO","13":"INFER_TIME_QDO","14":"INFER_TIME_QDO","15":"INFER_TIME_QDO","16":"INFER_TIME_QDO","17":"INFER_TIME_QDO","18":"INFER_TIME_QDO","19":"INFER_TIME_QDO","20":"INFER_TIME_QDO","21":"INFER_TIME_QDO","22":"INFER_TIME_QDO","23":"INFER_TIME_QDO","24":"INFER_TIME_QDO","25":"INFER_TIME_QDO","26":"INFER_TIME_QDO","27":"INFER_TIME_QDO","28":"INFER_TIME_QDO","29":"INFER_TIME_QDO","30":"INFER_TIME_QDO","31":"INFER_TIME_QDO","32":"INFER_TIME_QDO","33":"INFER_TIME_QDO","34":"INFER_TIME_QDO","35":"INFER_TIME_QDO","36":"INFER_TIME_QDO","37":"INFER_TIME_QDO","38":"INFER_TIME_QDO","39":"INFER_TIME_QDO","40":"INFER_TIME_QDO","41":"INFER_TIME_QDO","42":"INFER_TIME_QDO","43":"INFER_TIME_QDO","44":"INFER_TIME_QDO","45":"INFER_TIME_QDO"}}