{"name":{"0":"INFER_TIME_QDO_0","1":"INFER_TIME_QDO_1","2":"INFER_TIME_QDO_2","3":"INFER_TIME_QDO_3","4":"INFER_TIME_QDO_4","5":"INFER_TIME_QDO_5","6":"INFER_TIME_QDO_6","7":"INFER_TIME_QDO_7","8":"INFER_TIME_QDO_8","9":"INFER_TIME_QDO_9","10":"INFER_TIME_QDO_10","11":"INFER_TIME_QDO_11","12":"INFER_TIME_QDO_12","13":"INFER_TIME_QDO_13","14":"INFER_TIME_QDO_14","15":"INFER_TIME_QDO_15","16":"INFER_TIME_QDO_16","17":"INFER_TIME_QDO_17","18":"INFER_TIME_QDO_18","19":"INFER_TIME_QDO_19","20":"INFER_TIME_QDO_20","21":"INFER_TIME_QDO_21","22":"INFER_TIME_QDO_22","23":"INFER_TIME_QDO_23","24":"INFER_TIME_QDO_24","25":"INFER_TIME_QDO_25","26":"INFER_TIME_QDO_26","27":"INFER_TIME_QDO_27","28":"INFER_TIME_QDO_28","29":"INFER_TIME_QDO_29","30":"INFER_TIME_QDO_30","31":"INFER_TIME_QDO_31","32":"INFER_TIME_QDO_32","33":"INFER_TIME_QDO_33","34":"INFER_TIME_QDO_34","35":"INFER_TIME_QDO_35","36":"INFER_TIME_QDO_36","37":"INFER_TIME_QDO_37","38":"INFER_TIME_QDO_38","39":"INFER_TIME_QDO_39","40":"INFER_TIME_QDO_40","41":"INFER_TIME_QDO_41","42":"INFER_TIME_QDO_42","43":"INFER_TIME_QDO_43","44":"INFER_TIME_QDO_44","45":"INFER_TIME_QDO_45","46":"INFER_TIME_QDO_46"},"roc_auc_val":{"0":0.7750983796,"1":0.8169502315,"2":0.8141165123,"3":0.8226215278,"4":0.8177102623,"5":0.8036149691,"6":0.8147550154,"7":0.8107484568,"8":0.8233140432,"9":0.8178221451,"10":0.8112152778,"11":0.8105902778,"12":0.8146026235,"13":0.8213464506,"14":0.8238368056,"15":0.8226909722,"16":0.8238908179,"17":0.8088753858,"18":0.8164429012,"19":0.8230806327,"20":0.8120601852,"21":0.8245621142,"22":0.8245987654,"23":0.8196006944,"24":0.8071547068,"25":0.8209471451,"26":0.8176118827,"27":0.8060783179,"28":0.8086574074,"29":0.8212635031,"30":0.8143344907,"31":0.8193537809,"32":0.8206867284,"33":0.8129436728,"34":0.7727700617,"35":0.8029417438,"36":0.8086728395,"37":0.8143325617,"38":0.8125212191,"39":0.8113773148,"40":0.8139583333,"41":0.8229938272,"42":0.8221238426,"43":0.8088927469,"44":0.8235667438,"45":0.8168209877,"46":0.8164197531},"roc_auc_test":{"0":0.72125,"1":0.7496875,"2":0.75359375,"3":0.75140625,"4":0.74515625,"5":0.76265625,"6":0.75484375,"7":0.7634375,"8":0.753125,"9":0.75625,"10":0.74609375,"11":0.76,"12":0.7540625,"13":0.7528125,"14":0.75171875,"15":0.75140625,"16":0.75203125,"17":0.77515625,"18":0.7584375,"19":0.7515625,"20":0.75953125,"21":0.7509375,"22":0.7509375,"23":0.75265625,"24":0.75859375,"25":0.75,"26":0.7496875,"27":0.7509375,"28":0.7578125,"29":0.75203125,"30":0.75625,"31":0.7528125,"32":0.75125,"33":0.76140625,"34":0.71453125,"35":0.75671875,"36":0.7603125,"37":0.75421875,"38":0.7496875,"39":0.75859375,"40":0.75359375,"41":0.7528125,"42":0.7490625,"43":0.76078125,"44":0.75171875,"45":0.75265625,"46":0.74953125},"models_used":{"0":["ExtraTrees_r57_BAG_L1","NeuralNetTorch_r109_BAG_L1","TabPFN_c1_BAG_L1"],"1":["CatBoost_r124_BAG_L1","CatBoost_r183_BAG_L1","CatBoost_r185_BAG_L1","CatBoost_r4_BAG_L1","NeuralNetFastAI_r165_BAG_L1","NeuralNetFastAI_r197_BAG_L1","NeuralNetFastAI_r5_BAG_L1","NeuralNetFastAI_r62_BAG_L1","NeuralNetFastAI_r72_BAG_L1","NeuralNetTorch_r150_BAG_L1","NeuralNetTorch_r4_BAG_L1"],"2":["CatBoost_r109_BAG_L1","CatBoost_r183_BAG_L1","CatBoost_r185_BAG_L1","CatBoost_r41_BAG_L1","NeuralNetFastAI_r200_BAG_L1","NeuralNetTorch_r80_BAG_L1"],"3":["CatBoost_r109_BAG_L1","CatBoost_r183_BAG_L1","CatBoost_r185_BAG_L1","CatBoost_r37_BAG_L1","CatBoost_r4_BAG_L1","CatBoost_r69_BAG_L1","CatBoost_r79_BAG_L1","KNeighbors_r37_BAG_L1","NeuralNetFastAI_r108_BAG_L1","NeuralNetFastAI_r109_BAG_L1","NeuralNetFastAI_r132_BAG_L1","NeuralNetFastAI_r139_BAG_L1","NeuralNetFastAI_r143_BAG_L1","NeuralNetFastAI_r14_BAG_L1","NeuralNetFastAI_r150_BAG_L1","NeuralNetFastAI_r163_BAG_L1","NeuralNetFastAI_r16_BAG_L1","NeuralNetFastAI_r190_BAG_L1","NeuralNetFastAI_r200_BAG_L1","NeuralNetFastAI_r20_BAG_L1","NeuralNetFastAI_r33_BAG_L1","NeuralNetFastAI_r62_BAG_L1","NeuralNetFastAI_r72_BAG_L1","NeuralNetTorch_r103_BAG_L1","NeuralNetTorch_r150_BAG_L1","NeuralNetTorch_r165_BAG_L1","NeuralNetTorch_r42_BAG_L1","NeuralNetTorch_r4_BAG_L1","NeuralNetTorch_r65_BAG_L1","NeuralNetTorch_r95_BAG_L1"],"4":["CatBoost_r183_BAG_L1","CatBoost_r185_BAG_L1","CatBoost_r4_BAG_L1","NeuralNetFastAI_r165_BAG_L1","NeuralNetFastAI_r197_BAG_L1","NeuralNetFastAI_r62_BAG_L1","NeuralNetTorch_r150_BAG_L1","NeuralNetTorch_r4_BAG_L1","NeuralNetTorch_r95_BAG_L1"],"5":["CatBoost_r11_BAG_L1","CatBoost_r39_BAG_L1","NeuralNetTorch_r159_BAG_L1","NeuralNetTorch_r51_BAG_L1"],"6":["CatBoost_r109_BAG_L1","CatBoost_r135_BAG_L1","CatBoost_r183_BAG_L1","CatBoost_r185_BAG_L1","NeuralNetFastAI_r114_BAG_L1","NeuralNetFastAI_r141_BAG_L1","NeuralNetFastAI_r150_BAG_L1","NeuralNetFastAI_r200_BAG_L1","NeuralNetFastAI_r66_BAG_L1","NeuralNetTorch_r126_BAG_L1","NeuralNetTorch_r148_BAG_L1","RandomForest_r62_BAG_L1"],"7":["CatBoost_r183_BAG_L1","CatBoost_r185_BAG_L1","CatBoost_r86_BAG_L1"],"8":["CatBoost_r109_BAG_L1","CatBoost_r127_BAG_L1","CatBoost_r183_BAG_L1","CatBoost_r185_BAG_L1","CatBoost_r37_BAG_L1","CatBoost_r4_BAG_L1","CatBoost_r69_BAG_L1","CatBoost_r79_BAG_L1","NeuralNetFastAI_r108_BAG_L1","NeuralNetFastAI_r109_BAG_L1","NeuralNetFastAI_r132_BAG_L1","NeuralNetFastAI_r139_BAG_L1","NeuralNetFastAI_r143_BAG_L1","NeuralNetFastAI_r14_BAG_L1","NeuralNetFastAI_r150_BAG_L1","NeuralNetFastAI_r163_BAG_L1","NeuralNetFastAI_r16_BAG_L1","NeuralNetFastAI_r190_BAG_L1","NeuralNetFastAI_r200_BAG_L1","NeuralNetFastAI_r20_BAG_L1","NeuralNetFastAI_r33_BAG_L1","NeuralNetFastAI_r62_BAG_L1","NeuralNetFastAI_r72_BAG_L1","NeuralNetTorch_r103_BAG_L1","NeuralNetTorch_r150_BAG_L1","NeuralNetTorch_r165_BAG_L1","NeuralNetTorch_r42_BAG_L1","NeuralNetTorch_r4_BAG_L1","NeuralNetTorch_r65_BAG_L1","NeuralNetTorch_r95_BAG_L1"],"9":["CatBoost_r109_BAG_L1","CatBoost_r183_BAG_L1","CatBoost_r185_BAG_L1","CatBoost_r4_BAG_L1","NeuralNetFastAI_r109_BAG_L1","NeuralNetFastAI_r190_BAG_L1","NeuralNetFastAI_r200_BAG_L1","NeuralNetFastAI_r62_BAG_L1"],"10":["CatBoost_r124_BAG_L1","CatBoost_r144_BAG_L1","CatBoost_r183_BAG_L1","CatBoost_r185_BAG_L1","CatBoost_r4_BAG_L1","CatBoost_r73_BAG_L1","CatBoost_r78_BAG_L1","NeuralNetFastAI_r165_BAG_L1","NeuralNetFastAI_r197_BAG_L1","NeuralNetFastAI_r5_BAG_L1","NeuralNetFastAI_r62_BAG_L1","NeuralNetFastAI_r72_BAG_L1","NeuralNetTorch_r112_BAG_L1","NeuralNetTorch_r150_BAG_L1","NeuralNetTorch_r4_BAG_L1","TabPFN_c2_BAG_L1"],"11":["CatBoost_r109_BAG_L1","CatBoost_r185_BAG_L1","NeuralNetFastAI_r200_BAG_L1"],"12":["CatBoost_r183_BAG_L1","CatBoost_r185_BAG_L1","CatBoost_r4_BAG_L1","NeuralNetFastAI_r62_BAG_L1","NeuralNetTorch_r4_BAG_L1"],"13":["CatBoost_r109_BAG_L1","CatBoost_r183_BAG_L1","CatBoost_r185_BAG_L1","CatBoost_r4_BAG_L1","NeuralNetFastAI_r109_BAG_L1","NeuralNetFastAI_r132_BAG_L1","NeuralNetFastAI_r190_BAG_L1","NeuralNetFastAI_r200_BAG_L1","NeuralNetFastAI_r20_BAG_L1","NeuralNetFastAI_r33_BAG_L1","NeuralNetFastAI_r62_BAG_L1","NeuralNetTorch_r103_BAG_L1","NeuralNetTorch_r4_BAG_L1","NeuralNetTorch_r65_BAG_L1","NeuralNetTorch_r95_BAG_L1"],"14":["CatBoost_r109_BAG_L1","CatBoost_r183_BAG_L1","CatBoost_r185_BAG_L1","CatBoost_r37_BAG_L1","CatBoost_r4_BAG_L1","CatBoost_r69_BAG_L1","CatBoost_r79_BAG_L1","NeuralNetFastAI_r108_BAG_L1","NeuralNetFastAI_r109_BAG_L1","NeuralNetFastAI_r132_BAG_L1","NeuralNetFastAI_r139_BAG_L1","NeuralNetFastAI_r143_BAG_L1","NeuralNetFastAI_r14_BAG_L1","NeuralNetFastAI_r150_BAG_L1","NeuralNetFastAI_r161_BAG_L1","NeuralNetFastAI_r163_BAG_L1","NeuralNetFastAI_r16_BAG_L1","NeuralNetFastAI_r190_BAG_L1","NeuralNetFastAI_r200_BAG_L1","NeuralNetFastAI_r20_BAG_L1","NeuralNetFastAI_r33_BAG_L1","NeuralNetFastAI_r62_BAG_L1","NeuralNetFastAI_r72_BAG_L1","NeuralNetTorch_r103_BAG_L1","NeuralNetTorch_r150_BAG_L1","NeuralNetTorch_r165_BAG_L1","NeuralNetTorch_r42_BAG_L1","NeuralNetTorch_r4_BAG_L1","NeuralNetTorch_r65_BAG_L1","NeuralNetTorch_r95_BAG_L1"],"15":["CatBoost_r109_BAG_L1","CatBoost_r183_BAG_L1","CatBoost_r185_BAG_L1","CatBoost_r37_BAG_L1","CatBoost_r4_BAG_L1","CatBoost_r79_BAG_L1","NeuralNetFastAI_r109_BAG_L1","NeuralNetFastAI_r132_BAG_L1","NeuralNetFastAI_r139_BAG_L1","NeuralNetFastAI_r143_BAG_L1","NeuralNetFastAI_r14_BAG_L1","NeuralNetFastAI_r150_BAG_L1","NeuralNetFastAI_r163_BAG_L1","NeuralNetFastAI_r164_BAG_L1","NeuralNetFastAI_r190_BAG_L1","NeuralNetFastAI_r200_BAG_L1","NeuralNetFastAI_r20_BAG_L1","NeuralNetFastAI_r33_BAG_L1","NeuralNetFastAI_r62_BAG_L1","NeuralNetTorch_r103_BAG_L1","NeuralNetTorch_r150_BAG_L1","NeuralNetTorch_r165_BAG_L1","NeuralNetTorch_r4_BAG_L1","NeuralNetTorch_r65_BAG_L1","NeuralNetTorch_r95_BAG_L1"],"16":["CatBoost_r109_BAG_L1","CatBoost_r183_BAG_L1","CatBoost_r185_BAG_L1","CatBoost_r37_BAG_L1","CatBoost_r4_BAG_L1","CatBoost_r69_BAG_L1","CatBoost_r79_BAG_L1","NeuralNetFastAI_r108_BAG_L1","NeuralNetFastAI_r109_BAG_L1","NeuralNetFastAI_r132_BAG_L1","NeuralNetFastAI_r139_BAG_L1","NeuralNetFastAI_r143_BAG_L1","NeuralNetFastAI_r14_BAG_L1","NeuralNetFastAI_r150_BAG_L1","NeuralNetFastAI_r161_BAG_L1","NeuralNetFastAI_r163_BAG_L1","NeuralNetFastAI_r16_BAG_L1","NeuralNetFastAI_r17_BAG_L1","NeuralNetFastAI_r190_BAG_L1","NeuralNetFastAI_r200_BAG_L1","NeuralNetFastAI_r20_BAG_L1","NeuralNetFastAI_r2_BAG_L1","NeuralNetFastAI_r33_BAG_L1","NeuralNetFastAI_r62_BAG_L1","NeuralNetFastAI_r72_BAG_L1","NeuralNetTorch_r103_BAG_L1","NeuralNetTorch_r106_BAG_L1","NeuralNetTorch_r150_BAG_L1","NeuralNetTorch_r165_BAG_L1","NeuralNetTorch_r42_BAG_L1","NeuralNetTorch_r4_BAG_L1","NeuralNetTorch_r65_BAG_L1","NeuralNetTorch_r95_BAG_L1"],"17":["CatBoost_r109_BAG_L1","NeuralNetFastAI_r200_BAG_L1"],"18":["CatBoost_r109_BAG_L1","CatBoost_r183_BAG_L1","CatBoost_r185_BAG_L1","CatBoost_r4_BAG_L1","NeuralNetFastAI_r109_BAG_L1","NeuralNetFastAI_r199_BAG_L1","NeuralNetFastAI_r200_BAG_L1","NeuralNetFastAI_r62_BAG_L1"],"19":["CatBoost_r109_BAG_L1","CatBoost_r183_BAG_L1","CatBoost_r185_BAG_L1","CatBoost_r37_BAG_L1","CatBoost_r4_BAG_L1","CatBoost_r79_BAG_L1","NeuralNetFastAI_r109_BAG_L1","NeuralNetFastAI_r132_BAG_L1","NeuralNetFastAI_r139_BAG_L1","NeuralNetFastAI_r143_BAG_L1","NeuralNetFastAI_r14_BAG_L1","NeuralNetFastAI_r150_BAG_L1","NeuralNetFastAI_r163_BAG_L1","NeuralNetFastAI_r190_BAG_L1","NeuralNetFastAI_r200_BAG_L1","NeuralNetFastAI_r20_BAG_L1","NeuralNetFastAI_r33_BAG_L1","NeuralNetFastAI_r62_BAG_L1","NeuralNetFastAI_r72_BAG_L1","NeuralNetTorch_r103_BAG_L1","NeuralNetTorch_r150_BAG_L1","NeuralNetTorch_r165_BAG_L1","NeuralNetTorch_r42_BAG_L1","NeuralNetTorch_r4_BAG_L1","NeuralNetTorch_r65_BAG_L1","NeuralNetTorch_r95_BAG_L1"],"20":["CatBoost_r109_BAG_L1","CatBoost_r185_BAG_L1","NeuralNetFastAI_r193_BAG_L1","NeuralNetFastAI_r200_BAG_L1"],"21":["CatBoost_r109_BAG_L1","CatBoost_r127_BAG_L1","CatBoost_r183_BAG_L1","CatBoost_r185_BAG_L1","CatBoost_r37_BAG_L1","CatBoost_r4_BAG_L1","CatBoost_r69_BAG_L1","CatBoost_r79_BAG_L1","NeuralNetFastAI_r108_BAG_L1","NeuralNetFastAI_r109_BAG_L1","NeuralNetFastAI_r132_BAG_L1","NeuralNetFastAI_r139_BAG_L1","NeuralNetFastAI_r143_BAG_L1","NeuralNetFastAI_r14_BAG_L1","NeuralNetFastAI_r150_BAG_L1","NeuralNetFastAI_r161_BAG_L1","NeuralNetFastAI_r163_BAG_L1","NeuralNetFastAI_r16_BAG_L1","NeuralNetFastAI_r17_BAG_L1","NeuralNetFastAI_r190_BAG_L1","NeuralNetFastAI_r200_BAG_L1","NeuralNetFastAI_r20_BAG_L1","NeuralNetFastAI_r2_BAG_L1","NeuralNetFastAI_r33_BAG_L1","NeuralNetFastAI_r62_BAG_L1","NeuralNetFastAI_r72_BAG_L1","NeuralNetFastAI_r93_BAG_L1","NeuralNetTorch_r103_BAG_L1","NeuralNetTorch_r106_BAG_L1","NeuralNetTorch_r144_BAG_L1","NeuralNetTorch_r150_BAG_L1","NeuralNetTorch_r165_BAG_L1","NeuralNetTorch_r189_BAG_L1","NeuralNetTorch_r42_BAG_L1","NeuralNetTorch_r4_BAG_L1","NeuralNetTorch_r65_BAG_L1","NeuralNetTorch_r95_BAG_L1"],"22":["CatBoost_r109_BAG_L1","CatBoost_r127_BAG_L1","CatBoost_r183_BAG_L1","CatBoost_r185_BAG_L1","CatBoost_r37_BAG_L1","CatBoost_r4_BAG_L1","CatBoost_r69_BAG_L1","CatBoost_r79_BAG_L1","NeuralNetFastAI_r108_BAG_L1","NeuralNetFastAI_r109_BAG_L1","NeuralNetFastAI_r132_BAG_L1","NeuralNetFastAI_r139_BAG_L1","NeuralNetFastAI_r143_BAG_L1","NeuralNetFastAI_r14_BAG_L1","NeuralNetFastAI_r150_BAG_L1","NeuralNetFastAI_r161_BAG_L1","NeuralNetFastAI_r163_BAG_L1","NeuralNetFastAI_r16_BAG_L1","NeuralNetFastAI_r17_BAG_L1","NeuralNetFastAI_r190_BAG_L1","NeuralNetFastAI_r200_BAG_L1","NeuralNetFastAI_r20_BAG_L1","NeuralNetFastAI_r2_BAG_L1","NeuralNetFastAI_r33_BAG_L1","NeuralNetFastAI_r62_BAG_L1","NeuralNetFastAI_r72_BAG_L1","NeuralNetTorch_r103_BAG_L1","NeuralNetTorch_r106_BAG_L1","NeuralNetTorch_r144_BAG_L1","NeuralNetTorch_r150_BAG_L1","NeuralNetTorch_r165_BAG_L1","NeuralNetTorch_r189_BAG_L1","NeuralNetTorch_r42_BAG_L1","NeuralNetTorch_r4_BAG_L1","NeuralNetTorch_r65_BAG_L1","NeuralNetTorch_r95_BAG_L1"],"23":["CatBoost_r102_BAG_L1","CatBoost_r109_BAG_L1","CatBoost_r183_BAG_L1","CatBoost_r185_BAG_L1","CatBoost_r37_BAG_L1","CatBoost_r4_BAG_L1","CatBoost_r79_BAG_L1","NeuralNetFastAI_r109_BAG_L1","NeuralNetFastAI_r190_BAG_L1","NeuralNetFastAI_r197_BAG_L1","NeuralNetFastAI_r200_BAG_L1","NeuralNetFastAI_r20_BAG_L1","NeuralNetFastAI_r62_BAG_L1","NeuralNetTorch_r103_BAG_L1","NeuralNetTorch_r4_BAG_L1","NeuralNetTorch_r65_BAG_L1","NeuralNetTorch_r95_BAG_L1","XGBoost_r77_BAG_L1"],"24":["CatBoost_r109_BAG_L1","CatBoost_r185_BAG_L1","NeuralNetFastAI_r200_BAG_L1","RandomForest_r180_BAG_L1"],"25":["CatBoost_r109_BAG_L1","CatBoost_r183_BAG_L1","CatBoost_r185_BAG_L1","CatBoost_r4_BAG_L1","FTTransformer_c4_BAG_L1","NeuralNetFastAI_r109_BAG_L1","NeuralNetFastAI_r190_BAG_L1","NeuralNetFastAI_r200_BAG_L1","NeuralNetFastAI_r20_BAG_L1","NeuralNetFastAI_r62_BAG_L1","NeuralNetTorch_r103_BAG_L1","NeuralNetTorch_r4_BAG_L1","NeuralNetTorch_r65_BAG_L1","NeuralNetTorch_r95_BAG_L1"],"26":["CatBoost_r102_BAG_L1","CatBoost_r109_BAG_L1","CatBoost_r124_BAG_L1","CatBoost_r144_BAG_L1","CatBoost_r183_BAG_L1","CatBoost_r185_BAG_L1","CatBoost_r37_BAG_L1","CatBoost_r4_BAG_L1","CatBoost_r73_BAG_L1","CatBoost_r78_BAG_L1","CatBoost_r79_BAG_L1","NeuralNetFastAI_r109_BAG_L1","NeuralNetFastAI_r132_BAG_L1","NeuralNetFastAI_r139_BAG_L1","NeuralNetFastAI_r150_BAG_L1","NeuralNetFastAI_r165_BAG_L1","NeuralNetFastAI_r190_BAG_L1","NeuralNetFastAI_r197_BAG_L1","NeuralNetFastAI_r200_BAG_L1","NeuralNetFastAI_r20_BAG_L1","NeuralNetFastAI_r33_BAG_L1","NeuralNetFastAI_r5_BAG_L1","NeuralNetFastAI_r62_BAG_L1","NeuralNetFastAI_r72_BAG_L1","NeuralNetTorch_r103_BAG_L1","NeuralNetTorch_r112_BAG_L1","NeuralNetTorch_r150_BAG_L1","NeuralNetTorch_r165_BAG_L1","NeuralNetTorch_r4_BAG_L1","NeuralNetTorch_r65_BAG_L1","NeuralNetTorch_r95_BAG_L1","TabPFN_c2_BAG_L1"],"27":["CatBoost_r124_BAG_L1","CatBoost_r183_BAG_L1","CatBoost_r185_BAG_L1","CatBoost_r4_BAG_L1","CatBoost_r63_BAG_L1","KNeighbors_r43_BAG_L1","KNeighbors_r48_BAG_L1","NeuralNetFastAI_r62_BAG_L1"],"28":["CatBoost_r116_BAG_L1","CatBoost_r183_BAG_L1","CatBoost_r185_BAG_L1","NeuralNetFastAI_r48_BAG_L1"],"29":["CatBoost_r109_BAG_L1","CatBoost_r183_BAG_L1","CatBoost_r185_BAG_L1","CatBoost_r4_BAG_L1","NeuralNetFastAI_r109_BAG_L1","NeuralNetFastAI_r190_BAG_L1","NeuralNetFastAI_r200_BAG_L1","NeuralNetFastAI_r20_BAG_L1","NeuralNetFastAI_r62_BAG_L1","NeuralNetTorch_r103_BAG_L1","NeuralNetTorch_r4_BAG_L1","NeuralNetTorch_r65_BAG_L1","NeuralNetTorch_r95_BAG_L1"],"30":["CatBoost_r109_BAG_L1","CatBoost_r173_BAG_L1","CatBoost_r183_BAG_L1","CatBoost_r185_BAG_L1","CatBoost_r41_BAG_L1","NeuralNetFastAI_r200_BAG_L1","NeuralNetFastAI_r21_BAG_L1","NeuralNetFastAI_r81_BAG_L1","NeuralNetTorch_r80_BAG_L1"],"31":["CatBoost_r109_BAG_L1","CatBoost_r183_BAG_L1","CatBoost_r185_BAG_L1","CatBoost_r4_BAG_L1","LinearModel_r32_BAG_L1","NeuralNetFastAI_r109_BAG_L1","NeuralNetFastAI_r132_BAG_L1","NeuralNetFastAI_r190_BAG_L1","NeuralNetFastAI_r200_BAG_L1","NeuralNetFastAI_r20_BAG_L1","NeuralNetFastAI_r33_BAG_L1","NeuralNetFastAI_r62_BAG_L1","NeuralNetTorch_r103_BAG_L1","NeuralNetTorch_r4_BAG_L1","NeuralNetTorch_r65_BAG_L1","NeuralNetTorch_r95_BAG_L1"],"32":["CatBoost_r109_BAG_L1","CatBoost_r183_BAG_L1","CatBoost_r185_BAG_L1","CatBoost_r4_BAG_L1","NeuralNetFastAI_r109_BAG_L1","NeuralNetFastAI_r190_BAG_L1","NeuralNetFastAI_r200_BAG_L1","NeuralNetFastAI_r62_BAG_L1","NeuralNetTorch_r103_BAG_L1","NeuralNetTorch_r42_BAG_L1","NeuralNetTorch_r4_BAG_L1","NeuralNetTorch_r65_BAG_L1"],"33":["CatBoost_r109_BAG_L1","CatBoost_r91_BAG_L1","KNeighbors_r9_BAG_L1","NeuralNetFastAI_r131_BAG_L1","NeuralNetFastAI_r150_BAG_L1","NeuralNetFastAI_r200_BAG_L1","NeuralNetTorch_r126_BAG_L1"],"34":["ExtraTrees_r106_BAG_L1","NeuralNetTorch_r128_BAG_L1"],"35":["CatBoost_c1_BAG_L1","ExtraTrees_r113_BAG_L1","NeuralNetFastAI_r83_BAG_L1"],"36":["CatBoost_r183_BAG_L1","CatBoost_r185_BAG_L1","CatBoost_r32_BAG_L1","ExtraTrees_r53_BAG_L1"],"37":["CatBoost_r109_BAG_L1","CatBoost_r183_BAG_L1","CatBoost_r185_BAG_L1","CatBoost_r41_BAG_L1","NeuralNetFastAI_r200_BAG_L1","NeuralNetFastAI_r21_BAG_L1","NeuralNetFastAI_r81_BAG_L1","NeuralNetTorch_r80_BAG_L1"],"38":["CatBoost_r109_BAG_L1","CatBoost_r124_BAG_L1","CatBoost_r144_BAG_L1","CatBoost_r183_BAG_L1","CatBoost_r185_BAG_L1","CatBoost_r4_BAG_L1","CatBoost_r73_BAG_L1","CatBoost_r78_BAG_L1","KNeighbors_r9_BAG_L1","NeuralNetFastAI_r131_BAG_L1","NeuralNetFastAI_r150_BAG_L1","NeuralNetFastAI_r165_BAG_L1","NeuralNetFastAI_r197_BAG_L1","NeuralNetFastAI_r200_BAG_L1","NeuralNetFastAI_r5_BAG_L1","NeuralNetFastAI_r62_BAG_L1","NeuralNetFastAI_r72_BAG_L1","NeuralNetTorch_r112_BAG_L1","NeuralNetTorch_r126_BAG_L1","NeuralNetTorch_r150_BAG_L1","NeuralNetTorch_r4_BAG_L1","TabPFN_c2_BAG_L1"],"39":["CatBoost_r116_BAG_L1","CatBoost_r124_BAG_L1","CatBoost_r183_BAG_L1","CatBoost_r185_BAG_L1","NeuralNetFastAI_r48_BAG_L1","NeuralNetFastAI_r5_BAG_L1"],"40":["CatBoost_r109_BAG_L1","CatBoost_r135_BAG_L1","NeuralNetFastAI_r114_BAG_L1","NeuralNetFastAI_r150_BAG_L1","NeuralNetFastAI_r200_BAG_L1","NeuralNetTorch_r126_BAG_L1"],"41":["CatBoost_r102_BAG_L1","CatBoost_r109_BAG_L1","CatBoost_r183_BAG_L1","CatBoost_r185_BAG_L1","CatBoost_r37_BAG_L1","CatBoost_r4_BAG_L1","CatBoost_r79_BAG_L1","NeuralNetFastAI_r109_BAG_L1","NeuralNetFastAI_r132_BAG_L1","NeuralNetFastAI_r139_BAG_L1","NeuralNetFastAI_r143_BAG_L1","NeuralNetFastAI_r14_BAG_L1","NeuralNetFastAI_r150_BAG_L1","NeuralNetFastAI_r163_BAG_L1","NeuralNetFastAI_r190_BAG_L1","NeuralNetFastAI_r200_BAG_L1","NeuralNetFastAI_r20_BAG_L1","NeuralNetFastAI_r33_BAG_L1","NeuralNetFastAI_r62_BAG_L1","NeuralNetFastAI_r72_BAG_L1","NeuralNetTorch_r103_BAG_L1","NeuralNetTorch_r150_BAG_L1","NeuralNetTorch_r165_BAG_L1","NeuralNetTorch_r42_BAG_L1","NeuralNetTorch_r4_BAG_L1","NeuralNetTorch_r65_BAG_L1","NeuralNetTorch_r95_BAG_L1"],"42":["CatBoost_r109_BAG_L1","CatBoost_r183_BAG_L1","CatBoost_r185_BAG_L1","CatBoost_r37_BAG_L1","CatBoost_r4_BAG_L1","CatBoost_r69_BAG_L1","CatBoost_r79_BAG_L1","FTTransformer_c4_BAG_L1","LightGBM_r183_BAG_L1","NeuralNetFastAI_r108_BAG_L1","NeuralNetFastAI_r109_BAG_L1","NeuralNetFastAI_r132_BAG_L1","NeuralNetFastAI_r139_BAG_L1","NeuralNetFastAI_r143_BAG_L1","NeuralNetFastAI_r14_BAG_L1","NeuralNetFastAI_r150_BAG_L1","NeuralNetFastAI_r163_BAG_L1","NeuralNetFastAI_r16_BAG_L1","NeuralNetFastAI_r190_BAG_L1","NeuralNetFastAI_r200_BAG_L1","NeuralNetFastAI_r20_BAG_L1","NeuralNetFastAI_r33_BAG_L1","NeuralNetFastAI_r62_BAG_L1","NeuralNetFastAI_r72_BAG_L1","NeuralNetTorch_r103_BAG_L1","NeuralNetTorch_r150_BAG_L1","NeuralNetTorch_r165_BAG_L1","NeuralNetTorch_r42_BAG_L1","NeuralNetTorch_r4_BAG_L1","NeuralNetTorch_r65_BAG_L1","NeuralNetTorch_r95_BAG_L1"],"43":["CatBoost_r109_BAG_L1","CatBoost_r183_BAG_L1","CatBoost_r185_BAG_L1","NeuralNetFastAI_r144_BAG_L1","NeuralNetFastAI_r200_BAG_L1"],"44":["CatBoost_r109_BAG_L1","CatBoost_r183_BAG_L1","CatBoost_r185_BAG_L1","CatBoost_r37_BAG_L1","CatBoost_r4_BAG_L1","CatBoost_r69_BAG_L1","CatBoost_r79_BAG_L1","NeuralNetFastAI_r108_BAG_L1","NeuralNetFastAI_r109_BAG_L1","NeuralNetFastAI_r132_BAG_L1","NeuralNetFastAI_r139_BAG_L1","NeuralNetFastAI_r143_BAG_L1","NeuralNetFastAI_r14_BAG_L1","NeuralNetFastAI_r150_BAG_L1","NeuralNetFastAI_r161_BAG_L1","NeuralNetFastAI_r163_BAG_L1","NeuralNetFastAI_r16_BAG_L1","NeuralNetFastAI_r17_BAG_L1","NeuralNetFastAI_r190_BAG_L1","NeuralNetFastAI_r200_BAG_L1","NeuralNetFastAI_r20_BAG_L1","NeuralNetFastAI_r2_BAG_L1","NeuralNetFastAI_r33_BAG_L1","NeuralNetFastAI_r62_BAG_L1","NeuralNetFastAI_r72_BAG_L1","NeuralNetTorch_r103_BAG_L1","NeuralNetTorch_r106_BAG_L1","NeuralNetTorch_r150_BAG_L1","NeuralNetTorch_r165_BAG_L1","NeuralNetTorch_r42_BAG_L1","NeuralNetTorch_r4_BAG_L1","NeuralNetTorch_r65_BAG_L1","NeuralNetTorch_r95_BAG_L1","RandomForest_r169_BAG_L1"],"45":["CatBoost_r102_BAG_L1","CatBoost_r109_BAG_L1","CatBoost_r124_BAG_L1","CatBoost_r183_BAG_L1","CatBoost_r185_BAG_L1","CatBoost_r37_BAG_L1","CatBoost_r4_BAG_L1","CatBoost_r63_BAG_L1","CatBoost_r79_BAG_L1","KNeighbors_r43_BAG_L1","KNeighbors_r48_BAG_L1","NeuralNetFastAI_r109_BAG_L1","NeuralNetFastAI_r190_BAG_L1","NeuralNetFastAI_r197_BAG_L1","NeuralNetFastAI_r200_BAG_L1","NeuralNetFastAI_r20_BAG_L1","NeuralNetFastAI_r62_BAG_L1","NeuralNetTorch_r103_BAG_L1","NeuralNetTorch_r4_BAG_L1","NeuralNetTorch_r65_BAG_L1","NeuralNetTorch_r95_BAG_L1","XGBoost_r77_BAG_L1"],"46":["CatBoost_r109_BAG_L1","CatBoost_r183_BAG_L1","CatBoost_r185_BAG_L1","CatBoost_r4_BAG_L1","NeuralNetFastAI_r191_BAG_L1","NeuralNetFastAI_r200_BAG_L1","NeuralNetFastAI_r62_BAG_L1","NeuralNetFastAI_r79_BAG_L1","NeuralNetTorch_r149_BAG_L1"]},"weights":{"0":[0.3333333333,0.3333333333,0.3333333333],"1":[0.0833333333,0.1666666667,0.0833333333,0.0833333333,0.0833333333,0.0833333333,0.0833333333,0.0833333333,0.0833333333,0.0833333333,0.0833333333],"2":[0.1666666667,0.1666666667,0.1666666667,0.1666666667,0.1666666667,0.1666666667],"3":[0.03125,0.0625,0.03125,0.03125,0.03125,0.03125,0.03125,0.03125,0.03125,0.03125,0.03125,0.03125,0.03125,0.03125,0.03125,0.03125,0.03125,0.0625,0.03125,0.03125,0.03125,0.03125,0.03125,0.03125,0.03125,0.03125,0.03125,0.03125,0.03125,0.03125],"4":[0.2,0.1,0.1,0.1,0.1,0.1,0.1,0.1,0.1],"5":[0.25,0.25,0.25,0.25],"6":[0.0833333333,0.0833333333,0.0833333333,0.0833333333,0.0833333333,0.0833333333,0.0833333333,0.0833333333,0.0833333333,0.0833333333,0.0833333333,0.0833333333],"7":[0.3333333333,0.3333333333,0.3333333333],"8":[0.03125,0.03125,0.0625,0.03125,0.03125,0.03125,0.03125,0.03125,0.03125,0.03125,0.03125,0.03125,0.03125,0.03125,0.03125,0.03125,0.03125,0.0625,0.03125,0.03125,0.03125,0.03125,0.03125,0.03125,0.03125,0.03125,0.03125,0.03125,0.03125,0.03125],"9":[0.1111111111,0.2222222222,0.1111111111,0.1111111111,0.1111111111,0.1111111111,0.1111111111,0.1111111111],"10":[0.0625,0.0625,0.0625,0.0625,0.0625,0.0625,0.0625,0.0625,0.0625,0.0625,0.0625,0.0625,0.0625,0.0625,0.0625,0.0625],"11":[0.3333333333,0.3333333333,0.3333333333],"12":[0.3333333333,0.1666666667,0.1666666667,0.1666666667,0.1666666667],"13":[0.0625,0.125,0.0625,0.0625,0.0625,0.0625,0.0625,0.0625,0.0625,0.0625,0.0625,0.0625,0.0625,0.0625,0.0625],"14":[0.0303030303,0.0606060606,0.0303030303,0.0303030303,0.0303030303,0.0303030303,0.0303030303,0.0303030303,0.0303030303,0.0303030303,0.0303030303,0.0303030303,0.0303030303,0.0606060606,0.0303030303,0.0303030303,0.0303030303,0.0606060606,0.0303030303,0.0303030303,0.0303030303,0.0303030303,0.0303030303,0.0303030303,0.0303030303,0.0303030303,0.0303030303,0.0303030303,0.0303030303,0.0303030303],"15":[0.037037037,0.0740740741,0.037037037,0.037037037,0.037037037,0.037037037,0.037037037,0.037037037,0.037037037,0.037037037,0.037037037,0.037037037,0.037037037,0.037037037,0.0740740741,0.037037037,0.037037037,0.037037037,0.037037037,0.037037037,0.037037037,0.037037037,0.037037037,0.037037037,0.037037037],"16":[0.0277777778,0.0555555556,0.0277777778,0.0277777778,0.0277777778,0.0277777778,0.0277777778,0.0277777778,0.0277777778,0.0277777778,0.0277777778,0.0277777778,0.0277777778,0.0555555556,0.0277777778,0.0277777778,0.0277777778,0.0277777778,0.0555555556,0.0277777778,0.0277777778,0.0277777778,0.0277777778,0.0277777778,0.0277777778,0.0277777778,0.0277777778,0.0277777778,0.0277777778,0.0277777778,0.0277777778,0.0277777778,0.0277777778],"17":[0.5,0.5],"18":[0.1111111111,0.2222222222,0.1111111111,0.1111111111,0.1111111111,0.1111111111,0.1111111111,0.1111111111],"19":[0.0357142857,0.0714285714,0.0357142857,0.0357142857,0.0357142857,0.0357142857,0.0357142857,0.0357142857,0.0357142857,0.0357142857,0.0357142857,0.0357142857,0.0357142857,0.0714285714,0.0357142857,0.0357142857,0.0357142857,0.0357142857,0.0357142857,0.0357142857,0.0357142857,0.0357142857,0.0357142857,0.0357142857,0.0357142857,0.0357142857],"20":[0.25,0.25,0.25,0.25],"21":[0.023255814,0.023255814,0.0465116279,0.023255814,0.023255814,0.023255814,0.023255814,0.023255814,0.023255814,0.023255814,0.023255814,0.023255814,0.023255814,0.023255814,0.0697674419,0.023255814,0.023255814,0.023255814,0.023255814,0.0465116279,0.023255814,0.023255814,0.023255814,0.023255814,0.0465116279,0.023255814,0.023255814,0.023255814,0.023255814,0.023255814,0.023255814,0.023255814,0.023255814,0.023255814,0.023255814,0.023255814,0.0465116279],"22":[0.0238095238,0.0238095238,0.0476190476,0.0238095238,0.0238095238,0.0238095238,0.0238095238,0.0238095238,0.0238095238,0.0238095238,0.0238095238,0.0238095238,0.0238095238,0.0238095238,0.0714285714,0.0238095238,0.0238095238,0.0238095238,0.0238095238,0.0476190476,0.0238095238,0.0238095238,0.0238095238,0.0238095238,0.0476190476,0.0238095238,0.0238095238,0.0238095238,0.0238095238,0.0238095238,0.0238095238,0.0238095238,0.0238095238,0.0238095238,0.0238095238,0.0476190476],"23":[0.0526315789,0.0526315789,0.1052631579,0.0526315789,0.0526315789,0.0526315789,0.0526315789,0.0526315789,0.0526315789,0.0526315789,0.0526315789,0.0526315789,0.0526315789,0.0526315789,0.0526315789,0.0526315789,0.0526315789,0.0526315789],"24":[0.25,0.25,0.25,0.25],"25":[0.0666666667,0.1333333333,0.0666666667,0.0666666667,0.0666666667,0.0666666667,0.0666666667,0.0666666667,0.0666666667,0.0666666667,0.0666666667,0.0666666667,0.0666666667,0.0666666667],"26":[0.0303030303,0.0303030303,0.0303030303,0.0303030303,0.0606060606,0.0303030303,0.0303030303,0.0303030303,0.0303030303,0.0303030303,0.0303030303,0.0303030303,0.0303030303,0.0303030303,0.0303030303,0.0303030303,0.0303030303,0.0303030303,0.0303030303,0.0303030303,0.0303030303,0.0303030303,0.0303030303,0.0303030303,0.0303030303,0.0303030303,0.0303030303,0.0303030303,0.0303030303,0.0303030303,0.0303030303,0.0303030303],"27":[0.125,0.125,0.125,0.125,0.125,0.125,0.125,0.125],"28":[0.25,0.25,0.25,0.25],"29":[0.0714285714,0.1428571429,0.0714285714,0.0714285714,0.0714285714,0.0714285714,0.0714285714,0.0714285714,0.0714285714,0.0714285714,0.0714285714,0.0714285714,0.0714285714],"30":[0.1,0.1,0.1,0.1,0.1,0.1,0.2,0.1,0.1],"31":[0.0588235294,0.1176470588,0.0588235294,0.0588235294,0.0588235294,0.0588235294,0.0588235294,0.0588235294,0.0588235294,0.0588235294,0.0588235294,0.0588235294,0.0588235294,0.0588235294,0.0588235294,0.0588235294],"32":[0.0769230769,0.1538461538,0.0769230769,0.0769230769,0.0769230769,0.0769230769,0.0769230769,0.0769230769,0.0769230769,0.0769230769,0.0769230769,0.0769230769],"33":[0.1428571429,0.1428571429,0.1428571429,0.1428571429,0.1428571429,0.1428571429,0.1428571429],"34":[0.5,0.5],"35":[0.3333333333,0.3333333333,0.3333333333],"36":[0.25,0.25,0.25,0.25],"37":[0.1111111111,0.1111111111,0.1111111111,0.1111111111,0.1111111111,0.2222222222,0.1111111111,0.1111111111],"38":[0.0454545455,0.0454545455,0.0454545455,0.0454545455,0.0454545455,0.0454545455,0.0454545455,0.0454545455,0.0454545455,0.0454545455,0.0454545455,0.0454545455,0.0454545455,0.0454545455,0.0454545455,0.0454545455,0.0454545455,0.0454545455,0.0454545455,0.0454545455,0.0454545455,0.0454545455],"39":[0.1666666667,0.1666666667,0.1666666667,0.1666666667,0.1666666667,0.1666666667],"40":[0.1666666667,0.1666666667,0.1666666667,0.1666666667,0.1666666667,0.1666666667],"41":[0.0344827586,0.0344827586,0.0689655172,0.0344827586,0.0344827586,0.0344827586,0.0344827586,0.0344827586,0.0344827586,0.0344827586,0.0344827586,0.0344827586,0.0344827586,0.0344827586,0.0689655172,0.0344827586,0.0344827586,0.0344827586,0.0344827586,0.0344827586,0.0344827586,0.0344827586,0.0344827586,0.0344827586,0.0344827586,0.0344827586,0.0344827586],"42":[0.0303030303,0.0606060606,0.0303030303,0.0303030303,0.0303030303,0.0303030303,0.0303030303,0.0303030303,0.0303030303,0.0303030303,0.0303030303,0.0303030303,0.0303030303,0.0303030303,0.0303030303,0.0303030303,0.0303030303,0.0303030303,0.0606060606,0.0303030303,0.0303030303,0.0303030303,0.0303030303,0.0303030303,0.0303030303,0.0303030303,0.0303030303,0.0303030303,0.0303030303,0.0303030303,0.0303030303],"43":[0.2,0.2,0.2,0.2,0.2],"44":[0.027027027,0.0540540541,0.027027027,0.027027027,0.027027027,0.027027027,0.027027027,0.027027027,0.027027027,0.027027027,0.027027027,0.027027027,0.027027027,0.0540540541,0.027027027,0.027027027,0.027027027,0.027027027,0.0540540541,0.027027027,0.027027027,0.027027027,0.027027027,0.027027027,0.027027027,0.027027027,0.027027027,0.027027027,0.027027027,0.027027027,0.027027027,0.027027027,0.027027027,0.027027027],"45":[0.0434782609,0.0434782609,0.0434782609,0.0869565217,0.0434782609,0.0434782609,0.0434782609,0.0434782609,0.0434782609,0.0434782609,0.0434782609,0.0434782609,0.0434782609,0.0434782609,0.0434782609,0.0434782609,0.0434782609,0.0434782609,0.0434782609,0.0434782609,0.0434782609,0.0434782609],"46":[0.1111111111,0.1111111111,0.1111111111,0.1111111111,0.1111111111,0.1111111111,0.1111111111,0.1111111111,0.1111111111]},"meta":{"0":14,"1":3,"2":42,"3":10,"4":6,"5":6,"6":6,"7":2,"8":4,"9":3,"10":3,"11":13,"12":9,"13":16,"14":4,"15":12,"16":12,"17":4,"18":4,"19":6,"20":16,"21":9,"22":10,"23":15,"24":29,"25":19,"26":28,"27":4,"28":9,"29":17,"30":5,"31":23,"32":2,"33":22,"34":9,"35":33,"36":27,"37":33,"38":32,"39":32,"40":3,"41":36,"42":8,"43":7,"44":33,"45":43,"46":37},"task":{"0":"361336_1","1":"361336_1","2":"361336_1","3":"361336_1","4":"361336_1","5":"361336_1","6":"361336_1","7":"361336_1","8":"361336_1","9":"361336_1","10":"361336_1","11":"361336_1","12":"361336_1","13":"361336_1","14":"361336_1","15":"361336_1","16":"361336_1","17":"361336_1","18":"361336_1","19":"361336_1","20":"361336_1","21":"361336_1","22":"361336_1","23":"361336_1","24":"361336_1","25":"361336_1","26":"361336_1","27":"361336_1","28":"361336_1","29":"361336_1","30":"361336_1","31":"361336_1","32":"361336_1","33":"361336_1","34":"361336_1","35":"361336_1","36":"361336_1","37":"361336_1","38":"361336_1","39":"361336_1","40":"361336_1","41":"361336_1","42":"361336_1","43":"361336_1","44":"361336_1","45":"361336_1","46":"361336_1"},"dataset":{"0":"GAMETES_Heterogeneity_20atts_1600_Het_0_4_0_2_75_EDM-2_001","1":"GAMETES_Heterogeneity_20atts_1600_Het_0_4_0_2_75_EDM-2_001","2":"GAMETES_Heterogeneity_20atts_1600_Het_0_4_0_2_75_EDM-2_001","3":"GAMETES_Heterogeneity_20atts_1600_Het_0_4_0_2_75_EDM-2_001","4":"GAMETES_Heterogeneity_20atts_1600_Het_0_4_0_2_75_EDM-2_001","5":"GAMETES_Heterogeneity_20atts_1600_Het_0_4_0_2_75_EDM-2_001","6":"GAMETES_Heterogeneity_20atts_1600_Het_0_4_0_2_75_EDM-2_001","7":"GAMETES_Heterogeneity_20atts_1600_Het_0_4_0_2_75_EDM-2_001","8":"GAMETES_Heterogeneity_20atts_1600_Het_0_4_0_2_75_EDM-2_001","9":"GAMETES_Heterogeneity_20atts_1600_Het_0_4_0_2_75_EDM-2_001","10":"GAMETES_Heterogeneity_20atts_1600_Het_0_4_0_2_75_EDM-2_001","11":"GAMETES_Heterogeneity_20atts_1600_Het_0_4_0_2_75_EDM-2_001","12":"GAMETES_Heterogeneity_20atts_1600_Het_0_4_0_2_75_EDM-2_001","13":"GAMETES_Heterogeneity_20atts_1600_Het_0_4_0_2_75_EDM-2_001","14":"GAMETES_Heterogeneity_20atts_1600_Het_0_4_0_2_75_EDM-2_001","15":"GAMETES_Heterogeneity_20atts_1600_Het_0_4_0_2_75_EDM-2_001","16":"GAMETES_Heterogeneity_20atts_1600_Het_0_4_0_2_75_EDM-2_001","17":"GAMETES_Heterogeneity_20atts_1600_Het_0_4_0_2_75_EDM-2_001","18":"GAMETES_Heterogeneity_20atts_1600_Het_0_4_0_2_75_EDM-2_001","19":"GAMETES_Heterogeneity_20atts_1600_Het_0_4_0_2_75_EDM-2_001","20":"GAMETES_Heterogeneity_20atts_1600_Het_0_4_0_2_75_EDM-2_001","21":"GAMETES_Heterogeneity_20atts_1600_Het_0_4_0_2_75_EDM-2_001","22":"GAMETES_Heterogeneity_20atts_1600_Het_0_4_0_2_75_EDM-2_001","23":"GAMETES_Heterogeneity_20atts_1600_Het_0_4_0_2_75_EDM-2_001","24":"GAMETES_Heterogeneity_20atts_1600_Het_0_4_0_2_75_EDM-2_001","25":"GAMETES_Heterogeneity_20atts_1600_Het_0_4_0_2_75_EDM-2_001","26":"GAMETES_Heterogeneity_20atts_1600_Het_0_4_0_2_75_EDM-2_001","27":"GAMETES_Heterogeneity_20atts_1600_Het_0_4_0_2_75_EDM-2_001","28":"GAMETES_Heterogeneity_20atts_1600_Het_0_4_0_2_75_EDM-2_001","29":"GAMETES_Heterogeneity_20atts_1600_Het_0_4_0_2_75_EDM-2_001","30":"GAMETES_Heterogeneity_20atts_1600_Het_0_4_0_2_75_EDM-2_001","31":"GAMETES_Heterogeneity_20atts_1600_Het_0_4_0_2_75_EDM-2_001","32":"GAMETES_Heterogeneity_20atts_1600_Het_0_4_0_2_75_EDM-2_001","33":"GAMETES_Heterogeneity_20atts_1600_Het_0_4_0_2_75_EDM-2_001","34":"GAMETES_Heterogeneity_20atts_1600_Het_0_4_0_2_75_EDM-2_001","35":"GAMETES_Heterogeneity_20atts_1600_Het_0_4_0_2_75_EDM-2_001","36":"GAMETES_Heterogeneity_20atts_1600_Het_0_4_0_2_75_EDM-2_001","37":"GAMETES_Heterogeneity_20atts_1600_Het_0_4_0_2_75_EDM-2_001","38":"GAMETES_Heterogeneity_20atts_1600_Het_0_4_0_2_75_EDM-2_001","39":"GAMETES_Heterogeneity_20atts_1600_Het_0_4_0_2_75_EDM-2_001","40":"GAMETES_Heterogeneity_20atts_1600_Het_0_4_0_2_75_EDM-2_001","41":"GAMETES_Heterogeneity_20atts_1600_Het_0_4_0_2_75_EDM-2_001","42":"GAMETES_Heterogeneity_20atts_1600_Het_0_4_0_2_75_EDM-2_001","43":"GAMETES_Heterogeneity_20atts_1600_Het_0_4_0_2_75_EDM-2_001","44":"GAMETES_Heterogeneity_20atts_1600_Het_0_4_0_2_75_EDM-2_001","45":"GAMETES_Heterogeneity_20atts_1600_Het_0_4_0_2_75_EDM-2_001","46":"GAMETES_Heterogeneity_20atts_1600_Het_0_4_0_2_75_EDM-2_001"},"fold":{"0":1,"1":1,"2":1,"3":1,"4":1,"5":1,"6":1,"7":1,"8":1,"9":1,"10":1,"11":1,"12":1,"13":1,"14":1,"15":1,"16":1,"17":1,"18":1,"19":1,"20":1,"21":1,"22":1,"23":1,"24":1,"25":1,"26":1,"27":1,"28":1,"29":1,"30":1,"31":1,"32":1,"33":1,"34":1,"35":1,"36":1,"37":1,"38":1,"39":1,"40":1,"41":1,"42":1,"43":1,"44":1,"45":1,"46":1},"method":{"0":"INFER_TIME_QDO","1":"INFER_TIME_QDO","2":"INFER_TIME_QDO","3":"INFER_TIME_QDO","4":"INFER_TIME_QDO","5":"INFER_TIME_QDO","6":"INFER_TIME_QDO","7":"INFER_TIME_QDO","8":"INFER_TIME_QDO","9":"INFER_TIME_QDO","10":"INFER_TIME_QDO","11":"INFER_TIME_QDO","12":"INFER_TIME_QDO","13":"INFER_TIME_QDO","14":"INFER_TIME_QDO","15":"INFER_TIME_QDO","16":"INFER_TIME_QDO","17":"INFER_TIME_QDO","18":"INFER_TIME_QDO","19":"INFER_TIME_QDO","20":"INFER_TIME_QDO","21":"INFER_TIME_QDO","22":"INFER_TIME_QDO","23":"INFER_TIME_QDO","24":"INFER_TIME_QDO","25":"INFER_TIME_QDO","26":"INFER_TIME_QDO","27":"INFER_TIME_QDO","28":"INFER_TIME_QDO","29":"INFER_TIME_QDO","30":"INFER_TIME_QDO","31":"INFER_TIME_QDO","32":"INFER_TIME_QDO","33":"INFER_TIME_QDO","34":"INFER_TIME_QDO","35":"INFER_TIME_QDO","36":"INFER_TIME_QDO","37":"INFER_TIME_QDO","38":"INFER_TIME_QDO","39":"INFER_TIME_QDO","40":"INFER_TIME_QDO","41":"INFER_TIME_QDO","42":"INFER_TIME_QDO","43":"INFER_TIME_QDO","44":"INFER_TIME_QDO","45":"INFER_TIME_QDO","46":"INFER_TIME_QDO"}}