{"name":{"0":"INFER_TIME_QDO_0","1":"INFER_TIME_QDO_1","2":"INFER_TIME_QDO_2","3":"INFER_TIME_QDO_3","4":"INFER_TIME_QDO_4","5":"INFER_TIME_QDO_5","6":"INFER_TIME_QDO_6","7":"INFER_TIME_QDO_7","8":"INFER_TIME_QDO_8","9":"INFER_TIME_QDO_9","10":"INFER_TIME_QDO_10","11":"INFER_TIME_QDO_11","12":"INFER_TIME_QDO_12","13":"INFER_TIME_QDO_13","14":"INFER_TIME_QDO_14","15":"INFER_TIME_QDO_15","16":"INFER_TIME_QDO_16","17":"INFER_TIME_QDO_17","18":"INFER_TIME_QDO_18","19":"INFER_TIME_QDO_19","20":"INFER_TIME_QDO_20","21":"INFER_TIME_QDO_21","22":"INFER_TIME_QDO_22","23":"INFER_TIME_QDO_23","24":"INFER_TIME_QDO_24","25":"INFER_TIME_QDO_25","26":"INFER_TIME_QDO_26","27":"INFER_TIME_QDO_27","28":"INFER_TIME_QDO_28","29":"INFER_TIME_QDO_29","30":"INFER_TIME_QDO_30","31":"INFER_TIME_QDO_31","32":"INFER_TIME_QDO_32","33":"INFER_TIME_QDO_33","34":"INFER_TIME_QDO_34","35":"INFER_TIME_QDO_35","36":"INFER_TIME_QDO_36","37":"INFER_TIME_QDO_37","38":"INFER_TIME_QDO_38","39":"INFER_TIME_QDO_39","40":"INFER_TIME_QDO_40","41":"INFER_TIME_QDO_41","42":"INFER_TIME_QDO_42","43":"INFER_TIME_QDO_43","44":"INFER_TIME_QDO_44"},"roc_auc_val":{"0":0.992,"1":0.99,"2":0.991,"3":0.9705,"4":0.9925,"5":0.986,"6":0.992,"7":0.9845,"8":0.967,"9":0.9925,"10":0.9785,"11":0.965,"12":0.973,"13":0.9925,"14":0.9925,"15":0.992,"16":0.992,"17":0.977,"18":0.987,"19":0.9815,"20":0.992,"21":0.979,"22":0.987,"23":0.9855,"24":0.9675,"25":0.9855,"26":0.986,"27":0.992,"28":0.993,"29":0.9905,"30":0.9915,"31":0.993,"32":0.9755,"33":0.9735,"34":0.991,"35":0.9285,"36":0.9905,"37":0.972,"38":0.9785,"39":0.993,"40":0.9875,"41":0.991,"42":0.974,"43":0.9755,"44":0.9795},"roc_auc_test":{"0":1.0,"1":1.0,"2":1.0,"3":1.0,"4":1.0,"5":1.0,"6":1.0,"7":1.0,"8":1.0,"9":1.0,"10":1.0,"11":0.9583333333,"12":1.0,"13":1.0,"14":1.0,"15":1.0,"16":1.0,"17":1.0,"18":1.0,"19":1.0,"20":1.0,"21":1.0,"22":1.0,"23":1.0,"24":1.0,"25":1.0,"26":1.0,"27":1.0,"28":1.0,"29":1.0,"30":1.0,"31":1.0,"32":1.0,"33":1.0,"34":1.0,"35":1.0,"36":1.0,"37":1.0,"38":1.0,"39":1.0,"40":1.0,"41":1.0,"42":1.0,"43":1.0,"44":1.0},"models_used":{"0":["CatBoost_r139_BAG_L1","LightGBM_r151_BAG_L1","LightGBM_r171_BAG_L1","LightGBM_r195_BAG_L1","NeuralNetFastAI_r109_BAG_L1","NeuralNetFastAI_r140_BAG_L1","NeuralNetFastAI_r171_BAG_L1","NeuralNetFastAI_r187_BAG_L1","NeuralNetFastAI_r194_BAG_L1","NeuralNetFastAI_r52_BAG_L1","NeuralNetFastAI_r64_BAG_L1","NeuralNetTorch_r149_BAG_L1","NeuralNetTorch_r1_BAG_L1","NeuralNetTorch_r4_BAG_L1","NeuralNetTorch_r69_BAG_L1","RandomForest_r64_BAG_L1","XGBoost_r131_BAG_L1","XGBoost_r91_BAG_L1"],"1":["CatBoost_r139_BAG_L1","LightGBM_r151_BAG_L1","LightGBM_r171_BAG_L1","LightGBM_r195_BAG_L1","NeuralNetFastAI_r109_BAG_L1","NeuralNetFastAI_r140_BAG_L1","NeuralNetFastAI_r171_BAG_L1","NeuralNetFastAI_r187_BAG_L1","NeuralNetFastAI_r194_BAG_L1","NeuralNetFastAI_r52_BAG_L1","NeuralNetFastAI_r64_BAG_L1","NeuralNetFastAI_r80_BAG_L1","NeuralNetTorch_r142_BAG_L1","NeuralNetTorch_r149_BAG_L1","NeuralNetTorch_r1_BAG_L1","NeuralNetTorch_r4_BAG_L1","NeuralNetTorch_r69_BAG_L1","XGBoost_r131_BAG_L1","XGBoost_r91_BAG_L1"],"2":["CatBoost_r139_BAG_L1","LightGBM_r151_BAG_L1","LightGBM_r171_BAG_L1","LightGBM_r195_BAG_L1","NeuralNetFastAI_r109_BAG_L1","NeuralNetFastAI_r140_BAG_L1","NeuralNetFastAI_r171_BAG_L1","NeuralNetFastAI_r194_BAG_L1","NeuralNetFastAI_r52_BAG_L1","NeuralNetFastAI_r64_BAG_L1","NeuralNetTorch_r149_BAG_L1","NeuralNetTorch_r1_BAG_L1","NeuralNetTorch_r4_BAG_L1","NeuralNetTorch_r69_BAG_L1","XGBoost_r131_BAG_L1","XGBoost_r79_BAG_L1","XGBoost_r91_BAG_L1"],"3":["NeuralNetFastAI_r171_BAG_L1","NeuralNetFastAI_r64_BAG_L1","XGBoost_r10_BAG_L1"],"4":["CatBoost_r139_BAG_L1","LightGBM_r151_BAG_L1","LightGBM_r171_BAG_L1","LightGBM_r195_BAG_L1","NeuralNetFastAI_r109_BAG_L1","NeuralNetFastAI_r140_BAG_L1","NeuralNetFastAI_r171_BAG_L1","NeuralNetFastAI_r187_BAG_L1","NeuralNetFastAI_r194_BAG_L1","NeuralNetFastAI_r52_BAG_L1","NeuralNetFastAI_r64_BAG_L1","NeuralNetTorch_r142_BAG_L1","NeuralNetTorch_r149_BAG_L1","NeuralNetTorch_r1_BAG_L1","NeuralNetTorch_r4_BAG_L1","NeuralNetTorch_r69_BAG_L1","XGBoost_r131_BAG_L1","XGBoost_r91_BAG_L1"],"5":["CatBoost_r139_BAG_L1","LightGBM_r120_BAG_L1","LightGBM_r151_BAG_L1","NeuralNetFastAI_r109_BAG_L1","NeuralNetFastAI_r171_BAG_L1","NeuralNetFastAI_r194_BAG_L1","NeuralNetFastAI_r64_BAG_L1","NeuralNetTorch_r149_BAG_L1","NeuralNetTorch_r69_BAG_L1","XGBoost_r131_BAG_L1","XGBoost_r91_BAG_L1"],"6":["CatBoost_r139_BAG_L1","LightGBM_r151_BAG_L1","LightGBM_r171_BAG_L1","LightGBM_r195_BAG_L1","NeuralNetFastAI_r109_BAG_L1","NeuralNetFastAI_r140_BAG_L1","NeuralNetFastAI_r171_BAG_L1","NeuralNetFastAI_r187_BAG_L1","NeuralNetFastAI_r194_BAG_L1","NeuralNetFastAI_r52_BAG_L1","NeuralNetFastAI_r64_BAG_L1","NeuralNetTorch_r149_BAG_L1","NeuralNetTorch_r1_BAG_L1","NeuralNetTorch_r4_BAG_L1","NeuralNetTorch_r69_BAG_L1","XGBoost_r131_BAG_L1","XGBoost_r91_BAG_L1"],"7":["CatBoost_r139_BAG_L1","CatBoost_r195_BAG_L1","ExtraTrees_r42_BAG_L1","LightGBM_r151_BAG_L1","LightGBM_r171_BAG_L1","LightGBM_r195_BAG_L1","NeuralNetFastAI_r109_BAG_L1","NeuralNetFastAI_r140_BAG_L1","NeuralNetFastAI_r167_BAG_L1","NeuralNetFastAI_r171_BAG_L1","NeuralNetFastAI_r194_BAG_L1","NeuralNetFastAI_r52_BAG_L1","NeuralNetFastAI_r54_BAG_L1","NeuralNetFastAI_r64_BAG_L1","NeuralNetTorch_r149_BAG_L1","NeuralNetTorch_r1_BAG_L1","NeuralNetTorch_r4_BAG_L1","NeuralNetTorch_r69_BAG_L1","XGBoost_r131_BAG_L1","XGBoost_r33_BAG_L1","XGBoost_r91_BAG_L1"],"8":["CatBoost_r139_BAG_L1","CatBoost_r183_BAG_L1","LinearModel_r16_BAG_L1","LinearModel_r7_BAG_L1","NeuralNetFastAI_r131_BAG_L1","NeuralNetFastAI_r140_BAG_L1","NeuralNetFastAI_r171_BAG_L1","NeuralNetFastAI_r194_BAG_L1","NeuralNetFastAI_r64_BAG_L1","NeuralNetTorch_r149_BAG_L1","NeuralNetTorch_r69_BAG_L1"],"9":["CatBoost_r139_BAG_L1","LightGBM_r151_BAG_L1","LightGBM_r171_BAG_L1","LightGBM_r17_BAG_L1","LightGBM_r195_BAG_L1","NeuralNetFastAI_r109_BAG_L1","NeuralNetFastAI_r140_BAG_L1","NeuralNetFastAI_r171_BAG_L1","NeuralNetFastAI_r187_BAG_L1","NeuralNetFastAI_r194_BAG_L1","NeuralNetFastAI_r52_BAG_L1","NeuralNetFastAI_r64_BAG_L1","NeuralNetTorch_r142_BAG_L1","NeuralNetTorch_r149_BAG_L1","NeuralNetTorch_r168_BAG_L1","NeuralNetTorch_r1_BAG_L1","NeuralNetTorch_r4_BAG_L1","NeuralNetTorch_r69_BAG_L1","XGBoost_r131_BAG_L1","XGBoost_r91_BAG_L1"],"10":["CatBoost_r139_BAG_L1","ExtraTrees_r147_BAG_L1","NeuralNetFastAI_r171_BAG_L1","NeuralNetFastAI_r194_BAG_L1","NeuralNetFastAI_r54_BAG_L1","NeuralNetFastAI_r64_BAG_L1","XGBoost_r131_BAG_L1"],"11":["NeuralNetFastAI_r171_BAG_L1","NeuralNetFastAI_r44_BAG_L1","NeuralNetFastAI_r64_BAG_L1"],"12":["LightGBM_r180_BAG_L1","LightGBM_r81_BAG_L1","NeuralNetFastAI_r171_BAG_L1","NeuralNetFastAI_r55_BAG_L1","NeuralNetFastAI_r64_BAG_L1"],"13":["CatBoost_r139_BAG_L1","LightGBM_r116_BAG_L1","LightGBM_r151_BAG_L1","LightGBM_r171_BAG_L1","LightGBM_r17_BAG_L1","LightGBM_r195_BAG_L1","NeuralNetFastAI_r109_BAG_L1","NeuralNetFastAI_r140_BAG_L1","NeuralNetFastAI_r171_BAG_L1","NeuralNetFastAI_r187_BAG_L1","NeuralNetFastAI_r194_BAG_L1","NeuralNetFastAI_r52_BAG_L1","NeuralNetFastAI_r64_BAG_L1","NeuralNetTorch_r142_BAG_L1","NeuralNetTorch_r149_BAG_L1","NeuralNetTorch_r1_BAG_L1","NeuralNetTorch_r4_BAG_L1","NeuralNetTorch_r69_BAG_L1","XGBoost_r131_BAG_L1","XGBoost_r91_BAG_L1"],"14":["CatBoost_r139_BAG_L1","LightGBM_r151_BAG_L1","LightGBM_r171_BAG_L1","LightGBM_r195_BAG_L1","NeuralNetFastAI_r109_BAG_L1","NeuralNetFastAI_r140_BAG_L1","NeuralNetFastAI_r171_BAG_L1","NeuralNetFastAI_r187_BAG_L1","NeuralNetFastAI_r194_BAG_L1","NeuralNetFastAI_r52_BAG_L1","NeuralNetFastAI_r64_BAG_L1","NeuralNetTorch_r142_BAG_L1","NeuralNetTorch_r149_BAG_L1","NeuralNetTorch_r1_BAG_L1","NeuralNetTorch_r4_BAG_L1","NeuralNetTorch_r69_BAG_L1","XGBoost_r131_BAG_L1","XGBoost_r83_BAG_L1","XGBoost_r91_BAG_L1"],"15":["CatBoost_r139_BAG_L1","LightGBM_r151_BAG_L1","LightGBM_r171_BAG_L1","LightGBM_r17_BAG_L1","LightGBM_r195_BAG_L1","NeuralNetFastAI_r109_BAG_L1","NeuralNetFastAI_r140_BAG_L1","NeuralNetFastAI_r171_BAG_L1","NeuralNetFastAI_r187_BAG_L1","NeuralNetFastAI_r194_BAG_L1","NeuralNetFastAI_r35_BAG_L1","NeuralNetFastAI_r52_BAG_L1","NeuralNetFastAI_r64_BAG_L1","NeuralNetTorch_r142_BAG_L1","NeuralNetTorch_r149_BAG_L1","NeuralNetTorch_r1_BAG_L1","NeuralNetTorch_r4_BAG_L1","NeuralNetTorch_r69_BAG_L1","XGBoost_r131_BAG_L1","XGBoost_r91_BAG_L1"],"16":["CatBoost_r139_BAG_L1","CatBoost_r86_BAG_L1","LightGBM_r151_BAG_L1","LightGBM_r171_BAG_L1","LightGBM_r17_BAG_L1","LightGBM_r195_BAG_L1","NeuralNetFastAI_r109_BAG_L1","NeuralNetFastAI_r140_BAG_L1","NeuralNetFastAI_r171_BAG_L1","NeuralNetFastAI_r187_BAG_L1","NeuralNetFastAI_r194_BAG_L1","NeuralNetFastAI_r52_BAG_L1","NeuralNetFastAI_r64_BAG_L1","NeuralNetTorch_r142_BAG_L1","NeuralNetTorch_r149_BAG_L1","NeuralNetTorch_r1_BAG_L1","NeuralNetTorch_r4_BAG_L1","NeuralNetTorch_r69_BAG_L1","XGBoost_r131_BAG_L1","XGBoost_r91_BAG_L1"],"17":["LightGBM_r74_BAG_L1","NeuralNetFastAI_r131_BAG_L1","NeuralNetFastAI_r140_BAG_L1","NeuralNetFastAI_r171_BAG_L1","NeuralNetFastAI_r64_BAG_L1","XGBoost_r157_BAG_L1","XGBoost_r65_BAG_L1"],"18":["CatBoost_r139_BAG_L1","LightGBM_r147_BAG_L1","LightGBM_r151_BAG_L1","NeuralNetFastAI_r109_BAG_L1","NeuralNetFastAI_r171_BAG_L1","NeuralNetFastAI_r194_BAG_L1","NeuralNetFastAI_r52_BAG_L1","NeuralNetFastAI_r64_BAG_L1","NeuralNetTorch_r149_BAG_L1","NeuralNetTorch_r69_BAG_L1","XGBoost_r131_BAG_L1","XGBoost_r91_BAG_L1"],"19":["CatBoost_r139_BAG_L1","CatBoost_r199_BAG_L1","NeuralNetFastAI_r120_BAG_L1","NeuralNetFastAI_r171_BAG_L1","NeuralNetFastAI_r194_BAG_L1","NeuralNetFastAI_r52_BAG_L1","NeuralNetFastAI_r64_BAG_L1","XGBoost_r131_BAG_L1","XGBoost_r146_BAG_L1"],"20":["CatBoost_r139_BAG_L1","LightGBM_r151_BAG_L1","LightGBM_r171_BAG_L1","LightGBM_r17_BAG_L1","LightGBM_r195_BAG_L1","NeuralNetFastAI_r109_BAG_L1","NeuralNetFastAI_r140_BAG_L1","NeuralNetFastAI_r171_BAG_L1","NeuralNetFastAI_r187_BAG_L1","NeuralNetFastAI_r194_BAG_L1","NeuralNetFastAI_r52_BAG_L1","NeuralNetFastAI_r64_BAG_L1","NeuralNetTorch_r105_BAG_L1","NeuralNetTorch_r142_BAG_L1","NeuralNetTorch_r149_BAG_L1","NeuralNetTorch_r1_BAG_L1","NeuralNetTorch_r4_BAG_L1","NeuralNetTorch_r69_BAG_L1","XGBoost_r131_BAG_L1","XGBoost_r91_BAG_L1"],"21":["CatBoost_r139_BAG_L1","LightGBM_r151_BAG_L1","LightGBM_r195_BAG_L1","NeuralNetFastAI_r109_BAG_L1","NeuralNetFastAI_r171_BAG_L1","NeuralNetFastAI_r194_BAG_L1","NeuralNetFastAI_r52_BAG_L1","NeuralNetFastAI_r64_BAG_L1","NeuralNetFastAI_r71_BAG_L1","NeuralNetFastAI_r85_BAG_L1","NeuralNetTorch_r112_BAG_L1","NeuralNetTorch_r128_BAG_L1","NeuralNetTorch_r149_BAG_L1","NeuralNetTorch_r22_BAG_L1","NeuralNetTorch_r4_BAG_L1","NeuralNetTorch_r69_BAG_L1","XGBoost_r131_BAG_L1","XGBoost_r91_BAG_L1"],"22":["CatBoost_r139_BAG_L1","LightGBM_r147_BAG_L1","LightGBM_r151_BAG_L1","LightGBM_r40_BAG_L1","NeuralNetFastAI_r109_BAG_L1","NeuralNetFastAI_r171_BAG_L1","NeuralNetFastAI_r194_BAG_L1","NeuralNetFastAI_r52_BAG_L1","NeuralNetFastAI_r64_BAG_L1","NeuralNetTorch_r149_BAG_L1","NeuralNetTorch_r69_BAG_L1","XGBoost_r131_BAG_L1","XGBoost_r91_BAG_L1"],"23":["CatBoost_r139_BAG_L1","CatBoost_r23_BAG_L1","LightGBM_r147_BAG_L1","LightGBM_r151_BAG_L1","NeuralNetFastAI_r109_BAG_L1","NeuralNetFastAI_r171_BAG_L1","NeuralNetFastAI_r194_BAG_L1","NeuralNetFastAI_r52_BAG_L1","NeuralNetFastAI_r64_BAG_L1","NeuralNetTorch_r149_BAG_L1","NeuralNetTorch_r69_BAG_L1","XGBoost_r131_BAG_L1","XGBoost_r91_BAG_L1"],"24":["CatBoost_r199_BAG_L1","NeuralNetFastAI_r120_BAG_L1","NeuralNetFastAI_r171_BAG_L1","NeuralNetFastAI_r181_BAG_L1","NeuralNetFastAI_r44_BAG_L1","NeuralNetFastAI_r64_BAG_L1"],"25":["CatBoost_r139_BAG_L1","LightGBM_r147_BAG_L1","LightGBM_r151_BAG_L1","NeuralNetFastAI_r109_BAG_L1","NeuralNetFastAI_r113_BAG_L1","NeuralNetFastAI_r171_BAG_L1","NeuralNetFastAI_r194_BAG_L1","NeuralNetFastAI_r52_BAG_L1","NeuralNetFastAI_r64_BAG_L1","NeuralNetTorch_r149_BAG_L1","NeuralNetTorch_r69_BAG_L1","XGBoost_r131_BAG_L1","XGBoost_r91_BAG_L1"],"26":["CatBoost_r102_BAG_L1","CatBoost_r139_BAG_L1","LightGBM_r151_BAG_L1","LightGBM_r35_BAG_L1","NeuralNetFastAI_r109_BAG_L1","NeuralNetFastAI_r171_BAG_L1","NeuralNetFastAI_r194_BAG_L1","NeuralNetFastAI_r64_BAG_L1","NeuralNetTorch_r149_BAG_L1","NeuralNetTorch_r69_BAG_L1","XGBoost_r131_BAG_L1","XGBoost_r91_BAG_L1"],"27":["CatBoost_r139_BAG_L1","LightGBM_r151_BAG_L1","LightGBM_r171_BAG_L1","LightGBM_r195_BAG_L1","NeuralNetFastAI_r109_BAG_L1","NeuralNetFastAI_r140_BAG_L1","NeuralNetFastAI_r171_BAG_L1","NeuralNetFastAI_r187_BAG_L1","NeuralNetFastAI_r194_BAG_L1","NeuralNetFastAI_r52_BAG_L1","NeuralNetFastAI_r64_BAG_L1","NeuralNetTorch_r142_BAG_L1","NeuralNetTorch_r149_BAG_L1","NeuralNetTorch_r1_BAG_L1","NeuralNetTorch_r4_BAG_L1","NeuralNetTorch_r69_BAG_L1","XGBoost_r131_BAG_L1","XGBoost_r32_BAG_L1","XGBoost_r91_BAG_L1"],"28":["CatBoost_r139_BAG_L1","LightGBM_r147_BAG_L1","LightGBM_r151_BAG_L1","LightGBM_r171_BAG_L1","LightGBM_r17_BAG_L1","LightGBM_r195_BAG_L1","LightGBM_r40_BAG_L1","NeuralNetFastAI_r109_BAG_L1","NeuralNetFastAI_r140_BAG_L1","NeuralNetFastAI_r171_BAG_L1","NeuralNetFastAI_r187_BAG_L1","NeuralNetFastAI_r194_BAG_L1","NeuralNetFastAI_r52_BAG_L1","NeuralNetFastAI_r64_BAG_L1","NeuralNetTorch_r142_BAG_L1","NeuralNetTorch_r149_BAG_L1","NeuralNetTorch_r1_BAG_L1","NeuralNetTorch_r4_BAG_L1","NeuralNetTorch_r69_BAG_L1","XGBoost_r131_BAG_L1","XGBoost_r91_BAG_L1"],"29":["CatBoost_r139_BAG_L1","LightGBM_r151_BAG_L1","LightGBM_r171_BAG_L1","LightGBM_r195_BAG_L1","NeuralNetFastAI_r109_BAG_L1","NeuralNetFastAI_r140_BAG_L1","NeuralNetFastAI_r171_BAG_L1","NeuralNetFastAI_r187_BAG_L1","NeuralNetFastAI_r194_BAG_L1","NeuralNetFastAI_r52_BAG_L1","NeuralNetFastAI_r64_BAG_L1","NeuralNetTorch_r142_BAG_L1","NeuralNetTorch_r149_BAG_L1","NeuralNetTorch_r157_BAG_L1","NeuralNetTorch_r1_BAG_L1","NeuralNetTorch_r4_BAG_L1","NeuralNetTorch_r69_BAG_L1","XGBoost_r131_BAG_L1","XGBoost_r91_BAG_L1"],"30":["CatBoost_r139_BAG_L1","CatBoost_r199_BAG_L1","LightGBM_r151_BAG_L1","LightGBM_r171_BAG_L1","LightGBM_r17_BAG_L1","LightGBM_r195_BAG_L1","NeuralNetFastAI_r109_BAG_L1","NeuralNetFastAI_r120_BAG_L1","NeuralNetFastAI_r140_BAG_L1","NeuralNetFastAI_r171_BAG_L1","NeuralNetFastAI_r187_BAG_L1","NeuralNetFastAI_r189_BAG_L1","NeuralNetFastAI_r194_BAG_L1","NeuralNetFastAI_r52_BAG_L1","NeuralNetFastAI_r64_BAG_L1","NeuralNetTorch_r142_BAG_L1","NeuralNetTorch_r149_BAG_L1","NeuralNetTorch_r1_BAG_L1","NeuralNetTorch_r4_BAG_L1","NeuralNetTorch_r69_BAG_L1","XGBoost_r131_BAG_L1","XGBoost_r91_BAG_L1"],"31":["CatBoost_r139_BAG_L1","LightGBM_r151_BAG_L1","LightGBM_r171_BAG_L1","LightGBM_r17_BAG_L1","LightGBM_r195_BAG_L1","NeuralNetFastAI_r109_BAG_L1","NeuralNetFastAI_r140_BAG_L1","NeuralNetFastAI_r171_BAG_L1","NeuralNetFastAI_r187_BAG_L1","NeuralNetFastAI_r194_BAG_L1","NeuralNetFastAI_r52_BAG_L1","NeuralNetFastAI_r64_BAG_L1","NeuralNetTorch_r142_BAG_L1","NeuralNetTorch_r149_BAG_L1","NeuralNetTorch_r1_BAG_L1","NeuralNetTorch_r4_BAG_L1","NeuralNetTorch_r69_BAG_L1","XGBoost_r131_BAG_L1","XGBoost_r91_BAG_L1"],"32":["CatBoost_r139_BAG_L1","ExtraTrees_r196_BAG_L1","NeuralNetFastAI_r171_BAG_L1","NeuralNetFastAI_r194_BAG_L1","NeuralNetFastAI_r64_BAG_L1","RandomForest_r10_BAG_L1","XGBoost_r131_BAG_L1"],"33":["LightGBM_r74_BAG_L1","NeuralNetFastAI_r131_BAG_L1","NeuralNetFastAI_r140_BAG_L1","NeuralNetFastAI_r171_BAG_L1","NeuralNetFastAI_r64_BAG_L1","XGBoost_r65_BAG_L1"],"34":["CatBoost_r139_BAG_L1","LightGBM_r151_BAG_L1","LightGBM_r171_BAG_L1","LightGBM_r195_BAG_L1","NeuralNetFastAI_r109_BAG_L1","NeuralNetFastAI_r171_BAG_L1","NeuralNetFastAI_r194_BAG_L1","NeuralNetFastAI_r52_BAG_L1","NeuralNetFastAI_r64_BAG_L1","NeuralNetTorch_r149_BAG_L1","NeuralNetTorch_r1_BAG_L1","NeuralNetTorch_r4_BAG_L1","NeuralNetTorch_r69_BAG_L1","XGBoost_r131_BAG_L1","XGBoost_r91_BAG_L1"],"35":["NeuralNetFastAI_r78_BAG_L1","RandomForest_r150_BAG_L1"],"36":["CatBoost_r139_BAG_L1","LightGBM_r151_BAG_L1","LightGBM_r195_BAG_L1","NeuralNetFastAI_r109_BAG_L1","NeuralNetFastAI_r171_BAG_L1","NeuralNetFastAI_r194_BAG_L1","NeuralNetFastAI_r52_BAG_L1","NeuralNetFastAI_r64_BAG_L1","NeuralNetFastAI_r85_BAG_L1","NeuralNetTorch_r149_BAG_L1","NeuralNetTorch_r4_BAG_L1","NeuralNetTorch_r69_BAG_L1","XGBoost_r131_BAG_L1","XGBoost_r91_BAG_L1"],"37":["NeuralNetFastAI_r171_BAG_L1","NeuralNetFastAI_r64_BAG_L1","RandomForest_r95_BAG_L1","XGBoost_r25_BAG_L1"],"38":["CatBoost_r139_BAG_L1","CatBoost_r199_BAG_L1","NeuralNetFastAI_r120_BAG_L1","NeuralNetFastAI_r171_BAG_L1","NeuralNetFastAI_r189_BAG_L1","NeuralNetFastAI_r194_BAG_L1","NeuralNetFastAI_r64_BAG_L1","XGBoost_r131_BAG_L1"],"39":["CatBoost_r139_BAG_L1","ExtraTrees_r64_BAG_L1","LightGBM_r151_BAG_L1","LightGBM_r171_BAG_L1","LightGBM_r17_BAG_L1","LightGBM_r195_BAG_L1","NeuralNetFastAI_r109_BAG_L1","NeuralNetFastAI_r140_BAG_L1","NeuralNetFastAI_r171_BAG_L1","NeuralNetFastAI_r187_BAG_L1","NeuralNetFastAI_r194_BAG_L1","NeuralNetFastAI_r52_BAG_L1","NeuralNetFastAI_r64_BAG_L1","NeuralNetTorch_r142_BAG_L1","NeuralNetTorch_r149_BAG_L1","NeuralNetTorch_r1_BAG_L1","NeuralNetTorch_r4_BAG_L1","NeuralNetTorch_r69_BAG_L1","XGBoost_r131_BAG_L1","XGBoost_r91_BAG_L1"],"40":["CatBoost_r139_BAG_L1","LightGBM_r112_BAG_L1","LightGBM_r151_BAG_L1","NeuralNetFastAI_r109_BAG_L1","NeuralNetFastAI_r171_BAG_L1","NeuralNetFastAI_r194_BAG_L1","NeuralNetFastAI_r52_BAG_L1","NeuralNetFastAI_r64_BAG_L1","NeuralNetTorch_r149_BAG_L1","NeuralNetTorch_r69_BAG_L1","XGBoost_r131_BAG_L1","XGBoost_r30_BAG_L1","XGBoost_r91_BAG_L1"],"41":["CatBoost_r139_BAG_L1","LightGBM_r151_BAG_L1","LightGBM_r171_BAG_L1","LightGBM_r195_BAG_L1","NeuralNetFastAI_r109_BAG_L1","NeuralNetFastAI_r140_BAG_L1","NeuralNetFastAI_r171_BAG_L1","NeuralNetFastAI_r187_BAG_L1","NeuralNetFastAI_r194_BAG_L1","NeuralNetFastAI_r52_BAG_L1","NeuralNetFastAI_r64_BAG_L1","NeuralNetTorch_r142_BAG_L1","NeuralNetTorch_r149_BAG_L1","NeuralNetTorch_r1_BAG_L1","NeuralNetTorch_r4_BAG_L1","NeuralNetTorch_r69_BAG_L1","RandomForest_r189_BAG_L1","XGBoost_r131_BAG_L1","XGBoost_r91_BAG_L1"],"42":["NeuralNetFastAI_r171_BAG_L1","NeuralNetFastAI_r64_BAG_L1","XGBoost_r25_BAG_L1"],"43":["CatBoost_r139_BAG_L1","CatBoost_r183_BAG_L1","NeuralNetFastAI_r122_BAG_L1","NeuralNetFastAI_r131_BAG_L1","NeuralNetFastAI_r140_BAG_L1","NeuralNetFastAI_r171_BAG_L1","NeuralNetFastAI_r194_BAG_L1","NeuralNetFastAI_r64_BAG_L1","NeuralNetTorch_r149_BAG_L1","NeuralNetTorch_r69_BAG_L1"],"44":["CatBoost_r139_BAG_L1","NeuralNetFastAI_r171_BAG_L1","NeuralNetFastAI_r194_BAG_L1","NeuralNetFastAI_r64_BAG_L1","RandomForest_r10_BAG_L1","XGBoost_r131_BAG_L1"]},"weights":{"0":[0.0555555556,0.0555555556,0.0555555556,0.0555555556,0.0555555556,0.0555555556,0.0555555556,0.0555555556,0.0555555556,0.0555555556,0.0555555556,0.0555555556,0.0555555556,0.0555555556,0.0555555556,0.0555555556,0.0555555556,0.0555555556],"1":[0.0526315789,0.0526315789,0.0526315789,0.0526315789,0.0526315789,0.0526315789,0.0526315789,0.0526315789,0.0526315789,0.0526315789,0.0526315789,0.0526315789,0.0526315789,0.0526315789,0.0526315789,0.0526315789,0.0526315789,0.0526315789,0.0526315789],"2":[0.0588235294,0.0588235294,0.0588235294,0.0588235294,0.0588235294,0.0588235294,0.0588235294,0.0588235294,0.0588235294,0.0588235294,0.0588235294,0.0588235294,0.0588235294,0.0588235294,0.0588235294,0.0588235294,0.0588235294],"3":[0.3333333333,0.3333333333,0.3333333333],"4":[0.0555555556,0.0555555556,0.0555555556,0.0555555556,0.0555555556,0.0555555556,0.0555555556,0.0555555556,0.0555555556,0.0555555556,0.0555555556,0.0555555556,0.0555555556,0.0555555556,0.0555555556,0.0555555556,0.0555555556,0.0555555556],"5":[0.0909090909,0.0909090909,0.0909090909,0.0909090909,0.0909090909,0.0909090909,0.0909090909,0.0909090909,0.0909090909,0.0909090909,0.0909090909],"6":[0.0588235294,0.0588235294,0.0588235294,0.0588235294,0.0588235294,0.0588235294,0.0588235294,0.0588235294,0.0588235294,0.0588235294,0.0588235294,0.0588235294,0.0588235294,0.0588235294,0.0588235294,0.0588235294,0.0588235294],"7":[0.0476190476,0.0476190476,0.0476190476,0.0476190476,0.0476190476,0.0476190476,0.0476190476,0.0476190476,0.0476190476,0.0476190476,0.0476190476,0.0476190476,0.0476190476,0.0476190476,0.0476190476,0.0476190476,0.0476190476,0.0476190476,0.0476190476,0.0476190476,0.0476190476],"8":[0.0909090909,0.0909090909,0.0909090909,0.0909090909,0.0909090909,0.0909090909,0.0909090909,0.0909090909,0.0909090909,0.0909090909,0.0909090909],"9":[0.05,0.05,0.05,0.05,0.05,0.05,0.05,0.05,0.05,0.05,0.05,0.05,0.05,0.05,0.05,0.05,0.05,0.05,0.05,0.05],"10":[0.1428571429,0.1428571429,0.1428571429,0.1428571429,0.1428571429,0.1428571429,0.1428571429],"11":[0.25,0.25,0.5],"12":[0.2,0.2,0.2,0.2,0.2],"13":[0.05,0.05,0.05,0.05,0.05,0.05,0.05,0.05,0.05,0.05,0.05,0.05,0.05,0.05,0.05,0.05,0.05,0.05,0.05,0.05],"14":[0.0526315789,0.0526315789,0.0526315789,0.0526315789,0.0526315789,0.0526315789,0.0526315789,0.0526315789,0.0526315789,0.0526315789,0.0526315789,0.0526315789,0.0526315789,0.0526315789,0.0526315789,0.0526315789,0.0526315789,0.0526315789,0.0526315789],"15":[0.05,0.05,0.05,0.05,0.05,0.05,0.05,0.05,0.05,0.05,0.05,0.05,0.05,0.05,0.05,0.05,0.05,0.05,0.05,0.05],"16":[0.05,0.05,0.05,0.05,0.05,0.05,0.05,0.05,0.05,0.05,0.05,0.05,0.05,0.05,0.05,0.05,0.05,0.05,0.05,0.05],"17":[0.1428571429,0.1428571429,0.1428571429,0.1428571429,0.1428571429,0.1428571429,0.1428571429],"18":[0.0833333333,0.0833333333,0.0833333333,0.0833333333,0.0833333333,0.0833333333,0.0833333333,0.0833333333,0.0833333333,0.0833333333,0.0833333333,0.0833333333],"19":[0.1111111111,0.1111111111,0.1111111111,0.1111111111,0.1111111111,0.1111111111,0.1111111111,0.1111111111,0.1111111111],"20":[0.05,0.05,0.05,0.05,0.05,0.05,0.05,0.05,0.05,0.05,0.05,0.05,0.05,0.05,0.05,0.05,0.05,0.05,0.05,0.05],"21":[0.0555555556,0.0555555556,0.0555555556,0.0555555556,0.0555555556,0.0555555556,0.0555555556,0.0555555556,0.0555555556,0.0555555556,0.0555555556,0.0555555556,0.0555555556,0.0555555556,0.0555555556,0.0555555556,0.0555555556,0.0555555556],"22":[0.0769230769,0.0769230769,0.0769230769,0.0769230769,0.0769230769,0.0769230769,0.0769230769,0.0769230769,0.0769230769,0.0769230769,0.0769230769,0.0769230769,0.0769230769],"23":[0.0769230769,0.0769230769,0.0769230769,0.0769230769,0.0769230769,0.0769230769,0.0769230769,0.0769230769,0.0769230769,0.0769230769,0.0769230769,0.0769230769,0.0769230769],"24":[0.1666666667,0.1666666667,0.1666666667,0.1666666667,0.1666666667,0.1666666667],"25":[0.0769230769,0.0769230769,0.0769230769,0.0769230769,0.0769230769,0.0769230769,0.0769230769,0.0769230769,0.0769230769,0.0769230769,0.0769230769,0.0769230769,0.0769230769],"26":[0.0833333333,0.0833333333,0.0833333333,0.0833333333,0.0833333333,0.0833333333,0.0833333333,0.0833333333,0.0833333333,0.0833333333,0.0833333333,0.0833333333],"27":[0.0526315789,0.0526315789,0.0526315789,0.0526315789,0.0526315789,0.0526315789,0.0526315789,0.0526315789,0.0526315789,0.0526315789,0.0526315789,0.0526315789,0.0526315789,0.0526315789,0.0526315789,0.0526315789,0.0526315789,0.0526315789,0.0526315789],"28":[0.0476190476,0.0476190476,0.0476190476,0.0476190476,0.0476190476,0.0476190476,0.0476190476,0.0476190476,0.0476190476,0.0476190476,0.0476190476,0.0476190476,0.0476190476,0.0476190476,0.0476190476,0.0476190476,0.0476190476,0.0476190476,0.0476190476,0.0476190476,0.0476190476],"29":[0.0526315789,0.0526315789,0.0526315789,0.0526315789,0.0526315789,0.0526315789,0.0526315789,0.0526315789,0.0526315789,0.0526315789,0.0526315789,0.0526315789,0.0526315789,0.0526315789,0.0526315789,0.0526315789,0.0526315789,0.0526315789,0.0526315789],"30":[0.0434782609,0.0434782609,0.0434782609,0.0869565217,0.0434782609,0.0434782609,0.0434782609,0.0434782609,0.0434782609,0.0434782609,0.0434782609,0.0434782609,0.0434782609,0.0434782609,0.0434782609,0.0434782609,0.0434782609,0.0434782609,0.0434782609,0.0434782609,0.0434782609,0.0434782609],"31":[0.0526315789,0.0526315789,0.0526315789,0.0526315789,0.0526315789,0.0526315789,0.0526315789,0.0526315789,0.0526315789,0.0526315789,0.0526315789,0.0526315789,0.0526315789,0.0526315789,0.0526315789,0.0526315789,0.0526315789,0.0526315789,0.0526315789],"32":[0.1428571429,0.1428571429,0.1428571429,0.1428571429,0.1428571429,0.1428571429,0.1428571429],"33":[0.1666666667,0.1666666667,0.1666666667,0.1666666667,0.1666666667,0.1666666667],"34":[0.0666666667,0.0666666667,0.0666666667,0.0666666667,0.0666666667,0.0666666667,0.0666666667,0.0666666667,0.0666666667,0.0666666667,0.0666666667,0.0666666667,0.0666666667,0.0666666667,0.0666666667],"35":[0.5,0.5],"36":[0.0714285714,0.0714285714,0.0714285714,0.0714285714,0.0714285714,0.0714285714,0.0714285714,0.0714285714,0.0714285714,0.0714285714,0.0714285714,0.0714285714,0.0714285714,0.0714285714],"37":[0.25,0.25,0.25,0.25],"38":[0.125,0.125,0.125,0.125,0.125,0.125,0.125,0.125],"39":[0.05,0.05,0.05,0.05,0.05,0.05,0.05,0.05,0.05,0.05,0.05,0.05,0.05,0.05,0.05,0.05,0.05,0.05,0.05,0.05],"40":[0.0769230769,0.0769230769,0.0769230769,0.0769230769,0.0769230769,0.0769230769,0.0769230769,0.0769230769,0.0769230769,0.0769230769,0.0769230769,0.0769230769,0.0769230769],"41":[0.0526315789,0.0526315789,0.0526315789,0.0526315789,0.0526315789,0.0526315789,0.0526315789,0.0526315789,0.0526315789,0.0526315789,0.0526315789,0.0526315789,0.0526315789,0.0526315789,0.0526315789,0.0526315789,0.0526315789,0.0526315789,0.0526315789],"42":[0.3333333333,0.3333333333,0.3333333333],"43":[0.1,0.1,0.1,0.1,0.1,0.1,0.1,0.1,0.1,0.1],"44":[0.1666666667,0.1666666667,0.1666666667,0.1666666667,0.1666666667,0.1666666667]},"meta":{"0":17,"1":4,"2":11,"3":6,"4":6,"5":6,"6":13,"7":9,"8":13,"9":3,"10":10,"11":8,"12":7,"13":13,"14":2,"15":5,"16":7,"17":12,"18":7,"19":12,"20":14,"21":18,"22":19,"23":19,"24":19,"25":21,"26":21,"27":11,"28":4,"29":3,"30":13,"31":17,"32":15,"33":18,"34":20,"35":19,"36":20,"37":19,"38":20,"39":20,"40":23,"41":19,"42":20,"43":20,"44":18},"task":{"0":"190412_1","1":"190412_1","2":"190412_1","3":"190412_1","4":"190412_1","5":"190412_1","6":"190412_1","7":"190412_1","8":"190412_1","9":"190412_1","10":"190412_1","11":"190412_1","12":"190412_1","13":"190412_1","14":"190412_1","15":"190412_1","16":"190412_1","17":"190412_1","18":"190412_1","19":"190412_1","20":"190412_1","21":"190412_1","22":"190412_1","23":"190412_1","24":"190412_1","25":"190412_1","26":"190412_1","27":"190412_1","28":"190412_1","29":"190412_1","30":"190412_1","31":"190412_1","32":"190412_1","33":"190412_1","34":"190412_1","35":"190412_1","36":"190412_1","37":"190412_1","38":"190412_1","39":"190412_1","40":"190412_1","41":"190412_1","42":"190412_1","43":"190412_1","44":"190412_1"},"dataset":{"0":"arcene","1":"arcene","2":"arcene","3":"arcene","4":"arcene","5":"arcene","6":"arcene","7":"arcene","8":"arcene","9":"arcene","10":"arcene","11":"arcene","12":"arcene","13":"arcene","14":"arcene","15":"arcene","16":"arcene","17":"arcene","18":"arcene","19":"arcene","20":"arcene","21":"arcene","22":"arcene","23":"arcene","24":"arcene","25":"arcene","26":"arcene","27":"arcene","28":"arcene","29":"arcene","30":"arcene","31":"arcene","32":"arcene","33":"arcene","34":"arcene","35":"arcene","36":"arcene","37":"arcene","38":"arcene","39":"arcene","40":"arcene","41":"arcene","42":"arcene","43":"arcene","44":"arcene"},"fold":{"0":1,"1":1,"2":1,"3":1,"4":1,"5":1,"6":1,"7":1,"8":1,"9":1,"10":1,"11":1,"12":1,"13":1,"14":1,"15":1,"16":1,"17":1,"18":1,"19":1,"20":1,"21":1,"22":1,"23":1,"24":1,"25":1,"26":1,"27":1,"28":1,"29":1,"30":1,"31":1,"32":1,"33":1,"34":1,"35":1,"36":1,"37":1,"38":1,"39":1,"40":1,"41":1,"42":1,"43":1,"44":1},"method":{"0":"INFER_TIME_QDO","1":"INFER_TIME_QDO","2":"INFER_TIME_QDO","3":"INFER_TIME_QDO","4":"INFER_TIME_QDO","5":"INFER_TIME_QDO","6":"INFER_TIME_QDO","7":"INFER_TIME_QDO","8":"INFER_TIME_QDO","9":"INFER_TIME_QDO","10":"INFER_TIME_QDO","11":"INFER_TIME_QDO","12":"INFER_TIME_QDO","13":"INFER_TIME_QDO","14":"INFER_TIME_QDO","15":"INFER_TIME_QDO","16":"INFER_TIME_QDO","17":"INFER_TIME_QDO","18":"INFER_TIME_QDO","19":"INFER_TIME_QDO","20":"INFER_TIME_QDO","21":"INFER_TIME_QDO","22":"INFER_TIME_QDO","23":"INFER_TIME_QDO","24":"INFER_TIME_QDO","25":"INFER_TIME_QDO","26":"INFER_TIME_QDO","27":"INFER_TIME_QDO","28":"INFER_TIME_QDO","29":"INFER_TIME_QDO","30":"INFER_TIME_QDO","31":"INFER_TIME_QDO","32":"INFER_TIME_QDO","33":"INFER_TIME_QDO","34":"INFER_TIME_QDO","35":"INFER_TIME_QDO","36":"INFER_TIME_QDO","37":"INFER_TIME_QDO","38":"INFER_TIME_QDO","39":"INFER_TIME_QDO","40":"INFER_TIME_QDO","41":"INFER_TIME_QDO","42":"INFER_TIME_QDO","43":"INFER_TIME_QDO","44":"INFER_TIME_QDO"}}