{"name":{"0":"INFER_TIME_QDO_0","1":"INFER_TIME_QDO_1","2":"INFER_TIME_QDO_2","3":"INFER_TIME_QDO_3","4":"INFER_TIME_QDO_4","5":"INFER_TIME_QDO_5","6":"INFER_TIME_QDO_6","7":"INFER_TIME_QDO_7","8":"INFER_TIME_QDO_8","9":"INFER_TIME_QDO_9","10":"INFER_TIME_QDO_10","11":"INFER_TIME_QDO_11","12":"INFER_TIME_QDO_12","13":"INFER_TIME_QDO_13","14":"INFER_TIME_QDO_14","15":"INFER_TIME_QDO_15","16":"INFER_TIME_QDO_16","17":"INFER_TIME_QDO_17","18":"INFER_TIME_QDO_18","19":"INFER_TIME_QDO_19","20":"INFER_TIME_QDO_20","21":"INFER_TIME_QDO_21","22":"INFER_TIME_QDO_22","23":"INFER_TIME_QDO_23","24":"INFER_TIME_QDO_24","25":"INFER_TIME_QDO_25","26":"INFER_TIME_QDO_26","27":"INFER_TIME_QDO_27","28":"INFER_TIME_QDO_28","29":"INFER_TIME_QDO_29","30":"INFER_TIME_QDO_30","31":"INFER_TIME_QDO_31","32":"INFER_TIME_QDO_32","33":"INFER_TIME_QDO_33","34":"INFER_TIME_QDO_34","35":"INFER_TIME_QDO_35","36":"INFER_TIME_QDO_36","37":"INFER_TIME_QDO_37","38":"INFER_TIME_QDO_38","39":"INFER_TIME_QDO_39","40":"INFER_TIME_QDO_40","41":"INFER_TIME_QDO_41","42":"INFER_TIME_QDO_42","43":"INFER_TIME_QDO_43","44":"INFER_TIME_QDO_44","45":"INFER_TIME_QDO_45","46":"INFER_TIME_QDO_46","47":"INFER_TIME_QDO_47"},"roc_auc_val":{"0":0.9284509372,"1":0.9222391449,"2":0.908327219,"3":0.9267681537,"4":0.9246163263,"5":0.922587042,"6":0.9243710485,"7":0.9279642173,"8":0.9288314734,"9":0.9279510308,"10":0.9263502727,"11":0.9287371618,"12":0.9250636137,"13":0.9250867836,"14":0.9204036086,"15":0.9292379154,"16":0.9278838268,"17":0.9143496237,"18":0.9283139068,"19":0.9263189183,"20":0.922138384,"21":0.9202335689,"22":0.9289382894,"23":0.9274181877,"24":0.9204442331,"25":0.9136588613,"26":0.92290102,"27":0.9253972871,"28":0.9219458255,"29":0.926693955,"30":0.9259700162,"31":0.9261967418,"32":0.925040178,"33":0.924843424,"34":0.9287916495,"35":0.928764162,"36":0.9262311,"37":0.9291012162,"38":0.9221046012,"39":0.9286412913,"40":0.9274434762,"41":0.9261467779,"42":0.9237215412,"43":0.9287257628,"44":0.9254651259,"45":0.9288920799,"46":0.9264732383,"47":0.9289518183},"roc_auc_test":{"0":0.9536630971,"1":0.959804309,"2":0.9605233299,"3":0.9597201683,"4":0.96061342,"5":0.955954445,"6":0.9583800782,"7":0.9548767636,"8":0.9553255142,"9":0.9547866735,"10":0.9554355771,"11":0.9551332228,"12":0.959041093,"13":0.9527154513,"14":0.95884094,"15":0.955954445,"16":0.9558201598,"17":0.9630069692,"18":0.955954445,"19":0.9565253697,"20":0.9569879313,"21":0.9611080656,"22":0.9556399796,"23":0.9602468978,"24":0.9586902941,"25":0.9600087115,"26":0.9558063488,"27":0.9549088475,"28":0.9558522438,"29":0.9582700153,"30":0.955313403,"31":0.955954445,"32":0.9603490991,"33":0.9603690719,"34":0.9550431328,"35":0.9554156043,"36":0.9573344807,"37":0.9560766191,"38":0.9566692164,"39":0.9551332228,"40":0.9546844722,"41":0.9557500425,"42":0.9591233214,"43":0.9558643549,"44":0.9551211117,"45":0.9555498895,"46":0.9576289733,"47":0.9549209587},"models_used":{"0":["ExtraTrees_r58_BAG_L1","LightGBM_r142_BAG_L1","LightGBM_r163_BAG_L1","LightGBM_r169_BAG_L1","NeuralNetFastAI_r156_BAG_L1","NeuralNetTorch_r105_BAG_L1","NeuralNetTorch_r117_BAG_L1","NeuralNetTorch_r130_BAG_L1","NeuralNetTorch_r161_BAG_L1","NeuralNetTorch_r176_BAG_L1","NeuralNetTorch_r184_BAG_L1","NeuralNetTorch_r41_BAG_L1","XGBoost_r142_BAG_L1","XGBoost_r38_BAG_L1","XGBoost_r83_BAG_L1"],"1":["CatBoost_r102_BAG_L1","LightGBM_r144_BAG_L1","NeuralNetFastAI_r188_BAG_L1","NeuralNetTorch_r105_BAG_L1","NeuralNetTorch_r109_BAG_L1","NeuralNetTorch_r183_BAG_L1","TabPFN_c1_BAG_L1"],"2":["CatBoost_r190_BAG_L1","LightGBM_r122_BAG_L1","NeuralNetFastAI_r96_BAG_L1"],"3":["LightGBM_r179_BAG_L1","NeuralNetTorch_r111_BAG_L1","NeuralNetTorch_r117_BAG_L1","NeuralNetTorch_r126_BAG_L1","NeuralNetTorch_r197_BAG_L1"],"4":["NeuralNetTorch_r176_BAG_L1","NeuralNetTorch_r184_BAG_L1"],"5":["LightGBM_r134_BAG_L1","NeuralNetTorch_r33_BAG_L1","NeuralNetTorch_r77_BAG_L1"],"6":["CatBoost_r10_BAG_L1","LightGBM_r134_BAG_L1","NeuralNetTorch_r126_BAG_L1","NeuralNetTorch_r197_BAG_L1","NeuralNetTorch_r77_BAG_L1"],"7":["LightGBM_r142_BAG_L1","NeuralNetFastAI_r156_BAG_L1","NeuralNetTorch_r105_BAG_L1","NeuralNetTorch_r130_BAG_L1","NeuralNetTorch_r161_BAG_L1","NeuralNetTorch_r176_BAG_L1","NeuralNetTorch_r184_BAG_L1","NeuralNetTorch_r41_BAG_L1","XGBoost_r142_BAG_L1","XGBoost_r83_BAG_L1"],"8":["ExtraTrees_r68_BAG_L1","LightGBM_r142_BAG_L1","LightGBM_r146_BAG_L1","LightGBM_r163_BAG_L1","LightGBM_r169_BAG_L1","LightGBM_r179_BAG_L1","NeuralNetFastAI_r156_BAG_L1","NeuralNetFastAI_r21_BAG_L1","NeuralNetFastAI_r75_BAG_L1","NeuralNetTorch_r105_BAG_L1","NeuralNetTorch_r117_BAG_L1","NeuralNetTorch_r130_BAG_L1","NeuralNetTorch_r161_BAG_L1","NeuralNetTorch_r176_BAG_L1","NeuralNetTorch_r184_BAG_L1","NeuralNetTorch_r41_BAG_L1","NeuralNetTorch_r56_BAG_L1","NeuralNetTorch_r91_BAG_L1","NeuralNetTorch_r95_BAG_L1","XGBoost_r123_BAG_L1","XGBoost_r142_BAG_L1","XGBoost_r38_BAG_L1","XGBoost_r83_BAG_L1"],"9":["LightGBM_r142_BAG_L1","NeuralNetFastAI_r156_BAG_L1","NeuralNetTorch_r105_BAG_L1","NeuralNetTorch_r130_BAG_L1","NeuralNetTorch_r176_BAG_L1","NeuralNetTorch_r184_BAG_L1","NeuralNetTorch_r41_BAG_L1","XGBoost_r142_BAG_L1","XGBoost_r83_BAG_L1"],"10":["LightGBM_r40_BAG_L1","NeuralNetTorch_r141_BAG_L1","NeuralNetTorch_r176_BAG_L1","NeuralNetTorch_r184_BAG_L1","NeuralNetTorch_r70_BAG_L1","NeuralNetTorch_r87_BAG_L1","XGBoost_r175_BAG_L1"],"11":["LightGBM_r142_BAG_L1","LightGBM_r146_BAG_L1","LightGBM_r163_BAG_L1","LightGBM_r169_BAG_L1","NeuralNetFastAI_r156_BAG_L1","NeuralNetFastAI_r75_BAG_L1","NeuralNetTorch_r105_BAG_L1","NeuralNetTorch_r117_BAG_L1","NeuralNetTorch_r130_BAG_L1","NeuralNetTorch_r137_BAG_L1","NeuralNetTorch_r161_BAG_L1","NeuralNetTorch_r176_BAG_L1","NeuralNetTorch_r184_BAG_L1","NeuralNetTorch_r41_BAG_L1","XGBoost_r142_BAG_L1","XGBoost_r38_BAG_L1","XGBoost_r83_BAG_L1"],"12":["NeuralNetTorch_r117_BAG_L1","NeuralNetTorch_r126_BAG_L1","NeuralNetTorch_r197_BAG_L1"],"13":["ExtraTrees_r68_BAG_L1","NeuralNetFastAI_r21_BAG_L1","NeuralNetTorch_r176_BAG_L1","NeuralNetTorch_r184_BAG_L1","NeuralNetTorch_r95_BAG_L1","XGBoost_r123_BAG_L1","XGBoost_r65_BAG_L1"],"14":["ExtraTrees_r124_BAG_L1","NeuralNetTorch_r41_BAG_L1"],"15":["ExtraTrees_r68_BAG_L1","LightGBM_r142_BAG_L1","LightGBM_r146_BAG_L1","LightGBM_r163_BAG_L1","LightGBM_r169_BAG_L1","LightGBM_r179_BAG_L1","NeuralNetFastAI_r102_BAG_L1","NeuralNetFastAI_r156_BAG_L1","NeuralNetFastAI_r21_BAG_L1","NeuralNetFastAI_r75_BAG_L1","NeuralNetTorch_r100_BAG_L1","NeuralNetTorch_r105_BAG_L1","NeuralNetTorch_r117_BAG_L1","NeuralNetTorch_r130_BAG_L1","NeuralNetTorch_r161_BAG_L1","NeuralNetTorch_r176_BAG_L1","NeuralNetTorch_r184_BAG_L1","NeuralNetTorch_r41_BAG_L1","NeuralNetTorch_r91_BAG_L1","NeuralNetTorch_r95_BAG_L1","XGBoost_r104_BAG_L1","XGBoost_r123_BAG_L1","XGBoost_r142_BAG_L1","XGBoost_r38_BAG_L1","XGBoost_r83_BAG_L1"],"16":["LightGBM_r142_BAG_L1","NeuralNetFastAI_r156_BAG_L1","NeuralNetTorch_r105_BAG_L1","NeuralNetTorch_r130_BAG_L1","NeuralNetTorch_r158_BAG_L1","NeuralNetTorch_r161_BAG_L1","NeuralNetTorch_r176_BAG_L1","NeuralNetTorch_r184_BAG_L1","NeuralNetTorch_r41_BAG_L1","XGBoost_r142_BAG_L1","XGBoost_r83_BAG_L1"],"17":["ExtraTrees_r113_BAG_L1","NeuralNetFastAI_r128_BAG_L1"],"18":["LightGBM_r142_BAG_L1","LightGBM_r146_BAG_L1","LightGBM_r163_BAG_L1","LightGBM_r169_BAG_L1","NeuralNetFastAI_r156_BAG_L1","NeuralNetFastAI_r75_BAG_L1","NeuralNetTorch_r105_BAG_L1","NeuralNetTorch_r109_BAG_L1","NeuralNetTorch_r117_BAG_L1","NeuralNetTorch_r130_BAG_L1","NeuralNetTorch_r161_BAG_L1","NeuralNetTorch_r176_BAG_L1","NeuralNetTorch_r184_BAG_L1","NeuralNetTorch_r41_BAG_L1","NeuralNetTorch_r91_BAG_L1","TabPFN_c1_BAG_L1","XGBoost_r142_BAG_L1","XGBoost_r38_BAG_L1","XGBoost_r83_BAG_L1"],"19":["ExtraTrees_r68_BAG_L1","NeuralNetFastAI_r21_BAG_L1","NeuralNetTorch_r117_BAG_L1","NeuralNetTorch_r126_BAG_L1","NeuralNetTorch_r127_BAG_L1","NeuralNetTorch_r176_BAG_L1","NeuralNetTorch_r184_BAG_L1","NeuralNetTorch_r197_BAG_L1","XGBoost_r123_BAG_L1"],"20":["ExtraTrees_r58_BAG_L1","LightGBM_r142_BAG_L1","NeuralNetFastAI_r156_BAG_L1","NeuralNetFastAI_r92_BAG_L1","NeuralNetTorch_r130_BAG_L1","NeuralNetTorch_r176_BAG_L1","NeuralNetTorch_r184_BAG_L1","NeuralNetTorch_r41_BAG_L1","XGBoost_r142_BAG_L1","XGBoost_r83_BAG_L1"],"21":["ExtraTrees_r68_BAG_L1","NeuralNetFastAI_r21_BAG_L1","NeuralNetTorch_r176_BAG_L1","NeuralNetTorch_r184_BAG_L1"],"22":["LightGBM_r142_BAG_L1","LightGBM_r146_BAG_L1","LightGBM_r163_BAG_L1","LightGBM_r169_BAG_L1","NeuralNetFastAI_r156_BAG_L1","NeuralNetFastAI_r75_BAG_L1","NeuralNetTorch_r105_BAG_L1","NeuralNetTorch_r117_BAG_L1","NeuralNetTorch_r130_BAG_L1","NeuralNetTorch_r161_BAG_L1","NeuralNetTorch_r176_BAG_L1","NeuralNetTorch_r184_BAG_L1","NeuralNetTorch_r41_BAG_L1","NeuralNetTorch_r91_BAG_L1","XGBoost_r142_BAG_L1","XGBoost_r38_BAG_L1","XGBoost_r83_BAG_L1"],"23":["LightGBM_r179_BAG_L1","NeuralNetTorch_r111_BAG_L1","NeuralNetTorch_r117_BAG_L1","NeuralNetTorch_r126_BAG_L1","NeuralNetTorch_r176_BAG_L1","NeuralNetTorch_r184_BAG_L1","NeuralNetTorch_r197_BAG_L1"],"24":["CatBoost_r184_BAG_L1","LightGBM_r122_BAG_L1","NeuralNetFastAI_r96_BAG_L1","NeuralNetTorch_r126_BAG_L1","NeuralNetTorch_r197_BAG_L1","XGBoost_r200_BAG_L1"],"25":["CatBoost_r190_BAG_L1","LightGBM_r122_BAG_L1","LinearModel_r43_BAG_L1","NeuralNetFastAI_r96_BAG_L1"],"26":["LightGBM_r144_BAG_L1","NeuralNetTorch_r105_BAG_L1"],"27":["ExtraTrees_r68_BAG_L1","KNeighbors_r8_BAG_L1","LightGBM_r142_BAG_L1","LightGBM_r146_BAG_L1","LightGBM_r14_BAG_L1","LightGBM_r163_BAG_L1","LightGBM_r169_BAG_L1","NeuralNetFastAI_r114_BAG_L1","NeuralNetFastAI_r156_BAG_L1","NeuralNetFastAI_r21_BAG_L1","NeuralNetFastAI_r66_BAG_L1","NeuralNetFastAI_r75_BAG_L1","NeuralNetTorch_r105_BAG_L1","NeuralNetTorch_r117_BAG_L1","NeuralNetTorch_r130_BAG_L1","NeuralNetTorch_r150_BAG_L1","NeuralNetTorch_r160_BAG_L1","NeuralNetTorch_r161_BAG_L1","NeuralNetTorch_r176_BAG_L1","NeuralNetTorch_r184_BAG_L1","NeuralNetTorch_r41_BAG_L1","NeuralNetTorch_r91_BAG_L1","XGBoost_r142_BAG_L1","XGBoost_r38_BAG_L1","XGBoost_r83_BAG_L1"],"28":["LightGBM_r134_BAG_L1","NeuralNetTorch_r77_BAG_L1"],"29":["ExtraTrees_r68_BAG_L1","LightGBM_r179_BAG_L1","NeuralNetFastAI_r21_BAG_L1","NeuralNetTorch_r111_BAG_L1","NeuralNetTorch_r117_BAG_L1","NeuralNetTorch_r126_BAG_L1","NeuralNetTorch_r176_BAG_L1","NeuralNetTorch_r184_BAG_L1","NeuralNetTorch_r197_BAG_L1","NeuralNetTorch_r95_BAG_L1","XGBoost_r123_BAG_L1"],"30":["LightGBM_r142_BAG_L1","LightGBM_r163_BAG_L1","NeuralNetFastAI_r156_BAG_L1","NeuralNetFastAI_r158_BAG_L1","NeuralNetTorch_r105_BAG_L1","NeuralNetTorch_r117_BAG_L1","NeuralNetTorch_r130_BAG_L1","NeuralNetTorch_r161_BAG_L1","NeuralNetTorch_r176_BAG_L1","NeuralNetTorch_r184_BAG_L1","NeuralNetTorch_r41_BAG_L1","XGBoost_r142_BAG_L1","XGBoost_r38_BAG_L1","XGBoost_r83_BAG_L1"],"31":["ExtraTrees_r68_BAG_L1","KNeighbors_r8_BAG_L1","LightGBM_r142_BAG_L1","LightGBM_r146_BAG_L1","LightGBM_r14_BAG_L1","LightGBM_r163_BAG_L1","LightGBM_r169_BAG_L1","LightGBM_r179_BAG_L1","NeuralNetFastAI_r114_BAG_L1","NeuralNetFastAI_r156_BAG_L1","NeuralNetFastAI_r21_BAG_L1","NeuralNetFastAI_r66_BAG_L1","NeuralNetFastAI_r75_BAG_L1","NeuralNetTorch_r105_BAG_L1","NeuralNetTorch_r117_BAG_L1","NeuralNetTorch_r130_BAG_L1","NeuralNetTorch_r150_BAG_L1","NeuralNetTorch_r161_BAG_L1","NeuralNetTorch_r176_BAG_L1","NeuralNetTorch_r184_BAG_L1","NeuralNetTorch_r41_BAG_L1","NeuralNetTorch_r91_BAG_L1","NeuralNetTorch_r95_BAG_L1","XGBoost_r123_BAG_L1","XGBoost_r142_BAG_L1","XGBoost_r38_BAG_L1","XGBoost_r83_BAG_L1"],"32":["LightGBM_r116_BAG_L1","NeuralNetFastAI_r160_BAG_L1","NeuralNetTorch_r176_BAG_L1","NeuralNetTorch_r184_BAG_L1"],"33":["CatBoost_r183_BAG_L1","LightGBM_r179_BAG_L1","NeuralNetFastAI_r33_BAG_L1","NeuralNetTorch_r111_BAG_L1","NeuralNetTorch_r117_BAG_L1","NeuralNetTorch_r126_BAG_L1","NeuralNetTorch_r176_BAG_L1","NeuralNetTorch_r184_BAG_L1","NeuralNetTorch_r197_BAG_L1","NeuralNetTorch_r43_BAG_L1"],"34":["LightGBM_r142_BAG_L1","LightGBM_r146_BAG_L1","LightGBM_r163_BAG_L1","LightGBM_r169_BAG_L1","NeuralNetFastAI_r156_BAG_L1","NeuralNetFastAI_r75_BAG_L1","NeuralNetTorch_r105_BAG_L1","NeuralNetTorch_r117_BAG_L1","NeuralNetTorch_r130_BAG_L1","NeuralNetTorch_r161_BAG_L1","NeuralNetTorch_r176_BAG_L1","NeuralNetTorch_r184_BAG_L1","NeuralNetTorch_r41_BAG_L1","XGBoost_r142_BAG_L1","XGBoost_r38_BAG_L1","XGBoost_r83_BAG_L1"],"35":["LightGBM_r142_BAG_L1","LightGBM_r146_BAG_L1","LightGBM_r163_BAG_L1","LightGBM_r169_BAG_L1","NeuralNetFastAI_r156_BAG_L1","NeuralNetFastAI_r75_BAG_L1","NeuralNetTorch_r105_BAG_L1","NeuralNetTorch_r117_BAG_L1","NeuralNetTorch_r126_BAG_L1","NeuralNetTorch_r130_BAG_L1","NeuralNetTorch_r161_BAG_L1","NeuralNetTorch_r176_BAG_L1","NeuralNetTorch_r184_BAG_L1","NeuralNetTorch_r197_BAG_L1","NeuralNetTorch_r41_BAG_L1","NeuralNetTorch_r91_BAG_L1","XGBoost_r142_BAG_L1","XGBoost_r171_BAG_L1","XGBoost_r38_BAG_L1","XGBoost_r83_BAG_L1"],"36":["NeuralNetFastAI_r156_BAG_L1","NeuralNetFastAI_r59_BAG_L1","NeuralNetTorch_r176_BAG_L1","NeuralNetTorch_r184_BAG_L1","NeuralNetTorch_r41_BAG_L1","NeuralNetTorch_r44_BAG_L1","XGBoost_r142_BAG_L1"],"37":["ExtraTrees_r68_BAG_L1","LightGBM_r142_BAG_L1","LightGBM_r146_BAG_L1","LightGBM_r163_BAG_L1","LightGBM_r169_BAG_L1","LightGBM_r179_BAG_L1","NeuralNetFastAI_r156_BAG_L1","NeuralNetFastAI_r21_BAG_L1","NeuralNetFastAI_r75_BAG_L1","NeuralNetTorch_r105_BAG_L1","NeuralNetTorch_r117_BAG_L1","NeuralNetTorch_r130_BAG_L1","NeuralNetTorch_r161_BAG_L1","NeuralNetTorch_r176_BAG_L1","NeuralNetTorch_r184_BAG_L1","NeuralNetTorch_r41_BAG_L1","NeuralNetTorch_r91_BAG_L1","NeuralNetTorch_r95_BAG_L1","XGBoost_r104_BAG_L1","XGBoost_r123_BAG_L1","XGBoost_r142_BAG_L1","XGBoost_r38_BAG_L1","XGBoost_r83_BAG_L1"],"38":["LinearModel_r42_BAG_L1","NeuralNetFastAI_r135_BAG_L1","NeuralNetTorch_r126_BAG_L1","NeuralNetTorch_r197_BAG_L1","NeuralNetTorch_r59_BAG_L1","XGBoost_r60_BAG_L1","XGBoost_r95_BAG_L1"],"39":["LightGBM_r142_BAG_L1","LightGBM_r146_BAG_L1","LightGBM_r163_BAG_L1","LightGBM_r169_BAG_L1","NeuralNetFastAI_r156_BAG_L1","NeuralNetFastAI_r75_BAG_L1","NeuralNetTorch_r105_BAG_L1","NeuralNetTorch_r111_BAG_L1","NeuralNetTorch_r117_BAG_L1","NeuralNetTorch_r130_BAG_L1","NeuralNetTorch_r161_BAG_L1","NeuralNetTorch_r176_BAG_L1","NeuralNetTorch_r184_BAG_L1","NeuralNetTorch_r41_BAG_L1","XGBoost_r142_BAG_L1","XGBoost_r38_BAG_L1","XGBoost_r83_BAG_L1"],"40":["ExtraTrees_r68_BAG_L1","LightGBM_r142_BAG_L1","LightGBM_r163_BAG_L1","NeuralNetFastAI_r156_BAG_L1","NeuralNetFastAI_r21_BAG_L1","NeuralNetTorch_r105_BAG_L1","NeuralNetTorch_r117_BAG_L1","NeuralNetTorch_r130_BAG_L1","NeuralNetTorch_r161_BAG_L1","NeuralNetTorch_r176_BAG_L1","NeuralNetTorch_r184_BAG_L1","NeuralNetTorch_r41_BAG_L1","NeuralNetTorch_r95_BAG_L1","XGBoost_r123_BAG_L1","XGBoost_r142_BAG_L1","XGBoost_r38_BAG_L1","XGBoost_r83_BAG_L1"],"41":["LightGBM_r182_BAG_L1","LightGBM_r40_BAG_L1","NeuralNetTorch_r141_BAG_L1","NeuralNetTorch_r176_BAG_L1","NeuralNetTorch_r184_BAG_L1","NeuralNetTorch_r70_BAG_L1","NeuralNetTorch_r87_BAG_L1","XGBoost_r83_BAG_L1"],"42":["LightGBM_r134_BAG_L1","NeuralNetTorch_r149_BAG_L1","NeuralNetTorch_r33_BAG_L1","NeuralNetTorch_r77_BAG_L1"],"43":["LightGBM_r142_BAG_L1","LightGBM_r146_BAG_L1","LightGBM_r163_BAG_L1","LightGBM_r169_BAG_L1","NeuralNetFastAI_r156_BAG_L1","NeuralNetFastAI_r75_BAG_L1","NeuralNetTorch_r105_BAG_L1","NeuralNetTorch_r117_BAG_L1","NeuralNetTorch_r130_BAG_L1","NeuralNetTorch_r161_BAG_L1","NeuralNetTorch_r176_BAG_L1","NeuralNetTorch_r184_BAG_L1","NeuralNetTorch_r41_BAG_L1","NeuralNetTorch_r91_BAG_L1","XGBoost_r132_BAG_L1","XGBoost_r142_BAG_L1","XGBoost_r38_BAG_L1","XGBoost_r83_BAG_L1"],"44":["ExtraTrees_r68_BAG_L1","LightGBM_r140_BAG_L1","LightGBM_r179_BAG_L1","NeuralNetFastAI_r21_BAG_L1","NeuralNetTorch_r103_BAG_L1","NeuralNetTorch_r176_BAG_L1","NeuralNetTorch_r184_BAG_L1","NeuralNetTorch_r95_BAG_L1","XGBoost_r123_BAG_L1","XGBoost_r36_BAG_L1"],"45":["LightGBM_r142_BAG_L1","LightGBM_r146_BAG_L1","LightGBM_r163_BAG_L1","LightGBM_r169_BAG_L1","LightGBM_r199_BAG_L1","NeuralNetFastAI_r156_BAG_L1","NeuralNetFastAI_r75_BAG_L1","NeuralNetTorch_r105_BAG_L1","NeuralNetTorch_r117_BAG_L1","NeuralNetTorch_r130_BAG_L1","NeuralNetTorch_r161_BAG_L1","NeuralNetTorch_r176_BAG_L1","NeuralNetTorch_r184_BAG_L1","NeuralNetTorch_r41_BAG_L1","NeuralNetTorch_r91_BAG_L1","XGBoost_r142_BAG_L1","XGBoost_r38_BAG_L1","XGBoost_r83_BAG_L1"],"46":["LightGBM_r16_BAG_L1","NeuralNetFastAI_r156_BAG_L1","NeuralNetTorch_r176_BAG_L1","NeuralNetTorch_r184_BAG_L1","NeuralNetTorch_r41_BAG_L1","XGBoost_r142_BAG_L1"],"47":["ExtraTrees_r68_BAG_L1","LightGBM_r142_BAG_L1","LightGBM_r146_BAG_L1","LightGBM_r163_BAG_L1","LightGBM_r169_BAG_L1","LightGBM_r179_BAG_L1","NeuralNetFastAI_r156_BAG_L1","NeuralNetFastAI_r21_BAG_L1","NeuralNetFastAI_r75_BAG_L1","NeuralNetTorch_r105_BAG_L1","NeuralNetTorch_r117_BAG_L1","NeuralNetTorch_r130_BAG_L1","NeuralNetTorch_r161_BAG_L1","NeuralNetTorch_r176_BAG_L1","NeuralNetTorch_r184_BAG_L1","NeuralNetTorch_r41_BAG_L1","NeuralNetTorch_r91_BAG_L1","NeuralNetTorch_r95_BAG_L1","XGBoost_r123_BAG_L1","XGBoost_r142_BAG_L1","XGBoost_r38_BAG_L1","XGBoost_r83_BAG_L1"]},"weights":{"0":[0.0625,0.0625,0.0625,0.0625,0.0625,0.0625,0.0625,0.0625,0.0625,0.0625,0.0625,0.125,0.0625,0.0625,0.0625],"1":[0.1428571429,0.1428571429,0.1428571429,0.1428571429,0.1428571429,0.1428571429,0.1428571429],"2":[0.3333333333,0.3333333333,0.3333333333],"3":[0.2,0.2,0.2,0.2,0.2],"4":[0.5,0.5],"5":[0.3333333333,0.3333333333,0.3333333333],"6":[0.2,0.2,0.2,0.2,0.2],"7":[0.1,0.1,0.1,0.1,0.1,0.1,0.1,0.1,0.1,0.1],"8":[0.04,0.04,0.04,0.04,0.04,0.04,0.04,0.04,0.04,0.04,0.04,0.04,0.04,0.04,0.04,0.08,0.04,0.04,0.08,0.04,0.04,0.04,0.04],"9":[0.1111111111,0.1111111111,0.1111111111,0.1111111111,0.1111111111,0.1111111111,0.1111111111,0.1111111111,0.1111111111],"10":[0.1428571429,0.1428571429,0.1428571429,0.1428571429,0.1428571429,0.1428571429,0.1428571429],"11":[0.0555555556,0.0555555556,0.0555555556,0.0555555556,0.0555555556,0.0555555556,0.0555555556,0.0555555556,0.0555555556,0.0555555556,0.0555555556,0.0555555556,0.0555555556,0.1111111111,0.0555555556,0.0555555556,0.0555555556],"12":[0.3333333333,0.3333333333,0.3333333333],"13":[0.1428571429,0.1428571429,0.1428571429,0.1428571429,0.1428571429,0.1428571429,0.1428571429],"14":[0.5,0.5],"15":[0.037037037,0.037037037,0.037037037,0.037037037,0.037037037,0.037037037,0.037037037,0.037037037,0.037037037,0.037037037,0.037037037,0.037037037,0.037037037,0.037037037,0.037037037,0.037037037,0.037037037,0.0740740741,0.037037037,0.0740740741,0.037037037,0.037037037,0.037037037,0.037037037,0.037037037],"16":[0.0909090909,0.0909090909,0.0909090909,0.0909090909,0.0909090909,0.0909090909,0.0909090909,0.0909090909,0.0909090909,0.0909090909,0.0909090909],"17":[0.5,0.5],"18":[0.05,0.05,0.05,0.05,0.05,0.05,0.05,0.05,0.05,0.05,0.05,0.05,0.05,0.1,0.05,0.05,0.05,0.05,0.05],"19":[0.1111111111,0.1111111111,0.1111111111,0.1111111111,0.1111111111,0.1111111111,0.1111111111,0.1111111111,0.1111111111],"20":[0.1,0.1,0.1,0.1,0.1,0.1,0.1,0.1,0.1,0.1],"21":[0.25,0.25,0.25,0.25],"22":[0.0526315789,0.0526315789,0.0526315789,0.0526315789,0.0526315789,0.0526315789,0.0526315789,0.0526315789,0.0526315789,0.0526315789,0.0526315789,0.0526315789,0.1578947368,0.0526315789,0.0526315789,0.0526315789,0.0526315789],"23":[0.1428571429,0.1428571429,0.1428571429,0.1428571429,0.1428571429,0.1428571429,0.1428571429],"24":[0.1666666667,0.1666666667,0.1666666667,0.1666666667,0.1666666667,0.1666666667],"25":[0.25,0.25,0.25,0.25],"26":[0.5,0.5],"27":[0.0384615385,0.0384615385,0.0384615385,0.0384615385,0.0384615385,0.0384615385,0.0384615385,0.0384615385,0.0384615385,0.0384615385,0.0384615385,0.0384615385,0.0384615385,0.0384615385,0.0384615385,0.0384615385,0.0384615385,0.0384615385,0.0384615385,0.0384615385,0.0769230769,0.0384615385,0.0384615385,0.0384615385,0.0384615385],"28":[0.5,0.5],"29":[0.0909090909,0.0909090909,0.0909090909,0.0909090909,0.0909090909,0.0909090909,0.0909090909,0.0909090909,0.0909090909,0.0909090909,0.0909090909],"30":[0.0714285714,0.0714285714,0.0714285714,0.0714285714,0.0714285714,0.0714285714,0.0714285714,0.0714285714,0.0714285714,0.0714285714,0.0714285714,0.0714285714,0.0714285714,0.0714285714],"31":[0.0357142857,0.0357142857,0.0357142857,0.0357142857,0.0357142857,0.0357142857,0.0357142857,0.0357142857,0.0357142857,0.0357142857,0.0357142857,0.0357142857,0.0357142857,0.0357142857,0.0357142857,0.0357142857,0.0357142857,0.0357142857,0.0357142857,0.0357142857,0.0714285714,0.0357142857,0.0357142857,0.0357142857,0.0357142857,0.0357142857,0.0357142857],"32":[0.25,0.25,0.25,0.25],"33":[0.1,0.1,0.1,0.1,0.1,0.1,0.1,0.1,0.1,0.1],"34":[0.0588235294,0.0588235294,0.0588235294,0.0588235294,0.0588235294,0.0588235294,0.0588235294,0.0588235294,0.0588235294,0.0588235294,0.0588235294,0.0588235294,0.1176470588,0.0588235294,0.0588235294,0.0588235294],"35":[0.0476190476,0.0476190476,0.0476190476,0.0476190476,0.0476190476,0.0476190476,0.0476190476,0.0476190476,0.0476190476,0.0476190476,0.0476190476,0.0476190476,0.0476190476,0.0476190476,0.0952380952,0.0476190476,0.0476190476,0.0476190476,0.0476190476,0.0476190476],"36":[0.1428571429,0.1428571429,0.1428571429,0.1428571429,0.1428571429,0.1428571429,0.1428571429],"37":[0.04,0.04,0.04,0.04,0.04,0.04,0.04,0.04,0.04,0.04,0.04,0.04,0.04,0.04,0.04,0.08,0.04,0.08,0.04,0.04,0.04,0.04,0.04],"38":[0.1428571429,0.1428571429,0.1428571429,0.1428571429,0.1428571429,0.1428571429,0.1428571429],"39":[0.0555555556,0.0555555556,0.0555555556,0.0555555556,0.0555555556,0.0555555556,0.0555555556,0.0555555556,0.0555555556,0.0555555556,0.0555555556,0.0555555556,0.0555555556,0.1111111111,0.0555555556,0.0555555556,0.0555555556],"40":[0.0588235294,0.0588235294,0.0588235294,0.0588235294,0.0588235294,0.0588235294,0.0588235294,0.0588235294,0.0588235294,0.0588235294,0.0588235294,0.0588235294,0.0588235294,0.0588235294,0.0588235294,0.0588235294,0.0588235294],"41":[0.125,0.125,0.125,0.125,0.125,0.125,0.125,0.125],"42":[0.25,0.25,0.25,0.25],"43":[0.05,0.05,0.05,0.05,0.05,0.05,0.05,0.05,0.05,0.05,0.05,0.05,0.15,0.05,0.05,0.05,0.05,0.05],"44":[0.1,0.1,0.1,0.1,0.1,0.1,0.1,0.1,0.1,0.1],"45":[0.05,0.05,0.05,0.05,0.05,0.05,0.05,0.05,0.05,0.05,0.05,0.05,0.05,0.15,0.05,0.05,0.05,0.05],"46":[0.1666666667,0.1666666667,0.1666666667,0.1666666667,0.1666666667,0.1666666667],"47":[0.0416666667,0.0416666667,0.0416666667,0.0416666667,0.0416666667,0.0416666667,0.0416666667,0.0416666667,0.0416666667,0.0416666667,0.0416666667,0.0416666667,0.0416666667,0.0416666667,0.0416666667,0.0833333333,0.0416666667,0.0833333333,0.0416666667,0.0416666667,0.0416666667,0.0416666667]},"meta":{"0":19,"1":17,"2":9,"3":4,"4":3,"5":5,"6":2,"7":2,"8":6,"9":3,"10":3,"11":7,"12":8,"13":5,"14":2,"15":4,"16":6,"17":10,"18":9,"19":7,"20":18,"21":7,"22":11,"23":25,"24":7,"25":27,"26":4,"27":11,"28":2,"29":17,"30":4,"31":7,"32":10,"33":2,"34":7,"35":10,"36":16,"37":10,"38":24,"39":20,"40":14,"41":21,"42":26,"43":20,"44":20,"45":18,"46":25,"47":28},"task":{"0":"9924_0","1":"9924_0","2":"9924_0","3":"9924_0","4":"9924_0","5":"9924_0","6":"9924_0","7":"9924_0","8":"9924_0","9":"9924_0","10":"9924_0","11":"9924_0","12":"9924_0","13":"9924_0","14":"9924_0","15":"9924_0","16":"9924_0","17":"9924_0","18":"9924_0","19":"9924_0","20":"9924_0","21":"9924_0","22":"9924_0","23":"9924_0","24":"9924_0","25":"9924_0","26":"9924_0","27":"9924_0","28":"9924_0","29":"9924_0","30":"9924_0","31":"9924_0","32":"9924_0","33":"9924_0","34":"9924_0","35":"9924_0","36":"9924_0","37":"9924_0","38":"9924_0","39":"9924_0","40":"9924_0","41":"9924_0","42":"9924_0","43":"9924_0","44":"9924_0","45":"9924_0","46":"9924_0","47":"9924_0"},"dataset":{"0":"volcanoes-a2","1":"volcanoes-a2","2":"volcanoes-a2","3":"volcanoes-a2","4":"volcanoes-a2","5":"volcanoes-a2","6":"volcanoes-a2","7":"volcanoes-a2","8":"volcanoes-a2","9":"volcanoes-a2","10":"volcanoes-a2","11":"volcanoes-a2","12":"volcanoes-a2","13":"volcanoes-a2","14":"volcanoes-a2","15":"volcanoes-a2","16":"volcanoes-a2","17":"volcanoes-a2","18":"volcanoes-a2","19":"volcanoes-a2","20":"volcanoes-a2","21":"volcanoes-a2","22":"volcanoes-a2","23":"volcanoes-a2","24":"volcanoes-a2","25":"volcanoes-a2","26":"volcanoes-a2","27":"volcanoes-a2","28":"volcanoes-a2","29":"volcanoes-a2","30":"volcanoes-a2","31":"volcanoes-a2","32":"volcanoes-a2","33":"volcanoes-a2","34":"volcanoes-a2","35":"volcanoes-a2","36":"volcanoes-a2","37":"volcanoes-a2","38":"volcanoes-a2","39":"volcanoes-a2","40":"volcanoes-a2","41":"volcanoes-a2","42":"volcanoes-a2","43":"volcanoes-a2","44":"volcanoes-a2","45":"volcanoes-a2","46":"volcanoes-a2","47":"volcanoes-a2"},"fold":{"0":0,"1":0,"2":0,"3":0,"4":0,"5":0,"6":0,"7":0,"8":0,"9":0,"10":0,"11":0,"12":0,"13":0,"14":0,"15":0,"16":0,"17":0,"18":0,"19":0,"20":0,"21":0,"22":0,"23":0,"24":0,"25":0,"26":0,"27":0,"28":0,"29":0,"30":0,"31":0,"32":0,"33":0,"34":0,"35":0,"36":0,"37":0,"38":0,"39":0,"40":0,"41":0,"42":0,"43":0,"44":0,"45":0,"46":0,"47":0},"method":{"0":"INFER_TIME_QDO","1":"INFER_TIME_QDO","2":"INFER_TIME_QDO","3":"INFER_TIME_QDO","4":"INFER_TIME_QDO","5":"INFER_TIME_QDO","6":"INFER_TIME_QDO","7":"INFER_TIME_QDO","8":"INFER_TIME_QDO","9":"INFER_TIME_QDO","10":"INFER_TIME_QDO","11":"INFER_TIME_QDO","12":"INFER_TIME_QDO","13":"INFER_TIME_QDO","14":"INFER_TIME_QDO","15":"INFER_TIME_QDO","16":"INFER_TIME_QDO","17":"INFER_TIME_QDO","18":"INFER_TIME_QDO","19":"INFER_TIME_QDO","20":"INFER_TIME_QDO","21":"INFER_TIME_QDO","22":"INFER_TIME_QDO","23":"INFER_TIME_QDO","24":"INFER_TIME_QDO","25":"INFER_TIME_QDO","26":"INFER_TIME_QDO","27":"INFER_TIME_QDO","28":"INFER_TIME_QDO","29":"INFER_TIME_QDO","30":"INFER_TIME_QDO","31":"INFER_TIME_QDO","32":"INFER_TIME_QDO","33":"INFER_TIME_QDO","34":"INFER_TIME_QDO","35":"INFER_TIME_QDO","36":"INFER_TIME_QDO","37":"INFER_TIME_QDO","38":"INFER_TIME_QDO","39":"INFER_TIME_QDO","40":"INFER_TIME_QDO","41":"INFER_TIME_QDO","42":"INFER_TIME_QDO","43":"INFER_TIME_QDO","44":"INFER_TIME_QDO","45":"INFER_TIME_QDO","46":"INFER_TIME_QDO","47":"INFER_TIME_QDO"}}