{"name":{"0":"INFER_TIME_QDO_0","1":"INFER_TIME_QDO_1","2":"INFER_TIME_QDO_2","3":"INFER_TIME_QDO_3","4":"INFER_TIME_QDO_4","5":"INFER_TIME_QDO_5","6":"INFER_TIME_QDO_6","7":"INFER_TIME_QDO_7","8":"INFER_TIME_QDO_8","9":"INFER_TIME_QDO_9","10":"INFER_TIME_QDO_10","11":"INFER_TIME_QDO_11","12":"INFER_TIME_QDO_12","13":"INFER_TIME_QDO_13","14":"INFER_TIME_QDO_14","15":"INFER_TIME_QDO_15","16":"INFER_TIME_QDO_16","17":"INFER_TIME_QDO_17","18":"INFER_TIME_QDO_18","19":"INFER_TIME_QDO_19","20":"INFER_TIME_QDO_20","21":"INFER_TIME_QDO_21","22":"INFER_TIME_QDO_22","23":"INFER_TIME_QDO_23","24":"INFER_TIME_QDO_24","25":"INFER_TIME_QDO_25","26":"INFER_TIME_QDO_26","27":"INFER_TIME_QDO_27","28":"INFER_TIME_QDO_28","29":"INFER_TIME_QDO_29","30":"INFER_TIME_QDO_30","31":"INFER_TIME_QDO_31","32":"INFER_TIME_QDO_32","33":"INFER_TIME_QDO_33","34":"INFER_TIME_QDO_34","35":"INFER_TIME_QDO_35","36":"INFER_TIME_QDO_36","37":"INFER_TIME_QDO_37","38":"INFER_TIME_QDO_38","39":"INFER_TIME_QDO_39","40":"INFER_TIME_QDO_40","41":"INFER_TIME_QDO_41","42":"INFER_TIME_QDO_42","43":"INFER_TIME_QDO_43","44":"INFER_TIME_QDO_44","45":"INFER_TIME_QDO_45","46":"INFER_TIME_QDO_46"},"roc_auc_val":{"0":0.8479969294,"1":0.8448924458,"2":0.8486861079,"3":0.833818939,"4":0.8277923389,"5":0.8464319643,"6":0.8359076798,"7":0.830960439,"8":0.8344275366,"9":0.8401678627,"10":0.8453101939,"11":0.831566916,"12":0.8337319965,"13":0.8429097325,"14":0.848389231,"15":0.8416713319,"16":0.8409397425,"17":0.8449772677,"18":0.8402993367,"19":0.8336577773,"20":0.8446952347,"21":0.8351909342,"22":0.8451787199,"23":0.8279450184,"24":0.8469811865,"25":0.8479417952,"26":0.8480160144,"27":0.8457427859,"28":0.8477912362,"29":0.8474858771,"30":0.8465422329,"31":0.8411136275,"32":0.8469493783,"33":0.8477657896,"34":0.8470469235,"35":0.8351994164,"36":0.848257757,"37":0.8471805181,"38":0.8485376694,"39":0.8487157955,"40":0.8378649465,"41":0.846137208,"42":0.8468433508,"43":0.8433571683,"44":0.8428821653,"45":0.8481453679,"46":0.8336705006},"roc_auc_test":{"0":0.8571054469,"1":0.860422486,"2":0.8621682961,"3":0.8644378492,"4":0.8511696927,"5":0.8544867318,"6":0.859375,"7":0.8719448324,"8":0.8543121508,"9":0.8705481844,"10":0.8632157821,"11":0.8461068436,"12":0.8494238827,"13":0.8717702514,"14":0.857978352,"15":0.8675803073,"16":0.8660090782,"17":0.8628666201,"18":0.859898743,"19":0.8686277933,"20":0.8609462291,"21":0.8530900838,"22":0.8565817039,"23":0.8515188547,"24":0.860073324,"25":0.8644378492,"26":0.8616445531,"27":0.8630412011,"28":0.8565817039,"29":0.8618191341,"30":0.8557087989,"31":0.8700244413,"32":0.8578037709,"33":0.858676676,"34":0.8621682961,"35":0.8688023743,"36":0.8616445531,"37":0.8612953911,"38":0.8574546089,"39":0.8578037709,"40":0.8649615922,"41":0.8578037709,"42":0.8569308659,"43":0.8576291899,"44":0.8619937151,"45":0.858676676,"46":0.8445356145},"models_used":{"0":["CatBoost_r32_BAG_L1","ExtraTrees_r32_BAG_L1","NeuralNetFastAI_r109_BAG_L1","NeuralNetFastAI_r119_BAG_L1","NeuralNetFastAI_r35_BAG_L1","NeuralNetFastAI_r95_BAG_L1","NeuralNetTorch_r104_BAG_L1","NeuralNetTorch_r152_BAG_L1","NeuralNetTorch_r164_BAG_L1","NeuralNetTorch_r67_BAG_L1","NeuralNetTorch_r69_BAG_L1","NeuralNetTorch_r86_BAG_L1","RandomForest_r134_BAG_L1","RandomForest_r32_BAG_L1","XGBoost_r74_BAG_L1"],"1":["ExtraTrees_r197_BAG_L1","ExtraTrees_r32_BAG_L1","ExtraTrees_r68_BAG_L1","NeuralNetFastAI_r109_BAG_L1","NeuralNetFastAI_r119_BAG_L1","NeuralNetFastAI_r162_BAG_L1","NeuralNetFastAI_r21_BAG_L1","NeuralNetTorch_r152_BAG_L1","NeuralNetTorch_r4_BAG_L1","NeuralNetTorch_r69_BAG_L1","RandomForest_r134_BAG_L1"],"2":["ExtraTrees_r158_BAG_L1","ExtraTrees_r32_BAG_L1","NeuralNetFastAI_r109_BAG_L1","NeuralNetFastAI_r119_BAG_L1","NeuralNetFastAI_r35_BAG_L1","NeuralNetFastAI_r95_BAG_L1","NeuralNetTorch_r104_BAG_L1","NeuralNetTorch_r152_BAG_L1","NeuralNetTorch_r164_BAG_L1","NeuralNetTorch_r67_BAG_L1","NeuralNetTorch_r69_BAG_L1","NeuralNetTorch_r86_BAG_L1","RandomForest_r134_BAG_L1","RandomForest_r32_BAG_L1","XGBoost_r74_BAG_L1"],"3":["ExtraTrees_r148_BAG_L1","NeuralNetFastAI_c1_BAG_L1","NeuralNetFastAI_r2_BAG_L1"],"4":["CatBoost_r119_BAG_L1","CatBoost_r6_BAG_L1","LightGBM_r27_BAG_L1","NeuralNetFastAI_r183_BAG_L1"],"5":["ExtraTrees_r32_BAG_L1","NeuralNetFastAI_r119_BAG_L1","NeuralNetTorch_r152_BAG_L1","NeuralNetTorch_r4_BAG_L1"],"6":["CatBoost_r105_BAG_L1","CatBoost_r119_BAG_L1","CatBoost_r57_BAG_L1","CatBoost_r6_BAG_L1","CatBoost_r90_BAG_L1","ExtraTrees_r78_BAG_L1","NeuralNetFastAI_r145_BAG_L1","NeuralNetTorch_r198_BAG_L1","RandomForest_r142_BAG_L1","XGBoost_r85_BAG_L1"],"7":["LinearModel_r13_BAG_L1","RandomForest_r166_BAG_L1"],"8":["CatBoost_r119_BAG_L1","CatBoost_r4_BAG_L1","CatBoost_r6_BAG_L1","NeuralNetFastAI_r62_BAG_L1","RandomForest_r194_BAG_L1"],"9":["ExtraTrees_r32_BAG_L1","NeuralNetTorch_r152_BAG_L1"],"10":["CatBoost_r178_BAG_L1","ExtraTrees_r32_BAG_L1","NeuralNetFastAI_r109_BAG_L1","NeuralNetFastAI_r119_BAG_L1","NeuralNetTorch_r152_BAG_L1"],"11":["CatBoost_r78_BAG_L1","TabPFN_c2_BAG_L1"],"12":["CatBoost_r105_BAG_L1","CatBoost_r90_BAG_L1","NeuralNetFastAI_r145_BAG_L1"],"13":["CatBoost_r188_BAG_L1","ExtraTrees_r144_BAG_L1","ExtraTrees_r32_BAG_L1","NeuralNetFastAI_r119_BAG_L1","NeuralNetTorch_r152_BAG_L1"],"14":["CatBoost_r16_BAG_L1","ExtraTrees_r32_BAG_L1","NeuralNetFastAI_r109_BAG_L1","NeuralNetFastAI_r119_BAG_L1","NeuralNetFastAI_r35_BAG_L1","NeuralNetFastAI_r95_BAG_L1","NeuralNetTorch_r104_BAG_L1","NeuralNetTorch_r152_BAG_L1","NeuralNetTorch_r164_BAG_L1","NeuralNetTorch_r67_BAG_L1","NeuralNetTorch_r69_BAG_L1","NeuralNetTorch_r86_BAG_L1","RandomForest_r134_BAG_L1","RandomForest_r32_BAG_L1","XGBoost_r74_BAG_L1"],"15":["CatBoost_r82_BAG_L1","ExtraTrees_r32_BAG_L1","NeuralNetTorch_r152_BAG_L1"],"16":["CatBoost_r188_BAG_L1","ExtraTrees_r32_BAG_L1","NeuralNetFastAI_r18_BAG_L1","NeuralNetTorch_r152_BAG_L1"],"17":["ExtraTrees_r197_BAG_L1","ExtraTrees_r32_BAG_L1","ExtraTrees_r68_BAG_L1","NeuralNetFastAI_r109_BAG_L1","NeuralNetFastAI_r119_BAG_L1","NeuralNetFastAI_r178_BAG_L1","NeuralNetFastAI_r21_BAG_L1","NeuralNetFastAI_r35_BAG_L1","NeuralNetFastAI_r95_BAG_L1","NeuralNetTorch_r152_BAG_L1","NeuralNetTorch_r164_BAG_L1","NeuralNetTorch_r67_BAG_L1","NeuralNetTorch_r69_BAG_L1","RandomForest_r134_BAG_L1","XGBoost_r74_BAG_L1"],"18":["ExtraTrees_r32_BAG_L1","NeuralNetFastAI_r119_BAG_L1","NeuralNetFastAI_r33_BAG_L1","NeuralNetTorch_r152_BAG_L1"],"19":["LinearModel_r13_BAG_L1","RandomForest_r166_BAG_L1","XGBoost_r30_BAG_L1"],"20":["ExtraTrees_r32_BAG_L1","ExtraTrees_r68_BAG_L1","NeuralNetFastAI_r109_BAG_L1","NeuralNetFastAI_r119_BAG_L1","NeuralNetFastAI_r21_BAG_L1","NeuralNetFastAI_r95_BAG_L1","NeuralNetTorch_r152_BAG_L1","NeuralNetTorch_r67_BAG_L1","NeuralNetTorch_r69_BAG_L1","RandomForest_r134_BAG_L1"],"21":["CatBoost_r105_BAG_L1","CatBoost_r90_BAG_L1","NeuralNetFastAI_r145_BAG_L1","RandomForest_r142_BAG_L1"],"22":["CatBoost_r124_BAG_L1","CatBoost_r78_BAG_L1","ExtraTrees_r32_BAG_L1","NeuralNetFastAI_r109_BAG_L1","NeuralNetFastAI_r119_BAG_L1","NeuralNetTorch_r152_BAG_L1","NeuralNetTorch_r69_BAG_L1"],"23":["NeuralNetFastAI_r78_BAG_L1","RandomForest_r150_BAG_L1"],"24":["CatBoost_r111_BAG_L1","ExtraTrees_r32_BAG_L1","NeuralNetFastAI_r109_BAG_L1","NeuralNetFastAI_r119_BAG_L1","NeuralNetFastAI_r147_BAG_L1","NeuralNetFastAI_r35_BAG_L1","NeuralNetFastAI_r95_BAG_L1","NeuralNetTorch_r152_BAG_L1","NeuralNetTorch_r164_BAG_L1","NeuralNetTorch_r67_BAG_L1","NeuralNetTorch_r69_BAG_L1","RandomForest_r134_BAG_L1","XGBoost_r74_BAG_L1"],"25":["ExtraTrees_r32_BAG_L1","NeuralNetFastAI_r109_BAG_L1","NeuralNetFastAI_r119_BAG_L1","NeuralNetFastAI_r95_BAG_L1","NeuralNetTorch_r152_BAG_L1","NeuralNetTorch_r67_BAG_L1","NeuralNetTorch_r69_BAG_L1","RandomForest_r134_BAG_L1","XGBoost_r74_BAG_L1"],"26":["CatBoost_r16_BAG_L1","ExtraTrees_r32_BAG_L1","NeuralNetFastAI_r109_BAG_L1","NeuralNetFastAI_r119_BAG_L1","NeuralNetFastAI_r35_BAG_L1","NeuralNetFastAI_r95_BAG_L1","NeuralNetTorch_r152_BAG_L1","NeuralNetTorch_r164_BAG_L1","NeuralNetTorch_r67_BAG_L1","NeuralNetTorch_r69_BAG_L1","RandomForest_r134_BAG_L1","XGBoost_r74_BAG_L1"],"27":["CatBoost_r111_BAG_L1","ExtraTrees_r32_BAG_L1","NeuralNetFastAI_r109_BAG_L1","NeuralNetFastAI_r119_BAG_L1","NeuralNetTorch_r152_BAG_L1"],"28":["ExtraTrees_r32_BAG_L1","NeuralNetFastAI_r109_BAG_L1","NeuralNetFastAI_r119_BAG_L1","NeuralNetFastAI_r95_BAG_L1","NeuralNetTorch_r104_BAG_L1","NeuralNetTorch_r152_BAG_L1","NeuralNetTorch_r67_BAG_L1","NeuralNetTorch_r69_BAG_L1","RandomForest_r134_BAG_L1","RandomForest_r32_BAG_L1"],"29":["ExtraTrees_r32_BAG_L1","NeuralNetFastAI_r109_BAG_L1","NeuralNetFastAI_r119_BAG_L1","NeuralNetFastAI_r35_BAG_L1","NeuralNetFastAI_r43_BAG_L1","NeuralNetFastAI_r95_BAG_L1","NeuralNetTorch_r104_BAG_L1","NeuralNetTorch_r152_BAG_L1","NeuralNetTorch_r164_BAG_L1","NeuralNetTorch_r67_BAG_L1","NeuralNetTorch_r69_BAG_L1","RandomForest_r134_BAG_L1","RandomForest_r32_BAG_L1","XGBoost_r74_BAG_L1"],"30":["CatBoost_r105_BAG_L1","CatBoost_r90_BAG_L1","ExtraTrees_r32_BAG_L1","NeuralNetFastAI_r109_BAG_L1","NeuralNetFastAI_r119_BAG_L1","NeuralNetFastAI_r145_BAG_L1","NeuralNetFastAI_r35_BAG_L1","NeuralNetFastAI_r95_BAG_L1","NeuralNetTorch_r104_BAG_L1","NeuralNetTorch_r152_BAG_L1","NeuralNetTorch_r164_BAG_L1","NeuralNetTorch_r67_BAG_L1","NeuralNetTorch_r69_BAG_L1","RandomForest_r134_BAG_L1","RandomForest_r32_BAG_L1","XGBoost_r74_BAG_L1"],"31":["CatBoost_r188_BAG_L1","ExtraTrees_r32_BAG_L1","NeuralNetTorch_r152_BAG_L1"],"32":["CatBoost_r190_BAG_L1","ExtraTrees_r32_BAG_L1","NeuralNetFastAI_r109_BAG_L1","NeuralNetFastAI_r119_BAG_L1","NeuralNetFastAI_r95_BAG_L1","NeuralNetTorch_r152_BAG_L1","NeuralNetTorch_r67_BAG_L1","NeuralNetTorch_r69_BAG_L1","RandomForest_r134_BAG_L1","XGBoost_r74_BAG_L1"],"33":["ExtraTrees_r32_BAG_L1","NeuralNetFastAI_r109_BAG_L1","NeuralNetFastAI_r119_BAG_L1","NeuralNetFastAI_r35_BAG_L1","NeuralNetFastAI_r43_BAG_L1","NeuralNetFastAI_r95_BAG_L1","NeuralNetTorch_r104_BAG_L1","NeuralNetTorch_r152_BAG_L1","NeuralNetTorch_r164_BAG_L1","NeuralNetTorch_r67_BAG_L1","NeuralNetTorch_r69_BAG_L1","NeuralNetTorch_r86_BAG_L1","RandomForest_r134_BAG_L1","RandomForest_r32_BAG_L1","XGBoost_r74_BAG_L1"],"34":["ExtraTrees_r32_BAG_L1","NeuralNetFastAI_r109_BAG_L1","NeuralNetFastAI_r119_BAG_L1","NeuralNetFastAI_r43_BAG_L1","NeuralNetFastAI_r95_BAG_L1","NeuralNetTorch_r152_BAG_L1","NeuralNetTorch_r164_BAG_L1","NeuralNetTorch_r67_BAG_L1","NeuralNetTorch_r69_BAG_L1","RandomForest_r134_BAG_L1","XGBoost_r74_BAG_L1"],"35":["CatBoost_r119_BAG_L1","CatBoost_r6_BAG_L1","LinearModel_r13_BAG_L1","RandomForest_r166_BAG_L1","XGBoost_r30_BAG_L1"],"36":["ExtraTrees_r32_BAG_L1","NeuralNetFastAI_r109_BAG_L1","NeuralNetFastAI_r119_BAG_L1","NeuralNetFastAI_r35_BAG_L1","NeuralNetFastAI_r95_BAG_L1","NeuralNetTorch_r152_BAG_L1","NeuralNetTorch_r164_BAG_L1","NeuralNetTorch_r67_BAG_L1","NeuralNetTorch_r69_BAG_L1","RandomForest_r134_BAG_L1","XGBoost_r74_BAG_L1"],"37":["CatBoost_r124_BAG_L1","CatBoost_r99_BAG_L1","ExtraTrees_r32_BAG_L1","NeuralNetFastAI_r109_BAG_L1","NeuralNetFastAI_r119_BAG_L1","NeuralNetFastAI_r35_BAG_L1","NeuralNetFastAI_r95_BAG_L1","NeuralNetTorch_r152_BAG_L1","NeuralNetTorch_r164_BAG_L1","NeuralNetTorch_r67_BAG_L1","NeuralNetTorch_r69_BAG_L1","RandomForest_r134_BAG_L1","XGBoost_r74_BAG_L1"],"38":["ExtraTrees_r32_BAG_L1","NeuralNetFastAI_r109_BAG_L1","NeuralNetFastAI_r119_BAG_L1","NeuralNetFastAI_r145_BAG_L1","NeuralNetFastAI_r35_BAG_L1","NeuralNetFastAI_r95_BAG_L1","NeuralNetTorch_r104_BAG_L1","NeuralNetTorch_r152_BAG_L1","NeuralNetTorch_r164_BAG_L1","NeuralNetTorch_r67_BAG_L1","NeuralNetTorch_r69_BAG_L1","NeuralNetTorch_r86_BAG_L1","RandomForest_r134_BAG_L1","RandomForest_r32_BAG_L1","XGBoost_r74_BAG_L1"],"39":["ExtraTrees_r32_BAG_L1","NeuralNetFastAI_r109_BAG_L1","NeuralNetFastAI_r119_BAG_L1","NeuralNetFastAI_r35_BAG_L1","NeuralNetFastAI_r95_BAG_L1","NeuralNetTorch_r104_BAG_L1","NeuralNetTorch_r152_BAG_L1","NeuralNetTorch_r164_BAG_L1","NeuralNetTorch_r67_BAG_L1","NeuralNetTorch_r69_BAG_L1","NeuralNetTorch_r86_BAG_L1","RandomForest_r134_BAG_L1","RandomForest_r32_BAG_L1","XGBoost_r74_BAG_L1"],"40":["CatBoost_r160_BAG_L1","ExtraTrees_r16_BAG_L1","LinearModel_r33_BAG_L1","NeuralNetTorch_r104_BAG_L1"],"41":["ExtraTrees_r32_BAG_L1","NeuralNetFastAI_r109_BAG_L1","NeuralNetFastAI_r119_BAG_L1","NeuralNetFastAI_r43_BAG_L1","NeuralNetTorch_r152_BAG_L1","NeuralNetTorch_r67_BAG_L1","NeuralNetTorch_r69_BAG_L1","RandomForest_r134_BAG_L1"],"42":["CatBoost_r142_BAG_L1","ExtraTrees_r32_BAG_L1","NeuralNetFastAI_r109_BAG_L1","NeuralNetFastAI_r119_BAG_L1","NeuralNetFastAI_r95_BAG_L1","NeuralNetTorch_r152_BAG_L1","NeuralNetTorch_r67_BAG_L1","NeuralNetTorch_r69_BAG_L1","RandomForest_r134_BAG_L1"],"43":["ExtraTrees_r32_BAG_L1","NeuralNetFastAI_r109_BAG_L1","NeuralNetFastAI_r119_BAG_L1","NeuralNetFastAI_r64_BAG_L1","NeuralNetTorch_r152_BAG_L1"],"44":["ExtraTrees_r197_BAG_L1","ExtraTrees_r32_BAG_L1","ExtraTrees_r68_BAG_L1","NeuralNetFastAI_r109_BAG_L1","NeuralNetFastAI_r119_BAG_L1","NeuralNetFastAI_r21_BAG_L1","NeuralNetTorch_r152_BAG_L1","NeuralNetTorch_r69_BAG_L1"],"45":["CatBoost_r188_BAG_L1","ExtraTrees_r32_BAG_L1","NeuralNetFastAI_r109_BAG_L1","NeuralNetFastAI_r119_BAG_L1","NeuralNetFastAI_r35_BAG_L1","NeuralNetFastAI_r95_BAG_L1","NeuralNetTorch_r104_BAG_L1","NeuralNetTorch_r152_BAG_L1","NeuralNetTorch_r164_BAG_L1","NeuralNetTorch_r67_BAG_L1","NeuralNetTorch_r69_BAG_L1","NeuralNetTorch_r86_BAG_L1","RandomForest_r134_BAG_L1","RandomForest_r32_BAG_L1","XGBoost_r74_BAG_L1"],"46":["CatBoost_r84_BAG_L1","NeuralNetTorch_r86_BAG_L1"]},"weights":{"0":[0.0588235294,0.1176470588,0.0588235294,0.0588235294,0.0588235294,0.0588235294,0.0588235294,0.0588235294,0.0588235294,0.0588235294,0.0588235294,0.1176470588,0.0588235294,0.0588235294,0.0588235294],"1":[0.0909090909,0.0909090909,0.0909090909,0.0909090909,0.0909090909,0.0909090909,0.0909090909,0.0909090909,0.0909090909,0.0909090909,0.0909090909],"2":[0.0588235294,0.1176470588,0.0588235294,0.0588235294,0.0588235294,0.0588235294,0.0588235294,0.0588235294,0.0588235294,0.0588235294,0.0588235294,0.1176470588,0.0588235294,0.0588235294,0.0588235294],"3":[0.3333333333,0.3333333333,0.3333333333],"4":[0.25,0.25,0.25,0.25],"5":[0.25,0.25,0.25,0.25],"6":[0.1,0.1,0.1,0.1,0.1,0.1,0.1,0.1,0.1,0.1],"7":[0.5,0.5],"8":[0.2,0.2,0.2,0.2,0.2],"9":[0.5,0.5],"10":[0.2,0.2,0.2,0.2,0.2],"11":[0.5,0.5],"12":[0.3333333333,0.3333333333,0.3333333333],"13":[0.2,0.2,0.2,0.2,0.2],"14":[0.0625,0.125,0.0625,0.0625,0.0625,0.0625,0.0625,0.0625,0.0625,0.0625,0.0625,0.0625,0.0625,0.0625,0.0625],"15":[0.3333333333,0.3333333333,0.3333333333],"16":[0.25,0.25,0.25,0.25],"17":[0.0625,0.125,0.0625,0.0625,0.0625,0.0625,0.0625,0.0625,0.0625,0.0625,0.0625,0.0625,0.0625,0.0625,0.0625],"18":[0.25,0.25,0.25,0.25],"19":[0.3333333333,0.3333333333,0.3333333333],"20":[0.1818181818,0.0909090909,0.0909090909,0.0909090909,0.0909090909,0.0909090909,0.0909090909,0.0909090909,0.0909090909,0.0909090909],"21":[0.25,0.25,0.25,0.25],"22":[0.1428571429,0.1428571429,0.1428571429,0.1428571429,0.1428571429,0.1428571429,0.1428571429],"23":[0.5,0.5],"24":[0.0714285714,0.1428571429,0.0714285714,0.0714285714,0.0714285714,0.0714285714,0.0714285714,0.0714285714,0.0714285714,0.0714285714,0.0714285714,0.0714285714,0.0714285714],"25":[0.2,0.1,0.1,0.1,0.1,0.1,0.1,0.1,0.1],"26":[0.0769230769,0.1538461538,0.0769230769,0.0769230769,0.0769230769,0.0769230769,0.0769230769,0.0769230769,0.0769230769,0.0769230769,0.0769230769,0.0769230769],"27":[0.2,0.2,0.2,0.2,0.2],"28":[0.1,0.1,0.1,0.1,0.1,0.1,0.1,0.1,0.1,0.1],"29":[0.1333333333,0.0666666667,0.0666666667,0.0666666667,0.0666666667,0.0666666667,0.0666666667,0.0666666667,0.0666666667,0.0666666667,0.0666666667,0.0666666667,0.0666666667,0.0666666667],"30":[0.0625,0.0625,0.0625,0.0625,0.0625,0.0625,0.0625,0.0625,0.0625,0.0625,0.0625,0.0625,0.0625,0.0625,0.0625,0.0625],"31":[0.3333333333,0.3333333333,0.3333333333],"32":[0.1,0.1,0.1,0.1,0.1,0.1,0.1,0.1,0.1,0.1],"33":[0.125,0.0625,0.0625,0.0625,0.0625,0.0625,0.0625,0.0625,0.0625,0.0625,0.0625,0.0625,0.0625,0.0625,0.0625],"34":[0.1666666667,0.0833333333,0.0833333333,0.0833333333,0.0833333333,0.0833333333,0.0833333333,0.0833333333,0.0833333333,0.0833333333,0.0833333333],"35":[0.1666666667,0.1666666667,0.1666666667,0.3333333333,0.1666666667],"36":[0.1666666667,0.0833333333,0.0833333333,0.0833333333,0.0833333333,0.0833333333,0.0833333333,0.0833333333,0.0833333333,0.0833333333,0.0833333333],"37":[0.0714285714,0.0714285714,0.1428571429,0.0714285714,0.0714285714,0.0714285714,0.0714285714,0.0714285714,0.0714285714,0.0714285714,0.0714285714,0.0714285714,0.0714285714],"38":[0.125,0.0625,0.0625,0.0625,0.0625,0.0625,0.0625,0.0625,0.0625,0.0625,0.0625,0.0625,0.0625,0.0625,0.0625],"39":[0.125,0.0625,0.0625,0.0625,0.0625,0.0625,0.0625,0.0625,0.0625,0.0625,0.125,0.0625,0.0625,0.0625],"40":[0.25,0.25,0.25,0.25],"41":[0.125,0.125,0.125,0.125,0.125,0.125,0.125,0.125],"42":[0.1111111111,0.1111111111,0.1111111111,0.1111111111,0.1111111111,0.1111111111,0.1111111111,0.1111111111,0.1111111111],"43":[0.2,0.2,0.2,0.2,0.2],"44":[0.125,0.125,0.125,0.125,0.125,0.125,0.125,0.125],"45":[0.0625,0.125,0.0625,0.0625,0.0625,0.0625,0.0625,0.0625,0.0625,0.0625,0.0625,0.0625,0.0625,0.0625,0.0625],"46":[0.5,0.5]},"meta":{"0":10,"1":8,"2":4,"3":11,"4":3,"5":4,"6":6,"7":2,"8":3,"9":5,"10":4,"11":3,"12":5,"13":3,"14":4,"15":3,"16":2,"17":16,"18":4,"19":16,"20":17,"21":16,"22":10,"23":2,"24":5,"25":8,"26":16,"27":4,"28":2,"29":5,"30":5,"31":2,"32":16,"33":15,"34":7,"35":14,"36":12,"37":11,"38":9,"39":16,"40":10,"41":12,"42":16,"43":13,"44":14,"45":17,"46":10},"task":{"0":"359962_2","1":"359962_2","2":"359962_2","3":"359962_2","4":"359962_2","5":"359962_2","6":"359962_2","7":"359962_2","8":"359962_2","9":"359962_2","10":"359962_2","11":"359962_2","12":"359962_2","13":"359962_2","14":"359962_2","15":"359962_2","16":"359962_2","17":"359962_2","18":"359962_2","19":"359962_2","20":"359962_2","21":"359962_2","22":"359962_2","23":"359962_2","24":"359962_2","25":"359962_2","26":"359962_2","27":"359962_2","28":"359962_2","29":"359962_2","30":"359962_2","31":"359962_2","32":"359962_2","33":"359962_2","34":"359962_2","35":"359962_2","36":"359962_2","37":"359962_2","38":"359962_2","39":"359962_2","40":"359962_2","41":"359962_2","42":"359962_2","43":"359962_2","44":"359962_2","45":"359962_2","46":"359962_2"},"dataset":{"0":"kc1","1":"kc1","2":"kc1","3":"kc1","4":"kc1","5":"kc1","6":"kc1","7":"kc1","8":"kc1","9":"kc1","10":"kc1","11":"kc1","12":"kc1","13":"kc1","14":"kc1","15":"kc1","16":"kc1","17":"kc1","18":"kc1","19":"kc1","20":"kc1","21":"kc1","22":"kc1","23":"kc1","24":"kc1","25":"kc1","26":"kc1","27":"kc1","28":"kc1","29":"kc1","30":"kc1","31":"kc1","32":"kc1","33":"kc1","34":"kc1","35":"kc1","36":"kc1","37":"kc1","38":"kc1","39":"kc1","40":"kc1","41":"kc1","42":"kc1","43":"kc1","44":"kc1","45":"kc1","46":"kc1"},"fold":{"0":2,"1":2,"2":2,"3":2,"4":2,"5":2,"6":2,"7":2,"8":2,"9":2,"10":2,"11":2,"12":2,"13":2,"14":2,"15":2,"16":2,"17":2,"18":2,"19":2,"20":2,"21":2,"22":2,"23":2,"24":2,"25":2,"26":2,"27":2,"28":2,"29":2,"30":2,"31":2,"32":2,"33":2,"34":2,"35":2,"36":2,"37":2,"38":2,"39":2,"40":2,"41":2,"42":2,"43":2,"44":2,"45":2,"46":2},"method":{"0":"INFER_TIME_QDO","1":"INFER_TIME_QDO","2":"INFER_TIME_QDO","3":"INFER_TIME_QDO","4":"INFER_TIME_QDO","5":"INFER_TIME_QDO","6":"INFER_TIME_QDO","7":"INFER_TIME_QDO","8":"INFER_TIME_QDO","9":"INFER_TIME_QDO","10":"INFER_TIME_QDO","11":"INFER_TIME_QDO","12":"INFER_TIME_QDO","13":"INFER_TIME_QDO","14":"INFER_TIME_QDO","15":"INFER_TIME_QDO","16":"INFER_TIME_QDO","17":"INFER_TIME_QDO","18":"INFER_TIME_QDO","19":"INFER_TIME_QDO","20":"INFER_TIME_QDO","21":"INFER_TIME_QDO","22":"INFER_TIME_QDO","23":"INFER_TIME_QDO","24":"INFER_TIME_QDO","25":"INFER_TIME_QDO","26":"INFER_TIME_QDO","27":"INFER_TIME_QDO","28":"INFER_TIME_QDO","29":"INFER_TIME_QDO","30":"INFER_TIME_QDO","31":"INFER_TIME_QDO","32":"INFER_TIME_QDO","33":"INFER_TIME_QDO","34":"INFER_TIME_QDO","35":"INFER_TIME_QDO","36":"INFER_TIME_QDO","37":"INFER_TIME_QDO","38":"INFER_TIME_QDO","39":"INFER_TIME_QDO","40":"INFER_TIME_QDO","41":"INFER_TIME_QDO","42":"INFER_TIME_QDO","43":"INFER_TIME_QDO","44":"INFER_TIME_QDO","45":"INFER_TIME_QDO","46":"INFER_TIME_QDO"}}