{"name":{"0":"INFER_TIME_QDO_0","1":"INFER_TIME_QDO_1","2":"INFER_TIME_QDO_2","3":"INFER_TIME_QDO_3","4":"INFER_TIME_QDO_4","5":"INFER_TIME_QDO_5","6":"INFER_TIME_QDO_6","7":"INFER_TIME_QDO_7","8":"INFER_TIME_QDO_8","9":"INFER_TIME_QDO_9","10":"INFER_TIME_QDO_10","11":"INFER_TIME_QDO_11","12":"INFER_TIME_QDO_12","13":"INFER_TIME_QDO_13","14":"INFER_TIME_QDO_14","15":"INFER_TIME_QDO_15","16":"INFER_TIME_QDO_16","17":"INFER_TIME_QDO_17","18":"INFER_TIME_QDO_18","19":"INFER_TIME_QDO_19","20":"INFER_TIME_QDO_20","21":"INFER_TIME_QDO_21","22":"INFER_TIME_QDO_22","23":"INFER_TIME_QDO_23","24":"INFER_TIME_QDO_24","25":"INFER_TIME_QDO_25","26":"INFER_TIME_QDO_26","27":"INFER_TIME_QDO_27","28":"INFER_TIME_QDO_28","29":"INFER_TIME_QDO_29","30":"INFER_TIME_QDO_30","31":"INFER_TIME_QDO_31","32":"INFER_TIME_QDO_32","33":"INFER_TIME_QDO_33","34":"INFER_TIME_QDO_34","35":"INFER_TIME_QDO_35","36":"INFER_TIME_QDO_36","37":"INFER_TIME_QDO_37","38":"INFER_TIME_QDO_38","39":"INFER_TIME_QDO_39","40":"INFER_TIME_QDO_40","41":"INFER_TIME_QDO_41","42":"INFER_TIME_QDO_42","43":"INFER_TIME_QDO_43","44":"INFER_TIME_QDO_44","45":"INFER_TIME_QDO_45","46":"INFER_TIME_QDO_46","47":"INFER_TIME_QDO_47","48":"INFER_TIME_QDO_48"},"roc_auc_val":{"0":0.8835430831,"1":0.8757841343,"2":0.8780173844,"3":0.8858051851,"4":0.8874014734,"5":0.885652048,"6":0.8869642558,"7":0.8830675812,"8":0.8858418049,"9":0.8879774023,"10":0.8802228922,"11":0.8818730005,"12":0.8846394563,"13":0.8758324058,"14":0.8879491052,"15":0.8861136788,"16":0.8836690329,"17":0.882853966,"18":0.8843681373,"19":0.8836596005,"20":0.8801407752,"21":0.8879801765,"22":0.8837001042,"23":0.8726342807,"24":0.8833977138,"25":0.8839841847,"26":0.8876616956,"27":0.8791814487,"28":0.8750406424,"29":0.8803577195,"30":0.8863478233,"31":0.8806101739,"32":0.8822258817,"33":0.8870929798,"34":0.8831286141,"35":0.8771257489,"36":0.8849917827,"37":0.8825765436,"38":0.8741134968,"39":0.8793234889,"40":0.8814368925,"41":0.8875546106,"42":0.887924692,"43":0.8880112478,"44":0.8838987386,"45":0.8770785871,"46":0.8866835044,"47":0.8783136715,"48":0.8679874561},"roc_auc_test":{"0":0.92,"1":0.9184787472,"2":0.9141834452,"3":0.9205369128,"4":0.9218791946,"5":0.921655481,"6":0.9217897092,"7":0.91950783,"8":0.9214765101,"9":0.9215212528,"10":0.9174496644,"11":0.9178076063,"12":0.9189261745,"13":0.9155704698,"14":0.9213422819,"15":0.921163311,"16":0.918836689,"17":0.9172259508,"18":0.9185234899,"19":0.9185234899,"20":0.9136912752,"21":0.92098434,"22":0.9184787472,"23":0.9018791946,"24":0.9186577181,"25":0.9174496644,"26":0.9217002237,"27":0.9166442953,"28":0.9162416107,"29":0.9165995526,"30":0.9199105145,"31":0.9105145414,"32":0.9213422819,"33":0.9215659955,"34":0.9168232662,"35":0.917852349,"36":0.9218791946,"37":0.9201789709,"38":0.9142281879,"39":0.9159284116,"40":0.918344519,"41":0.9214765101,"42":0.9212080537,"43":0.9208501119,"44":0.9178970917,"45":0.915212528,"46":0.9212975391,"47":0.9197315436,"48":0.9163310962},"models_used":{"0":["CatBoost_r10_BAG_L1","CatBoost_r190_BAG_L1","CatBoost_r31_BAG_L1","ExtraTrees_r195_BAG_L1","LightGBM_r173_BAG_L1","NeuralNetTorch_r40_BAG_L1","NeuralNetTorch_r63_BAG_L1","RandomForest_r49_BAG_L1"],"1":["CatBoost_r102_BAG_L1","KNeighbors_r8_BAG_L1","NeuralNetTorch_r176_BAG_L1"],"2":["LightGBM_r173_BAG_L1","NeuralNetTorch_r63_BAG_L1","NeuralNetTorch_r8_BAG_L1"],"3":["CatBoost_r102_BAG_L1","CatBoost_r131_BAG_L1","CatBoost_r183_BAG_L1","CatBoost_r31_BAG_L1","CatBoost_r73_BAG_L1","KNeighbors_r34_BAG_L1","KNeighbors_r8_BAG_L1","LightGBM_r12_BAG_L1","LightGBM_r140_BAG_L1","LightGBM_r162_BAG_L1","LightGBM_r182_BAG_L1","LightGBM_r83_BAG_L1","NeuralNetTorch_r103_BAG_L1","NeuralNetTorch_r117_BAG_L1","NeuralNetTorch_r141_BAG_L1","NeuralNetTorch_r65_BAG_L1","NeuralNetTorch_r95_BAG_L1","RandomForest_r114_BAG_L1","RandomForest_r134_BAG_L1","RandomForest_r49_BAG_L1"],"4":["CatBoost_r107_BAG_L1","CatBoost_r183_BAG_L1","CatBoost_r31_BAG_L1","CatBoost_r47_BAG_L1","CatBoost_r71_BAG_L1","ExtraTrees_r21_BAG_L1","KNeighbors_r11_BAG_L1","KNeighbors_r34_BAG_L1","LightGBM_r12_BAG_L1","LightGBM_r140_BAG_L1","LightGBM_r162_BAG_L1","LightGBM_r182_BAG_L1","LightGBM_r58_BAG_L1","LightGBM_r68_BAG_L1","NeuralNetTorch_r103_BAG_L1","NeuralNetTorch_r115_BAG_L1","NeuralNetTorch_r117_BAG_L1","NeuralNetTorch_r140_BAG_L1","NeuralNetTorch_r141_BAG_L1","NeuralNetTorch_r148_BAG_L1","NeuralNetTorch_r149_BAG_L1","NeuralNetTorch_r185_BAG_L1","NeuralNetTorch_r40_BAG_L1","NeuralNetTorch_r95_BAG_L1","RandomForest_c1_BAG_L1","RandomForest_r114_BAG_L1","RandomForest_r134_BAG_L1","RandomForest_r37_BAG_L1","RandomForest_r39_BAG_L1","RandomForest_r49_BAG_L1","RandomForest_r98_BAG_L1"],"5":["CatBoost_r183_BAG_L1","CatBoost_r31_BAG_L1","KNeighbors_r34_BAG_L1","LightGBM_r12_BAG_L1","LightGBM_r140_BAG_L1","LightGBM_r162_BAG_L1","LightGBM_r182_BAG_L1","NeuralNetTorch_r103_BAG_L1","NeuralNetTorch_r117_BAG_L1","NeuralNetTorch_r141_BAG_L1","NeuralNetTorch_r95_BAG_L1","RandomForest_r114_BAG_L1","RandomForest_r134_BAG_L1","RandomForest_r49_BAG_L1"],"6":["CatBoost_r107_BAG_L1","CatBoost_r153_BAG_L1","CatBoost_r183_BAG_L1","CatBoost_r31_BAG_L1","CatBoost_r47_BAG_L1","CatBoost_r71_BAG_L1","ExtraTrees_r21_BAG_L1","KNeighbors_r11_BAG_L1","KNeighbors_r34_BAG_L1","LightGBM_r12_BAG_L1","LightGBM_r140_BAG_L1","LightGBM_r162_BAG_L1","LightGBM_r182_BAG_L1","LightGBM_r58_BAG_L1","LightGBM_r68_BAG_L1","NeuralNetTorch_r103_BAG_L1","NeuralNetTorch_r115_BAG_L1","NeuralNetTorch_r117_BAG_L1","NeuralNetTorch_r140_BAG_L1","NeuralNetTorch_r141_BAG_L1","NeuralNetTorch_r148_BAG_L1","NeuralNetTorch_r185_BAG_L1","NeuralNetTorch_r40_BAG_L1","NeuralNetTorch_r95_BAG_L1","RandomForest_c1_BAG_L1","RandomForest_r114_BAG_L1","RandomForest_r134_BAG_L1","RandomForest_r37_BAG_L1","RandomForest_r39_BAG_L1","RandomForest_r49_BAG_L1","RandomForest_r98_BAG_L1"],"7":["CatBoost_r102_BAG_L1","CatBoost_r31_BAG_L1","KNeighbors_r8_BAG_L1","LightGBM_r83_BAG_L1","RandomForest_r49_BAG_L1"],"8":["CatBoost_r183_BAG_L1","CatBoost_r31_BAG_L1","CatBoost_r47_BAG_L1","KNeighbors_r34_BAG_L1","LightGBM_r12_BAG_L1","LightGBM_r140_BAG_L1","LightGBM_r162_BAG_L1","LightGBM_r182_BAG_L1","LightGBM_r68_BAG_L1","NeuralNetTorch_r103_BAG_L1","NeuralNetTorch_r117_BAG_L1","NeuralNetTorch_r140_BAG_L1","NeuralNetTorch_r141_BAG_L1","RandomForest_c1_BAG_L1","RandomForest_r114_BAG_L1","RandomForest_r134_BAG_L1","RandomForest_r37_BAG_L1","RandomForest_r39_BAG_L1","RandomForest_r49_BAG_L1"],"9":["CatBoost_r107_BAG_L1","CatBoost_r119_BAG_L1","CatBoost_r131_BAG_L1","CatBoost_r13_BAG_L1","CatBoost_r183_BAG_L1","CatBoost_r19_BAG_L1","CatBoost_r31_BAG_L1","CatBoost_r47_BAG_L1","CatBoost_r71_BAG_L1","CatBoost_r73_BAG_L1","CatBoost_r76_BAG_L1","ExtraTrees_r21_BAG_L1","KNeighbors_r11_BAG_L1","KNeighbors_r27_BAG_L1","KNeighbors_r34_BAG_L1","KNeighbors_r8_BAG_L1","LightGBM_r12_BAG_L1","LightGBM_r140_BAG_L1","LightGBM_r162_BAG_L1","LightGBM_r182_BAG_L1","LightGBM_r58_BAG_L1","LightGBM_r68_BAG_L1","NeuralNetTorch_r103_BAG_L1","NeuralNetTorch_r115_BAG_L1","NeuralNetTorch_r117_BAG_L1","NeuralNetTorch_r140_BAG_L1","NeuralNetTorch_r141_BAG_L1","NeuralNetTorch_r148_BAG_L1","NeuralNetTorch_r149_BAG_L1","NeuralNetTorch_r185_BAG_L1","NeuralNetTorch_r186_BAG_L1","NeuralNetTorch_r40_BAG_L1","NeuralNetTorch_r80_BAG_L1","NeuralNetTorch_r8_BAG_L1","NeuralNetTorch_r95_BAG_L1","RandomForest_c1_BAG_L1","RandomForest_r114_BAG_L1","RandomForest_r134_BAG_L1","RandomForest_r37_BAG_L1","RandomForest_r39_BAG_L1","RandomForest_r49_BAG_L1","RandomForest_r98_BAG_L1"],"10":["CatBoost_r102_BAG_L1","KNeighbors_r8_BAG_L1","LightGBM_r32_BAG_L1","NeuralNetTorch_r176_BAG_L1"],"11":["CatBoost_r183_BAG_L1","CatBoost_r31_BAG_L1","CatBoost_r47_BAG_L1","FTTransformer_c7_BAG_L1","LightGBM_r12_BAG_L1","LightGBM_r140_BAG_L1","NeuralNetTorch_r103_BAG_L1","NeuralNetTorch_r51_BAG_L1","RandomForest_c1_BAG_L1","RandomForest_r37_BAG_L1","RandomForest_r39_BAG_L1","RandomForest_r49_BAG_L1","XGBoost_r21_BAG_L1"],"12":["CatBoost_r183_BAG_L1","CatBoost_r19_BAG_L1","CatBoost_r31_BAG_L1","CatBoost_r47_BAG_L1","ExtraTrees_r195_BAG_L1","LightGBM_r12_BAG_L1","LightGBM_r140_BAG_L1","LightGBM_r180_BAG_L1","NeuralNetTorch_r103_BAG_L1","NeuralNetTorch_r40_BAG_L1","NeuralNetTorch_r80_BAG_L1","RandomForest_c1_BAG_L1","RandomForest_r37_BAG_L1","RandomForest_r39_BAG_L1","RandomForest_r49_BAG_L1","RandomForest_r95_BAG_L1"],"13":["CatBoost_r102_BAG_L1","KNeighbors_r8_BAG_L1","NeuralNetTorch_r176_BAG_L1","RandomForest_r181_BAG_L1"],"14":["CatBoost_r107_BAG_L1","CatBoost_r119_BAG_L1","CatBoost_r13_BAG_L1","CatBoost_r183_BAG_L1","CatBoost_r19_BAG_L1","CatBoost_r31_BAG_L1","CatBoost_r47_BAG_L1","CatBoost_r71_BAG_L1","CatBoost_r73_BAG_L1","ExtraTrees_r21_BAG_L1","KNeighbors_r11_BAG_L1","KNeighbors_r34_BAG_L1","KNeighbors_r8_BAG_L1","LightGBM_r12_BAG_L1","LightGBM_r140_BAG_L1","LightGBM_r162_BAG_L1","LightGBM_r182_BAG_L1","LightGBM_r58_BAG_L1","LightGBM_r68_BAG_L1","NeuralNetTorch_r103_BAG_L1","NeuralNetTorch_r115_BAG_L1","NeuralNetTorch_r117_BAG_L1","NeuralNetTorch_r140_BAG_L1","NeuralNetTorch_r141_BAG_L1","NeuralNetTorch_r148_BAG_L1","NeuralNetTorch_r149_BAG_L1","NeuralNetTorch_r185_BAG_L1","NeuralNetTorch_r186_BAG_L1","NeuralNetTorch_r40_BAG_L1","NeuralNetTorch_r80_BAG_L1","NeuralNetTorch_r8_BAG_L1","NeuralNetTorch_r95_BAG_L1","RandomForest_c1_BAG_L1","RandomForest_r114_BAG_L1","RandomForest_r134_BAG_L1","RandomForest_r37_BAG_L1","RandomForest_r39_BAG_L1","RandomForest_r49_BAG_L1","RandomForest_r98_BAG_L1"],"15":["CatBoost_r183_BAG_L1","CatBoost_r31_BAG_L1","CatBoost_r73_BAG_L1","KNeighbors_r34_BAG_L1","KNeighbors_r8_BAG_L1","LightGBM_r12_BAG_L1","LightGBM_r140_BAG_L1","LightGBM_r162_BAG_L1","LightGBM_r182_BAG_L1","NeuralNetTorch_r103_BAG_L1","NeuralNetTorch_r117_BAG_L1","NeuralNetTorch_r141_BAG_L1","NeuralNetTorch_r65_BAG_L1","NeuralNetTorch_r95_BAG_L1","RandomForest_r114_BAG_L1","RandomForest_r134_BAG_L1","RandomForest_r49_BAG_L1"],"16":["CatBoost_r131_BAG_L1","CatBoost_r31_BAG_L1","CatBoost_r73_BAG_L1","CatBoost_r78_BAG_L1","ExtraTrees_r137_BAG_L1","KNeighbors_r8_BAG_L1","NeuralNetTorch_r141_BAG_L1","RandomForest_r49_BAG_L1"],"17":["CatBoost_r131_BAG_L1","CatBoost_r31_BAG_L1","ExtraTrees_r137_BAG_L1","RandomForest_r49_BAG_L1"],"18":["CatBoost_r102_BAG_L1","CatBoost_r131_BAG_L1","CatBoost_r183_BAG_L1","CatBoost_r19_BAG_L1","CatBoost_r31_BAG_L1","CatBoost_r47_BAG_L1","CatBoost_r61_BAG_L1","KNeighbors_r8_BAG_L1","LightGBM_r111_BAG_L1","LightGBM_r127_BAG_L1","LightGBM_r12_BAG_L1","LightGBM_r140_BAG_L1","LightGBM_r173_BAG_L1","NeuralNetTorch_r103_BAG_L1","NeuralNetTorch_r127_BAG_L1","NeuralNetTorch_r63_BAG_L1","NeuralNetTorch_r80_BAG_L1","RandomForest_c1_BAG_L1","RandomForest_r37_BAG_L1","RandomForest_r39_BAG_L1","RandomForest_r49_BAG_L1","XGBoost_r189_BAG_L1"],"19":["CatBoost_r102_BAG_L1","CatBoost_r31_BAG_L1","ExtraTrees_r195_BAG_L1","KNeighbors_r8_BAG_L1","LightGBM_r180_BAG_L1","NeuralNetTorch_r117_BAG_L1","NeuralNetTorch_r148_BAG_L1","NeuralNetTorch_r40_BAG_L1","RandomForest_r49_BAG_L1"],"20":["CatBoost_r102_BAG_L1","CatBoost_r141_BAG_L1","ExtraTrees_r125_BAG_L1","KNeighbors_r8_BAG_L1"],"21":["CatBoost_r107_BAG_L1","CatBoost_r119_BAG_L1","CatBoost_r131_BAG_L1","CatBoost_r13_BAG_L1","CatBoost_r183_BAG_L1","CatBoost_r19_BAG_L1","CatBoost_r31_BAG_L1","CatBoost_r47_BAG_L1","CatBoost_r71_BAG_L1","CatBoost_r73_BAG_L1","CatBoost_r76_BAG_L1","ExtraTrees_r21_BAG_L1","KNeighbors_r11_BAG_L1","KNeighbors_r34_BAG_L1","KNeighbors_r8_BAG_L1","LightGBM_r12_BAG_L1","LightGBM_r140_BAG_L1","LightGBM_r162_BAG_L1","LightGBM_r182_BAG_L1","LightGBM_r58_BAG_L1","LightGBM_r68_BAG_L1","NeuralNetTorch_r103_BAG_L1","NeuralNetTorch_r115_BAG_L1","NeuralNetTorch_r117_BAG_L1","NeuralNetTorch_r140_BAG_L1","NeuralNetTorch_r141_BAG_L1","NeuralNetTorch_r148_BAG_L1","NeuralNetTorch_r149_BAG_L1","NeuralNetTorch_r185_BAG_L1","NeuralNetTorch_r186_BAG_L1","NeuralNetTorch_r40_BAG_L1","NeuralNetTorch_r80_BAG_L1","NeuralNetTorch_r8_BAG_L1","NeuralNetTorch_r95_BAG_L1","RandomForest_c1_BAG_L1","RandomForest_r114_BAG_L1","RandomForest_r134_BAG_L1","RandomForest_r37_BAG_L1","RandomForest_r39_BAG_L1","RandomForest_r49_BAG_L1","RandomForest_r89_BAG_L1","RandomForest_r98_BAG_L1"],"22":["CatBoost_r183_BAG_L1","CatBoost_r31_BAG_L1","LightGBM_r12_BAG_L1","LightGBM_r140_BAG_L1","NeuralNetTorch_r103_BAG_L1","RandomForest_c1_BAG_L1","RandomForest_r37_BAG_L1","RandomForest_r49_BAG_L1"],"23":["ExtraTrees_r15_BAG_L1","KNeighbors_r42_BAG_L1"],"24":["CatBoost_r102_BAG_L1","CatBoost_r151_BAG_L1","CatBoost_r183_BAG_L1","CatBoost_r31_BAG_L1","CatBoost_r47_BAG_L1","CatBoost_r61_BAG_L1","ExtraTrees_r15_BAG_L1","ExtraTrees_r195_BAG_L1","KNeighbors_r13_BAG_L1","KNeighbors_r42_BAG_L1","KNeighbors_r8_BAG_L1","LightGBM_r111_BAG_L1","LightGBM_r123_BAG_L1","LightGBM_r127_BAG_L1","LightGBM_r12_BAG_L1","LightGBM_r140_BAG_L1","LightGBM_r180_BAG_L1","NeuralNetTorch_r103_BAG_L1","NeuralNetTorch_r127_BAG_L1","NeuralNetTorch_r142_BAG_L1","NeuralNetTorch_r40_BAG_L1","RandomForest_c1_BAG_L1","RandomForest_r114_BAG_L1","RandomForest_r37_BAG_L1","RandomForest_r39_BAG_L1","RandomForest_r49_BAG_L1","XGBoost_r189_BAG_L1","XGBoost_r39_BAG_L1"],"25":["CatBoost_r183_BAG_L1","CatBoost_r31_BAG_L1","CatBoost_r47_BAG_L1","CatBoost_r61_BAG_L1","LightGBM_r111_BAG_L1","LightGBM_r127_BAG_L1","LightGBM_r12_BAG_L1","LightGBM_r140_BAG_L1","NeuralNetTorch_r103_BAG_L1","NeuralNetTorch_r127_BAG_L1","RandomForest_c1_BAG_L1","RandomForest_r37_BAG_L1","RandomForest_r39_BAG_L1","RandomForest_r49_BAG_L1"],"26":["CatBoost_r107_BAG_L1","CatBoost_r13_BAG_L1","CatBoost_r183_BAG_L1","CatBoost_r31_BAG_L1","CatBoost_r47_BAG_L1","CatBoost_r58_BAG_L1","CatBoost_r71_BAG_L1","CatBoost_r73_BAG_L1","ExtraTrees_r21_BAG_L1","ExtraTrees_r99_BAG_L1","KNeighbors_r11_BAG_L1","KNeighbors_r34_BAG_L1","KNeighbors_r8_BAG_L1","LightGBM_r12_BAG_L1","LightGBM_r140_BAG_L1","LightGBM_r162_BAG_L1","LightGBM_r182_BAG_L1","LightGBM_r58_BAG_L1","LightGBM_r68_BAG_L1","NeuralNetTorch_r103_BAG_L1","NeuralNetTorch_r115_BAG_L1","NeuralNetTorch_r117_BAG_L1","NeuralNetTorch_r140_BAG_L1","NeuralNetTorch_r141_BAG_L1","NeuralNetTorch_r148_BAG_L1","NeuralNetTorch_r149_BAG_L1","NeuralNetTorch_r185_BAG_L1","NeuralNetTorch_r40_BAG_L1","NeuralNetTorch_r8_BAG_L1","NeuralNetTorch_r95_BAG_L1","RandomForest_c1_BAG_L1","RandomForest_r114_BAG_L1","RandomForest_r134_BAG_L1","RandomForest_r37_BAG_L1","RandomForest_r39_BAG_L1","RandomForest_r49_BAG_L1","RandomForest_r98_BAG_L1"],"27":["ExtraTrees_r195_BAG_L1","NeuralNetTorch_r176_BAG_L1","NeuralNetTorch_r40_BAG_L1","RandomForest_r25_BAG_L1","XGBoost_r47_BAG_L1"],"28":["CatBoost_r102_BAG_L1","KNeighbors_r8_BAG_L1","NeuralNetTorch_r117_BAG_L1"],"29":["CatBoost_r31_BAG_L1","ExtraTrees_r191_BAG_L1","ExtraTrees_r195_BAG_L1","FTTransformer_c5_BAG_L1","NeuralNetTorch_r141_BAG_L1","NeuralNetTorch_r40_BAG_L1","RandomForest_r49_BAG_L1","XGBoost_r190_BAG_L1"],"30":["CatBoost_r142_BAG_L1","CatBoost_r183_BAG_L1","CatBoost_r31_BAG_L1","CatBoost_r47_BAG_L1","CatBoost_r71_BAG_L1","ExtraTrees_r21_BAG_L1","KNeighbors_r34_BAG_L1","LightGBM_r111_BAG_L1","LightGBM_r127_BAG_L1","LightGBM_r12_BAG_L1","LightGBM_r140_BAG_L1","LightGBM_r162_BAG_L1","LightGBM_r182_BAG_L1","LightGBM_r68_BAG_L1","NeuralNetTorch_r103_BAG_L1","NeuralNetTorch_r115_BAG_L1","NeuralNetTorch_r117_BAG_L1","NeuralNetTorch_r140_BAG_L1","NeuralNetTorch_r141_BAG_L1","NeuralNetTorch_r148_BAG_L1","NeuralNetTorch_r40_BAG_L1","RandomForest_c1_BAG_L1","RandomForest_r114_BAG_L1","RandomForest_r134_BAG_L1","RandomForest_r37_BAG_L1","RandomForest_r39_BAG_L1","RandomForest_r49_BAG_L1"],"31":["CatBoost_r102_BAG_L1","ExtraTrees_r125_BAG_L1","KNeighbors_r8_BAG_L1"],"32":["CatBoost_r31_BAG_L1","CatBoost_r73_BAG_L1","KNeighbors_r8_BAG_L1","NeuralNetTorch_r141_BAG_L1","RandomForest_r49_BAG_L1"],"33":["CatBoost_r107_BAG_L1","CatBoost_r183_BAG_L1","CatBoost_r31_BAG_L1","CatBoost_r47_BAG_L1","CatBoost_r71_BAG_L1","ExtraTrees_r21_BAG_L1","KNeighbors_r11_BAG_L1","KNeighbors_r34_BAG_L1","LightGBM_r12_BAG_L1","LightGBM_r140_BAG_L1","LightGBM_r162_BAG_L1","LightGBM_r182_BAG_L1","LightGBM_r195_BAG_L1","LightGBM_r58_BAG_L1","LightGBM_r68_BAG_L1","NeuralNetTorch_r103_BAG_L1","NeuralNetTorch_r115_BAG_L1","NeuralNetTorch_r117_BAG_L1","NeuralNetTorch_r140_BAG_L1","NeuralNetTorch_r141_BAG_L1","NeuralNetTorch_r148_BAG_L1","NeuralNetTorch_r185_BAG_L1","NeuralNetTorch_r40_BAG_L1","NeuralNetTorch_r95_BAG_L1","RandomForest_c1_BAG_L1","RandomForest_r114_BAG_L1","RandomForest_r134_BAG_L1","RandomForest_r37_BAG_L1","RandomForest_r39_BAG_L1","RandomForest_r49_BAG_L1","RandomForest_r98_BAG_L1"],"34":["CatBoost_r183_BAG_L1","CatBoost_r31_BAG_L1","CatBoost_r47_BAG_L1","FTTransformer_c6_BAG_L1","LightGBM_r111_BAG_L1","LightGBM_r127_BAG_L1","LightGBM_r12_BAG_L1","LightGBM_r140_BAG_L1","NeuralNetTorch_r103_BAG_L1","NeuralNetTorch_r127_BAG_L1","RandomForest_c1_BAG_L1","RandomForest_r37_BAG_L1","RandomForest_r39_BAG_L1","RandomForest_r49_BAG_L1"],"35":["ExtraTrees_r195_BAG_L1","NeuralNetTorch_r40_BAG_L1","XGBoost_r164_BAG_L1"],"36":["CatBoost_r183_BAG_L1","CatBoost_r31_BAG_L1","CatBoost_r73_BAG_L1","KNeighbors_r34_BAG_L1","KNeighbors_r8_BAG_L1","LightGBM_r12_BAG_L1","LightGBM_r140_BAG_L1","LightGBM_r162_BAG_L1","LightGBM_r173_BAG_L1","LightGBM_r182_BAG_L1","LightGBM_r193_BAG_L1","NeuralNetTorch_r103_BAG_L1","NeuralNetTorch_r117_BAG_L1","NeuralNetTorch_r141_BAG_L1","NeuralNetTorch_r63_BAG_L1","RandomForest_r114_BAG_L1","RandomForest_r49_BAG_L1"],"37":["CatBoost_r131_BAG_L1","CatBoost_r31_BAG_L1","RandomForest_r49_BAG_L1"],"38":["CatBoost_r31_BAG_L1","FTTransformer_c7_BAG_L1","NeuralNetTorch_r141_BAG_L1","NeuralNetTorch_r51_BAG_L1","RandomForest_r49_BAG_L1"],"39":["CatBoost_r31_BAG_L1","FTTransformer_c5_BAG_L1","LightGBM_r65_BAG_L1","NeuralNetTorch_r141_BAG_L1","RandomForest_r49_BAG_L1"],"40":["CatBoost_r102_BAG_L1","KNeighbors_r8_BAG_L1","LightGBM_r183_BAG_L1","LightGBM_r32_BAG_L1","NeuralNetTorch_r176_BAG_L1"],"41":["CatBoost_r105_BAG_L1","CatBoost_r107_BAG_L1","CatBoost_r119_BAG_L1","CatBoost_r131_BAG_L1","CatBoost_r13_BAG_L1","CatBoost_r183_BAG_L1","CatBoost_r19_BAG_L1","CatBoost_r21_BAG_L1","CatBoost_r31_BAG_L1","CatBoost_r47_BAG_L1","CatBoost_r71_BAG_L1","CatBoost_r73_BAG_L1","CatBoost_r76_BAG_L1","ExtraTrees_r21_BAG_L1","KNeighbors_r11_BAG_L1","KNeighbors_r34_BAG_L1","KNeighbors_r8_BAG_L1","LightGBM_r12_BAG_L1","LightGBM_r140_BAG_L1","LightGBM_r162_BAG_L1","LightGBM_r175_BAG_L1","LightGBM_r182_BAG_L1","LightGBM_r58_BAG_L1","LightGBM_r68_BAG_L1","NeuralNetTorch_r103_BAG_L1","NeuralNetTorch_r115_BAG_L1","NeuralNetTorch_r117_BAG_L1","NeuralNetTorch_r140_BAG_L1","NeuralNetTorch_r141_BAG_L1","NeuralNetTorch_r148_BAG_L1","NeuralNetTorch_r149_BAG_L1","NeuralNetTorch_r185_BAG_L1","NeuralNetTorch_r186_BAG_L1","NeuralNetTorch_r40_BAG_L1","NeuralNetTorch_r80_BAG_L1","NeuralNetTorch_r8_BAG_L1","NeuralNetTorch_r95_BAG_L1","RandomForest_c1_BAG_L1","RandomForest_r114_BAG_L1","RandomForest_r134_BAG_L1","RandomForest_r37_BAG_L1","RandomForest_r39_BAG_L1","RandomForest_r49_BAG_L1","RandomForest_r98_BAG_L1","XGBoost_r142_BAG_L1"],"42":["CatBoost_r107_BAG_L1","CatBoost_r119_BAG_L1","CatBoost_r13_BAG_L1","CatBoost_r183_BAG_L1","CatBoost_r19_BAG_L1","CatBoost_r31_BAG_L1","CatBoost_r47_BAG_L1","CatBoost_r71_BAG_L1","CatBoost_r73_BAG_L1","ExtraTrees_r127_BAG_L1","ExtraTrees_r21_BAG_L1","KNeighbors_r11_BAG_L1","KNeighbors_r34_BAG_L1","KNeighbors_r8_BAG_L1","LightGBM_r12_BAG_L1","LightGBM_r140_BAG_L1","LightGBM_r162_BAG_L1","LightGBM_r182_BAG_L1","LightGBM_r58_BAG_L1","LightGBM_r68_BAG_L1","NeuralNetTorch_r103_BAG_L1","NeuralNetTorch_r115_BAG_L1","NeuralNetTorch_r117_BAG_L1","NeuralNetTorch_r140_BAG_L1","NeuralNetTorch_r141_BAG_L1","NeuralNetTorch_r148_BAG_L1","NeuralNetTorch_r149_BAG_L1","NeuralNetTorch_r185_BAG_L1","NeuralNetTorch_r186_BAG_L1","NeuralNetTorch_r40_BAG_L1","NeuralNetTorch_r80_BAG_L1","NeuralNetTorch_r8_BAG_L1","NeuralNetTorch_r95_BAG_L1","RandomForest_c1_BAG_L1","RandomForest_r114_BAG_L1","RandomForest_r134_BAG_L1","RandomForest_r37_BAG_L1","RandomForest_r39_BAG_L1","RandomForest_r49_BAG_L1","RandomForest_r98_BAG_L1"],"43":["CatBoost_r107_BAG_L1","CatBoost_r119_BAG_L1","CatBoost_r131_BAG_L1","CatBoost_r13_BAG_L1","CatBoost_r183_BAG_L1","CatBoost_r19_BAG_L1","CatBoost_r31_BAG_L1","CatBoost_r47_BAG_L1","CatBoost_r71_BAG_L1","CatBoost_r73_BAG_L1","CatBoost_r76_BAG_L1","ExtraTrees_r21_BAG_L1","KNeighbors_r11_BAG_L1","KNeighbors_r34_BAG_L1","KNeighbors_r8_BAG_L1","LightGBM_r12_BAG_L1","LightGBM_r140_BAG_L1","LightGBM_r162_BAG_L1","LightGBM_r182_BAG_L1","LightGBM_r58_BAG_L1","LightGBM_r68_BAG_L1","NeuralNetTorch_r103_BAG_L1","NeuralNetTorch_r115_BAG_L1","NeuralNetTorch_r117_BAG_L1","NeuralNetTorch_r140_BAG_L1","NeuralNetTorch_r141_BAG_L1","NeuralNetTorch_r148_BAG_L1","NeuralNetTorch_r149_BAG_L1","NeuralNetTorch_r185_BAG_L1","NeuralNetTorch_r186_BAG_L1","NeuralNetTorch_r40_BAG_L1","NeuralNetTorch_r80_BAG_L1","NeuralNetTorch_r8_BAG_L1","NeuralNetTorch_r95_BAG_L1","RandomForest_c1_BAG_L1","RandomForest_r114_BAG_L1","RandomForest_r134_BAG_L1","RandomForest_r37_BAG_L1","RandomForest_r39_BAG_L1","RandomForest_r49_BAG_L1","RandomForest_r98_BAG_L1"],"44":["CatBoost_r183_BAG_L1","CatBoost_r31_BAG_L1","CatBoost_r47_BAG_L1","ExtraTrees_r15_BAG_L1","KNeighbors_r42_BAG_L1","LightGBM_r12_BAG_L1","LightGBM_r140_BAG_L1","LightGBM_r58_BAG_L1","NeuralNetTorch_r103_BAG_L1","RandomForest_c1_BAG_L1","RandomForest_r37_BAG_L1","RandomForest_r39_BAG_L1","RandomForest_r49_BAG_L1","XGBoost_r21_BAG_L1"],"45":["CatBoost_r31_BAG_L1","FTTransformer_c7_BAG_L1","LightGBM_r114_BAG_L1","NeuralNetTorch_r51_BAG_L1","RandomForest_r49_BAG_L1","XGBoost_r29_BAG_L1"],"46":["CatBoost_r144_BAG_L1","CatBoost_r183_BAG_L1","CatBoost_r31_BAG_L1","CatBoost_r47_BAG_L1","CatBoost_r73_BAG_L1","ExtraTrees_r195_BAG_L1","KNeighbors_r34_BAG_L1","KNeighbors_r8_BAG_L1","LightGBM_r12_BAG_L1","LightGBM_r140_BAG_L1","LightGBM_r162_BAG_L1","LightGBM_r182_BAG_L1","LightGBM_r68_BAG_L1","NeuralNetTorch_r103_BAG_L1","NeuralNetTorch_r117_BAG_L1","NeuralNetTorch_r140_BAG_L1","NeuralNetTorch_r141_BAG_L1","NeuralNetTorch_r148_BAG_L1","NeuralNetTorch_r40_BAG_L1","NeuralNetTorch_r95_BAG_L1","RandomForest_c1_BAG_L1","RandomForest_r114_BAG_L1","RandomForest_r134_BAG_L1","RandomForest_r37_BAG_L1","RandomForest_r39_BAG_L1","RandomForest_r49_BAG_L1","RandomForest_r89_BAG_L1"],"47":["CatBoost_r102_BAG_L1","KNeighbors_r8_BAG_L1","NeuralNetTorch_r176_BAG_L1","XGBoost_r66_BAG_L1"],"48":["CatBoost_r84_BAG_L1","NeuralNetTorch_r86_BAG_L1"]},"weights":{"0":[0.125,0.125,0.125,0.125,0.125,0.125,0.125,0.125],"1":[0.3333333333,0.3333333333,0.3333333333],"2":[0.3333333333,0.3333333333,0.3333333333],"3":[0.05,0.05,0.05,0.05,0.05,0.05,0.05,0.05,0.05,0.05,0.05,0.05,0.05,0.05,0.05,0.05,0.05,0.05,0.05,0.05],"4":[0.03125,0.03125,0.03125,0.03125,0.03125,0.03125,0.0625,0.03125,0.03125,0.03125,0.03125,0.03125,0.03125,0.03125,0.03125,0.03125,0.03125,0.03125,0.03125,0.03125,0.03125,0.03125,0.03125,0.03125,0.03125,0.03125,0.03125,0.03125,0.03125,0.03125,0.03125],"5":[0.0714285714,0.0714285714,0.0714285714,0.0714285714,0.0714285714,0.0714285714,0.0714285714,0.0714285714,0.0714285714,0.0714285714,0.0714285714,0.0714285714,0.0714285714,0.0714285714],"6":[0.0322580645,0.0322580645,0.0322580645,0.0322580645,0.0322580645,0.0322580645,0.0322580645,0.0322580645,0.0322580645,0.0322580645,0.0322580645,0.0322580645,0.0322580645,0.0322580645,0.0322580645,0.0322580645,0.0322580645,0.0322580645,0.0322580645,0.0322580645,0.0322580645,0.0322580645,0.0322580645,0.0322580645,0.0322580645,0.0322580645,0.0322580645,0.0322580645,0.0322580645,0.0322580645,0.0322580645],"7":[0.2,0.2,0.2,0.2,0.2],"8":[0.0526315789,0.0526315789,0.0526315789,0.0526315789,0.0526315789,0.0526315789,0.0526315789,0.0526315789,0.0526315789,0.0526315789,0.0526315789,0.0526315789,0.0526315789,0.0526315789,0.0526315789,0.0526315789,0.0526315789,0.0526315789,0.0526315789],"9":[0.0227272727,0.0227272727,0.0227272727,0.0227272727,0.0227272727,0.0227272727,0.0227272727,0.0227272727,0.0227272727,0.0227272727,0.0227272727,0.0227272727,0.0227272727,0.0227272727,0.0227272727,0.0227272727,0.0227272727,0.0227272727,0.0227272727,0.0227272727,0.0227272727,0.0227272727,0.0454545455,0.0454545455,0.0227272727,0.0227272727,0.0227272727,0.0227272727,0.0227272727,0.0227272727,0.0227272727,0.0227272727,0.0227272727,0.0227272727,0.0227272727,0.0227272727,0.0227272727,0.0227272727,0.0227272727,0.0227272727,0.0227272727,0.0227272727],"10":[0.25,0.25,0.25,0.25],"11":[0.0769230769,0.0769230769,0.0769230769,0.0769230769,0.0769230769,0.0769230769,0.0769230769,0.0769230769,0.0769230769,0.0769230769,0.0769230769,0.0769230769,0.0769230769],"12":[0.0625,0.0625,0.0625,0.0625,0.0625,0.0625,0.0625,0.0625,0.0625,0.0625,0.0625,0.0625,0.0625,0.0625,0.0625,0.0625],"13":[0.25,0.25,0.25,0.25],"14":[0.0256410256,0.0256410256,0.0256410256,0.0256410256,0.0256410256,0.0256410256,0.0256410256,0.0256410256,0.0256410256,0.0256410256,0.0256410256,0.0256410256,0.0256410256,0.0256410256,0.0256410256,0.0256410256,0.0256410256,0.0256410256,0.0256410256,0.0256410256,0.0256410256,0.0256410256,0.0256410256,0.0256410256,0.0256410256,0.0256410256,0.0256410256,0.0256410256,0.0256410256,0.0256410256,0.0256410256,0.0256410256,0.0256410256,0.0256410256,0.0256410256,0.0256410256,0.0256410256,0.0256410256,0.0256410256],"15":[0.0588235294,0.0588235294,0.0588235294,0.0588235294,0.0588235294,0.0588235294,0.0588235294,0.0588235294,0.0588235294,0.0588235294,0.0588235294,0.0588235294,0.0588235294,0.0588235294,0.0588235294,0.0588235294,0.0588235294],"16":[0.125,0.125,0.125,0.125,0.125,0.125,0.125,0.125],"17":[0.25,0.25,0.25,0.25],"18":[0.0454545455,0.0454545455,0.0454545455,0.0454545455,0.0454545455,0.0454545455,0.0454545455,0.0454545455,0.0454545455,0.0454545455,0.0454545455,0.0454545455,0.0454545455,0.0454545455,0.0454545455,0.0454545455,0.0454545455,0.0454545455,0.0454545455,0.0454545455,0.0454545455,0.0454545455],"19":[0.1111111111,0.1111111111,0.1111111111,0.1111111111,0.1111111111,0.1111111111,0.1111111111,0.1111111111,0.1111111111],"20":[0.25,0.25,0.25,0.25],"21":[0.0227272727,0.0227272727,0.0227272727,0.0227272727,0.0227272727,0.0227272727,0.0227272727,0.0227272727,0.0227272727,0.0227272727,0.0227272727,0.0227272727,0.0227272727,0.0227272727,0.0227272727,0.0227272727,0.0227272727,0.0227272727,0.0227272727,0.0227272727,0.0227272727,0.0454545455,0.0454545455,0.0227272727,0.0227272727,0.0227272727,0.0227272727,0.0227272727,0.0227272727,0.0227272727,0.0227272727,0.0227272727,0.0227272727,0.0227272727,0.0227272727,0.0227272727,0.0227272727,0.0227272727,0.0227272727,0.0227272727,0.0227272727,0.0227272727],"22":[0.125,0.125,0.125,0.125,0.125,0.125,0.125,0.125],"23":[0.5,0.5],"24":[0.0357142857,0.0357142857,0.0357142857,0.0357142857,0.0357142857,0.0357142857,0.0357142857,0.0357142857,0.0357142857,0.0357142857,0.0357142857,0.0357142857,0.0357142857,0.0357142857,0.0357142857,0.0357142857,0.0357142857,0.0357142857,0.0357142857,0.0357142857,0.0357142857,0.0357142857,0.0357142857,0.0357142857,0.0357142857,0.0357142857,0.0357142857,0.0357142857],"25":[0.0714285714,0.0714285714,0.0714285714,0.0714285714,0.0714285714,0.0714285714,0.0714285714,0.0714285714,0.0714285714,0.0714285714,0.0714285714,0.0714285714,0.0714285714,0.0714285714],"26":[0.027027027,0.027027027,0.027027027,0.027027027,0.027027027,0.027027027,0.027027027,0.027027027,0.027027027,0.027027027,0.027027027,0.027027027,0.027027027,0.027027027,0.027027027,0.027027027,0.027027027,0.027027027,0.027027027,0.027027027,0.027027027,0.027027027,0.027027027,0.027027027,0.027027027,0.027027027,0.027027027,0.027027027,0.027027027,0.027027027,0.027027027,0.027027027,0.027027027,0.027027027,0.027027027,0.027027027,0.027027027],"27":[0.2,0.2,0.2,0.2,0.2],"28":[0.3333333333,0.3333333333,0.3333333333],"29":[0.125,0.125,0.125,0.125,0.125,0.125,0.125,0.125],"30":[0.037037037,0.037037037,0.037037037,0.037037037,0.037037037,0.037037037,0.037037037,0.037037037,0.037037037,0.037037037,0.037037037,0.037037037,0.037037037,0.037037037,0.037037037,0.037037037,0.037037037,0.037037037,0.037037037,0.037037037,0.037037037,0.037037037,0.037037037,0.037037037,0.037037037,0.037037037,0.037037037],"31":[0.3333333333,0.3333333333,0.3333333333],"32":[0.2,0.2,0.2,0.2,0.2],"33":[0.0322580645,0.0322580645,0.0322580645,0.0322580645,0.0322580645,0.0322580645,0.0322580645,0.0322580645,0.0322580645,0.0322580645,0.0322580645,0.0322580645,0.0322580645,0.0322580645,0.0322580645,0.0322580645,0.0322580645,0.0322580645,0.0322580645,0.0322580645,0.0322580645,0.0322580645,0.0322580645,0.0322580645,0.0322580645,0.0322580645,0.0322580645,0.0322580645,0.0322580645,0.0322580645,0.0322580645],"34":[0.0714285714,0.0714285714,0.0714285714,0.0714285714,0.0714285714,0.0714285714,0.0714285714,0.0714285714,0.0714285714,0.0714285714,0.0714285714,0.0714285714,0.0714285714,0.0714285714],"35":[0.3333333333,0.3333333333,0.3333333333],"36":[0.0588235294,0.0588235294,0.0588235294,0.0588235294,0.0588235294,0.0588235294,0.0588235294,0.0588235294,0.0588235294,0.0588235294,0.0588235294,0.0588235294,0.0588235294,0.0588235294,0.0588235294,0.0588235294,0.0588235294],"37":[0.3333333333,0.3333333333,0.3333333333],"38":[0.2,0.2,0.2,0.2,0.2],"39":[0.2,0.2,0.2,0.2,0.2],"40":[0.2,0.2,0.2,0.2,0.2],"41":[0.0217391304,0.0217391304,0.0217391304,0.0217391304,0.0217391304,0.0217391304,0.0217391304,0.0217391304,0.0217391304,0.0217391304,0.0217391304,0.0217391304,0.0217391304,0.0217391304,0.0217391304,0.0217391304,0.0217391304,0.0217391304,0.0217391304,0.0217391304,0.0217391304,0.0217391304,0.0217391304,0.0217391304,0.0434782609,0.0217391304,0.0217391304,0.0217391304,0.0217391304,0.0217391304,0.0217391304,0.0217391304,0.0217391304,0.0217391304,0.0217391304,0.0217391304,0.0217391304,0.0217391304,0.0217391304,0.0217391304,0.0217391304,0.0217391304,0.0217391304,0.0217391304,0.0217391304],"42":[0.025,0.025,0.025,0.025,0.025,0.025,0.025,0.025,0.025,0.025,0.025,0.025,0.025,0.025,0.025,0.025,0.025,0.025,0.025,0.025,0.025,0.025,0.025,0.025,0.025,0.025,0.025,0.025,0.025,0.025,0.025,0.025,0.025,0.025,0.025,0.025,0.025,0.025,0.025,0.025],"43":[0.0227272727,0.0227272727,0.0454545455,0.0227272727,0.0227272727,0.0227272727,0.0227272727,0.0227272727,0.0227272727,0.0227272727,0.0227272727,0.0227272727,0.0227272727,0.0227272727,0.0227272727,0.0227272727,0.0227272727,0.0227272727,0.0227272727,0.0227272727,0.0227272727,0.0454545455,0.0454545455,0.0227272727,0.0227272727,0.0227272727,0.0227272727,0.0227272727,0.0227272727,0.0227272727,0.0227272727,0.0227272727,0.0227272727,0.0227272727,0.0227272727,0.0227272727,0.0227272727,0.0227272727,0.0227272727,0.0227272727,0.0227272727],"44":[0.0714285714,0.0714285714,0.0714285714,0.0714285714,0.0714285714,0.0714285714,0.0714285714,0.0714285714,0.0714285714,0.0714285714,0.0714285714,0.0714285714,0.0714285714,0.0714285714],"45":[0.1666666667,0.1666666667,0.1666666667,0.1666666667,0.1666666667,0.1666666667],"46":[0.037037037,0.037037037,0.037037037,0.037037037,0.037037037,0.037037037,0.037037037,0.037037037,0.037037037,0.037037037,0.037037037,0.037037037,0.037037037,0.037037037,0.037037037,0.037037037,0.037037037,0.037037037,0.037037037,0.037037037,0.037037037,0.037037037,0.037037037,0.037037037,0.037037037,0.037037037,0.037037037],"47":[0.25,0.25,0.25,0.25],"48":[0.5,0.5]},"meta":{"0":16,"1":8,"2":44,"3":5,"4":4,"5":3,"6":3,"7":5,"8":3,"9":4,"10":5,"11":8,"12":2,"13":22,"14":4,"15":3,"16":14,"17":14,"18":3,"19":14,"20":17,"21":32,"22":27,"23":46,"24":39,"25":9,"26":19,"27":8,"28":4,"29":3,"30":8,"31":28,"32":2,"33":27,"34":4,"35":6,"36":17,"37":20,"38":31,"39":31,"40":44,"41":37,"42":14,"43":5,"44":5,"45":40,"46":44,"47":13,"48":5},"task":{"0":"168911_2","1":"168911_2","2":"168911_2","3":"168911_2","4":"168911_2","5":"168911_2","6":"168911_2","7":"168911_2","8":"168911_2","9":"168911_2","10":"168911_2","11":"168911_2","12":"168911_2","13":"168911_2","14":"168911_2","15":"168911_2","16":"168911_2","17":"168911_2","18":"168911_2","19":"168911_2","20":"168911_2","21":"168911_2","22":"168911_2","23":"168911_2","24":"168911_2","25":"168911_2","26":"168911_2","27":"168911_2","28":"168911_2","29":"168911_2","30":"168911_2","31":"168911_2","32":"168911_2","33":"168911_2","34":"168911_2","35":"168911_2","36":"168911_2","37":"168911_2","38":"168911_2","39":"168911_2","40":"168911_2","41":"168911_2","42":"168911_2","43":"168911_2","44":"168911_2","45":"168911_2","46":"168911_2","47":"168911_2","48":"168911_2"},"dataset":{"0":"jasmine","1":"jasmine","2":"jasmine","3":"jasmine","4":"jasmine","5":"jasmine","6":"jasmine","7":"jasmine","8":"jasmine","9":"jasmine","10":"jasmine","11":"jasmine","12":"jasmine","13":"jasmine","14":"jasmine","15":"jasmine","16":"jasmine","17":"jasmine","18":"jasmine","19":"jasmine","20":"jasmine","21":"jasmine","22":"jasmine","23":"jasmine","24":"jasmine","25":"jasmine","26":"jasmine","27":"jasmine","28":"jasmine","29":"jasmine","30":"jasmine","31":"jasmine","32":"jasmine","33":"jasmine","34":"jasmine","35":"jasmine","36":"jasmine","37":"jasmine","38":"jasmine","39":"jasmine","40":"jasmine","41":"jasmine","42":"jasmine","43":"jasmine","44":"jasmine","45":"jasmine","46":"jasmine","47":"jasmine","48":"jasmine"},"fold":{"0":2,"1":2,"2":2,"3":2,"4":2,"5":2,"6":2,"7":2,"8":2,"9":2,"10":2,"11":2,"12":2,"13":2,"14":2,"15":2,"16":2,"17":2,"18":2,"19":2,"20":2,"21":2,"22":2,"23":2,"24":2,"25":2,"26":2,"27":2,"28":2,"29":2,"30":2,"31":2,"32":2,"33":2,"34":2,"35":2,"36":2,"37":2,"38":2,"39":2,"40":2,"41":2,"42":2,"43":2,"44":2,"45":2,"46":2,"47":2,"48":2},"method":{"0":"INFER_TIME_QDO","1":"INFER_TIME_QDO","2":"INFER_TIME_QDO","3":"INFER_TIME_QDO","4":"INFER_TIME_QDO","5":"INFER_TIME_QDO","6":"INFER_TIME_QDO","7":"INFER_TIME_QDO","8":"INFER_TIME_QDO","9":"INFER_TIME_QDO","10":"INFER_TIME_QDO","11":"INFER_TIME_QDO","12":"INFER_TIME_QDO","13":"INFER_TIME_QDO","14":"INFER_TIME_QDO","15":"INFER_TIME_QDO","16":"INFER_TIME_QDO","17":"INFER_TIME_QDO","18":"INFER_TIME_QDO","19":"INFER_TIME_QDO","20":"INFER_TIME_QDO","21":"INFER_TIME_QDO","22":"INFER_TIME_QDO","23":"INFER_TIME_QDO","24":"INFER_TIME_QDO","25":"INFER_TIME_QDO","26":"INFER_TIME_QDO","27":"INFER_TIME_QDO","28":"INFER_TIME_QDO","29":"INFER_TIME_QDO","30":"INFER_TIME_QDO","31":"INFER_TIME_QDO","32":"INFER_TIME_QDO","33":"INFER_TIME_QDO","34":"INFER_TIME_QDO","35":"INFER_TIME_QDO","36":"INFER_TIME_QDO","37":"INFER_TIME_QDO","38":"INFER_TIME_QDO","39":"INFER_TIME_QDO","40":"INFER_TIME_QDO","41":"INFER_TIME_QDO","42":"INFER_TIME_QDO","43":"INFER_TIME_QDO","44":"INFER_TIME_QDO","45":"INFER_TIME_QDO","46":"INFER_TIME_QDO","47":"INFER_TIME_QDO","48":"INFER_TIME_QDO"}}