{"name":{"0":"INFER_TIME_QDO_0","1":"INFER_TIME_QDO_1","2":"INFER_TIME_QDO_2","3":"INFER_TIME_QDO_3","4":"INFER_TIME_QDO_4","5":"INFER_TIME_QDO_5","6":"INFER_TIME_QDO_6","7":"INFER_TIME_QDO_7","8":"INFER_TIME_QDO_8","9":"INFER_TIME_QDO_9","10":"INFER_TIME_QDO_10","11":"INFER_TIME_QDO_11","12":"INFER_TIME_QDO_12","13":"INFER_TIME_QDO_13","14":"INFER_TIME_QDO_14","15":"INFER_TIME_QDO_15","16":"INFER_TIME_QDO_16","17":"INFER_TIME_QDO_17","18":"INFER_TIME_QDO_18","19":"INFER_TIME_QDO_19","20":"INFER_TIME_QDO_20","21":"INFER_TIME_QDO_21","22":"INFER_TIME_QDO_22","23":"INFER_TIME_QDO_23","24":"INFER_TIME_QDO_24","25":"INFER_TIME_QDO_25","26":"INFER_TIME_QDO_26","27":"INFER_TIME_QDO_27","28":"INFER_TIME_QDO_28","29":"INFER_TIME_QDO_29","30":"INFER_TIME_QDO_30","31":"INFER_TIME_QDO_31","32":"INFER_TIME_QDO_32","33":"INFER_TIME_QDO_33","34":"INFER_TIME_QDO_34","35":"INFER_TIME_QDO_35","36":"INFER_TIME_QDO_36","37":"INFER_TIME_QDO_37","38":"INFER_TIME_QDO_38","39":"INFER_TIME_QDO_39","40":"INFER_TIME_QDO_40","41":"INFER_TIME_QDO_41","42":"INFER_TIME_QDO_42","43":"INFER_TIME_QDO_43","44":"INFER_TIME_QDO_44","45":"INFER_TIME_QDO_45","46":"INFER_TIME_QDO_46","47":"INFER_TIME_QDO_47","48":"INFER_TIME_QDO_48"},"roc_auc_val":{"0":1.0,"1":1.0,"2":1.0,"3":1.0,"4":1.0,"5":1.0,"6":1.0,"7":1.0,"8":1.0,"9":1.0,"10":1.0,"11":1.0,"12":1.0,"13":1.0,"14":1.0,"15":1.0,"16":1.0,"17":1.0,"18":1.0,"19":1.0,"20":1.0,"21":1.0,"22":1.0,"23":1.0,"24":1.0,"25":1.0,"26":1.0,"27":1.0,"28":1.0,"29":1.0,"30":1.0,"31":1.0,"32":1.0,"33":1.0,"34":1.0,"35":1.0,"36":1.0,"37":1.0,"38":1.0,"39":1.0,"40":1.0,"41":1.0,"42":1.0,"43":1.0,"44":1.0,"45":1.0,"46":1.0,"47":1.0,"48":1.0},"roc_auc_test":{"0":0.9986276455,"1":1.0,"2":1.0,"3":1.0,"4":1.0,"5":1.0,"6":1.0,"7":1.0,"8":1.0,"9":0.9997685185,"10":1.0,"11":0.9997685185,"12":1.0,"13":1.0,"14":0.9986276455,"15":1.0,"16":0.9997685185,"17":1.0,"18":1.0,"19":1.0,"20":1.0,"21":1.0,"22":1.0,"23":1.0,"24":1.0,"25":1.0,"26":1.0,"27":1.0,"28":1.0,"29":1.0,"30":0.9997685185,"31":0.9997685185,"32":1.0,"33":1.0,"34":0.9997685185,"35":1.0,"36":0.999537037,"37":1.0,"38":0.999537037,"39":1.0,"40":1.0,"41":0.9990740741,"42":1.0,"43":1.0,"44":1.0,"45":1.0,"46":0.9997685185,"47":1.0,"48":1.0},"models_used":{"0":["CatBoost_r112_BAG_L1","KNeighbors_r18_BAG_L1","NeuralNetFastAI_r172_BAG_L1"],"1":["CatBoost_r78_BAG_L1","LightGBM_r127_BAG_L1","NeuralNetTorch_r35_BAG_L1","NeuralNetTorch_r68_BAG_L1","NeuralNetTorch_r85_BAG_L1"],"2":["CatBoost_r47_BAG_L1","NeuralNetTorch_r46_BAG_L1"],"3":["CatBoost_r15_BAG_L1","NeuralNetTorch_r20_BAG_L1"],"4":["NeuralNetTorch_r176_BAG_L1","NeuralNetTorch_r184_BAG_L1"],"5":["ExtraTrees_r84_BAG_L1","LightGBM_r127_BAG_L1","NeuralNetTorch_r35_BAG_L1","NeuralNetTorch_r68_BAG_L1","NeuralNetTorch_r85_BAG_L1"],"6":["CatBoost_r109_BAG_L1","KNeighbors_r18_BAG_L1","LightGBM_r194_BAG_L1","NeuralNetFastAI_r172_BAG_L1","NeuralNetFastAI_r200_BAG_L1"],"7":["CatBoost_r131_BAG_L1","CatBoost_r145_BAG_L1"],"8":["LinearModel_r44_BAG_L1","NeuralNetTorch_r164_BAG_L1"],"9":["LightGBM_r127_BAG_L1","NeuralNetTorch_r158_BAG_L1","NeuralNetTorch_r35_BAG_L1","NeuralNetTorch_r68_BAG_L1","NeuralNetTorch_r85_BAG_L1"],"10":["NeuralNetTorch_r125_BAG_L1","NeuralNetTorch_r139_BAG_L1"],"11":["NeuralNetFastAI_r1_BAG_L1","NeuralNetTorch_r89_BAG_L1"],"12":["CatBoost_r183_BAG_L1","LightGBM_r127_BAG_L1","NeuralNetTorch_r125_BAG_L1","NeuralNetTorch_r139_BAG_L1","NeuralNetTorch_r85_BAG_L1"],"13":["LightGBM_r127_BAG_L1","NeuralNetFastAI_r87_BAG_L1","NeuralNetTorch_r132_BAG_L1","NeuralNetTorch_r17_BAG_L1","NeuralNetTorch_r85_BAG_L1"],"14":["KNeighbors_r18_BAG_L1","NeuralNetFastAI_r172_BAG_L1"],"15":["CatBoost_r109_BAG_L1","CatBoost_r45_BAG_L1","LightGBM_r127_BAG_L1","NeuralNetFastAI_r200_BAG_L1","NeuralNetTorch_r85_BAG_L1"],"16":["LightGBM_r127_BAG_L1","NeuralNetTorch_r125_BAG_L1","NeuralNetTorch_r139_BAG_L1","NeuralNetTorch_r14_BAG_L1","NeuralNetTorch_r85_BAG_L1"],"17":["CatBoost_r98_BAG_L1","LightGBM_r127_BAG_L1","NeuralNetTorch_r85_BAG_L1"],"18":["CatBoost_r109_BAG_L1","NeuralNetFastAI_r200_BAG_L1"],"19":["KNeighbors_r18_BAG_L1","LightGBM_r127_BAG_L1","LightGBM_r49_BAG_L1","NeuralNetFastAI_r172_BAG_L1","NeuralNetTorch_r85_BAG_L1"],"20":["LightGBM_r127_BAG_L1","NeuralNetTorch_r85_BAG_L1"],"21":["LightGBM_r127_BAG_L1","NeuralNetTorch_r113_BAG_L1","NeuralNetTorch_r125_BAG_L1","NeuralNetTorch_r139_BAG_L1","NeuralNetTorch_r85_BAG_L1"],"22":["NeuralNetTorch_r2_BAG_L1","NeuralNetTorch_r3_BAG_L1"],"23":["CatBoost_r195_BAG_L1","NeuralNetFastAI_r164_BAG_L1"],"24":["NeuralNetTorch_r132_BAG_L1","NeuralNetTorch_r176_BAG_L1","NeuralNetTorch_r17_BAG_L1"],"25":["LightGBM_r127_BAG_L1","NeuralNetTorch_r46_BAG_L1","NeuralNetTorch_r85_BAG_L1"],"26":["ExtraTrees_r49_BAG_L1","NeuralNetTorch_r36_BAG_L1"],"27":["CatBoost_r81_BAG_L1","NeuralNetTorch_r64_BAG_L1"],"28":["FTTransformer_c2_BAG_L1","NeuralNetFastAI_r192_BAG_L1"],"29":["ExtraTrees_r101_BAG_L1","NeuralNetTorch_r54_BAG_L1"],"30":["NeuralNetTorch_r35_BAG_L1","NeuralNetTorch_r68_BAG_L1"],"31":["NeuralNetFastAI_r1_BAG_L1","NeuralNetTorch_r33_BAG_L1","NeuralNetTorch_r35_BAG_L1","NeuralNetTorch_r68_BAG_L1","NeuralNetTorch_r89_BAG_L1"],"32":["NeuralNetTorch_r106_BAG_L1","RandomForest_r164_BAG_L1"],"33":["CatBoost_r109_BAG_L1","CatBoost_r112_BAG_L1","KNeighbors_r18_BAG_L1","NeuralNetFastAI_r172_BAG_L1","NeuralNetFastAI_r200_BAG_L1"],"34":["KNeighbors_r18_BAG_L1","NeuralNetFastAI_r172_BAG_L1","NeuralNetTorch_r132_BAG_L1","NeuralNetTorch_r160_BAG_L1","NeuralNetTorch_r17_BAG_L1"],"35":["CatBoost_r131_BAG_L1","LightGBM_r127_BAG_L1","NeuralNetTorch_r85_BAG_L1"],"36":["NeuralNetTorch_r118_BAG_L1","NeuralNetTorch_r195_BAG_L1"],"37":["NeuralNetFastAI_r121_BAG_L1","NeuralNetFastAI_r187_BAG_L1"],"38":["NeuralNetFastAI_r54_BAG_L1","XGBoost_r192_BAG_L1"],"39":["CatBoost_r56_BAG_L1","NeuralNetFastAI_r175_BAG_L1"],"40":["CatBoost_r109_BAG_L1","LightGBM_r64_BAG_L1","NeuralNetFastAI_r200_BAG_L1"],"41":["LightGBM_c3_BAG_L1","NeuralNetTorch_r132_BAG_L1","NeuralNetTorch_r17_BAG_L1"],"42":["CatBoost_r109_BAG_L1","LightGBM_r127_BAG_L1","NeuralNetFastAI_r200_BAG_L1","NeuralNetTorch_r85_BAG_L1"],"43":["LightGBM_r127_BAG_L1","NeuralNetTorch_r125_BAG_L1","NeuralNetTorch_r139_BAG_L1","NeuralNetTorch_r197_BAG_L1","NeuralNetTorch_r85_BAG_L1"],"44":["NeuralNetTorch_r148_BAG_L1","XGBoost_r199_BAG_L1"],"45":["LightGBM_r127_BAG_L1","NeuralNetFastAI_r1_BAG_L1","NeuralNetTorch_r143_BAG_L1","NeuralNetTorch_r85_BAG_L1","NeuralNetTorch_r89_BAG_L1"],"46":["NeuralNetFastAI_r1_BAG_L1","NeuralNetTorch_r132_BAG_L1","NeuralNetTorch_r17_BAG_L1","NeuralNetTorch_r89_BAG_L1"],"47":["KNeighbors_r24_BAG_L1","NeuralNetFastAI_r122_BAG_L1"],"48":["NeuralNetFastAI_r49_BAG_L1","NeuralNetTorch_r72_BAG_L1"]},"weights":{"0":[0.3333333333,0.3333333333,0.3333333333],"1":[0.2,0.2,0.2,0.2,0.2],"2":[0.5,0.5],"3":[0.5,0.5],"4":[0.5,0.5],"5":[0.2,0.2,0.2,0.2,0.2],"6":[0.2,0.2,0.2,0.2,0.2],"7":[0.5,0.5],"8":[0.5,0.5],"9":[0.2,0.2,0.2,0.2,0.2],"10":[0.5,0.5],"11":[0.5,0.5],"12":[0.2,0.2,0.2,0.2,0.2],"13":[0.2,0.2,0.2,0.2,0.2],"14":[0.5,0.5],"15":[0.2,0.2,0.2,0.2,0.2],"16":[0.2,0.2,0.2,0.2,0.2],"17":[0.3333333333,0.3333333333,0.3333333333],"18":[0.5,0.5],"19":[0.2,0.2,0.2,0.2,0.2],"20":[0.5,0.5],"21":[0.2,0.2,0.2,0.2,0.2],"22":[0.5,0.5],"23":[0.5,0.5],"24":[0.3333333333,0.3333333333,0.3333333333],"25":[0.3333333333,0.3333333333,0.3333333333],"26":[0.5,0.5],"27":[0.5,0.5],"28":[0.5,0.5],"29":[0.5,0.5],"30":[0.5,0.5],"31":[0.2,0.2,0.2,0.2,0.2],"32":[0.5,0.5],"33":[0.2,0.2,0.2,0.2,0.2],"34":[0.2,0.2,0.2,0.2,0.2],"35":[0.3333333333,0.3333333333,0.3333333333],"36":[0.5,0.5],"37":[0.5,0.5],"38":[0.5,0.5],"39":[0.5,0.5],"40":[0.3333333333,0.3333333333,0.3333333333],"41":[0.3333333333,0.3333333333,0.3333333333],"42":[0.25,0.25,0.25,0.25],"43":[0.2,0.2,0.2,0.2,0.2],"44":[0.5,0.5],"45":[0.2,0.2,0.2,0.2,0.2],"46":[0.25,0.25,0.25,0.25],"47":[0.5,0.5],"48":[0.5,0.5]},"meta":{"0":2,"1":2,"2":2,"3":2,"4":2,"5":2,"6":5,"7":2,"8":2,"9":3,"10":2,"11":2,"12":2,"13":2,"14":2,"15":2,"16":5,"17":2,"18":2,"19":2,"20":2,"21":2,"22":2,"23":3,"24":2,"25":2,"26":5,"27":5,"28":4,"29":3,"30":5,"31":3,"32":4,"33":5,"34":3,"35":2,"36":5,"37":2,"38":2,"39":5,"40":3,"41":3,"42":5,"43":5,"44":5,"45":5,"46":5,"47":5,"48":5},"task":{"0":"168300_0","1":"168300_0","2":"168300_0","3":"168300_0","4":"168300_0","5":"168300_0","6":"168300_0","7":"168300_0","8":"168300_0","9":"168300_0","10":"168300_0","11":"168300_0","12":"168300_0","13":"168300_0","14":"168300_0","15":"168300_0","16":"168300_0","17":"168300_0","18":"168300_0","19":"168300_0","20":"168300_0","21":"168300_0","22":"168300_0","23":"168300_0","24":"168300_0","25":"168300_0","26":"168300_0","27":"168300_0","28":"168300_0","29":"168300_0","30":"168300_0","31":"168300_0","32":"168300_0","33":"168300_0","34":"168300_0","35":"168300_0","36":"168300_0","37":"168300_0","38":"168300_0","39":"168300_0","40":"168300_0","41":"168300_0","42":"168300_0","43":"168300_0","44":"168300_0","45":"168300_0","46":"168300_0","47":"168300_0","48":"168300_0"},"dataset":{"0":"UMIST_Faces_Cropped","1":"UMIST_Faces_Cropped","2":"UMIST_Faces_Cropped","3":"UMIST_Faces_Cropped","4":"UMIST_Faces_Cropped","5":"UMIST_Faces_Cropped","6":"UMIST_Faces_Cropped","7":"UMIST_Faces_Cropped","8":"UMIST_Faces_Cropped","9":"UMIST_Faces_Cropped","10":"UMIST_Faces_Cropped","11":"UMIST_Faces_Cropped","12":"UMIST_Faces_Cropped","13":"UMIST_Faces_Cropped","14":"UMIST_Faces_Cropped","15":"UMIST_Faces_Cropped","16":"UMIST_Faces_Cropped","17":"UMIST_Faces_Cropped","18":"UMIST_Faces_Cropped","19":"UMIST_Faces_Cropped","20":"UMIST_Faces_Cropped","21":"UMIST_Faces_Cropped","22":"UMIST_Faces_Cropped","23":"UMIST_Faces_Cropped","24":"UMIST_Faces_Cropped","25":"UMIST_Faces_Cropped","26":"UMIST_Faces_Cropped","27":"UMIST_Faces_Cropped","28":"UMIST_Faces_Cropped","29":"UMIST_Faces_Cropped","30":"UMIST_Faces_Cropped","31":"UMIST_Faces_Cropped","32":"UMIST_Faces_Cropped","33":"UMIST_Faces_Cropped","34":"UMIST_Faces_Cropped","35":"UMIST_Faces_Cropped","36":"UMIST_Faces_Cropped","37":"UMIST_Faces_Cropped","38":"UMIST_Faces_Cropped","39":"UMIST_Faces_Cropped","40":"UMIST_Faces_Cropped","41":"UMIST_Faces_Cropped","42":"UMIST_Faces_Cropped","43":"UMIST_Faces_Cropped","44":"UMIST_Faces_Cropped","45":"UMIST_Faces_Cropped","46":"UMIST_Faces_Cropped","47":"UMIST_Faces_Cropped","48":"UMIST_Faces_Cropped"},"fold":{"0":0,"1":0,"2":0,"3":0,"4":0,"5":0,"6":0,"7":0,"8":0,"9":0,"10":0,"11":0,"12":0,"13":0,"14":0,"15":0,"16":0,"17":0,"18":0,"19":0,"20":0,"21":0,"22":0,"23":0,"24":0,"25":0,"26":0,"27":0,"28":0,"29":0,"30":0,"31":0,"32":0,"33":0,"34":0,"35":0,"36":0,"37":0,"38":0,"39":0,"40":0,"41":0,"42":0,"43":0,"44":0,"45":0,"46":0,"47":0,"48":0},"method":{"0":"INFER_TIME_QDO","1":"INFER_TIME_QDO","2":"INFER_TIME_QDO","3":"INFER_TIME_QDO","4":"INFER_TIME_QDO","5":"INFER_TIME_QDO","6":"INFER_TIME_QDO","7":"INFER_TIME_QDO","8":"INFER_TIME_QDO","9":"INFER_TIME_QDO","10":"INFER_TIME_QDO","11":"INFER_TIME_QDO","12":"INFER_TIME_QDO","13":"INFER_TIME_QDO","14":"INFER_TIME_QDO","15":"INFER_TIME_QDO","16":"INFER_TIME_QDO","17":"INFER_TIME_QDO","18":"INFER_TIME_QDO","19":"INFER_TIME_QDO","20":"INFER_TIME_QDO","21":"INFER_TIME_QDO","22":"INFER_TIME_QDO","23":"INFER_TIME_QDO","24":"INFER_TIME_QDO","25":"INFER_TIME_QDO","26":"INFER_TIME_QDO","27":"INFER_TIME_QDO","28":"INFER_TIME_QDO","29":"INFER_TIME_QDO","30":"INFER_TIME_QDO","31":"INFER_TIME_QDO","32":"INFER_TIME_QDO","33":"INFER_TIME_QDO","34":"INFER_TIME_QDO","35":"INFER_TIME_QDO","36":"INFER_TIME_QDO","37":"INFER_TIME_QDO","38":"INFER_TIME_QDO","39":"INFER_TIME_QDO","40":"INFER_TIME_QDO","41":"INFER_TIME_QDO","42":"INFER_TIME_QDO","43":"INFER_TIME_QDO","44":"INFER_TIME_QDO","45":"INFER_TIME_QDO","46":"INFER_TIME_QDO","47":"INFER_TIME_QDO","48":"INFER_TIME_QDO"}}