{"name":{"0":"INFER_TIME_QDO_0","1":"INFER_TIME_QDO_1","2":"INFER_TIME_QDO_2","3":"INFER_TIME_QDO_3","4":"INFER_TIME_QDO_4","5":"INFER_TIME_QDO_5","6":"INFER_TIME_QDO_6","7":"INFER_TIME_QDO_7","8":"INFER_TIME_QDO_8","9":"INFER_TIME_QDO_9","10":"INFER_TIME_QDO_10","11":"INFER_TIME_QDO_11","12":"INFER_TIME_QDO_12","13":"INFER_TIME_QDO_13","14":"INFER_TIME_QDO_14","15":"INFER_TIME_QDO_15","16":"INFER_TIME_QDO_16","17":"INFER_TIME_QDO_17","18":"INFER_TIME_QDO_18","19":"INFER_TIME_QDO_19","20":"INFER_TIME_QDO_20","21":"INFER_TIME_QDO_21","22":"INFER_TIME_QDO_22","23":"INFER_TIME_QDO_23","24":"INFER_TIME_QDO_24","25":"INFER_TIME_QDO_25","26":"INFER_TIME_QDO_26","27":"INFER_TIME_QDO_27","28":"INFER_TIME_QDO_28","29":"INFER_TIME_QDO_29","30":"INFER_TIME_QDO_30","31":"INFER_TIME_QDO_31","32":"INFER_TIME_QDO_32","33":"INFER_TIME_QDO_33","34":"INFER_TIME_QDO_34","35":"INFER_TIME_QDO_35","36":"INFER_TIME_QDO_36","37":"INFER_TIME_QDO_37","38":"INFER_TIME_QDO_38","39":"INFER_TIME_QDO_39","40":"INFER_TIME_QDO_40","41":"INFER_TIME_QDO_41","42":"INFER_TIME_QDO_42","43":"INFER_TIME_QDO_43","44":"INFER_TIME_QDO_44"},"roc_auc_val":{"0":0.8931080516,"1":0.8889888842,"2":0.8896497043,"3":0.8914684854,"4":0.8933926869,"5":0.8894516248,"6":0.8871617805,"7":0.8837628017,"8":0.8919667359,"9":0.8916410421,"10":0.893681761,"11":0.8899543141,"12":0.8830115419,"13":0.8842061226,"14":0.8911538884,"15":0.8939824869,"16":0.8943631104,"17":0.8911350237,"18":0.8882797927,"19":0.8923001976,"20":0.8897395892,"21":0.891419659,"22":0.8775399405,"23":0.8908537174,"24":0.8931418971,"25":0.8936329347,"26":0.8807028329,"27":0.8850691836,"28":0.8929593532,"29":0.8938504338,"30":0.8882270824,"31":0.8910934103,"32":0.8938421112,"33":0.8941339595,"34":0.8907544002,"35":0.8794966005,"36":0.8890141297,"37":0.8787725281,"38":0.8939680609,"39":0.8870619085,"40":0.8943925171,"41":0.8931108258,"42":0.8927346411,"43":0.8940229905,"44":0.8826642091},"roc_auc_test":{"0":0.8974049217,"1":0.8958389262,"2":0.8949440716,"3":0.8994183445,"4":0.8968232662,"5":0.8953914989,"6":0.8932438479,"7":0.8960626398,"8":0.8953467562,"9":0.8969127517,"10":0.8975838926,"11":0.8974944072,"12":0.896196868,"13":0.8927069351,"14":0.8956599553,"15":0.8972706935,"16":0.8965100671,"17":0.8974944072,"18":0.892885906,"19":0.8971812081,"20":0.8968680089,"21":0.8969127517,"22":0.885458613,"23":0.8954809843,"24":0.8960626398,"25":0.8968680089,"26":0.8929306488,"27":0.8904250559,"28":0.895704698,"29":0.8972259508,"30":0.8953467562,"31":0.8972706935,"32":0.8976733781,"33":0.8967337808,"34":0.8968232662,"35":0.881163311,"36":0.896196868,"37":0.891901566,"38":0.8981208054,"39":0.8923489933,"40":0.8963758389,"41":0.8957494407,"42":0.8958389262,"43":0.8962863535,"44":0.8897091723},"models_used":{"0":["CatBoost_r119_BAG_L1","CatBoost_r127_BAG_L1","CatBoost_r12_BAG_L1","CatBoost_r178_BAG_L1","CatBoost_r188_BAG_L1","CatBoost_r192_BAG_L1","CatBoost_r19_BAG_L1","CatBoost_r39_BAG_L1","CatBoost_r3_BAG_L1","ExtraTrees_r144_BAG_L1","KNeighbors_r34_BAG_L1","KNeighbors_r39_BAG_L1","KNeighbors_r42_BAG_L1","KNeighbors_r47_BAG_L1","LightGBM_r12_BAG_L1","LightGBM_r58_BAG_L1","LightGBM_r68_BAG_L1","NeuralNetTorch_r126_BAG_L1","NeuralNetTorch_r142_BAG_L1","NeuralNetTorch_r159_BAG_L1","NeuralNetTorch_r192_BAG_L1","NeuralNetTorch_r50_BAG_L1","NeuralNetTorch_r65_BAG_L1","NeuralNetTorch_r80_BAG_L1","NeuralNetTorch_r95_BAG_L1","RandomForest_r157_BAG_L1","RandomForest_r158_BAG_L1","RandomForest_r166_BAG_L1","XGBoost_r39_BAG_L1"],"1":["CatBoost_r131_BAG_L1","CatBoost_r39_BAG_L1","KNeighbors_r8_BAG_L1","LightGBM_r182_BAG_L1","NeuralNetTorch_r159_BAG_L1"],"2":["CatBoost_r139_BAG_L1","CatBoost_r19_BAG_L1","CatBoost_r39_BAG_L1","KNeighbors_r6_BAG_L1","LightGBM_r85_BAG_L1","NeuralNetTorch_r159_BAG_L1","NeuralNetTorch_r80_BAG_L1"],"3":["CatBoost_r178_BAG_L1","CatBoost_r188_BAG_L1","CatBoost_r39_BAG_L1","KNeighbors_r9_BAG_L1","LightGBM_r12_BAG_L1","NeuralNetTorch_r142_BAG_L1","NeuralNetTorch_r159_BAG_L1","RandomForest_r157_BAG_L1","XGBoost_r39_BAG_L1"],"4":["CatBoost_r178_BAG_L1","CatBoost_r188_BAG_L1","CatBoost_r19_BAG_L1","CatBoost_r39_BAG_L1","CatBoost_r3_BAG_L1","ExtraTrees_r144_BAG_L1","KNeighbors_r34_BAG_L1","KNeighbors_r42_BAG_L1","LightGBM_r12_BAG_L1","LightGBM_r58_BAG_L1","LightGBM_r68_BAG_L1","NeuralNetTorch_r126_BAG_L1","NeuralNetTorch_r159_BAG_L1","NeuralNetTorch_r192_BAG_L1","NeuralNetTorch_r65_BAG_L1","NeuralNetTorch_r80_BAG_L1","RandomForest_r157_BAG_L1","RandomForest_r158_BAG_L1","RandomForest_r166_BAG_L1"],"5":["CatBoost_r146_BAG_L1","CatBoost_r178_BAG_L1","CatBoost_r188_BAG_L1","CatBoost_r39_BAG_L1","LightGBM_r12_BAG_L1","LightGBM_r30_BAG_L1","NeuralNetTorch_r159_BAG_L1","RandomForest_r157_BAG_L1"],"6":["CatBoost_r188_BAG_L1","CatBoost_r39_BAG_L1","NeuralNetTorch_r159_BAG_L1","NeuralNetTorch_r41_BAG_L1"],"7":["CatBoost_r78_BAG_L1","NeuralNetTorch_r142_BAG_L1","XGBoost_r39_BAG_L1"],"8":["CatBoost_r178_BAG_L1","CatBoost_r188_BAG_L1","CatBoost_r19_BAG_L1","CatBoost_r39_BAG_L1","ExtraTrees_r144_BAG_L1","KNeighbors_r42_BAG_L1","LightGBM_r12_BAG_L1","NeuralNetTorch_r159_BAG_L1","NeuralNetTorch_r80_BAG_L1","NeuralNetTorch_r95_BAG_L1","RandomForest_r157_BAG_L1"],"9":["CatBoost_r178_BAG_L1","CatBoost_r188_BAG_L1","CatBoost_r19_BAG_L1","CatBoost_r39_BAG_L1","ExtraTrees_r144_BAG_L1","KNeighbors_r34_BAG_L1","KNeighbors_r42_BAG_L1","LightGBM_r12_BAG_L1","NeuralNetTorch_r103_BAG_L1","NeuralNetTorch_r159_BAG_L1","NeuralNetTorch_r65_BAG_L1","NeuralNetTorch_r80_BAG_L1","RandomForest_r157_BAG_L1"],"10":["CatBoost_r119_BAG_L1","CatBoost_r12_BAG_L1","CatBoost_r178_BAG_L1","CatBoost_r188_BAG_L1","CatBoost_r19_BAG_L1","CatBoost_r39_BAG_L1","CatBoost_r3_BAG_L1","ExtraTrees_r144_BAG_L1","KNeighbors_r34_BAG_L1","KNeighbors_r42_BAG_L1","KNeighbors_r44_BAG_L1","LightGBM_r12_BAG_L1","LightGBM_r58_BAG_L1","LightGBM_r68_BAG_L1","NeuralNetTorch_r126_BAG_L1","NeuralNetTorch_r142_BAG_L1","NeuralNetTorch_r159_BAG_L1","NeuralNetTorch_r192_BAG_L1","NeuralNetTorch_r65_BAG_L1","NeuralNetTorch_r80_BAG_L1","NeuralNetTorch_r95_BAG_L1","RandomForest_r157_BAG_L1","RandomForest_r158_BAG_L1","RandomForest_r166_BAG_L1","XGBoost_r39_BAG_L1"],"11":["CatBoost_r178_BAG_L1","CatBoost_r188_BAG_L1","CatBoost_r19_BAG_L1","CatBoost_r39_BAG_L1","ExtraTrees_r68_BAG_L1","KNeighbors_r34_BAG_L1","KNeighbors_r42_BAG_L1","LightGBM_r12_BAG_L1","NeuralNetTorch_r159_BAG_L1","NeuralNetTorch_r80_BAG_L1","RandomForest_r157_BAG_L1"],"12":["CatBoost_r192_BAG_L1","NeuralNetTorch_r50_BAG_L1","RandomForest_r191_BAG_L1"],"13":["CatBoost_r139_BAG_L1","CatBoost_r19_BAG_L1","KNeighbors_r6_BAG_L1","NeuralNetTorch_r80_BAG_L1"],"14":["CatBoost_r178_BAG_L1","CatBoost_r188_BAG_L1","CatBoost_r19_BAG_L1","CatBoost_r39_BAG_L1","ExtraTrees_r144_BAG_L1","KNeighbors_r34_BAG_L1","KNeighbors_r42_BAG_L1","LightGBM_r12_BAG_L1","LightGBM_r58_BAG_L1","LightGBM_r68_BAG_L1","NeuralNetTorch_r116_BAG_L1","NeuralNetTorch_r141_BAG_L1","NeuralNetTorch_r159_BAG_L1","NeuralNetTorch_r65_BAG_L1","NeuralNetTorch_r80_BAG_L1","RandomForest_r157_BAG_L1","RandomForest_r98_BAG_L1"],"15":["CatBoost_r119_BAG_L1","CatBoost_r127_BAG_L1","CatBoost_r12_BAG_L1","CatBoost_r178_BAG_L1","CatBoost_r188_BAG_L1","CatBoost_r19_BAG_L1","CatBoost_r39_BAG_L1","CatBoost_r3_BAG_L1","CatBoost_r76_BAG_L1","ExtraTrees_r144_BAG_L1","KNeighbors_r34_BAG_L1","KNeighbors_r42_BAG_L1","KNeighbors_r47_BAG_L1","LightGBM_r12_BAG_L1","LightGBM_r58_BAG_L1","LightGBM_r68_BAG_L1","NeuralNetTorch_r126_BAG_L1","NeuralNetTorch_r142_BAG_L1","NeuralNetTorch_r159_BAG_L1","NeuralNetTorch_r192_BAG_L1","NeuralNetTorch_r65_BAG_L1","NeuralNetTorch_r80_BAG_L1","NeuralNetTorch_r95_BAG_L1","RandomForest_r157_BAG_L1","RandomForest_r158_BAG_L1","RandomForest_r165_BAG_L1","RandomForest_r166_BAG_L1","XGBoost_r39_BAG_L1"],"16":["CatBoost_r119_BAG_L1","CatBoost_r127_BAG_L1","CatBoost_r12_BAG_L1","CatBoost_r178_BAG_L1","CatBoost_r188_BAG_L1","CatBoost_r19_BAG_L1","CatBoost_r39_BAG_L1","CatBoost_r3_BAG_L1","CatBoost_r58_BAG_L1","CatBoost_r76_BAG_L1","ExtraTrees_r144_BAG_L1","KNeighbors_r34_BAG_L1","KNeighbors_r42_BAG_L1","KNeighbors_r47_BAG_L1","LightGBM_r12_BAG_L1","LightGBM_r34_BAG_L1","LightGBM_r58_BAG_L1","LightGBM_r68_BAG_L1","NeuralNetTorch_r126_BAG_L1","NeuralNetTorch_r142_BAG_L1","NeuralNetTorch_r146_BAG_L1","NeuralNetTorch_r148_BAG_L1","NeuralNetTorch_r159_BAG_L1","NeuralNetTorch_r192_BAG_L1","NeuralNetTorch_r65_BAG_L1","NeuralNetTorch_r80_BAG_L1","NeuralNetTorch_r95_BAG_L1","RandomForest_r157_BAG_L1","RandomForest_r158_BAG_L1","RandomForest_r165_BAG_L1","RandomForest_r166_BAG_L1","XGBoost_r39_BAG_L1"],"17":["CatBoost_r178_BAG_L1","CatBoost_r188_BAG_L1","CatBoost_r19_BAG_L1","CatBoost_r39_BAG_L1","KNeighbors_r42_BAG_L1","KNeighbors_r9_BAG_L1","LightGBM_r12_BAG_L1","NeuralNetTorch_r141_BAG_L1","NeuralNetTorch_r142_BAG_L1","NeuralNetTorch_r159_BAG_L1","NeuralNetTorch_r80_BAG_L1","RandomForest_r157_BAG_L1","RandomForest_r98_BAG_L1","XGBoost_r39_BAG_L1"],"18":["CatBoost_r188_BAG_L1","CatBoost_r39_BAG_L1","NeuralNetTorch_r159_BAG_L1"],"19":["CatBoost_r119_BAG_L1","CatBoost_r127_BAG_L1","CatBoost_r12_BAG_L1","CatBoost_r178_BAG_L1","CatBoost_r188_BAG_L1","CatBoost_r19_BAG_L1","CatBoost_r39_BAG_L1","CatBoost_r3_BAG_L1","CatBoost_r76_BAG_L1","CatBoost_r78_BAG_L1","ExtraTrees_r144_BAG_L1","FTTransformer_c7_BAG_L1","KNeighbors_r34_BAG_L1","KNeighbors_r42_BAG_L1","KNeighbors_r47_BAG_L1","LightGBM_r12_BAG_L1","LightGBM_r30_BAG_L1","LightGBM_r58_BAG_L1","LightGBM_r68_BAG_L1","NeuralNetTorch_r126_BAG_L1","NeuralNetTorch_r142_BAG_L1","NeuralNetTorch_r159_BAG_L1","NeuralNetTorch_r192_BAG_L1","NeuralNetTorch_r51_BAG_L1","NeuralNetTorch_r65_BAG_L1","NeuralNetTorch_r80_BAG_L1","NeuralNetTorch_r95_BAG_L1","RandomForest_r157_BAG_L1","RandomForest_r158_BAG_L1","RandomForest_r165_BAG_L1","RandomForest_r166_BAG_L1","RandomForest_r84_BAG_L1","XGBoost_r39_BAG_L1","XGBoost_r87_BAG_L1"],"20":["CatBoost_r178_BAG_L1","CatBoost_r188_BAG_L1","CatBoost_r39_BAG_L1","FTTransformer_c2_BAG_L1","LightGBM_r12_BAG_L1","LightGBM_r141_BAG_L1","NeuralNetTorch_r159_BAG_L1","RandomForest_r157_BAG_L1"],"21":["CatBoost_r178_BAG_L1","CatBoost_r188_BAG_L1","CatBoost_r19_BAG_L1","CatBoost_r39_BAG_L1","KNeighbors_r34_BAG_L1","KNeighbors_r42_BAG_L1","LightGBM_r12_BAG_L1","LightGBM_r162_BAG_L1","NeuralNetTorch_r159_BAG_L1","NeuralNetTorch_r80_BAG_L1","RandomForest_r157_BAG_L1"],"22":["LightGBM_r70_BAG_L1","NeuralNetTorch_r155_BAG_L1"],"23":["CatBoost_r178_BAG_L1","CatBoost_r188_BAG_L1","CatBoost_r19_BAG_L1","CatBoost_r39_BAG_L1","ExtraTrees_r144_BAG_L1","FTTransformer_c4_BAG_L1","KNeighbors_r34_BAG_L1","KNeighbors_r42_BAG_L1","LightGBM_r12_BAG_L1","LightGBM_r58_BAG_L1","LightGBM_r68_BAG_L1","NeuralNetTorch_r116_BAG_L1","NeuralNetTorch_r141_BAG_L1","NeuralNetTorch_r159_BAG_L1","NeuralNetTorch_r65_BAG_L1","NeuralNetTorch_r80_BAG_L1","RandomForest_r157_BAG_L1","RandomForest_r98_BAG_L1"],"24":["CatBoost_r178_BAG_L1","CatBoost_r188_BAG_L1","CatBoost_r19_BAG_L1","CatBoost_r39_BAG_L1","CatBoost_r3_BAG_L1","CatBoost_r76_BAG_L1","ExtraTrees_r144_BAG_L1","KNeighbors_r34_BAG_L1","KNeighbors_r42_BAG_L1","LightGBM_r12_BAG_L1","LightGBM_r58_BAG_L1","LightGBM_r68_BAG_L1","NeuralNetTorch_r126_BAG_L1","NeuralNetTorch_r159_BAG_L1","NeuralNetTorch_r65_BAG_L1","NeuralNetTorch_r80_BAG_L1","RandomForest_r157_BAG_L1","RandomForest_r166_BAG_L1"],"25":["CatBoost_r12_BAG_L1","CatBoost_r178_BAG_L1","CatBoost_r188_BAG_L1","CatBoost_r19_BAG_L1","CatBoost_r39_BAG_L1","CatBoost_r3_BAG_L1","ExtraTrees_r144_BAG_L1","KNeighbors_r34_BAG_L1","KNeighbors_r3_BAG_L1","KNeighbors_r42_BAG_L1","LightGBM_r12_BAG_L1","LightGBM_r58_BAG_L1","LightGBM_r68_BAG_L1","NeuralNetTorch_r126_BAG_L1","NeuralNetTorch_r142_BAG_L1","NeuralNetTorch_r159_BAG_L1","NeuralNetTorch_r192_BAG_L1","NeuralNetTorch_r65_BAG_L1","NeuralNetTorch_r80_BAG_L1","NeuralNetTorch_r95_BAG_L1","RandomForest_r157_BAG_L1","RandomForest_r158_BAG_L1","RandomForest_r166_BAG_L1","XGBoost_r39_BAG_L1"],"26":["CatBoost_r151_BAG_L1","CatBoost_r192_BAG_L1","KNeighbors_r39_BAG_L1","NeuralNetTorch_r50_BAG_L1"],"27":["CatBoost_r19_BAG_L1","CatBoost_r39_BAG_L1","NeuralNetTorch_r159_BAG_L1","NeuralNetTorch_r80_BAG_L1"],"28":["CatBoost_r178_BAG_L1","CatBoost_r188_BAG_L1","CatBoost_r19_BAG_L1","CatBoost_r39_BAG_L1","CatBoost_r3_BAG_L1","ExtraTrees_r144_BAG_L1","KNeighbors_r34_BAG_L1","KNeighbors_r42_BAG_L1","LightGBM_r12_BAG_L1","LightGBM_r58_BAG_L1","LightGBM_r68_BAG_L1","NeuralNetTorch_r126_BAG_L1","NeuralNetTorch_r159_BAG_L1","NeuralNetTorch_r65_BAG_L1","NeuralNetTorch_r80_BAG_L1","RandomForest_r110_BAG_L1","RandomForest_r157_BAG_L1","RandomForest_r166_BAG_L1"],"29":["CatBoost_r119_BAG_L1","CatBoost_r127_BAG_L1","CatBoost_r12_BAG_L1","CatBoost_r178_BAG_L1","CatBoost_r188_BAG_L1","CatBoost_r19_BAG_L1","CatBoost_r39_BAG_L1","CatBoost_r3_BAG_L1","CatBoost_r76_BAG_L1","ExtraTrees_r144_BAG_L1","KNeighbors_r34_BAG_L1","KNeighbors_r42_BAG_L1","KNeighbors_r47_BAG_L1","LightGBM_r12_BAG_L1","LightGBM_r58_BAG_L1","LightGBM_r68_BAG_L1","NeuralNetTorch_r126_BAG_L1","NeuralNetTorch_r142_BAG_L1","NeuralNetTorch_r159_BAG_L1","NeuralNetTorch_r192_BAG_L1","NeuralNetTorch_r65_BAG_L1","NeuralNetTorch_r80_BAG_L1","NeuralNetTorch_r95_BAG_L1","RandomForest_r157_BAG_L1","RandomForest_r158_BAG_L1","RandomForest_r165_BAG_L1","RandomForest_r166_BAG_L1","XGBoost_r24_BAG_L1","XGBoost_r39_BAG_L1"],"30":["CatBoost_r188_BAG_L1","CatBoost_r19_BAG_L1","CatBoost_r39_BAG_L1","CatBoost_r61_BAG_L1","LightGBM_r12_BAG_L1","NeuralNetTorch_r141_BAG_L1","NeuralNetTorch_r159_BAG_L1","NeuralNetTorch_r80_BAG_L1","RandomForest_r98_BAG_L1"],"31":["CatBoost_r178_BAG_L1","CatBoost_r188_BAG_L1","CatBoost_r19_BAG_L1","CatBoost_r39_BAG_L1","KNeighbors_r34_BAG_L1","KNeighbors_r42_BAG_L1","LightGBM_r12_BAG_L1","NeuralNetTorch_r159_BAG_L1","NeuralNetTorch_r80_BAG_L1","RandomForest_r157_BAG_L1"],"32":["CatBoost_r119_BAG_L1","CatBoost_r127_BAG_L1","CatBoost_r12_BAG_L1","CatBoost_r178_BAG_L1","CatBoost_r188_BAG_L1","CatBoost_r19_BAG_L1","CatBoost_r39_BAG_L1","CatBoost_r3_BAG_L1","ExtraTrees_r144_BAG_L1","KNeighbors_r34_BAG_L1","KNeighbors_r42_BAG_L1","LightGBM_r12_BAG_L1","LightGBM_r58_BAG_L1","LightGBM_r68_BAG_L1","NeuralNetTorch_r126_BAG_L1","NeuralNetTorch_r142_BAG_L1","NeuralNetTorch_r159_BAG_L1","NeuralNetTorch_r192_BAG_L1","NeuralNetTorch_r65_BAG_L1","NeuralNetTorch_r80_BAG_L1","NeuralNetTorch_r95_BAG_L1","RandomForest_r157_BAG_L1","RandomForest_r158_BAG_L1","RandomForest_r166_BAG_L1","XGBoost_r39_BAG_L1"],"33":["CatBoost_r119_BAG_L1","CatBoost_r127_BAG_L1","CatBoost_r12_BAG_L1","CatBoost_r178_BAG_L1","CatBoost_r188_BAG_L1","CatBoost_r19_BAG_L1","CatBoost_r39_BAG_L1","CatBoost_r3_BAG_L1","CatBoost_r76_BAG_L1","ExtraTrees_r144_BAG_L1","KNeighbors_r34_BAG_L1","KNeighbors_r42_BAG_L1","KNeighbors_r47_BAG_L1","LightGBM_r12_BAG_L1","LightGBM_r58_BAG_L1","LightGBM_r68_BAG_L1","NeuralNetTorch_r126_BAG_L1","NeuralNetTorch_r142_BAG_L1","NeuralNetTorch_r146_BAG_L1","NeuralNetTorch_r159_BAG_L1","NeuralNetTorch_r192_BAG_L1","NeuralNetTorch_r65_BAG_L1","NeuralNetTorch_r80_BAG_L1","NeuralNetTorch_r95_BAG_L1","RandomForest_r157_BAG_L1","RandomForest_r158_BAG_L1","RandomForest_r165_BAG_L1","RandomForest_r166_BAG_L1","XGBoost_r39_BAG_L1"],"34":["CatBoost_r178_BAG_L1","CatBoost_r188_BAG_L1","CatBoost_r39_BAG_L1","LightGBM_r12_BAG_L1","LightGBM_r141_BAG_L1","NeuralNetTorch_r159_BAG_L1","RandomForest_r157_BAG_L1"],"35":["CatBoost_r39_BAG_L1","KNeighbors_r14_BAG_L1","NeuralNetTorch_r159_BAG_L1"],"36":["CatBoost_r103_BAG_L1","CatBoost_r188_BAG_L1","CatBoost_r39_BAG_L1","LightGBM_r12_BAG_L1","NeuralNetTorch_r159_BAG_L1"],"37":["CatBoost_r165_BAG_L1","LightGBM_r182_BAG_L1","NeuralNetTorch_r104_BAG_L1"],"38":["CatBoost_r119_BAG_L1","CatBoost_r127_BAG_L1","CatBoost_r12_BAG_L1","CatBoost_r178_BAG_L1","CatBoost_r188_BAG_L1","CatBoost_r19_BAG_L1","CatBoost_r39_BAG_L1","CatBoost_r3_BAG_L1","CatBoost_r76_BAG_L1","ExtraTrees_r144_BAG_L1","KNeighbors_r34_BAG_L1","KNeighbors_r42_BAG_L1","KNeighbors_r47_BAG_L1","LightGBM_r12_BAG_L1","LightGBM_r141_BAG_L1","LightGBM_r58_BAG_L1","LightGBM_r68_BAG_L1","NeuralNetTorch_r126_BAG_L1","NeuralNetTorch_r142_BAG_L1","NeuralNetTorch_r159_BAG_L1","NeuralNetTorch_r192_BAG_L1","NeuralNetTorch_r65_BAG_L1","NeuralNetTorch_r80_BAG_L1","NeuralNetTorch_r95_BAG_L1","RandomForest_r157_BAG_L1","RandomForest_r158_BAG_L1","RandomForest_r165_BAG_L1","RandomForest_r166_BAG_L1","XGBoost_r39_BAG_L1"],"39":["CatBoost_r139_BAG_L1","CatBoost_r19_BAG_L1","KNeighbors_r6_BAG_L1","LightGBM_r21_BAG_L1","NeuralNetTorch_r71_BAG_L1","NeuralNetTorch_r80_BAG_L1"],"40":["CatBoost_r119_BAG_L1","CatBoost_r127_BAG_L1","CatBoost_r12_BAG_L1","CatBoost_r178_BAG_L1","CatBoost_r188_BAG_L1","CatBoost_r19_BAG_L1","CatBoost_r39_BAG_L1","CatBoost_r3_BAG_L1","CatBoost_r58_BAG_L1","CatBoost_r76_BAG_L1","ExtraTrees_r144_BAG_L1","KNeighbors_r34_BAG_L1","KNeighbors_r42_BAG_L1","KNeighbors_r47_BAG_L1","LightGBM_r12_BAG_L1","LightGBM_r58_BAG_L1","LightGBM_r68_BAG_L1","NeuralNetTorch_r126_BAG_L1","NeuralNetTorch_r142_BAG_L1","NeuralNetTorch_r146_BAG_L1","NeuralNetTorch_r148_BAG_L1","NeuralNetTorch_r159_BAG_L1","NeuralNetTorch_r192_BAG_L1","NeuralNetTorch_r65_BAG_L1","NeuralNetTorch_r80_BAG_L1","NeuralNetTorch_r95_BAG_L1","RandomForest_r157_BAG_L1","RandomForest_r158_BAG_L1","RandomForest_r165_BAG_L1","RandomForest_r166_BAG_L1","XGBoost_r39_BAG_L1"],"41":["CatBoost_r178_BAG_L1","CatBoost_r188_BAG_L1","CatBoost_r19_BAG_L1","CatBoost_r39_BAG_L1","CatBoost_r3_BAG_L1","ExtraTrees_r144_BAG_L1","KNeighbors_r34_BAG_L1","KNeighbors_r42_BAG_L1","LightGBM_r12_BAG_L1","LightGBM_r58_BAG_L1","LightGBM_r68_BAG_L1","NeuralNetTorch_r126_BAG_L1","NeuralNetTorch_r159_BAG_L1","NeuralNetTorch_r65_BAG_L1","NeuralNetTorch_r80_BAG_L1","RandomForest_r157_BAG_L1","RandomForest_r166_BAG_L1"],"42":["CatBoost_r178_BAG_L1","CatBoost_r188_BAG_L1","CatBoost_r19_BAG_L1","CatBoost_r39_BAG_L1","CatBoost_r3_BAG_L1","ExtraTrees_r144_BAG_L1","KNeighbors_r34_BAG_L1","KNeighbors_r42_BAG_L1","KNeighbors_r49_BAG_L1","LightGBM_r12_BAG_L1","LightGBM_r58_BAG_L1","LightGBM_r68_BAG_L1","NeuralNetTorch_r126_BAG_L1","NeuralNetTorch_r159_BAG_L1","NeuralNetTorch_r65_BAG_L1","NeuralNetTorch_r80_BAG_L1","RandomForest_r157_BAG_L1","RandomForest_r166_BAG_L1"],"43":["CatBoost_r119_BAG_L1","CatBoost_r127_BAG_L1","CatBoost_r12_BAG_L1","CatBoost_r178_BAG_L1","CatBoost_r188_BAG_L1","CatBoost_r19_BAG_L1","CatBoost_r39_BAG_L1","CatBoost_r3_BAG_L1","CatBoost_r58_BAG_L1","CatBoost_r76_BAG_L1","ExtraTrees_r144_BAG_L1","KNeighbors_r34_BAG_L1","KNeighbors_r42_BAG_L1","KNeighbors_r47_BAG_L1","KNeighbors_r9_BAG_L1","LightGBM_r12_BAG_L1","LightGBM_r58_BAG_L1","LightGBM_r68_BAG_L1","NeuralNetTorch_r126_BAG_L1","NeuralNetTorch_r141_BAG_L1","NeuralNetTorch_r142_BAG_L1","NeuralNetTorch_r146_BAG_L1","NeuralNetTorch_r148_BAG_L1","NeuralNetTorch_r159_BAG_L1","NeuralNetTorch_r192_BAG_L1","NeuralNetTorch_r26_BAG_L1","NeuralNetTorch_r43_BAG_L1","NeuralNetTorch_r65_BAG_L1","NeuralNetTorch_r80_BAG_L1","NeuralNetTorch_r95_BAG_L1","RandomForest_r157_BAG_L1","RandomForest_r158_BAG_L1","RandomForest_r165_BAG_L1","RandomForest_r166_BAG_L1","RandomForest_r98_BAG_L1","XGBoost_r39_BAG_L1"],"44":["CatBoost_r123_BAG_L1","CatBoost_r188_BAG_L1","CatBoost_r39_BAG_L1","KNeighbors_r25_BAG_L1","NeuralNetTorch_r159_BAG_L1"]},"weights":{"0":[0.0344827586,0.0344827586,0.0344827586,0.0344827586,0.0344827586,0.0344827586,0.0344827586,0.0344827586,0.0344827586,0.0344827586,0.0344827586,0.0344827586,0.0344827586,0.0344827586,0.0344827586,0.0344827586,0.0344827586,0.0344827586,0.0344827586,0.0344827586,0.0344827586,0.0344827586,0.0344827586,0.0344827586,0.0344827586,0.0344827586,0.0344827586,0.0344827586,0.0344827586],"1":[0.2,0.2,0.2,0.2,0.2],"2":[0.1428571429,0.1428571429,0.1428571429,0.1428571429,0.1428571429,0.1428571429,0.1428571429],"3":[0.1111111111,0.1111111111,0.1111111111,0.1111111111,0.1111111111,0.1111111111,0.1111111111,0.1111111111,0.1111111111],"4":[0.0526315789,0.0526315789,0.0526315789,0.0526315789,0.0526315789,0.0526315789,0.0526315789,0.0526315789,0.0526315789,0.0526315789,0.0526315789,0.0526315789,0.0526315789,0.0526315789,0.0526315789,0.0526315789,0.0526315789,0.0526315789,0.0526315789],"5":[0.125,0.125,0.125,0.125,0.125,0.125,0.125,0.125],"6":[0.25,0.25,0.25,0.25],"7":[0.3333333333,0.3333333333,0.3333333333],"8":[0.0909090909,0.0909090909,0.0909090909,0.0909090909,0.0909090909,0.0909090909,0.0909090909,0.0909090909,0.0909090909,0.0909090909,0.0909090909],"9":[0.0769230769,0.0769230769,0.0769230769,0.0769230769,0.0769230769,0.0769230769,0.0769230769,0.0769230769,0.0769230769,0.0769230769,0.0769230769,0.0769230769,0.0769230769],"10":[0.04,0.04,0.04,0.04,0.04,0.04,0.04,0.04,0.04,0.04,0.04,0.04,0.04,0.04,0.04,0.04,0.04,0.04,0.04,0.04,0.04,0.04,0.04,0.04,0.04],"11":[0.0909090909,0.0909090909,0.0909090909,0.0909090909,0.0909090909,0.0909090909,0.0909090909,0.0909090909,0.0909090909,0.0909090909,0.0909090909],"12":[0.3333333333,0.3333333333,0.3333333333],"13":[0.25,0.25,0.25,0.25],"14":[0.0588235294,0.0588235294,0.0588235294,0.0588235294,0.0588235294,0.0588235294,0.0588235294,0.0588235294,0.0588235294,0.0588235294,0.0588235294,0.0588235294,0.0588235294,0.0588235294,0.0588235294,0.0588235294,0.0588235294],"15":[0.0357142857,0.0357142857,0.0357142857,0.0357142857,0.0357142857,0.0357142857,0.0357142857,0.0357142857,0.0357142857,0.0357142857,0.0357142857,0.0357142857,0.0357142857,0.0357142857,0.0357142857,0.0357142857,0.0357142857,0.0357142857,0.0357142857,0.0357142857,0.0357142857,0.0357142857,0.0357142857,0.0357142857,0.0357142857,0.0357142857,0.0357142857,0.0357142857],"16":[0.0303030303,0.0303030303,0.0303030303,0.0303030303,0.0303030303,0.0303030303,0.0303030303,0.0303030303,0.0303030303,0.0303030303,0.0303030303,0.0303030303,0.0303030303,0.0303030303,0.0303030303,0.0303030303,0.0303030303,0.0303030303,0.0606060606,0.0303030303,0.0303030303,0.0303030303,0.0303030303,0.0303030303,0.0303030303,0.0303030303,0.0303030303,0.0303030303,0.0303030303,0.0303030303,0.0303030303,0.0303030303],"17":[0.0714285714,0.0714285714,0.0714285714,0.0714285714,0.0714285714,0.0714285714,0.0714285714,0.0714285714,0.0714285714,0.0714285714,0.0714285714,0.0714285714,0.0714285714,0.0714285714],"18":[0.3333333333,0.3333333333,0.3333333333],"19":[0.0294117647,0.0294117647,0.0294117647,0.0294117647,0.0294117647,0.0294117647,0.0294117647,0.0294117647,0.0294117647,0.0294117647,0.0294117647,0.0294117647,0.0294117647,0.0294117647,0.0294117647,0.0294117647,0.0294117647,0.0294117647,0.0294117647,0.0294117647,0.0294117647,0.0294117647,0.0294117647,0.0294117647,0.0294117647,0.0294117647,0.0294117647,0.0294117647,0.0294117647,0.0294117647,0.0294117647,0.0294117647,0.0294117647,0.0294117647],"20":[0.125,0.125,0.125,0.125,0.125,0.125,0.125,0.125],"21":[0.0909090909,0.0909090909,0.0909090909,0.0909090909,0.0909090909,0.0909090909,0.0909090909,0.0909090909,0.0909090909,0.0909090909,0.0909090909],"22":[0.5,0.5],"23":[0.0555555556,0.0555555556,0.0555555556,0.0555555556,0.0555555556,0.0555555556,0.0555555556,0.0555555556,0.0555555556,0.0555555556,0.0555555556,0.0555555556,0.0555555556,0.0555555556,0.0555555556,0.0555555556,0.0555555556,0.0555555556],"24":[0.0555555556,0.0555555556,0.0555555556,0.0555555556,0.0555555556,0.0555555556,0.0555555556,0.0555555556,0.0555555556,0.0555555556,0.0555555556,0.0555555556,0.0555555556,0.0555555556,0.0555555556,0.0555555556,0.0555555556,0.0555555556],"25":[0.0416666667,0.0416666667,0.0416666667,0.0416666667,0.0416666667,0.0416666667,0.0416666667,0.0416666667,0.0416666667,0.0416666667,0.0416666667,0.0416666667,0.0416666667,0.0416666667,0.0416666667,0.0416666667,0.0416666667,0.0416666667,0.0416666667,0.0416666667,0.0416666667,0.0416666667,0.0416666667,0.0416666667],"26":[0.25,0.25,0.25,0.25],"27":[0.25,0.25,0.25,0.25],"28":[0.0555555556,0.0555555556,0.0555555556,0.0555555556,0.0555555556,0.0555555556,0.0555555556,0.0555555556,0.0555555556,0.0555555556,0.0555555556,0.0555555556,0.0555555556,0.0555555556,0.0555555556,0.0555555556,0.0555555556,0.0555555556],"29":[0.0344827586,0.0344827586,0.0344827586,0.0344827586,0.0344827586,0.0344827586,0.0344827586,0.0344827586,0.0344827586,0.0344827586,0.0344827586,0.0344827586,0.0344827586,0.0344827586,0.0344827586,0.0344827586,0.0344827586,0.0344827586,0.0344827586,0.0344827586,0.0344827586,0.0344827586,0.0344827586,0.0344827586,0.0344827586,0.0344827586,0.0344827586,0.0344827586,0.0344827586],"30":[0.1111111111,0.1111111111,0.1111111111,0.1111111111,0.1111111111,0.1111111111,0.1111111111,0.1111111111,0.1111111111],"31":[0.1,0.1,0.1,0.1,0.1,0.1,0.1,0.1,0.1,0.1],"32":[0.04,0.04,0.04,0.04,0.04,0.04,0.04,0.04,0.04,0.04,0.04,0.04,0.04,0.04,0.04,0.04,0.04,0.04,0.04,0.04,0.04,0.04,0.04,0.04,0.04],"33":[0.0344827586,0.0344827586,0.0344827586,0.0344827586,0.0344827586,0.0344827586,0.0344827586,0.0344827586,0.0344827586,0.0344827586,0.0344827586,0.0344827586,0.0344827586,0.0344827586,0.0344827586,0.0344827586,0.0344827586,0.0344827586,0.0344827586,0.0344827586,0.0344827586,0.0344827586,0.0344827586,0.0344827586,0.0344827586,0.0344827586,0.0344827586,0.0344827586,0.0344827586],"34":[0.1428571429,0.1428571429,0.1428571429,0.1428571429,0.1428571429,0.1428571429,0.1428571429],"35":[0.3333333333,0.3333333333,0.3333333333],"36":[0.2,0.2,0.2,0.2,0.2],"37":[0.3333333333,0.3333333333,0.3333333333],"38":[0.0344827586,0.0344827586,0.0344827586,0.0344827586,0.0344827586,0.0344827586,0.0344827586,0.0344827586,0.0344827586,0.0344827586,0.0344827586,0.0344827586,0.0344827586,0.0344827586,0.0344827586,0.0344827586,0.0344827586,0.0344827586,0.0344827586,0.0344827586,0.0344827586,0.0344827586,0.0344827586,0.0344827586,0.0344827586,0.0344827586,0.0344827586,0.0344827586,0.0344827586],"39":[0.1666666667,0.1666666667,0.1666666667,0.1666666667,0.1666666667,0.1666666667],"40":[0.03125,0.03125,0.03125,0.03125,0.03125,0.03125,0.03125,0.03125,0.03125,0.03125,0.03125,0.03125,0.03125,0.03125,0.03125,0.03125,0.03125,0.0625,0.03125,0.03125,0.03125,0.03125,0.03125,0.03125,0.03125,0.03125,0.03125,0.03125,0.03125,0.03125,0.03125],"41":[0.0588235294,0.0588235294,0.0588235294,0.0588235294,0.0588235294,0.0588235294,0.0588235294,0.0588235294,0.0588235294,0.0588235294,0.0588235294,0.0588235294,0.0588235294,0.0588235294,0.0588235294,0.0588235294,0.0588235294],"42":[0.0555555556,0.0555555556,0.0555555556,0.0555555556,0.0555555556,0.0555555556,0.0555555556,0.0555555556,0.0555555556,0.0555555556,0.0555555556,0.0555555556,0.0555555556,0.0555555556,0.0555555556,0.0555555556,0.0555555556,0.0555555556],"43":[0.027027027,0.027027027,0.027027027,0.027027027,0.027027027,0.027027027,0.027027027,0.027027027,0.027027027,0.027027027,0.027027027,0.027027027,0.027027027,0.027027027,0.027027027,0.027027027,0.027027027,0.027027027,0.0540540541,0.027027027,0.027027027,0.027027027,0.027027027,0.027027027,0.027027027,0.027027027,0.027027027,0.027027027,0.027027027,0.027027027,0.027027027,0.027027027,0.027027027,0.027027027,0.027027027,0.027027027],"44":[0.2,0.2,0.2,0.2,0.2]},"meta":{"0":18,"1":33,"2":14,"3":6,"4":9,"5":5,"6":3,"7":4,"8":10,"9":2,"10":7,"11":5,"12":4,"13":3,"14":4,"15":11,"16":3,"17":4,"18":9,"19":7,"20":8,"21":11,"22":13,"23":18,"24":37,"25":17,"26":18,"27":32,"28":17,"29":3,"30":5,"31":34,"32":3,"33":11,"34":29,"35":8,"36":24,"37":19,"38":18,"39":25,"40":29,"41":25,"42":28,"43":29,"44":29},"task":{"0":"168911_1","1":"168911_1","2":"168911_1","3":"168911_1","4":"168911_1","5":"168911_1","6":"168911_1","7":"168911_1","8":"168911_1","9":"168911_1","10":"168911_1","11":"168911_1","12":"168911_1","13":"168911_1","14":"168911_1","15":"168911_1","16":"168911_1","17":"168911_1","18":"168911_1","19":"168911_1","20":"168911_1","21":"168911_1","22":"168911_1","23":"168911_1","24":"168911_1","25":"168911_1","26":"168911_1","27":"168911_1","28":"168911_1","29":"168911_1","30":"168911_1","31":"168911_1","32":"168911_1","33":"168911_1","34":"168911_1","35":"168911_1","36":"168911_1","37":"168911_1","38":"168911_1","39":"168911_1","40":"168911_1","41":"168911_1","42":"168911_1","43":"168911_1","44":"168911_1"},"dataset":{"0":"jasmine","1":"jasmine","2":"jasmine","3":"jasmine","4":"jasmine","5":"jasmine","6":"jasmine","7":"jasmine","8":"jasmine","9":"jasmine","10":"jasmine","11":"jasmine","12":"jasmine","13":"jasmine","14":"jasmine","15":"jasmine","16":"jasmine","17":"jasmine","18":"jasmine","19":"jasmine","20":"jasmine","21":"jasmine","22":"jasmine","23":"jasmine","24":"jasmine","25":"jasmine","26":"jasmine","27":"jasmine","28":"jasmine","29":"jasmine","30":"jasmine","31":"jasmine","32":"jasmine","33":"jasmine","34":"jasmine","35":"jasmine","36":"jasmine","37":"jasmine","38":"jasmine","39":"jasmine","40":"jasmine","41":"jasmine","42":"jasmine","43":"jasmine","44":"jasmine"},"fold":{"0":1,"1":1,"2":1,"3":1,"4":1,"5":1,"6":1,"7":1,"8":1,"9":1,"10":1,"11":1,"12":1,"13":1,"14":1,"15":1,"16":1,"17":1,"18":1,"19":1,"20":1,"21":1,"22":1,"23":1,"24":1,"25":1,"26":1,"27":1,"28":1,"29":1,"30":1,"31":1,"32":1,"33":1,"34":1,"35":1,"36":1,"37":1,"38":1,"39":1,"40":1,"41":1,"42":1,"43":1,"44":1},"method":{"0":"INFER_TIME_QDO","1":"INFER_TIME_QDO","2":"INFER_TIME_QDO","3":"INFER_TIME_QDO","4":"INFER_TIME_QDO","5":"INFER_TIME_QDO","6":"INFER_TIME_QDO","7":"INFER_TIME_QDO","8":"INFER_TIME_QDO","9":"INFER_TIME_QDO","10":"INFER_TIME_QDO","11":"INFER_TIME_QDO","12":"INFER_TIME_QDO","13":"INFER_TIME_QDO","14":"INFER_TIME_QDO","15":"INFER_TIME_QDO","16":"INFER_TIME_QDO","17":"INFER_TIME_QDO","18":"INFER_TIME_QDO","19":"INFER_TIME_QDO","20":"INFER_TIME_QDO","21":"INFER_TIME_QDO","22":"INFER_TIME_QDO","23":"INFER_TIME_QDO","24":"INFER_TIME_QDO","25":"INFER_TIME_QDO","26":"INFER_TIME_QDO","27":"INFER_TIME_QDO","28":"INFER_TIME_QDO","29":"INFER_TIME_QDO","30":"INFER_TIME_QDO","31":"INFER_TIME_QDO","32":"INFER_TIME_QDO","33":"INFER_TIME_QDO","34":"INFER_TIME_QDO","35":"INFER_TIME_QDO","36":"INFER_TIME_QDO","37":"INFER_TIME_QDO","38":"INFER_TIME_QDO","39":"INFER_TIME_QDO","40":"INFER_TIME_QDO","41":"INFER_TIME_QDO","42":"INFER_TIME_QDO","43":"INFER_TIME_QDO","44":"INFER_TIME_QDO"}}