{"name":{"0":"QDO_0","1":"QDO_1","2":"QDO_2","3":"QDO_3","4":"QDO_4","5":"QDO_5","6":"QDO_6","7":"QDO_7","8":"QDO_8","9":"QDO_9","10":"QDO_10","11":"QDO_11","12":"QDO_12","13":"QDO_13","14":"QDO_14","15":"QDO_15","16":"QDO_16","17":"QDO_17","18":"QDO_18","19":"QDO_19","20":"QDO_20","21":"QDO_21","22":"QDO_22","23":"QDO_23","24":"QDO_24","25":"QDO_25","26":"QDO_26","27":"QDO_27","28":"QDO_28","29":"QDO_29","30":"QDO_30","31":"QDO_31","32":"QDO_32","33":"QDO_33","34":"QDO_34","35":"QDO_35","36":"QDO_36","37":"QDO_37","38":"QDO_38","39":"QDO_39","40":"QDO_40","41":"QDO_41"},"roc_auc_val":{"0":0.8516735823,"1":0.8548455509,"2":0.855417243,"3":0.849571231,"4":0.8533609959,"5":0.8534071,"6":0.8462240664,"7":0.855758414,"8":0.8556569848,"9":0.8495435685,"10":0.8338865837,"11":0.8535730751,"12":0.853526971,"13":0.8530290456,"14":0.8514430613,"15":0.8415859843,"16":0.855527893,"17":0.8556938681,"18":0.8548916551,"19":0.8547902259,"20":0.8429875519,"21":0.8531396957,"22":0.8554541263,"23":0.835758414,"24":0.8549838635,"25":0.8465191332,"26":0.8555186722,"27":0.8552973721,"28":0.8543937298,"29":0.8553065929,"30":0.8445550945,"31":0.8545136007,"32":0.8507976026,"33":0.8550760719,"34":0.8556662056,"35":0.8555186722,"36":0.8552881512,"37":0.8521899493,"38":0.8558414016,"39":0.8550668511,"40":0.8500414938,"41":0.8545228216},"roc_auc_test":{"0":0.9192592593,"1":0.9162962963,"2":0.9177777778,"3":0.9192592593,"4":0.9192592593,"5":0.9207407407,"6":0.9162962963,"7":0.9177777778,"8":0.917037037,"9":0.9207407407,"10":0.9066666667,"11":0.9192592593,"12":0.9185185185,"13":0.9192592593,"14":0.9162962963,"15":0.9266666667,"16":0.9177777778,"17":0.9177777778,"18":0.9148148148,"19":0.9192592593,"20":0.9111111111,"21":0.917037037,"22":0.917037037,"23":0.9096296296,"24":0.917037037,"25":0.9185185185,"26":0.9177777778,"27":0.9192592593,"28":0.9207407407,"29":0.9177777778,"30":0.917037037,"31":0.9177777778,"32":0.9192592593,"33":0.917037037,"34":0.9177777778,"35":0.9177777778,"36":0.9177777778,"37":0.9185185185,"38":0.9177777778,"39":0.9177777778,"40":0.9192592593,"41":0.9177777778},"models_used":{"0":["CatBoost_r11_BAG_L1","CatBoost_r29_BAG_L1","CatBoost_r71_BAG_L1","LightGBM_r46_BAG_L1","NeuralNetFastAI_r109_BAG_L1","NeuralNetFastAI_r121_BAG_L1","NeuralNetFastAI_r132_BAG_L1","NeuralNetFastAI_r141_BAG_L1","NeuralNetFastAI_r187_BAG_L1","NeuralNetFastAI_r4_BAG_L1","NeuralNetFastAI_r60_BAG_L1","NeuralNetFastAI_r88_BAG_L1","XGBoost_r141_BAG_L1"],"1":["CatBoost_r158_BAG_L1","CatBoost_r71_BAG_L1","ExtraTrees_r7_BAG_L1","FTTransformer_c4_BAG_L1","KNeighbors_r46_BAG_L1","LightGBM_r39_BAG_L1","LightGBM_r57_BAG_L1","NeuralNetFastAI_r109_BAG_L1","NeuralNetFastAI_r121_BAG_L1","NeuralNetFastAI_r132_BAG_L1","NeuralNetFastAI_r136_BAG_L1","NeuralNetFastAI_r141_BAG_L1","NeuralNetFastAI_r187_BAG_L1","NeuralNetFastAI_r60_BAG_L1","NeuralNetFastAI_r88_BAG_L1","NeuralNetTorch_r74_BAG_L1","XGBoost_r141_BAG_L1"],"2":["CatBoost_r158_BAG_L1","CatBoost_r71_BAG_L1","ExtraTrees_r7_BAG_L1","KNeighbors_r46_BAG_L1","LightGBM_r21_BAG_L1","LightGBM_r39_BAG_L1","LightGBM_r57_BAG_L1","NeuralNetFastAI_r109_BAG_L1","NeuralNetFastAI_r121_BAG_L1","NeuralNetFastAI_r132_BAG_L1","NeuralNetFastAI_r136_BAG_L1","NeuralNetFastAI_r141_BAG_L1","NeuralNetFastAI_r144_BAG_L1","NeuralNetFastAI_r187_BAG_L1","NeuralNetFastAI_r60_BAG_L1","NeuralNetFastAI_r88_BAG_L1","NeuralNetTorch_r74_BAG_L1","XGBoost_r141_BAG_L1"],"3":["CatBoost_r11_BAG_L1","CatBoost_r29_BAG_L1","CatBoost_r71_BAG_L1","ExtraTrees_r1_BAG_L1","ExtraTrees_r50_BAG_L1","ExtraTrees_r67_BAG_L1","LightGBM_r124_BAG_L1","LightGBM_r46_BAG_L1","NeuralNetFastAI_r109_BAG_L1","NeuralNetFastAI_r121_BAG_L1","NeuralNetFastAI_r132_BAG_L1","NeuralNetFastAI_r141_BAG_L1","NeuralNetFastAI_r187_BAG_L1","NeuralNetFastAI_r4_BAG_L1","NeuralNetFastAI_r60_BAG_L1","NeuralNetFastAI_r88_BAG_L1","NeuralNetTorch_r29_BAG_L1","XGBoost_r141_BAG_L1"],"4":["CatBoost_r127_BAG_L1","CatBoost_r158_BAG_L1","CatBoost_r188_BAG_L1","CatBoost_r59_BAG_L1","CatBoost_r71_BAG_L1","ExtraTrees_r7_BAG_L1","KNeighbors_r46_BAG_L1","LightGBM_r39_BAG_L1","LightGBM_r57_BAG_L1","LightGBM_r68_BAG_L1","NeuralNetFastAI_r109_BAG_L1","NeuralNetFastAI_r121_BAG_L1","NeuralNetFastAI_r132_BAG_L1","NeuralNetFastAI_r136_BAG_L1","NeuralNetFastAI_r141_BAG_L1","NeuralNetFastAI_r144_BAG_L1","NeuralNetFastAI_r187_BAG_L1","NeuralNetFastAI_r60_BAG_L1","NeuralNetFastAI_r63_BAG_L1","NeuralNetFastAI_r72_BAG_L1","NeuralNetFastAI_r88_BAG_L1","NeuralNetTorch_r74_BAG_L1","XGBoost_r141_BAG_L1"],"5":["CatBoost_r71_BAG_L1","ExtraTrees_r76_BAG_L1","NeuralNetFastAI_r109_BAG_L1","NeuralNetFastAI_r121_BAG_L1","NeuralNetFastAI_r132_BAG_L1","NeuralNetFastAI_r141_BAG_L1","NeuralNetFastAI_r187_BAG_L1","NeuralNetFastAI_r4_BAG_L1","NeuralNetFastAI_r60_BAG_L1","NeuralNetFastAI_r88_BAG_L1","NeuralNetTorch_r140_BAG_L1","XGBoost_r141_BAG_L1"],"6":["CatBoost_r11_BAG_L1","CatBoost_r126_BAG_L1","CatBoost_r163_BAG_L1","CatBoost_r188_BAG_L1","CatBoost_r29_BAG_L1","CatBoost_r59_BAG_L1","CatBoost_r71_BAG_L1","FTTransformer_c2_BAG_L1","LightGBM_r127_BAG_L1","LightGBM_r175_BAG_L1","LightGBM_r68_BAG_L1","LinearModel_r47_BAG_L1","NeuralNetFastAI_r121_BAG_L1","NeuralNetFastAI_r141_BAG_L1","NeuralNetFastAI_r187_BAG_L1","NeuralNetFastAI_r60_BAG_L1","NeuralNetFastAI_r63_BAG_L1","NeuralNetTorch_r85_BAG_L1"],"7":["CatBoost_r158_BAG_L1","CatBoost_r71_BAG_L1","ExtraTrees_r7_BAG_L1","KNeighbors_r46_BAG_L1","LightGBM_r39_BAG_L1","LightGBM_r57_BAG_L1","NeuralNetFastAI_r109_BAG_L1","NeuralNetFastAI_r121_BAG_L1","NeuralNetFastAI_r131_BAG_L1","NeuralNetFastAI_r132_BAG_L1","NeuralNetFastAI_r136_BAG_L1","NeuralNetFastAI_r141_BAG_L1","NeuralNetFastAI_r144_BAG_L1","NeuralNetFastAI_r187_BAG_L1","NeuralNetFastAI_r60_BAG_L1","NeuralNetFastAI_r88_BAG_L1","NeuralNetTorch_r74_BAG_L1","XGBoost_r141_BAG_L1"],"8":["CatBoost_r158_BAG_L1","CatBoost_r71_BAG_L1","ExtraTrees_r7_BAG_L1","KNeighbors_r46_BAG_L1","LightGBM_r39_BAG_L1","LightGBM_r57_BAG_L1","NeuralNetFastAI_r109_BAG_L1","NeuralNetFastAI_r121_BAG_L1","NeuralNetFastAI_r136_BAG_L1","NeuralNetFastAI_r141_BAG_L1","NeuralNetFastAI_r187_BAG_L1","NeuralNetFastAI_r60_BAG_L1","NeuralNetFastAI_r88_BAG_L1","NeuralNetTorch_r74_BAG_L1","XGBoost_r141_BAG_L1"],"9":["CatBoost_r11_BAG_L1","CatBoost_r29_BAG_L1","CatBoost_r71_BAG_L1","ExtraTrees_r50_BAG_L1","ExtraTrees_r88_BAG_L1","LightGBM_r124_BAG_L1","LightGBM_r46_BAG_L1","LinearModel_r38_BAG_L1","NeuralNetFastAI_r109_BAG_L1","NeuralNetFastAI_r121_BAG_L1","NeuralNetFastAI_r132_BAG_L1","NeuralNetFastAI_r141_BAG_L1","NeuralNetFastAI_r187_BAG_L1","NeuralNetFastAI_r4_BAG_L1","NeuralNetFastAI_r60_BAG_L1","NeuralNetFastAI_r88_BAG_L1","NeuralNetTorch_r29_BAG_L1","XGBoost_r141_BAG_L1"],"10":["ExtraTrees_r12_BAG_L1","ExtraTrees_r50_BAG_L1","LightGBM_r124_BAG_L1"],"11":["CatBoost_r158_BAG_L1","CatBoost_r188_BAG_L1","CatBoost_r59_BAG_L1","CatBoost_r71_BAG_L1","ExtraTrees_r107_BAG_L1","ExtraTrees_r7_BAG_L1","KNeighbors_r46_BAG_L1","LightGBM_r39_BAG_L1","LightGBM_r57_BAG_L1","LightGBM_r68_BAG_L1","NeuralNetFastAI_r109_BAG_L1","NeuralNetFastAI_r121_BAG_L1","NeuralNetFastAI_r132_BAG_L1","NeuralNetFastAI_r136_BAG_L1","NeuralNetFastAI_r141_BAG_L1","NeuralNetFastAI_r144_BAG_L1","NeuralNetFastAI_r187_BAG_L1","NeuralNetFastAI_r60_BAG_L1","NeuralNetFastAI_r63_BAG_L1","NeuralNetFastAI_r72_BAG_L1","NeuralNetFastAI_r88_BAG_L1","NeuralNetTorch_r74_BAG_L1","XGBoost_r141_BAG_L1"],"12":["CatBoost_r71_BAG_L1","ExtraTrees_r7_BAG_L1","KNeighbors_r46_BAG_L1","NeuralNetFastAI_r109_BAG_L1","NeuralNetFastAI_r121_BAG_L1","NeuralNetFastAI_r132_BAG_L1","NeuralNetFastAI_r136_BAG_L1","NeuralNetFastAI_r141_BAG_L1","NeuralNetFastAI_r187_BAG_L1","NeuralNetFastAI_r4_BAG_L1","NeuralNetFastAI_r60_BAG_L1","NeuralNetFastAI_r82_BAG_L1","NeuralNetFastAI_r88_BAG_L1","XGBoost_r141_BAG_L1"],"13":["CatBoost_r71_BAG_L1","ExtraTrees_r7_BAG_L1","KNeighbors_r46_BAG_L1","NeuralNetFastAI_r109_BAG_L1","NeuralNetFastAI_r121_BAG_L1","NeuralNetFastAI_r136_BAG_L1","NeuralNetFastAI_r141_BAG_L1","NeuralNetFastAI_r187_BAG_L1","NeuralNetFastAI_r56_BAG_L1","NeuralNetFastAI_r60_BAG_L1","NeuralNetFastAI_r74_BAG_L1","NeuralNetFastAI_r81_BAG_L1","NeuralNetFastAI_r88_BAG_L1","XGBoost_r141_BAG_L1"],"14":["CatBoost_r71_BAG_L1","LightGBM_r129_BAG_L1","NeuralNetFastAI_r121_BAG_L1","NeuralNetFastAI_r141_BAG_L1","NeuralNetFastAI_r187_BAG_L1","NeuralNetFastAI_r60_BAG_L1"],"15":["NeuralNetFastAI_r56_BAG_L1","NeuralNetFastAI_r74_BAG_L1","NeuralNetFastAI_r81_BAG_L1","NeuralNetTorch_r56_BAG_L1"],"16":["CatBoost_r158_BAG_L1","CatBoost_r71_BAG_L1","ExtraTrees_r187_BAG_L1","ExtraTrees_r7_BAG_L1","KNeighbors_r46_BAG_L1","LightGBM_r39_BAG_L1","NeuralNetFastAI_r109_BAG_L1","NeuralNetFastAI_r121_BAG_L1","NeuralNetFastAI_r136_BAG_L1","NeuralNetFastAI_r141_BAG_L1","NeuralNetFastAI_r187_BAG_L1","NeuralNetFastAI_r60_BAG_L1","NeuralNetFastAI_r88_BAG_L1","NeuralNetTorch_r74_BAG_L1","XGBoost_r141_BAG_L1"],"17":["CatBoost_r158_BAG_L1","CatBoost_r71_BAG_L1","ExtraTrees_r7_BAG_L1","KNeighbors_r46_BAG_L1","LightGBM_r39_BAG_L1","LightGBM_r57_BAG_L1","NeuralNetFastAI_r109_BAG_L1","NeuralNetFastAI_r121_BAG_L1","NeuralNetFastAI_r132_BAG_L1","NeuralNetFastAI_r136_BAG_L1","NeuralNetFastAI_r141_BAG_L1","NeuralNetFastAI_r187_BAG_L1","NeuralNetFastAI_r60_BAG_L1","NeuralNetFastAI_r88_BAG_L1","NeuralNetTorch_r74_BAG_L1","XGBoost_r141_BAG_L1"],"18":["CatBoost_r71_BAG_L1","ExtraTrees_r7_BAG_L1","KNeighbors_r46_BAG_L1","NeuralNetFastAI_r109_BAG_L1","NeuralNetFastAI_r121_BAG_L1","NeuralNetFastAI_r136_BAG_L1","NeuralNetFastAI_r141_BAG_L1","NeuralNetFastAI_r187_BAG_L1","NeuralNetFastAI_r60_BAG_L1","NeuralNetFastAI_r88_BAG_L1","XGBoost_r141_BAG_L1"],"19":["CatBoost_r158_BAG_L1","CatBoost_r71_BAG_L1","ExtraTrees_r7_BAG_L1","KNeighbors_r46_BAG_L1","LightGBM_r190_BAG_L1","LightGBM_r39_BAG_L1","LightGBM_r57_BAG_L1","NeuralNetFastAI_r109_BAG_L1","NeuralNetFastAI_r121_BAG_L1","NeuralNetFastAI_r132_BAG_L1","NeuralNetFastAI_r136_BAG_L1","NeuralNetFastAI_r141_BAG_L1","NeuralNetFastAI_r144_BAG_L1","NeuralNetFastAI_r187_BAG_L1","NeuralNetFastAI_r4_BAG_L1","NeuralNetFastAI_r60_BAG_L1","NeuralNetFastAI_r88_BAG_L1","NeuralNetTorch_r74_BAG_L1","XGBoost_r141_BAG_L1"],"20":["LightGBM_r127_BAG_L1","LightGBM_r82_BAG_L1","NeuralNetTorch_r85_BAG_L1"],"21":["CatBoost_r158_BAG_L1","CatBoost_r188_BAG_L1","CatBoost_r59_BAG_L1","CatBoost_r71_BAG_L1","ExtraTrees_r7_BAG_L1","KNeighbors_r46_BAG_L1","LightGBM_r39_BAG_L1","LightGBM_r57_BAG_L1","LightGBM_r68_BAG_L1","NeuralNetFastAI_r109_BAG_L1","NeuralNetFastAI_r121_BAG_L1","NeuralNetFastAI_r132_BAG_L1","NeuralNetFastAI_r136_BAG_L1","NeuralNetFastAI_r141_BAG_L1","NeuralNetFastAI_r144_BAG_L1","NeuralNetFastAI_r187_BAG_L1","NeuralNetFastAI_r60_BAG_L1","NeuralNetFastAI_r63_BAG_L1","NeuralNetFastAI_r88_BAG_L1","NeuralNetTorch_r74_BAG_L1","RandomForest_r171_BAG_L1","XGBoost_r141_BAG_L1"],"22":["CatBoost_r158_BAG_L1","CatBoost_r71_BAG_L1","ExtraTrees_r7_BAG_L1","KNeighbors_r46_BAG_L1","LightGBM_r39_BAG_L1","LightGBM_r57_BAG_L1","NeuralNetFastAI_r109_BAG_L1","NeuralNetFastAI_r121_BAG_L1","NeuralNetFastAI_r132_BAG_L1","NeuralNetFastAI_r136_BAG_L1","NeuralNetFastAI_r141_BAG_L1","NeuralNetFastAI_r187_BAG_L1","NeuralNetFastAI_r60_BAG_L1","NeuralNetFastAI_r88_BAG_L1","NeuralNetTorch_r74_BAG_L1","XGBoost_r141_BAG_L1","XGBoost_r156_BAG_L1"],"23":["CatBoost_r49_BAG_L1","ExtraTrees_r23_BAG_L1","ExtraTrees_r50_BAG_L1","LightGBM_r124_BAG_L1"],"24":["CatBoost_r158_BAG_L1","CatBoost_r71_BAG_L1","ExtraTrees_r7_BAG_L1","KNeighbors_r46_BAG_L1","LightGBM_r39_BAG_L1","LightGBM_r57_BAG_L1","NeuralNetFastAI_r109_BAG_L1","NeuralNetFastAI_r121_BAG_L1","NeuralNetFastAI_r136_BAG_L1","NeuralNetFastAI_r141_BAG_L1","NeuralNetFastAI_r187_BAG_L1","NeuralNetFastAI_r60_BAG_L1","NeuralNetFastAI_r88_BAG_L1","NeuralNetTorch_r74_BAG_L1","RandomForest_r10_BAG_L1","XGBoost_r141_BAG_L1"],"25":["CatBoost_r163_BAG_L1","CatBoost_r188_BAG_L1","CatBoost_r59_BAG_L1","CatBoost_r71_BAG_L1","ExtraTrees_r50_BAG_L1","LightGBM_r124_BAG_L1","LightGBM_r187_BAG_L1","LightGBM_r68_BAG_L1","LinearModel_r47_BAG_L1","NeuralNetFastAI_r121_BAG_L1","NeuralNetFastAI_r141_BAG_L1","NeuralNetFastAI_r187_BAG_L1","NeuralNetFastAI_r60_BAG_L1","NeuralNetFastAI_r63_BAG_L1","NeuralNetTorch_r147_BAG_L1"],"26":["CatBoost_r158_BAG_L1","CatBoost_r71_BAG_L1","ExtraTrees_r7_BAG_L1","FTTransformer_c3_BAG_L1","KNeighbors_r46_BAG_L1","LightGBM_r39_BAG_L1","LightGBM_r57_BAG_L1","NeuralNetFastAI_r109_BAG_L1","NeuralNetFastAI_r121_BAG_L1","NeuralNetFastAI_r132_BAG_L1","NeuralNetFastAI_r136_BAG_L1","NeuralNetFastAI_r141_BAG_L1","NeuralNetFastAI_r144_BAG_L1","NeuralNetFastAI_r187_BAG_L1","NeuralNetFastAI_r60_BAG_L1","NeuralNetFastAI_r88_BAG_L1","NeuralNetTorch_r74_BAG_L1","XGBoost_r141_BAG_L1"],"27":["CatBoost_r158_BAG_L1","CatBoost_r71_BAG_L1","ExtraTrees_r7_BAG_L1","KNeighbors_r46_BAG_L1","LightGBM_r197_BAG_L1","LightGBM_r39_BAG_L1","LightGBM_r57_BAG_L1","NeuralNetFastAI_r109_BAG_L1","NeuralNetFastAI_r121_BAG_L1","NeuralNetFastAI_r132_BAG_L1","NeuralNetFastAI_r136_BAG_L1","NeuralNetFastAI_r141_BAG_L1","NeuralNetFastAI_r144_BAG_L1","NeuralNetFastAI_r187_BAG_L1","NeuralNetFastAI_r60_BAG_L1","NeuralNetFastAI_r88_BAG_L1","NeuralNetTorch_r74_BAG_L1","XGBoost_r141_BAG_L1"],"28":["CatBoost_r71_BAG_L1","NeuralNetFastAI_r109_BAG_L1","NeuralNetFastAI_r121_BAG_L1","NeuralNetFastAI_r132_BAG_L1","NeuralNetFastAI_r141_BAG_L1","NeuralNetFastAI_r187_BAG_L1","NeuralNetFastAI_r4_BAG_L1","NeuralNetFastAI_r60_BAG_L1","NeuralNetFastAI_r88_BAG_L1","NeuralNetTorch_r140_BAG_L1","XGBoost_r141_BAG_L1"],"29":["CatBoost_r158_BAG_L1","CatBoost_r41_BAG_L1","CatBoost_r71_BAG_L1","ExtraTrees_r7_BAG_L1","KNeighbors_r46_BAG_L1","LightGBM_r39_BAG_L1","LightGBM_r57_BAG_L1","NeuralNetFastAI_r109_BAG_L1","NeuralNetFastAI_r121_BAG_L1","NeuralNetFastAI_r132_BAG_L1","NeuralNetFastAI_r136_BAG_L1","NeuralNetFastAI_r141_BAG_L1","NeuralNetFastAI_r144_BAG_L1","NeuralNetFastAI_r187_BAG_L1","NeuralNetFastAI_r60_BAG_L1","NeuralNetFastAI_r88_BAG_L1","NeuralNetTorch_r74_BAG_L1","XGBoost_r141_BAG_L1"],"30":["CatBoost_r11_BAG_L1","CatBoost_r126_BAG_L1","CatBoost_r163_BAG_L1","CatBoost_r188_BAG_L1","CatBoost_r29_BAG_L1","CatBoost_r59_BAG_L1","CatBoost_r71_BAG_L1","LightGBM_r127_BAG_L1","LightGBM_r175_BAG_L1","LightGBM_r68_BAG_L1","LinearModel_r47_BAG_L1","NeuralNetFastAI_r121_BAG_L1","NeuralNetFastAI_r141_BAG_L1","NeuralNetFastAI_r187_BAG_L1","NeuralNetFastAI_r60_BAG_L1","NeuralNetFastAI_r63_BAG_L1","NeuralNetTorch_r85_BAG_L1","XGBoost_r192_BAG_L1"],"31":["CatBoost_r158_BAG_L1","CatBoost_r71_BAG_L1","ExtraTrees_r7_BAG_L1","KNeighbors_r46_BAG_L1","LightGBM_r39_BAG_L1","LightGBM_r57_BAG_L1","NeuralNetFastAI_r109_BAG_L1","NeuralNetFastAI_r121_BAG_L1","NeuralNetFastAI_r132_BAG_L1","NeuralNetFastAI_r136_BAG_L1","NeuralNetFastAI_r141_BAG_L1","NeuralNetFastAI_r187_BAG_L1","NeuralNetFastAI_r60_BAG_L1","NeuralNetFastAI_r88_BAG_L1","NeuralNetTorch_r74_BAG_L1","RandomForest_r74_BAG_L1","XGBoost_r141_BAG_L1"],"32":["CatBoost_r11_BAG_L1","CatBoost_r29_BAG_L1","CatBoost_r71_BAG_L1","ExtraTrees_r50_BAG_L1","LightGBM_r124_BAG_L1","LightGBM_r46_BAG_L1","NeuralNetFastAI_r109_BAG_L1","NeuralNetFastAI_r121_BAG_L1","NeuralNetFastAI_r132_BAG_L1","NeuralNetFastAI_r141_BAG_L1","NeuralNetFastAI_r187_BAG_L1","NeuralNetFastAI_r4_BAG_L1","NeuralNetFastAI_r60_BAG_L1","NeuralNetFastAI_r88_BAG_L1","NeuralNetTorch_r29_BAG_L1","XGBoost_r141_BAG_L1"],"33":["CatBoost_r158_BAG_L1","CatBoost_r198_BAG_L1","CatBoost_r71_BAG_L1","ExtraTrees_r7_BAG_L1","KNeighbors_r46_BAG_L1","LightGBM_r39_BAG_L1","LightGBM_r57_BAG_L1","NeuralNetFastAI_r109_BAG_L1","NeuralNetFastAI_r121_BAG_L1","NeuralNetFastAI_r132_BAG_L1","NeuralNetFastAI_r136_BAG_L1","NeuralNetFastAI_r141_BAG_L1","NeuralNetFastAI_r187_BAG_L1","NeuralNetFastAI_r60_BAG_L1","NeuralNetFastAI_r88_BAG_L1","NeuralNetTorch_r74_BAG_L1","XGBoost_r141_BAG_L1"],"34":["CatBoost_r158_BAG_L1","CatBoost_r71_BAG_L1","ExtraTrees_r64_BAG_L1","ExtraTrees_r7_BAG_L1","KNeighbors_r46_BAG_L1","LightGBM_r39_BAG_L1","LightGBM_r57_BAG_L1","NeuralNetFastAI_r109_BAG_L1","NeuralNetFastAI_r121_BAG_L1","NeuralNetFastAI_r132_BAG_L1","NeuralNetFastAI_r136_BAG_L1","NeuralNetFastAI_r141_BAG_L1","NeuralNetFastAI_r144_BAG_L1","NeuralNetFastAI_r187_BAG_L1","NeuralNetFastAI_r60_BAG_L1","NeuralNetFastAI_r88_BAG_L1","NeuralNetTorch_r74_BAG_L1","XGBoost_r141_BAG_L1"],"35":["CatBoost_r158_BAG_L1","CatBoost_r71_BAG_L1","ExtraTrees_r7_BAG_L1","KNeighbors_r46_BAG_L1","LightGBM_r21_BAG_L1","LightGBM_r39_BAG_L1","LightGBM_r57_BAG_L1","NeuralNetFastAI_r109_BAG_L1","NeuralNetFastAI_r121_BAG_L1","NeuralNetFastAI_r132_BAG_L1","NeuralNetFastAI_r136_BAG_L1","NeuralNetFastAI_r141_BAG_L1","NeuralNetFastAI_r187_BAG_L1","NeuralNetFastAI_r60_BAG_L1","NeuralNetFastAI_r88_BAG_L1","NeuralNetTorch_r74_BAG_L1","XGBoost_r141_BAG_L1"],"36":["CatBoost_r158_BAG_L1","CatBoost_r71_BAG_L1","ExtraTrees_r7_BAG_L1","KNeighbors_r46_BAG_L1","LightGBM_r39_BAG_L1","LightGBM_r57_BAG_L1","NeuralNetFastAI_r109_BAG_L1","NeuralNetFastAI_r121_BAG_L1","NeuralNetFastAI_r132_BAG_L1","NeuralNetFastAI_r136_BAG_L1","NeuralNetFastAI_r141_BAG_L1","NeuralNetFastAI_r144_BAG_L1","NeuralNetFastAI_r187_BAG_L1","NeuralNetFastAI_r60_BAG_L1","NeuralNetFastAI_r88_BAG_L1","NeuralNetTorch_r15_BAG_L1","NeuralNetTorch_r74_BAG_L1","XGBoost_r141_BAG_L1"],"37":["CatBoost_r158_BAG_L1","CatBoost_r188_BAG_L1","CatBoost_r59_BAG_L1","CatBoost_r71_BAG_L1","ExtraTrees_r7_BAG_L1","ExtraTrees_r92_BAG_L1","KNeighbors_r46_BAG_L1","LightGBM_r39_BAG_L1","LightGBM_r57_BAG_L1","LightGBM_r68_BAG_L1","LinearModel_r47_BAG_L1","NeuralNetFastAI_r109_BAG_L1","NeuralNetFastAI_r121_BAG_L1","NeuralNetFastAI_r132_BAG_L1","NeuralNetFastAI_r136_BAG_L1","NeuralNetFastAI_r141_BAG_L1","NeuralNetFastAI_r144_BAG_L1","NeuralNetFastAI_r187_BAG_L1","NeuralNetFastAI_r60_BAG_L1","NeuralNetFastAI_r63_BAG_L1","NeuralNetFastAI_r88_BAG_L1","NeuralNetTorch_r74_BAG_L1","XGBoost_r141_BAG_L1","XGBoost_r89_BAG_L1"],"38":["CatBoost_r158_BAG_L1","CatBoost_r71_BAG_L1","ExtraTrees_r7_BAG_L1","KNeighbors_r46_BAG_L1","LightGBM_r39_BAG_L1","LightGBM_r57_BAG_L1","NeuralNetFastAI_r109_BAG_L1","NeuralNetFastAI_r121_BAG_L1","NeuralNetFastAI_r132_BAG_L1","NeuralNetFastAI_r136_BAG_L1","NeuralNetFastAI_r141_BAG_L1","NeuralNetFastAI_r144_BAG_L1","NeuralNetFastAI_r187_BAG_L1","NeuralNetFastAI_r60_BAG_L1","NeuralNetFastAI_r88_BAG_L1","NeuralNetTorch_r74_BAG_L1","XGBoost_r141_BAG_L1"],"39":["CatBoost_r158_BAG_L1","CatBoost_r71_BAG_L1","ExtraTrees_r7_BAG_L1","KNeighbors_r46_BAG_L1","LightGBM_r39_BAG_L1","LightGBM_r57_BAG_L1","NeuralNetFastAI_r109_BAG_L1","NeuralNetFastAI_r121_BAG_L1","NeuralNetFastAI_r132_BAG_L1","NeuralNetFastAI_r136_BAG_L1","NeuralNetFastAI_r141_BAG_L1","NeuralNetFastAI_r144_BAG_L1","NeuralNetFastAI_r187_BAG_L1","NeuralNetFastAI_r22_BAG_L1","NeuralNetFastAI_r60_BAG_L1","NeuralNetFastAI_r88_BAG_L1","NeuralNetTorch_r74_BAG_L1","XGBoost_r141_BAG_L1"],"40":["CatBoost_r11_BAG_L1","CatBoost_r29_BAG_L1","CatBoost_r71_BAG_L1","ExtraTrees_r50_BAG_L1","ExtraTrees_r88_BAG_L1","LightGBM_r124_BAG_L1","LightGBM_r46_BAG_L1","NeuralNetFastAI_r109_BAG_L1","NeuralNetFastAI_r121_BAG_L1","NeuralNetFastAI_r132_BAG_L1","NeuralNetFastAI_r141_BAG_L1","NeuralNetFastAI_r187_BAG_L1","NeuralNetFastAI_r4_BAG_L1","NeuralNetFastAI_r60_BAG_L1","NeuralNetFastAI_r88_BAG_L1","NeuralNetTorch_r29_BAG_L1","XGBoost_r141_BAG_L1"],"41":["CatBoost_r71_BAG_L1","ExtraTrees_r7_BAG_L1","KNeighbors_r46_BAG_L1","NeuralNetFastAI_r109_BAG_L1","NeuralNetFastAI_r121_BAG_L1","NeuralNetFastAI_r132_BAG_L1","NeuralNetFastAI_r136_BAG_L1","NeuralNetFastAI_r141_BAG_L1","NeuralNetFastAI_r187_BAG_L1","NeuralNetFastAI_r4_BAG_L1","NeuralNetFastAI_r60_BAG_L1","NeuralNetFastAI_r88_BAG_L1","XGBoost_r141_BAG_L1"]},"weights":{"0":[0.0769230769,0.0769230769,0.0769230769,0.0769230769,0.0769230769,0.0769230769,0.0769230769,0.0769230769,0.0769230769,0.0769230769,0.0769230769,0.0769230769,0.0769230769],"1":[0.0555555556,0.0555555556,0.0555555556,0.0555555556,0.0555555556,0.0555555556,0.0555555556,0.0555555556,0.0555555556,0.0555555556,0.0555555556,0.1111111111,0.0555555556,0.0555555556,0.0555555556,0.0555555556,0.0555555556],"2":[0.0526315789,0.0526315789,0.0526315789,0.0526315789,0.0526315789,0.0526315789,0.0526315789,0.0526315789,0.0526315789,0.0526315789,0.0526315789,0.1052631579,0.0526315789,0.0526315789,0.0526315789,0.0526315789,0.0526315789,0.0526315789],"3":[0.0555555556,0.0555555556,0.0555555556,0.0555555556,0.0555555556,0.0555555556,0.0555555556,0.0555555556,0.0555555556,0.0555555556,0.0555555556,0.0555555556,0.0555555556,0.0555555556,0.0555555556,0.0555555556,0.0555555556,0.0555555556],"4":[0.04,0.04,0.04,0.04,0.04,0.04,0.04,0.04,0.04,0.04,0.04,0.04,0.04,0.04,0.12,0.04,0.04,0.04,0.04,0.04,0.04,0.04,0.04],"5":[0.0833333333,0.0833333333,0.0833333333,0.0833333333,0.0833333333,0.0833333333,0.0833333333,0.0833333333,0.0833333333,0.0833333333,0.0833333333,0.0833333333],"6":[0.0526315789,0.0526315789,0.0526315789,0.0526315789,0.0526315789,0.0526315789,0.0526315789,0.0526315789,0.0526315789,0.0526315789,0.0526315789,0.0526315789,0.0526315789,0.1052631579,0.0526315789,0.0526315789,0.0526315789,0.0526315789],"7":[0.0526315789,0.0526315789,0.0526315789,0.0526315789,0.0526315789,0.0526315789,0.0526315789,0.0526315789,0.0526315789,0.0526315789,0.0526315789,0.1052631579,0.0526315789,0.0526315789,0.0526315789,0.0526315789,0.0526315789,0.0526315789],"8":[0.0625,0.0625,0.0625,0.0625,0.0625,0.0625,0.0625,0.0625,0.0625,0.125,0.0625,0.0625,0.0625,0.0625,0.0625],"9":[0.0555555556,0.0555555556,0.0555555556,0.0555555556,0.0555555556,0.0555555556,0.0555555556,0.0555555556,0.0555555556,0.0555555556,0.0555555556,0.0555555556,0.0555555556,0.0555555556,0.0555555556,0.0555555556,0.0555555556,0.0555555556],"10":[0.3333333333,0.3333333333,0.3333333333],"11":[0.04,0.04,0.04,0.04,0.04,0.04,0.04,0.04,0.04,0.04,0.04,0.04,0.04,0.04,0.12,0.04,0.04,0.04,0.04,0.04,0.04,0.04,0.04],"12":[0.0666666667,0.0666666667,0.0666666667,0.0666666667,0.0666666667,0.0666666667,0.0666666667,0.1333333333,0.0666666667,0.0666666667,0.0666666667,0.0666666667,0.0666666667,0.0666666667],"13":[0.0666666667,0.0666666667,0.0666666667,0.0666666667,0.0666666667,0.0666666667,0.1333333333,0.0666666667,0.0666666667,0.0666666667,0.0666666667,0.0666666667,0.0666666667,0.0666666667],"14":[0.1666666667,0.1666666667,0.1666666667,0.1666666667,0.1666666667,0.1666666667],"15":[0.25,0.25,0.25,0.25],"16":[0.0625,0.0625,0.0625,0.0625,0.0625,0.0625,0.0625,0.0625,0.0625,0.125,0.0625,0.0625,0.0625,0.0625,0.0625],"17":[0.0588235294,0.0588235294,0.0588235294,0.0588235294,0.0588235294,0.0588235294,0.0588235294,0.0588235294,0.0588235294,0.0588235294,0.1176470588,0.0588235294,0.0588235294,0.0588235294,0.0588235294,0.0588235294],"18":[0.0769230769,0.0769230769,0.0769230769,0.0769230769,0.0769230769,0.0769230769,0.2307692308,0.0769230769,0.0769230769,0.0769230769,0.0769230769],"19":[0.05,0.05,0.05,0.05,0.05,0.05,0.05,0.05,0.05,0.05,0.05,0.1,0.05,0.05,0.05,0.05,0.05,0.05,0.05],"20":[0.3333333333,0.3333333333,0.3333333333],"21":[0.0416666667,0.0416666667,0.0416666667,0.0416666667,0.0416666667,0.0416666667,0.0416666667,0.0416666667,0.0416666667,0.0416666667,0.0416666667,0.0416666667,0.0416666667,0.125,0.0416666667,0.0416666667,0.0416666667,0.0416666667,0.0416666667,0.0416666667,0.0416666667,0.0416666667],"22":[0.0555555556,0.0555555556,0.0555555556,0.0555555556,0.0555555556,0.0555555556,0.0555555556,0.0555555556,0.0555555556,0.0555555556,0.1111111111,0.0555555556,0.0555555556,0.0555555556,0.0555555556,0.0555555556,0.0555555556],"23":[0.25,0.25,0.25,0.25],"24":[0.0588235294,0.0588235294,0.0588235294,0.0588235294,0.0588235294,0.0588235294,0.0588235294,0.0588235294,0.0588235294,0.1176470588,0.0588235294,0.0588235294,0.0588235294,0.0588235294,0.0588235294,0.0588235294],"25":[0.0666666667,0.0666666667,0.0666666667,0.0666666667,0.0666666667,0.0666666667,0.0666666667,0.0666666667,0.0666666667,0.0666666667,0.0666666667,0.0666666667,0.0666666667,0.0666666667,0.0666666667],"26":[0.0526315789,0.0526315789,0.0526315789,0.0526315789,0.0526315789,0.0526315789,0.0526315789,0.0526315789,0.0526315789,0.0526315789,0.0526315789,0.1052631579,0.0526315789,0.0526315789,0.0526315789,0.0526315789,0.0526315789,0.0526315789],"27":[0.05,0.05,0.05,0.05,0.05,0.05,0.05,0.05,0.05,0.05,0.05,0.15,0.05,0.05,0.05,0.05,0.05,0.05],"28":[0.0833333333,0.1666666667,0.0833333333,0.0833333333,0.0833333333,0.0833333333,0.0833333333,0.0833333333,0.0833333333,0.0833333333,0.0833333333],"29":[0.0526315789,0.0526315789,0.0526315789,0.0526315789,0.0526315789,0.0526315789,0.0526315789,0.0526315789,0.0526315789,0.0526315789,0.0526315789,0.1052631579,0.0526315789,0.0526315789,0.0526315789,0.0526315789,0.0526315789,0.0526315789],"30":[0.0555555556,0.0555555556,0.0555555556,0.0555555556,0.0555555556,0.0555555556,0.0555555556,0.0555555556,0.0555555556,0.0555555556,0.0555555556,0.0555555556,0.0555555556,0.0555555556,0.0555555556,0.0555555556,0.0555555556,0.0555555556],"31":[0.0555555556,0.0555555556,0.0555555556,0.0555555556,0.0555555556,0.0555555556,0.0555555556,0.0555555556,0.0555555556,0.0555555556,0.1111111111,0.0555555556,0.0555555556,0.0555555556,0.0555555556,0.0555555556,0.0555555556],"32":[0.0625,0.0625,0.0625,0.0625,0.0625,0.0625,0.0625,0.0625,0.0625,0.0625,0.0625,0.0625,0.0625,0.0625,0.0625,0.0625],"33":[0.0555555556,0.0555555556,0.0555555556,0.0555555556,0.0555555556,0.0555555556,0.0555555556,0.0555555556,0.0555555556,0.0555555556,0.0555555556,0.1111111111,0.0555555556,0.0555555556,0.0555555556,0.0555555556,0.0555555556],"34":[0.05,0.05,0.05,0.05,0.05,0.05,0.05,0.05,0.05,0.05,0.05,0.15,0.05,0.05,0.05,0.05,0.05,0.05],"35":[0.0555555556,0.0555555556,0.0555555556,0.0555555556,0.0555555556,0.0555555556,0.0555555556,0.0555555556,0.0555555556,0.0555555556,0.0555555556,0.1111111111,0.0555555556,0.0555555556,0.0555555556,0.0555555556,0.0555555556],"36":[0.0526315789,0.0526315789,0.0526315789,0.0526315789,0.0526315789,0.0526315789,0.0526315789,0.0526315789,0.0526315789,0.0526315789,0.1052631579,0.0526315789,0.0526315789,0.0526315789,0.0526315789,0.0526315789,0.0526315789,0.0526315789],"37":[0.04,0.04,0.04,0.04,0.04,0.04,0.04,0.04,0.04,0.04,0.04,0.04,0.04,0.04,0.04,0.08,0.04,0.04,0.04,0.04,0.04,0.04,0.04,0.04],"38":[0.0555555556,0.0555555556,0.0555555556,0.0555555556,0.0555555556,0.0555555556,0.0555555556,0.0555555556,0.0555555556,0.0555555556,0.1111111111,0.0555555556,0.0555555556,0.0555555556,0.0555555556,0.0555555556,0.0555555556],"39":[0.0526315789,0.0526315789,0.0526315789,0.0526315789,0.0526315789,0.0526315789,0.0526315789,0.0526315789,0.0526315789,0.0526315789,0.1052631579,0.0526315789,0.0526315789,0.0526315789,0.0526315789,0.0526315789,0.0526315789,0.0526315789],"40":[0.0588235294,0.0588235294,0.0588235294,0.0588235294,0.0588235294,0.0588235294,0.0588235294,0.0588235294,0.0588235294,0.0588235294,0.0588235294,0.0588235294,0.0588235294,0.0588235294,0.0588235294,0.0588235294,0.0588235294],"41":[0.0714285714,0.0714285714,0.0714285714,0.0714285714,0.0714285714,0.0714285714,0.0714285714,0.1428571429,0.0714285714,0.0714285714,0.0714285714,0.0714285714,0.0714285714]},"meta":{"0":25,"1":12,"2":18,"3":13,"4":3,"5":16,"6":13,"7":15,"8":15,"9":18,"10":20,"11":15,"12":4,"13":18,"14":16,"15":18,"16":17,"17":19,"18":20,"19":14,"20":18,"21":25,"22":19,"23":19,"24":17,"25":6,"26":20,"27":17,"28":18,"29":19,"30":3,"31":18,"32":25,"33":18,"34":24,"35":12,"36":19,"37":16,"38":19,"39":18,"40":19,"41":4},"task":{"0":"37_0","1":"37_0","2":"37_0","3":"37_0","4":"37_0","5":"37_0","6":"37_0","7":"37_0","8":"37_0","9":"37_0","10":"37_0","11":"37_0","12":"37_0","13":"37_0","14":"37_0","15":"37_0","16":"37_0","17":"37_0","18":"37_0","19":"37_0","20":"37_0","21":"37_0","22":"37_0","23":"37_0","24":"37_0","25":"37_0","26":"37_0","27":"37_0","28":"37_0","29":"37_0","30":"37_0","31":"37_0","32":"37_0","33":"37_0","34":"37_0","35":"37_0","36":"37_0","37":"37_0","38":"37_0","39":"37_0","40":"37_0","41":"37_0"},"dataset":{"0":"diabetes","1":"diabetes","2":"diabetes","3":"diabetes","4":"diabetes","5":"diabetes","6":"diabetes","7":"diabetes","8":"diabetes","9":"diabetes","10":"diabetes","11":"diabetes","12":"diabetes","13":"diabetes","14":"diabetes","15":"diabetes","16":"diabetes","17":"diabetes","18":"diabetes","19":"diabetes","20":"diabetes","21":"diabetes","22":"diabetes","23":"diabetes","24":"diabetes","25":"diabetes","26":"diabetes","27":"diabetes","28":"diabetes","29":"diabetes","30":"diabetes","31":"diabetes","32":"diabetes","33":"diabetes","34":"diabetes","35":"diabetes","36":"diabetes","37":"diabetes","38":"diabetes","39":"diabetes","40":"diabetes","41":"diabetes"},"fold":{"0":0,"1":0,"2":0,"3":0,"4":0,"5":0,"6":0,"7":0,"8":0,"9":0,"10":0,"11":0,"12":0,"13":0,"14":0,"15":0,"16":0,"17":0,"18":0,"19":0,"20":0,"21":0,"22":0,"23":0,"24":0,"25":0,"26":0,"27":0,"28":0,"29":0,"30":0,"31":0,"32":0,"33":0,"34":0,"35":0,"36":0,"37":0,"38":0,"39":0,"40":0,"41":0},"method":{"0":"QDO","1":"QDO","2":"QDO","3":"QDO","4":"QDO","5":"QDO","6":"QDO","7":"QDO","8":"QDO","9":"QDO","10":"QDO","11":"QDO","12":"QDO","13":"QDO","14":"QDO","15":"QDO","16":"QDO","17":"QDO","18":"QDO","19":"QDO","20":"QDO","21":"QDO","22":"QDO","23":"QDO","24":"QDO","25":"QDO","26":"QDO","27":"QDO","28":"QDO","29":"QDO","30":"QDO","31":"QDO","32":"QDO","33":"QDO","34":"QDO","35":"QDO","36":"QDO","37":"QDO","38":"QDO","39":"QDO","40":"QDO","41":"QDO"}}