{"name":{"0":"QDO_0","1":"QDO_1","2":"QDO_2","3":"QDO_3","4":"QDO_4","5":"QDO_5","6":"QDO_6","7":"QDO_7","8":"QDO_8","9":"QDO_9","10":"QDO_10","11":"QDO_11","12":"QDO_12","13":"QDO_13","14":"QDO_14","15":"QDO_15","16":"QDO_16","17":"QDO_17","18":"QDO_18","19":"QDO_19","20":"QDO_20","21":"QDO_21","22":"QDO_22","23":"QDO_23","24":"QDO_24","25":"QDO_25","26":"QDO_26","27":"QDO_27","28":"QDO_28","29":"QDO_29","30":"QDO_30","31":"QDO_31","32":"QDO_32","33":"QDO_33","34":"QDO_34","35":"QDO_35","36":"QDO_36","37":"QDO_37","38":"QDO_38","39":"QDO_39","40":"QDO_40","41":"QDO_41"},"roc_auc_val":{"0":0.9886864679,"1":0.9888918951,"2":0.9889069264,"3":0.9886864679,"4":0.9883407488,"5":0.9789812811,"6":0.9748627144,"7":0.9886163219,"8":0.9889069264,"9":0.9883808321,"10":0.9888468013,"11":0.9887966971,"12":0.9848635161,"13":0.9884209155,"14":0.9885862594,"15":0.9885662177,"16":0.9886213324,"17":0.9863816739,"18":0.9726781706,"19":0.9886914783,"20":0.9859808401,"21":0.9888468013,"22":0.9882756133,"23":0.9889069264,"24":0.9886513949,"25":0.9880802068,"26":0.988260582,"27":0.9886463845,"28":0.983781265,"29":0.9887666346,"30":0.9886063011,"31":0.9888217492,"32":0.9887465929,"33":0.9885511865,"34":0.988486051,"35":0.9884008738,"36":0.9887516033,"37":0.9887916867,"38":0.987654321,"39":0.9880852173,"40":0.9885662177,"41":0.9885662177},"roc_auc_test":{"0":0.9878246753,"1":0.987012987,"2":0.9878246753,"3":0.9874188312,"4":0.9874188312,"5":0.9841720779,"6":0.9797077922,"7":0.9878246753,"8":0.987012987,"9":0.9886363636,"10":0.9866071429,"11":0.987012987,"12":0.9874188312,"13":0.9878246753,"14":0.9894480519,"15":0.9874188312,"16":0.9866071429,"17":0.9886363636,"18":0.9772727273,"19":0.9866071429,"20":0.987012987,"21":0.987012987,"22":0.9886363636,"23":0.987012987,"24":0.9874188312,"25":0.9882305195,"26":0.9878246753,"27":0.987012987,"28":0.9878246753,"29":0.9866071429,"30":0.9894480519,"31":0.9866071429,"32":0.987012987,"33":0.9882305195,"34":0.9882305195,"35":0.9878246753,"36":0.9874188312,"37":0.987012987,"38":0.9878246753,"39":0.9890422078,"40":0.9882305195,"41":0.9882305195},"models_used":{"0":["CatBoost_r193_BAG_L1","ExtraTrees_r128_BAG_L1","ExtraTrees_r195_BAG_L1","ExtraTrees_r34_BAG_L1","NeuralNetFastAI_r128_BAG_L1","NeuralNetFastAI_r147_BAG_L1","NeuralNetFastAI_r163_BAG_L1","NeuralNetFastAI_r1_BAG_L1","NeuralNetFastAI_r23_BAG_L1","NeuralNetFastAI_r67_BAG_L1","NeuralNetTorch_r115_BAG_L1","NeuralNetTorch_r136_BAG_L1","NeuralNetTorch_r143_BAG_L1","NeuralNetTorch_r148_BAG_L1","NeuralNetTorch_r160_BAG_L1","NeuralNetTorch_r174_BAG_L1","NeuralNetTorch_r176_BAG_L1","NeuralNetTorch_r184_BAG_L1","NeuralNetTorch_r31_BAG_L1","NeuralNetTorch_r37_BAG_L1","NeuralNetTorch_r40_BAG_L1","NeuralNetTorch_r56_BAG_L1","NeuralNetTorch_r59_BAG_L1","NeuralNetTorch_r5_BAG_L1","NeuralNetTorch_r66_BAG_L1","NeuralNetTorch_r89_BAG_L1","RandomForest_r197_BAG_L1"],"1":["CatBoost_r193_BAG_L1","ExtraTrees_r128_BAG_L1","ExtraTrees_r195_BAG_L1","ExtraTrees_r51_BAG_L1","NeuralNetFastAI_r163_BAG_L1","NeuralNetFastAI_r1_BAG_L1","NeuralNetFastAI_r67_BAG_L1","NeuralNetTorch_r115_BAG_L1","NeuralNetTorch_r136_BAG_L1","NeuralNetTorch_r143_BAG_L1","NeuralNetTorch_r148_BAG_L1","NeuralNetTorch_r160_BAG_L1","NeuralNetTorch_r174_BAG_L1","NeuralNetTorch_r176_BAG_L1","NeuralNetTorch_r184_BAG_L1","NeuralNetTorch_r31_BAG_L1","NeuralNetTorch_r37_BAG_L1","NeuralNetTorch_r40_BAG_L1","NeuralNetTorch_r56_BAG_L1","NeuralNetTorch_r59_BAG_L1","NeuralNetTorch_r5_BAG_L1","NeuralNetTorch_r66_BAG_L1","NeuralNetTorch_r89_BAG_L1"],"2":["CatBoost_r193_BAG_L1","ExtraTrees_r128_BAG_L1","ExtraTrees_r195_BAG_L1","NeuralNetFastAI_r150_BAG_L1","NeuralNetFastAI_r163_BAG_L1","NeuralNetFastAI_r1_BAG_L1","NeuralNetFastAI_r67_BAG_L1","NeuralNetTorch_r115_BAG_L1","NeuralNetTorch_r136_BAG_L1","NeuralNetTorch_r143_BAG_L1","NeuralNetTorch_r148_BAG_L1","NeuralNetTorch_r160_BAG_L1","NeuralNetTorch_r174_BAG_L1","NeuralNetTorch_r176_BAG_L1","NeuralNetTorch_r184_BAG_L1","NeuralNetTorch_r31_BAG_L1","NeuralNetTorch_r37_BAG_L1","NeuralNetTorch_r40_BAG_L1","NeuralNetTorch_r56_BAG_L1","NeuralNetTorch_r59_BAG_L1","NeuralNetTorch_r5_BAG_L1","NeuralNetTorch_r66_BAG_L1","NeuralNetTorch_r89_BAG_L1"],"3":["CatBoost_r193_BAG_L1","ExtraTrees_r195_BAG_L1","NeuralNetFastAI_r163_BAG_L1","NeuralNetFastAI_r1_BAG_L1","NeuralNetTorch_r115_BAG_L1","NeuralNetTorch_r136_BAG_L1","NeuralNetTorch_r143_BAG_L1","NeuralNetTorch_r160_BAG_L1","NeuralNetTorch_r174_BAG_L1","NeuralNetTorch_r176_BAG_L1","NeuralNetTorch_r184_BAG_L1","NeuralNetTorch_r31_BAG_L1","NeuralNetTorch_r37_BAG_L1","NeuralNetTorch_r40_BAG_L1","NeuralNetTorch_r53_BAG_L1","NeuralNetTorch_r56_BAG_L1","NeuralNetTorch_r59_BAG_L1","NeuralNetTorch_r5_BAG_L1","NeuralNetTorch_r66_BAG_L1","NeuralNetTorch_r89_BAG_L1"],"4":["CatBoost_r193_BAG_L1","ExtraTrees_r128_BAG_L1","ExtraTrees_r195_BAG_L1","ExtraTrees_r34_BAG_L1","NeuralNetFastAI_r128_BAG_L1","NeuralNetFastAI_r147_BAG_L1","NeuralNetFastAI_r160_BAG_L1","NeuralNetFastAI_r163_BAG_L1","NeuralNetFastAI_r1_BAG_L1","NeuralNetFastAI_r23_BAG_L1","NeuralNetFastAI_r34_BAG_L1","NeuralNetFastAI_r67_BAG_L1","NeuralNetTorch_r115_BAG_L1","NeuralNetTorch_r136_BAG_L1","NeuralNetTorch_r143_BAG_L1","NeuralNetTorch_r148_BAG_L1","NeuralNetTorch_r160_BAG_L1","NeuralNetTorch_r174_BAG_L1","NeuralNetTorch_r176_BAG_L1","NeuralNetTorch_r184_BAG_L1","NeuralNetTorch_r31_BAG_L1","NeuralNetTorch_r37_BAG_L1","NeuralNetTorch_r40_BAG_L1","NeuralNetTorch_r56_BAG_L1","NeuralNetTorch_r59_BAG_L1","NeuralNetTorch_r5_BAG_L1","NeuralNetTorch_r66_BAG_L1","NeuralNetTorch_r89_BAG_L1","RandomForest_r197_BAG_L1","RandomForest_r71_BAG_L1"],"5":["CatBoost_r143_BAG_L1","NeuralNetTorch_r125_BAG_L1","NeuralNetTorch_r139_BAG_L1"],"6":["CatBoost_r122_BAG_L1","CatBoost_r165_BAG_L1","CatBoost_r179_BAG_L1","CatBoost_r38_BAG_L1","LightGBM_r15_BAG_L1","LightGBM_r182_BAG_L1","LightGBM_r30_BAG_L1","NeuralNetFastAI_r88_BAG_L1"],"7":["CatBoost_r193_BAG_L1","ExtraTrees_r195_BAG_L1","NeuralNetFastAI_r163_BAG_L1","NeuralNetFastAI_r1_BAG_L1","NeuralNetTorch_r136_BAG_L1","NeuralNetTorch_r143_BAG_L1","NeuralNetTorch_r174_BAG_L1","NeuralNetTorch_r176_BAG_L1","NeuralNetTorch_r184_BAG_L1","NeuralNetTorch_r31_BAG_L1","NeuralNetTorch_r37_BAG_L1","NeuralNetTorch_r40_BAG_L1","NeuralNetTorch_r56_BAG_L1","NeuralNetTorch_r59_BAG_L1","NeuralNetTorch_r5_BAG_L1","NeuralNetTorch_r66_BAG_L1","NeuralNetTorch_r89_BAG_L1"],"8":["CatBoost_r193_BAG_L1","ExtraTrees_r128_BAG_L1","ExtraTrees_r195_BAG_L1","NeuralNetFastAI_r128_BAG_L1","NeuralNetFastAI_r147_BAG_L1","NeuralNetFastAI_r163_BAG_L1","NeuralNetFastAI_r1_BAG_L1","NeuralNetFastAI_r67_BAG_L1","NeuralNetTorch_r115_BAG_L1","NeuralNetTorch_r136_BAG_L1","NeuralNetTorch_r143_BAG_L1","NeuralNetTorch_r148_BAG_L1","NeuralNetTorch_r160_BAG_L1","NeuralNetTorch_r174_BAG_L1","NeuralNetTorch_r176_BAG_L1","NeuralNetTorch_r184_BAG_L1","NeuralNetTorch_r31_BAG_L1","NeuralNetTorch_r37_BAG_L1","NeuralNetTorch_r40_BAG_L1","NeuralNetTorch_r56_BAG_L1","NeuralNetTorch_r59_BAG_L1","NeuralNetTorch_r5_BAG_L1","NeuralNetTorch_r66_BAG_L1","NeuralNetTorch_r89_BAG_L1"],"9":["CatBoost_r193_BAG_L1","ExtraTrees_r195_BAG_L1","NeuralNetFastAI_r163_BAG_L1","NeuralNetFastAI_r1_BAG_L1","NeuralNetTorch_r136_BAG_L1","NeuralNetTorch_r143_BAG_L1","NeuralNetTorch_r174_BAG_L1","NeuralNetTorch_r176_BAG_L1","NeuralNetTorch_r184_BAG_L1","NeuralNetTorch_r37_BAG_L1","NeuralNetTorch_r40_BAG_L1","NeuralNetTorch_r56_BAG_L1","NeuralNetTorch_r59_BAG_L1","NeuralNetTorch_r5_BAG_L1","NeuralNetTorch_r89_BAG_L1"],"10":["CatBoost_r193_BAG_L1","ExtraTrees_r195_BAG_L1","NeuralNetFastAI_r163_BAG_L1","NeuralNetFastAI_r1_BAG_L1","NeuralNetFastAI_r67_BAG_L1","NeuralNetTorch_r115_BAG_L1","NeuralNetTorch_r136_BAG_L1","NeuralNetTorch_r143_BAG_L1","NeuralNetTorch_r160_BAG_L1","NeuralNetTorch_r174_BAG_L1","NeuralNetTorch_r176_BAG_L1","NeuralNetTorch_r184_BAG_L1","NeuralNetTorch_r31_BAG_L1","NeuralNetTorch_r37_BAG_L1","NeuralNetTorch_r40_BAG_L1","NeuralNetTorch_r56_BAG_L1","NeuralNetTorch_r59_BAG_L1","NeuralNetTorch_r5_BAG_L1","NeuralNetTorch_r66_BAG_L1","NeuralNetTorch_r89_BAG_L1"],"11":["CatBoost_r193_BAG_L1","ExtraTrees_r195_BAG_L1","NeuralNetFastAI_r163_BAG_L1","NeuralNetFastAI_r1_BAG_L1","NeuralNetFastAI_r67_BAG_L1","NeuralNetTorch_r115_BAG_L1","NeuralNetTorch_r136_BAG_L1","NeuralNetTorch_r143_BAG_L1","NeuralNetTorch_r160_BAG_L1","NeuralNetTorch_r174_BAG_L1","NeuralNetTorch_r176_BAG_L1","NeuralNetTorch_r184_BAG_L1","NeuralNetTorch_r31_BAG_L1","NeuralNetTorch_r37_BAG_L1","NeuralNetTorch_r40_BAG_L1","NeuralNetTorch_r56_BAG_L1","NeuralNetTorch_r59_BAG_L1","NeuralNetTorch_r5_BAG_L1","NeuralNetTorch_r66_BAG_L1","NeuralNetTorch_r87_BAG_L1","NeuralNetTorch_r89_BAG_L1"],"12":["CatBoost_r179_BAG_L1","CatBoost_r193_BAG_L1","CatBoost_r38_BAG_L1","ExtraTrees_r195_BAG_L1","LightGBM_r30_BAG_L1","NeuralNetFastAI_r163_BAG_L1","NeuralNetTorch_r136_BAG_L1","NeuralNetTorch_r143_BAG_L1","NeuralNetTorch_r176_BAG_L1","NeuralNetTorch_r184_BAG_L1","NeuralNetTorch_r40_BAG_L1","NeuralNetTorch_r56_BAG_L1","NeuralNetTorch_r5_BAG_L1","XGBoost_r189_BAG_L1"],"13":["CatBoost_r193_BAG_L1","ExtraTrees_r195_BAG_L1","NeuralNetFastAI_r163_BAG_L1","NeuralNetFastAI_r1_BAG_L1","NeuralNetTorch_r136_BAG_L1","NeuralNetTorch_r143_BAG_L1","NeuralNetTorch_r174_BAG_L1","NeuralNetTorch_r176_BAG_L1","NeuralNetTorch_r184_BAG_L1","NeuralNetTorch_r31_BAG_L1","NeuralNetTorch_r37_BAG_L1","NeuralNetTorch_r40_BAG_L1","NeuralNetTorch_r56_BAG_L1","NeuralNetTorch_r59_BAG_L1","NeuralNetTorch_r5_BAG_L1","NeuralNetTorch_r89_BAG_L1","RandomForest_r67_BAG_L1"],"14":["CatBoost_r193_BAG_L1","ExtraTrees_r195_BAG_L1","NeuralNetFastAI_r163_BAG_L1","NeuralNetFastAI_r1_BAG_L1","NeuralNetFastAI_r74_BAG_L1","NeuralNetTorch_r136_BAG_L1","NeuralNetTorch_r143_BAG_L1","NeuralNetTorch_r149_BAG_L1","NeuralNetTorch_r174_BAG_L1","NeuralNetTorch_r176_BAG_L1","NeuralNetTorch_r184_BAG_L1","NeuralNetTorch_r31_BAG_L1","NeuralNetTorch_r37_BAG_L1","NeuralNetTorch_r40_BAG_L1","NeuralNetTorch_r41_BAG_L1","NeuralNetTorch_r56_BAG_L1","NeuralNetTorch_r59_BAG_L1","NeuralNetTorch_r5_BAG_L1","NeuralNetTorch_r89_BAG_L1"],"15":["CatBoost_r193_BAG_L1","ExtraTrees_r195_BAG_L1","NeuralNetFastAI_r163_BAG_L1","NeuralNetFastAI_r1_BAG_L1","NeuralNetTorch_r136_BAG_L1","NeuralNetTorch_r143_BAG_L1","NeuralNetTorch_r146_BAG_L1","NeuralNetTorch_r174_BAG_L1","NeuralNetTorch_r176_BAG_L1","NeuralNetTorch_r184_BAG_L1","NeuralNetTorch_r28_BAG_L1","NeuralNetTorch_r31_BAG_L1","NeuralNetTorch_r37_BAG_L1","NeuralNetTorch_r40_BAG_L1","NeuralNetTorch_r56_BAG_L1","NeuralNetTorch_r59_BAG_L1","NeuralNetTorch_r5_BAG_L1","NeuralNetTorch_r66_BAG_L1","NeuralNetTorch_r89_BAG_L1"],"16":["CatBoost_r193_BAG_L1","ExtraTrees_r195_BAG_L1","NeuralNetFastAI_r163_BAG_L1","NeuralNetFastAI_r1_BAG_L1","NeuralNetFastAI_r67_BAG_L1","NeuralNetTorch_r107_BAG_L1","NeuralNetTorch_r115_BAG_L1","NeuralNetTorch_r136_BAG_L1","NeuralNetTorch_r143_BAG_L1","NeuralNetTorch_r146_BAG_L1","NeuralNetTorch_r160_BAG_L1","NeuralNetTorch_r174_BAG_L1","NeuralNetTorch_r176_BAG_L1","NeuralNetTorch_r184_BAG_L1","NeuralNetTorch_r31_BAG_L1","NeuralNetTorch_r37_BAG_L1","NeuralNetTorch_r40_BAG_L1","NeuralNetTorch_r56_BAG_L1","NeuralNetTorch_r59_BAG_L1","NeuralNetTorch_r5_BAG_L1","NeuralNetTorch_r66_BAG_L1","NeuralNetTorch_r89_BAG_L1"],"17":["CatBoost_r193_BAG_L1","CatBoost_r53_BAG_L1","NeuralNetTorch_r119_BAG_L1","NeuralNetTorch_r136_BAG_L1","NeuralNetTorch_r141_BAG_L1","NeuralNetTorch_r143_BAG_L1","NeuralNetTorch_r176_BAG_L1","NeuralNetTorch_r184_BAG_L1","NeuralNetTorch_r56_BAG_L1","NeuralNetTorch_r5_BAG_L1","NeuralNetTorch_r88_BAG_L1","RandomForest_r98_BAG_L1"],"18":["CatBoost_r110_BAG_L1","CatBoost_r179_BAG_L1","LightGBM_r30_BAG_L1"],"19":["CatBoost_r193_BAG_L1","ExtraTrees_r128_BAG_L1","ExtraTrees_r195_BAG_L1","LinearModel_r7_BAG_L1","NeuralNetFastAI_r128_BAG_L1","NeuralNetFastAI_r147_BAG_L1","NeuralNetFastAI_r163_BAG_L1","NeuralNetFastAI_r1_BAG_L1","NeuralNetFastAI_r67_BAG_L1","NeuralNetTorch_r115_BAG_L1","NeuralNetTorch_r136_BAG_L1","NeuralNetTorch_r143_BAG_L1","NeuralNetTorch_r148_BAG_L1","NeuralNetTorch_r160_BAG_L1","NeuralNetTorch_r174_BAG_L1","NeuralNetTorch_r176_BAG_L1","NeuralNetTorch_r184_BAG_L1","NeuralNetTorch_r31_BAG_L1","NeuralNetTorch_r37_BAG_L1","NeuralNetTorch_r40_BAG_L1","NeuralNetTorch_r56_BAG_L1","NeuralNetTorch_r59_BAG_L1","NeuralNetTorch_r5_BAG_L1","NeuralNetTorch_r66_BAG_L1","NeuralNetTorch_r89_BAG_L1"],"20":["CatBoost_r193_BAG_L1","NeuralNetFastAI_r104_BAG_L1","NeuralNetFastAI_r137_BAG_L1","NeuralNetFastAI_r163_BAG_L1","NeuralNetFastAI_r165_BAG_L1","NeuralNetTorch_r136_BAG_L1","NeuralNetTorch_r143_BAG_L1","NeuralNetTorch_r176_BAG_L1","NeuralNetTorch_r184_BAG_L1","NeuralNetTorch_r56_BAG_L1","NeuralNetTorch_r5_BAG_L1"],"21":["CatBoost_r193_BAG_L1","ExtraTrees_r195_BAG_L1","NeuralNetFastAI_r163_BAG_L1","NeuralNetFastAI_r1_BAG_L1","NeuralNetFastAI_r67_BAG_L1","NeuralNetTorch_r113_BAG_L1","NeuralNetTorch_r115_BAG_L1","NeuralNetTorch_r136_BAG_L1","NeuralNetTorch_r143_BAG_L1","NeuralNetTorch_r160_BAG_L1","NeuralNetTorch_r174_BAG_L1","NeuralNetTorch_r176_BAG_L1","NeuralNetTorch_r184_BAG_L1","NeuralNetTorch_r31_BAG_L1","NeuralNetTorch_r37_BAG_L1","NeuralNetTorch_r40_BAG_L1","NeuralNetTorch_r56_BAG_L1","NeuralNetTorch_r59_BAG_L1","NeuralNetTorch_r5_BAG_L1","NeuralNetTorch_r66_BAG_L1","NeuralNetTorch_r89_BAG_L1"],"22":["CatBoost_r193_BAG_L1","ExtraTrees_r195_BAG_L1","NeuralNetFastAI_r128_BAG_L1","NeuralNetFastAI_r147_BAG_L1","NeuralNetFastAI_r163_BAG_L1","NeuralNetFastAI_r1_BAG_L1","NeuralNetTorch_r136_BAG_L1","NeuralNetTorch_r143_BAG_L1","NeuralNetTorch_r174_BAG_L1","NeuralNetTorch_r176_BAG_L1","NeuralNetTorch_r184_BAG_L1","NeuralNetTorch_r31_BAG_L1","NeuralNetTorch_r37_BAG_L1","NeuralNetTorch_r40_BAG_L1","NeuralNetTorch_r56_BAG_L1","NeuralNetTorch_r59_BAG_L1","NeuralNetTorch_r5_BAG_L1","NeuralNetTorch_r66_BAG_L1","NeuralNetTorch_r69_BAG_L1","NeuralNetTorch_r89_BAG_L1","RandomForest_r98_BAG_L1"],"23":["CatBoost_r193_BAG_L1","ExtraTrees_r128_BAG_L1","ExtraTrees_r195_BAG_L1","NeuralNetFastAI_r163_BAG_L1","NeuralNetFastAI_r1_BAG_L1","NeuralNetFastAI_r67_BAG_L1","NeuralNetTorch_r115_BAG_L1","NeuralNetTorch_r136_BAG_L1","NeuralNetTorch_r143_BAG_L1","NeuralNetTorch_r148_BAG_L1","NeuralNetTorch_r160_BAG_L1","NeuralNetTorch_r174_BAG_L1","NeuralNetTorch_r176_BAG_L1","NeuralNetTorch_r184_BAG_L1","NeuralNetTorch_r31_BAG_L1","NeuralNetTorch_r37_BAG_L1","NeuralNetTorch_r40_BAG_L1","NeuralNetTorch_r56_BAG_L1","NeuralNetTorch_r59_BAG_L1","NeuralNetTorch_r5_BAG_L1","NeuralNetTorch_r66_BAG_L1","NeuralNetTorch_r89_BAG_L1"],"24":["CatBoost_r193_BAG_L1","ExtraTrees_r195_BAG_L1","NeuralNetFastAI_r147_BAG_L1","NeuralNetFastAI_r163_BAG_L1","NeuralNetFastAI_r1_BAG_L1","NeuralNetFastAI_r67_BAG_L1","NeuralNetTorch_r115_BAG_L1","NeuralNetTorch_r136_BAG_L1","NeuralNetTorch_r143_BAG_L1","NeuralNetTorch_r160_BAG_L1","NeuralNetTorch_r174_BAG_L1","NeuralNetTorch_r176_BAG_L1","NeuralNetTorch_r184_BAG_L1","NeuralNetTorch_r31_BAG_L1","NeuralNetTorch_r37_BAG_L1","NeuralNetTorch_r40_BAG_L1","NeuralNetTorch_r56_BAG_L1","NeuralNetTorch_r59_BAG_L1","NeuralNetTorch_r5_BAG_L1","NeuralNetTorch_r66_BAG_L1","NeuralNetTorch_r89_BAG_L1","RandomForest_r38_BAG_L1"],"25":["CatBoost_r193_BAG_L1","ExtraTrees_r195_BAG_L1","ExtraTrees_r34_BAG_L1","NeuralNetFastAI_r147_BAG_L1","NeuralNetFastAI_r160_BAG_L1","NeuralNetFastAI_r163_BAG_L1","NeuralNetFastAI_r1_BAG_L1","NeuralNetFastAI_r23_BAG_L1","NeuralNetTorch_r136_BAG_L1","NeuralNetTorch_r143_BAG_L1","NeuralNetTorch_r174_BAG_L1","NeuralNetTorch_r176_BAG_L1","NeuralNetTorch_r184_BAG_L1","NeuralNetTorch_r31_BAG_L1","NeuralNetTorch_r37_BAG_L1","NeuralNetTorch_r40_BAG_L1","NeuralNetTorch_r56_BAG_L1","NeuralNetTorch_r59_BAG_L1","NeuralNetTorch_r5_BAG_L1","NeuralNetTorch_r66_BAG_L1","NeuralNetTorch_r89_BAG_L1","RandomForest_r197_BAG_L1"],"26":["CatBoost_r193_BAG_L1","ExtraTrees_r195_BAG_L1","ExtraTrees_r34_BAG_L1","ExtraTrees_r95_BAG_L1","NeuralNetFastAI_r128_BAG_L1","NeuralNetFastAI_r147_BAG_L1","NeuralNetFastAI_r163_BAG_L1","NeuralNetFastAI_r1_BAG_L1","NeuralNetFastAI_r23_BAG_L1","NeuralNetFastAI_r34_BAG_L1","NeuralNetTorch_r115_BAG_L1","NeuralNetTorch_r136_BAG_L1","NeuralNetTorch_r143_BAG_L1","NeuralNetTorch_r160_BAG_L1","NeuralNetTorch_r174_BAG_L1","NeuralNetTorch_r176_BAG_L1","NeuralNetTorch_r184_BAG_L1","NeuralNetTorch_r31_BAG_L1","NeuralNetTorch_r37_BAG_L1","NeuralNetTorch_r40_BAG_L1","NeuralNetTorch_r56_BAG_L1","NeuralNetTorch_r59_BAG_L1","NeuralNetTorch_r5_BAG_L1","NeuralNetTorch_r66_BAG_L1","NeuralNetTorch_r89_BAG_L1","RandomForest_r197_BAG_L1"],"27":["CatBoost_r193_BAG_L1","ExtraTrees_r195_BAG_L1","NeuralNetFastAI_r128_BAG_L1","NeuralNetFastAI_r147_BAG_L1","NeuralNetFastAI_r163_BAG_L1","NeuralNetFastAI_r1_BAG_L1","NeuralNetTorch_r115_BAG_L1","NeuralNetTorch_r136_BAG_L1","NeuralNetTorch_r143_BAG_L1","NeuralNetTorch_r160_BAG_L1","NeuralNetTorch_r174_BAG_L1","NeuralNetTorch_r176_BAG_L1","NeuralNetTorch_r184_BAG_L1","NeuralNetTorch_r31_BAG_L1","NeuralNetTorch_r37_BAG_L1","NeuralNetTorch_r40_BAG_L1","NeuralNetTorch_r56_BAG_L1","NeuralNetTorch_r59_BAG_L1","NeuralNetTorch_r5_BAG_L1","NeuralNetTorch_r66_BAG_L1","NeuralNetTorch_r89_BAG_L1"],"28":["NeuralNetTorch_r70_BAG_L1","NeuralNetTorch_r87_BAG_L1"],"29":["CatBoost_r193_BAG_L1","ExtraTrees_r128_BAG_L1","ExtraTrees_r195_BAG_L1","NeuralNetFastAI_r163_BAG_L1","NeuralNetFastAI_r1_BAG_L1","NeuralNetFastAI_r67_BAG_L1","NeuralNetTorch_r115_BAG_L1","NeuralNetTorch_r136_BAG_L1","NeuralNetTorch_r143_BAG_L1","NeuralNetTorch_r148_BAG_L1","NeuralNetTorch_r160_BAG_L1","NeuralNetTorch_r174_BAG_L1","NeuralNetTorch_r176_BAG_L1","NeuralNetTorch_r178_BAG_L1","NeuralNetTorch_r184_BAG_L1","NeuralNetTorch_r31_BAG_L1","NeuralNetTorch_r37_BAG_L1","NeuralNetTorch_r40_BAG_L1","NeuralNetTorch_r56_BAG_L1","NeuralNetTorch_r59_BAG_L1","NeuralNetTorch_r5_BAG_L1","NeuralNetTorch_r66_BAG_L1","NeuralNetTorch_r89_BAG_L1"],"30":["CatBoost_r193_BAG_L1","ExtraTrees_r195_BAG_L1","NeuralNetFastAI_r163_BAG_L1","NeuralNetFastAI_r1_BAG_L1","NeuralNetFastAI_r74_BAG_L1","NeuralNetTorch_r136_BAG_L1","NeuralNetTorch_r143_BAG_L1","NeuralNetTorch_r149_BAG_L1","NeuralNetTorch_r174_BAG_L1","NeuralNetTorch_r176_BAG_L1","NeuralNetTorch_r184_BAG_L1","NeuralNetTorch_r31_BAG_L1","NeuralNetTorch_r37_BAG_L1","NeuralNetTorch_r40_BAG_L1","NeuralNetTorch_r56_BAG_L1","NeuralNetTorch_r59_BAG_L1","NeuralNetTorch_r5_BAG_L1","NeuralNetTorch_r89_BAG_L1"],"31":["CatBoost_r193_BAG_L1","ExtraTrees_r128_BAG_L1","ExtraTrees_r195_BAG_L1","NeuralNetFastAI_r128_BAG_L1","NeuralNetFastAI_r147_BAG_L1","NeuralNetFastAI_r163_BAG_L1","NeuralNetFastAI_r1_BAG_L1","NeuralNetFastAI_r67_BAG_L1","NeuralNetTorch_r115_BAG_L1","NeuralNetTorch_r120_BAG_L1","NeuralNetTorch_r136_BAG_L1","NeuralNetTorch_r143_BAG_L1","NeuralNetTorch_r148_BAG_L1","NeuralNetTorch_r160_BAG_L1","NeuralNetTorch_r174_BAG_L1","NeuralNetTorch_r176_BAG_L1","NeuralNetTorch_r17_BAG_L1","NeuralNetTorch_r184_BAG_L1","NeuralNetTorch_r31_BAG_L1","NeuralNetTorch_r37_BAG_L1","NeuralNetTorch_r40_BAG_L1","NeuralNetTorch_r56_BAG_L1","NeuralNetTorch_r59_BAG_L1","NeuralNetTorch_r5_BAG_L1","NeuralNetTorch_r66_BAG_L1","NeuralNetTorch_r89_BAG_L1"],"32":["CatBoost_r193_BAG_L1","ExtraTrees_r195_BAG_L1","NeuralNetFastAI_r163_BAG_L1","NeuralNetFastAI_r1_BAG_L1","NeuralNetFastAI_r67_BAG_L1","NeuralNetFastAI_r74_BAG_L1","NeuralNetTorch_r115_BAG_L1","NeuralNetTorch_r136_BAG_L1","NeuralNetTorch_r143_BAG_L1","NeuralNetTorch_r160_BAG_L1","NeuralNetTorch_r174_BAG_L1","NeuralNetTorch_r176_BAG_L1","NeuralNetTorch_r184_BAG_L1","NeuralNetTorch_r31_BAG_L1","NeuralNetTorch_r37_BAG_L1","NeuralNetTorch_r40_BAG_L1","NeuralNetTorch_r56_BAG_L1","NeuralNetTorch_r59_BAG_L1","NeuralNetTorch_r5_BAG_L1","NeuralNetTorch_r66_BAG_L1","NeuralNetTorch_r89_BAG_L1"],"33":["CatBoost_r193_BAG_L1","ExtraTrees_r195_BAG_L1","ExtraTrees_r77_BAG_L1","NeuralNetFastAI_r147_BAG_L1","NeuralNetFastAI_r163_BAG_L1","NeuralNetFastAI_r1_BAG_L1","NeuralNetTorch_r136_BAG_L1","NeuralNetTorch_r143_BAG_L1","NeuralNetTorch_r174_BAG_L1","NeuralNetTorch_r176_BAG_L1","NeuralNetTorch_r184_BAG_L1","NeuralNetTorch_r31_BAG_L1","NeuralNetTorch_r37_BAG_L1","NeuralNetTorch_r40_BAG_L1","NeuralNetTorch_r56_BAG_L1","NeuralNetTorch_r59_BAG_L1","NeuralNetTorch_r5_BAG_L1","NeuralNetTorch_r66_BAG_L1","NeuralNetTorch_r89_BAG_L1"],"34":["CatBoost_r193_BAG_L1","ExtraTrees_r106_BAG_L1","ExtraTrees_r195_BAG_L1","NeuralNetFastAI_r128_BAG_L1","NeuralNetFastAI_r147_BAG_L1","NeuralNetFastAI_r163_BAG_L1","NeuralNetFastAI_r1_BAG_L1","NeuralNetTorch_r136_BAG_L1","NeuralNetTorch_r143_BAG_L1","NeuralNetTorch_r174_BAG_L1","NeuralNetTorch_r176_BAG_L1","NeuralNetTorch_r184_BAG_L1","NeuralNetTorch_r31_BAG_L1","NeuralNetTorch_r37_BAG_L1","NeuralNetTorch_r40_BAG_L1","NeuralNetTorch_r56_BAG_L1","NeuralNetTorch_r59_BAG_L1","NeuralNetTorch_r5_BAG_L1","NeuralNetTorch_r66_BAG_L1","NeuralNetTorch_r89_BAG_L1"],"35":["CatBoost_r193_BAG_L1","ExtraTrees_r128_BAG_L1","ExtraTrees_r195_BAG_L1","ExtraTrees_r34_BAG_L1","LinearModel_r3_BAG_L1","NeuralNetFastAI_r128_BAG_L1","NeuralNetFastAI_r147_BAG_L1","NeuralNetFastAI_r163_BAG_L1","NeuralNetFastAI_r1_BAG_L1","NeuralNetFastAI_r23_BAG_L1","NeuralNetFastAI_r67_BAG_L1","NeuralNetTorch_r115_BAG_L1","NeuralNetTorch_r136_BAG_L1","NeuralNetTorch_r141_BAG_L1","NeuralNetTorch_r143_BAG_L1","NeuralNetTorch_r148_BAG_L1","NeuralNetTorch_r160_BAG_L1","NeuralNetTorch_r174_BAG_L1","NeuralNetTorch_r176_BAG_L1","NeuralNetTorch_r184_BAG_L1","NeuralNetTorch_r31_BAG_L1","NeuralNetTorch_r37_BAG_L1","NeuralNetTorch_r40_BAG_L1","NeuralNetTorch_r56_BAG_L1","NeuralNetTorch_r59_BAG_L1","NeuralNetTorch_r5_BAG_L1","NeuralNetTorch_r66_BAG_L1","NeuralNetTorch_r89_BAG_L1","RandomForest_r197_BAG_L1","RandomForest_r98_BAG_L1"],"36":["CatBoost_r193_BAG_L1","ExtraTrees_r195_BAG_L1","NeuralNetFastAI_r147_BAG_L1","NeuralNetFastAI_r163_BAG_L1","NeuralNetFastAI_r1_BAG_L1","NeuralNetTorch_r115_BAG_L1","NeuralNetTorch_r136_BAG_L1","NeuralNetTorch_r143_BAG_L1","NeuralNetTorch_r160_BAG_L1","NeuralNetTorch_r174_BAG_L1","NeuralNetTorch_r176_BAG_L1","NeuralNetTorch_r184_BAG_L1","NeuralNetTorch_r31_BAG_L1","NeuralNetTorch_r37_BAG_L1","NeuralNetTorch_r40_BAG_L1","NeuralNetTorch_r56_BAG_L1","NeuralNetTorch_r59_BAG_L1","NeuralNetTorch_r5_BAG_L1","NeuralNetTorch_r66_BAG_L1","NeuralNetTorch_r89_BAG_L1"],"37":["CatBoost_r193_BAG_L1","ExtraTrees_r195_BAG_L1","NeuralNetFastAI_r163_BAG_L1","NeuralNetFastAI_r1_BAG_L1","NeuralNetTorch_r115_BAG_L1","NeuralNetTorch_r136_BAG_L1","NeuralNetTorch_r143_BAG_L1","NeuralNetTorch_r160_BAG_L1","NeuralNetTorch_r174_BAG_L1","NeuralNetTorch_r176_BAG_L1","NeuralNetTorch_r184_BAG_L1","NeuralNetTorch_r31_BAG_L1","NeuralNetTorch_r37_BAG_L1","NeuralNetTorch_r40_BAG_L1","NeuralNetTorch_r56_BAG_L1","NeuralNetTorch_r59_BAG_L1","NeuralNetTorch_r5_BAG_L1","NeuralNetTorch_r66_BAG_L1","NeuralNetTorch_r89_BAG_L1"],"38":["CatBoost_r193_BAG_L1","ExtraTrees_r195_BAG_L1","ExtraTrees_r34_BAG_L1","LightGBM_r11_BAG_L1","NeuralNetFastAI_r13_BAG_L1","NeuralNetFastAI_r163_BAG_L1","NeuralNetFastAI_r1_BAG_L1","NeuralNetFastAI_r23_BAG_L1","NeuralNetFastAI_r74_BAG_L1","NeuralNetTorch_r136_BAG_L1","NeuralNetTorch_r143_BAG_L1","NeuralNetTorch_r174_BAG_L1","NeuralNetTorch_r176_BAG_L1","NeuralNetTorch_r184_BAG_L1","NeuralNetTorch_r37_BAG_L1","NeuralNetTorch_r40_BAG_L1","NeuralNetTorch_r56_BAG_L1","NeuralNetTorch_r59_BAG_L1","NeuralNetTorch_r5_BAG_L1","NeuralNetTorch_r89_BAG_L1"],"39":["CatBoost_r193_BAG_L1","ExtraTrees_r195_BAG_L1","NeuralNetFastAI_r163_BAG_L1","NeuralNetFastAI_r1_BAG_L1","NeuralNetTorch_r136_BAG_L1","NeuralNetTorch_r143_BAG_L1","NeuralNetTorch_r174_BAG_L1","NeuralNetTorch_r176_BAG_L1","NeuralNetTorch_r180_BAG_L1","NeuralNetTorch_r184_BAG_L1","NeuralNetTorch_r31_BAG_L1","NeuralNetTorch_r37_BAG_L1","NeuralNetTorch_r40_BAG_L1","NeuralNetTorch_r56_BAG_L1","NeuralNetTorch_r59_BAG_L1","NeuralNetTorch_r5_BAG_L1","NeuralNetTorch_r66_BAG_L1","NeuralNetTorch_r89_BAG_L1","NeuralNetTorch_r98_BAG_L1"],"40":["CatBoost_r193_BAG_L1","ExtraTrees_r195_BAG_L1","NeuralNetFastAI_r128_BAG_L1","NeuralNetFastAI_r147_BAG_L1","NeuralNetFastAI_r163_BAG_L1","NeuralNetFastAI_r1_BAG_L1","NeuralNetTorch_r136_BAG_L1","NeuralNetTorch_r143_BAG_L1","NeuralNetTorch_r174_BAG_L1","NeuralNetTorch_r176_BAG_L1","NeuralNetTorch_r184_BAG_L1","NeuralNetTorch_r31_BAG_L1","NeuralNetTorch_r37_BAG_L1","NeuralNetTorch_r40_BAG_L1","NeuralNetTorch_r56_BAG_L1","NeuralNetTorch_r59_BAG_L1","NeuralNetTorch_r5_BAG_L1","NeuralNetTorch_r66_BAG_L1","NeuralNetTorch_r89_BAG_L1"],"41":["CatBoost_r193_BAG_L1","ExtraTrees_r195_BAG_L1","NeuralNetFastAI_r128_BAG_L1","NeuralNetFastAI_r147_BAG_L1","NeuralNetFastAI_r163_BAG_L1","NeuralNetFastAI_r1_BAG_L1","NeuralNetTorch_r136_BAG_L1","NeuralNetTorch_r143_BAG_L1","NeuralNetTorch_r160_BAG_L1","NeuralNetTorch_r174_BAG_L1","NeuralNetTorch_r176_BAG_L1","NeuralNetTorch_r184_BAG_L1","NeuralNetTorch_r31_BAG_L1","NeuralNetTorch_r37_BAG_L1","NeuralNetTorch_r40_BAG_L1","NeuralNetTorch_r56_BAG_L1","NeuralNetTorch_r59_BAG_L1","NeuralNetTorch_r5_BAG_L1","NeuralNetTorch_r66_BAG_L1","NeuralNetTorch_r89_BAG_L1"]},"weights":{"0":[0.0333333333,0.0333333333,0.0333333333,0.0333333333,0.0333333333,0.0333333333,0.0333333333,0.0333333333,0.0333333333,0.0333333333,0.0333333333,0.0333333333,0.0333333333,0.0333333333,0.0333333333,0.0333333333,0.0333333333,0.0333333333,0.0333333333,0.0333333333,0.0666666667,0.0666666667,0.0666666667,0.0333333333,0.0333333333,0.0333333333,0.0333333333],"1":[0.0384615385,0.0384615385,0.0384615385,0.0384615385,0.0384615385,0.0384615385,0.0384615385,0.0384615385,0.0384615385,0.0384615385,0.0384615385,0.0384615385,0.0384615385,0.0384615385,0.0384615385,0.0384615385,0.0384615385,0.0769230769,0.0769230769,0.0769230769,0.0384615385,0.0384615385,0.0384615385],"2":[0.0384615385,0.0384615385,0.0384615385,0.0384615385,0.0384615385,0.0384615385,0.0384615385,0.0384615385,0.0384615385,0.0384615385,0.0384615385,0.0384615385,0.0384615385,0.0384615385,0.0384615385,0.0384615385,0.0384615385,0.0769230769,0.0769230769,0.0769230769,0.0384615385,0.0384615385,0.0384615385],"3":[0.0454545455,0.0454545455,0.0454545455,0.0454545455,0.0454545455,0.0454545455,0.0454545455,0.0454545455,0.0454545455,0.0454545455,0.0454545455,0.0454545455,0.0454545455,0.0909090909,0.0454545455,0.0909090909,0.0454545455,0.0454545455,0.0454545455,0.0454545455],"4":[0.0294117647,0.0294117647,0.0294117647,0.0294117647,0.0294117647,0.0294117647,0.0294117647,0.0294117647,0.0294117647,0.0294117647,0.0294117647,0.0294117647,0.0294117647,0.0294117647,0.0294117647,0.0294117647,0.0294117647,0.0294117647,0.0588235294,0.0294117647,0.0294117647,0.0294117647,0.0588235294,0.0588235294,0.0588235294,0.0294117647,0.0294117647,0.0294117647,0.0294117647,0.0294117647],"5":[0.3333333333,0.3333333333,0.3333333333],"6":[0.125,0.125,0.125,0.125,0.125,0.125,0.125,0.125],"7":[0.0555555556,0.0555555556,0.0555555556,0.0555555556,0.0555555556,0.0555555556,0.0555555556,0.0555555556,0.0555555556,0.0555555556,0.0555555556,0.0555555556,0.1111111111,0.0555555556,0.0555555556,0.0555555556,0.0555555556],"8":[0.037037037,0.037037037,0.037037037,0.037037037,0.037037037,0.037037037,0.037037037,0.037037037,0.037037037,0.037037037,0.037037037,0.037037037,0.037037037,0.037037037,0.037037037,0.037037037,0.037037037,0.037037037,0.0740740741,0.0740740741,0.0740740741,0.037037037,0.037037037,0.037037037],"9":[0.0625,0.0625,0.0625,0.0625,0.0625,0.0625,0.0625,0.0625,0.0625,0.0625,0.0625,0.125,0.0625,0.0625,0.0625],"10":[0.0434782609,0.0434782609,0.0434782609,0.0434782609,0.0434782609,0.0434782609,0.0434782609,0.0434782609,0.0434782609,0.0434782609,0.0434782609,0.0434782609,0.0434782609,0.0434782609,0.0869565217,0.0869565217,0.0869565217,0.0434782609,0.0434782609,0.0434782609],"11":[0.0416666667,0.0416666667,0.0416666667,0.0416666667,0.0416666667,0.0416666667,0.0416666667,0.0416666667,0.0416666667,0.0416666667,0.0416666667,0.0416666667,0.0416666667,0.0416666667,0.0833333333,0.0833333333,0.0833333333,0.0416666667,0.0416666667,0.0416666667,0.0416666667],"12":[0.0714285714,0.0714285714,0.0714285714,0.0714285714,0.0714285714,0.0714285714,0.0714285714,0.0714285714,0.0714285714,0.0714285714,0.0714285714,0.0714285714,0.0714285714,0.0714285714],"13":[0.0555555556,0.0555555556,0.0555555556,0.0555555556,0.0555555556,0.0555555556,0.0555555556,0.0555555556,0.0555555556,0.0555555556,0.0555555556,0.0555555556,0.1111111111,0.0555555556,0.0555555556,0.0555555556,0.0555555556],"14":[0.05,0.05,0.05,0.05,0.05,0.05,0.05,0.05,0.05,0.05,0.05,0.05,0.05,0.05,0.05,0.1,0.05,0.05,0.05],"15":[0.05,0.05,0.05,0.05,0.05,0.05,0.05,0.05,0.05,0.05,0.05,0.05,0.05,0.05,0.1,0.05,0.05,0.05,0.05],"16":[0.04,0.04,0.04,0.04,0.04,0.04,0.04,0.04,0.04,0.04,0.04,0.04,0.04,0.04,0.04,0.04,0.08,0.08,0.08,0.04,0.04,0.04],"17":[0.0833333333,0.0833333333,0.0833333333,0.0833333333,0.0833333333,0.0833333333,0.0833333333,0.0833333333,0.0833333333,0.0833333333,0.0833333333,0.0833333333],"18":[0.3333333333,0.3333333333,0.3333333333],"19":[0.0357142857,0.0357142857,0.0357142857,0.0357142857,0.0357142857,0.0357142857,0.0357142857,0.0357142857,0.0357142857,0.0357142857,0.0357142857,0.0357142857,0.0357142857,0.0357142857,0.0357142857,0.0357142857,0.0357142857,0.0357142857,0.0357142857,0.0714285714,0.0714285714,0.0714285714,0.0357142857,0.0357142857,0.0357142857],"20":[0.0909090909,0.0909090909,0.0909090909,0.0909090909,0.0909090909,0.0909090909,0.0909090909,0.0909090909,0.0909090909,0.0909090909,0.0909090909],"21":[0.0416666667,0.0416666667,0.0416666667,0.0416666667,0.0416666667,0.0416666667,0.0416666667,0.0416666667,0.0416666667,0.0416666667,0.0416666667,0.0416666667,0.0416666667,0.0416666667,0.0416666667,0.0833333333,0.0833333333,0.0833333333,0.0416666667,0.0416666667,0.0416666667],"22":[0.0454545455,0.0454545455,0.0454545455,0.0454545455,0.0454545455,0.0454545455,0.0454545455,0.0454545455,0.0454545455,0.0454545455,0.0454545455,0.0454545455,0.0454545455,0.0454545455,0.0909090909,0.0454545455,0.0454545455,0.0454545455,0.0454545455,0.0454545455,0.0454545455],"23":[0.04,0.04,0.04,0.04,0.04,0.04,0.04,0.04,0.04,0.04,0.04,0.04,0.04,0.04,0.04,0.04,0.08,0.08,0.08,0.04,0.04,0.04],"24":[0.04,0.04,0.04,0.04,0.04,0.04,0.04,0.04,0.04,0.04,0.04,0.04,0.04,0.04,0.04,0.08,0.08,0.08,0.04,0.04,0.04,0.04],"25":[0.0434782609,0.0434782609,0.0434782609,0.0434782609,0.0434782609,0.0434782609,0.0434782609,0.0434782609,0.0434782609,0.0434782609,0.0434782609,0.0434782609,0.0434782609,0.0434782609,0.0434782609,0.0434782609,0.0869565217,0.0434782609,0.0434782609,0.0434782609,0.0434782609,0.0434782609],"26":[0.0344827586,0.0344827586,0.0344827586,0.0344827586,0.0344827586,0.0344827586,0.0344827586,0.0344827586,0.0344827586,0.0344827586,0.0344827586,0.0344827586,0.0344827586,0.0344827586,0.0344827586,0.0689655172,0.0344827586,0.0344827586,0.0344827586,0.0689655172,0.0689655172,0.0344827586,0.0344827586,0.0344827586,0.0344827586,0.0344827586],"27":[0.0434782609,0.0434782609,0.0434782609,0.0434782609,0.0434782609,0.0434782609,0.0434782609,0.0434782609,0.0434782609,0.0434782609,0.0434782609,0.0434782609,0.0434782609,0.0434782609,0.0434782609,0.0869565217,0.0869565217,0.0434782609,0.0434782609,0.0434782609,0.0434782609],"28":[0.5,0.5],"29":[0.0384615385,0.0384615385,0.0384615385,0.0384615385,0.0384615385,0.0384615385,0.0384615385,0.0384615385,0.0384615385,0.0384615385,0.0384615385,0.0384615385,0.0384615385,0.0384615385,0.0384615385,0.0384615385,0.0384615385,0.0769230769,0.0769230769,0.0769230769,0.0384615385,0.0384615385,0.0384615385],"30":[0.0526315789,0.0526315789,0.0526315789,0.0526315789,0.0526315789,0.0526315789,0.0526315789,0.0526315789,0.0526315789,0.0526315789,0.0526315789,0.0526315789,0.0526315789,0.0526315789,0.1052631579,0.0526315789,0.0526315789,0.0526315789],"31":[0.0333333333,0.0333333333,0.0333333333,0.0333333333,0.0333333333,0.0333333333,0.0333333333,0.0333333333,0.0333333333,0.0333333333,0.0333333333,0.0333333333,0.0333333333,0.0333333333,0.0333333333,0.0666666667,0.0333333333,0.0333333333,0.0333333333,0.0333333333,0.0666666667,0.0666666667,0.0666666667,0.0333333333,0.0333333333,0.0333333333],"32":[0.0416666667,0.0416666667,0.0416666667,0.0416666667,0.0416666667,0.0416666667,0.0416666667,0.0416666667,0.0416666667,0.0416666667,0.0416666667,0.0416666667,0.0416666667,0.0416666667,0.0416666667,0.0833333333,0.0833333333,0.0833333333,0.0416666667,0.0416666667,0.0416666667],"33":[0.05,0.05,0.05,0.05,0.05,0.05,0.05,0.05,0.05,0.05,0.05,0.05,0.05,0.05,0.1,0.05,0.05,0.05,0.05],"34":[0.0476190476,0.0476190476,0.0476190476,0.0476190476,0.0476190476,0.0476190476,0.0476190476,0.0476190476,0.0476190476,0.0476190476,0.0476190476,0.0476190476,0.0476190476,0.0476190476,0.0476190476,0.0952380952,0.0476190476,0.0476190476,0.0476190476,0.0476190476],"35":[0.0303030303,0.0303030303,0.0303030303,0.0303030303,0.0303030303,0.0303030303,0.0303030303,0.0303030303,0.0303030303,0.0303030303,0.0303030303,0.0303030303,0.0303030303,0.0303030303,0.0303030303,0.0303030303,0.0303030303,0.0303030303,0.0303030303,0.0303030303,0.0303030303,0.0303030303,0.0606060606,0.0606060606,0.0606060606,0.0303030303,0.0303030303,0.0303030303,0.0303030303,0.0303030303],"36":[0.0454545455,0.0454545455,0.0454545455,0.0454545455,0.0454545455,0.0454545455,0.0454545455,0.0454545455,0.0454545455,0.0454545455,0.0454545455,0.0454545455,0.0454545455,0.0454545455,0.0909090909,0.0909090909,0.0454545455,0.0454545455,0.0454545455,0.0454545455],"37":[0.0454545455,0.0454545455,0.0454545455,0.0454545455,0.0454545455,0.0454545455,0.0454545455,0.0454545455,0.0454545455,0.0454545455,0.0454545455,0.0454545455,0.0454545455,0.0909090909,0.0909090909,0.0909090909,0.0454545455,0.0454545455,0.0454545455],"38":[0.0476190476,0.0476190476,0.0476190476,0.0476190476,0.0476190476,0.0476190476,0.0476190476,0.0476190476,0.0476190476,0.0476190476,0.0476190476,0.0476190476,0.0476190476,0.0476190476,0.0476190476,0.0476190476,0.0952380952,0.0476190476,0.0476190476,0.0476190476],"39":[0.0526315789,0.0526315789,0.0526315789,0.0526315789,0.0526315789,0.0526315789,0.0526315789,0.0526315789,0.0526315789,0.0526315789,0.0526315789,0.0526315789,0.0526315789,0.0526315789,0.0526315789,0.0526315789,0.0526315789,0.0526315789,0.0526315789],"40":[0.05,0.05,0.05,0.05,0.05,0.05,0.05,0.05,0.05,0.05,0.05,0.05,0.05,0.05,0.1,0.05,0.05,0.05,0.05],"41":[0.0476190476,0.0476190476,0.0476190476,0.0476190476,0.0476190476,0.0476190476,0.0476190476,0.0476190476,0.0476190476,0.0476190476,0.0476190476,0.0476190476,0.0476190476,0.0476190476,0.0476190476,0.0952380952,0.0476190476,0.0476190476,0.0476190476,0.0476190476]},"meta":{"0":23,"1":18,"2":11,"3":14,"4":33,"5":2,"6":19,"7":20,"8":20,"9":21,"10":22,"11":22,"12":12,"13":26,"14":27,"15":26,"16":23,"17":20,"18":3,"19":16,"20":26,"21":20,"22":23,"23":19,"24":30,"25":24,"26":34,"27":29,"28":25,"29":24,"30":3,"31":8,"32":28,"33":22,"34":22,"35":25,"36":21,"37":25,"38":18,"39":30,"40":21,"41":24},"task":{"0":"3606_0","1":"3606_0","2":"3606_0","3":"3606_0","4":"3606_0","5":"3606_0","6":"3606_0","7":"3606_0","8":"3606_0","9":"3606_0","10":"3606_0","11":"3606_0","12":"3606_0","13":"3606_0","14":"3606_0","15":"3606_0","16":"3606_0","17":"3606_0","18":"3606_0","19":"3606_0","20":"3606_0","21":"3606_0","22":"3606_0","23":"3606_0","24":"3606_0","25":"3606_0","26":"3606_0","27":"3606_0","28":"3606_0","29":"3606_0","30":"3606_0","31":"3606_0","32":"3606_0","33":"3606_0","34":"3606_0","35":"3606_0","36":"3606_0","37":"3606_0","38":"3606_0","39":"3606_0","40":"3606_0","41":"3606_0"},"dataset":{"0":"fri_c3_1000_10","1":"fri_c3_1000_10","2":"fri_c3_1000_10","3":"fri_c3_1000_10","4":"fri_c3_1000_10","5":"fri_c3_1000_10","6":"fri_c3_1000_10","7":"fri_c3_1000_10","8":"fri_c3_1000_10","9":"fri_c3_1000_10","10":"fri_c3_1000_10","11":"fri_c3_1000_10","12":"fri_c3_1000_10","13":"fri_c3_1000_10","14":"fri_c3_1000_10","15":"fri_c3_1000_10","16":"fri_c3_1000_10","17":"fri_c3_1000_10","18":"fri_c3_1000_10","19":"fri_c3_1000_10","20":"fri_c3_1000_10","21":"fri_c3_1000_10","22":"fri_c3_1000_10","23":"fri_c3_1000_10","24":"fri_c3_1000_10","25":"fri_c3_1000_10","26":"fri_c3_1000_10","27":"fri_c3_1000_10","28":"fri_c3_1000_10","29":"fri_c3_1000_10","30":"fri_c3_1000_10","31":"fri_c3_1000_10","32":"fri_c3_1000_10","33":"fri_c3_1000_10","34":"fri_c3_1000_10","35":"fri_c3_1000_10","36":"fri_c3_1000_10","37":"fri_c3_1000_10","38":"fri_c3_1000_10","39":"fri_c3_1000_10","40":"fri_c3_1000_10","41":"fri_c3_1000_10"},"fold":{"0":0,"1":0,"2":0,"3":0,"4":0,"5":0,"6":0,"7":0,"8":0,"9":0,"10":0,"11":0,"12":0,"13":0,"14":0,"15":0,"16":0,"17":0,"18":0,"19":0,"20":0,"21":0,"22":0,"23":0,"24":0,"25":0,"26":0,"27":0,"28":0,"29":0,"30":0,"31":0,"32":0,"33":0,"34":0,"35":0,"36":0,"37":0,"38":0,"39":0,"40":0,"41":0},"method":{"0":"QDO","1":"QDO","2":"QDO","3":"QDO","4":"QDO","5":"QDO","6":"QDO","7":"QDO","8":"QDO","9":"QDO","10":"QDO","11":"QDO","12":"QDO","13":"QDO","14":"QDO","15":"QDO","16":"QDO","17":"QDO","18":"QDO","19":"QDO","20":"QDO","21":"QDO","22":"QDO","23":"QDO","24":"QDO","25":"QDO","26":"QDO","27":"QDO","28":"QDO","29":"QDO","30":"QDO","31":"QDO","32":"QDO","33":"QDO","34":"QDO","35":"QDO","36":"QDO","37":"QDO","38":"QDO","39":"QDO","40":"QDO","41":"QDO"}}