{"name":{"0":"QDO_0","1":"QDO_1","2":"QDO_2","3":"QDO_3","4":"QDO_4","5":"QDO_5","6":"QDO_6","7":"QDO_7","8":"QDO_8","9":"QDO_9","10":"QDO_10","11":"QDO_11","12":"QDO_12","13":"QDO_13","14":"QDO_14","15":"QDO_15","16":"QDO_16","17":"QDO_17","18":"QDO_18","19":"QDO_19","20":"QDO_20","21":"QDO_21","22":"QDO_22","23":"QDO_23","24":"QDO_24","25":"QDO_25","26":"QDO_26","27":"QDO_27","28":"QDO_28","29":"QDO_29","30":"QDO_30","31":"QDO_31","32":"QDO_32","33":"QDO_33","34":"QDO_34","35":"QDO_35","36":"QDO_36","37":"QDO_37","38":"QDO_38","39":"QDO_39","40":"QDO_40","41":"QDO_41"},"roc_auc_val":{"0":0.7715707965,"1":0.7737831858,"2":0.7308193742,"3":0.7451406448,"4":0.7540692162,"5":0.7591261062,"6":0.7268291719,"7":0.7649731353,"8":0.7699905183,"9":0.7452591656,"10":0.7570717446,"11":0.7604890961,"12":0.7747313527,"13":0.7351848925,"14":0.7332292984,"15":0.7546618205,"16":0.7549581226,"17":0.7713337547,"18":0.7722621681,"19":0.7728745259,"20":0.7555902339,"21":0.7750869153,"22":0.7648151075,"23":0.7638076802,"24":0.7639459545,"25":0.7716695638,"26":0.7693781606,"27":0.7564988938,"28":0.7617335651,"29":0.7732695954,"30":0.7731313211,"31":0.7735263906,"32":0.7657830278,"33":0.7738819532,"34":0.7345725348,"35":0.7669484829,"36":0.7637879267,"37":0.7299107143,"38":0.7700102718,"39":0.7465628951,"40":0.7736844185,"41":0.7631360619},"roc_auc_test":{"0":0.7056,"1":0.7008,"2":0.76,"3":0.7008,"4":0.7232,"5":0.7088,"6":0.7632,"7":0.7024,"8":0.7072,"9":0.7088,"10":0.7264,"11":0.7024,"12":0.696,"13":0.7456,"14":0.76,"15":0.7088,"16":0.7136,"17":0.7072,"18":0.7056,"19":0.7008,"20":0.7184,"21":0.6944,"22":0.7056,"23":0.7088,"24":0.7232,"25":0.6992,"26":0.7088,"27":0.72,"28":0.7152,"29":0.6992,"30":0.704,"31":0.6976,"32":0.704,"33":0.7008,"34":0.7552,"35":0.696,"36":0.72,"37":0.768,"38":0.7088,"39":0.6976,"40":0.7008,"41":0.7136},"models_used":{"0":["CatBoost_r193_BAG_L1","ExtraTrees_r181_BAG_L1","KNeighbors_r34_BAG_L1","LightGBM_r107_BAG_L1","LightGBM_r132_BAG_L1","LightGBM_r168_BAG_L1","LightGBM_r76_BAG_L1","NeuralNetFastAI_r103_BAG_L1","NeuralNetFastAI_r11_BAG_L1","NeuralNetFastAI_r157_BAG_L1","NeuralNetFastAI_r168_BAG_L1","NeuralNetFastAI_r18_BAG_L1","NeuralNetFastAI_r191_BAG_L1","NeuralNetFastAI_r28_BAG_L1","NeuralNetFastAI_r4_BAG_L1","NeuralNetFastAI_r9_BAG_L1","NeuralNetTorch_r103_BAG_L1","NeuralNetTorch_r113_BAG_L1","NeuralNetTorch_r11_BAG_L1","NeuralNetTorch_r128_BAG_L1","NeuralNetTorch_r148_BAG_L1","NeuralNetTorch_r158_BAG_L1","NeuralNetTorch_r174_BAG_L1","NeuralNetTorch_r40_BAG_L1","NeuralNetTorch_r47_BAG_L1","NeuralNetTorch_r57_BAG_L1","XGBoost_r196_BAG_L1","XGBoost_r199_BAG_L1","XGBoost_r68_BAG_L1","XGBoost_r81_BAG_L1"],"1":["CatBoost_r193_BAG_L1","ExtraTrees_r44_BAG_L1","KNeighbors_r34_BAG_L1","LightGBM_r107_BAG_L1","LightGBM_r132_BAG_L1","LightGBM_r168_BAG_L1","LightGBM_r76_BAG_L1","NeuralNetFastAI_r103_BAG_L1","NeuralNetFastAI_r11_BAG_L1","NeuralNetFastAI_r168_BAG_L1","NeuralNetFastAI_r18_BAG_L1","NeuralNetFastAI_r191_BAG_L1","NeuralNetFastAI_r28_BAG_L1","NeuralNetFastAI_r4_BAG_L1","NeuralNetFastAI_r9_BAG_L1","NeuralNetTorch_r103_BAG_L1","NeuralNetTorch_r113_BAG_L1","NeuralNetTorch_r11_BAG_L1","NeuralNetTorch_r128_BAG_L1","NeuralNetTorch_r148_BAG_L1","NeuralNetTorch_r158_BAG_L1","NeuralNetTorch_r160_BAG_L1","NeuralNetTorch_r174_BAG_L1","NeuralNetTorch_r189_BAG_L1","NeuralNetTorch_r40_BAG_L1","NeuralNetTorch_r47_BAG_L1","NeuralNetTorch_r57_BAG_L1","XGBoost_r196_BAG_L1","XGBoost_r199_BAG_L1","XGBoost_r68_BAG_L1","XGBoost_r81_BAG_L1"],"2":["CatBoost_r139_BAG_L1","CatBoost_r193_BAG_L1","CatBoost_r51_BAG_L1","CatBoost_r82_BAG_L1","NeuralNetFastAI_r103_BAG_L1","RandomForest_r115_BAG_L1","XGBoost_r47_BAG_L1","XGBoost_r81_BAG_L1"],"3":["CatBoost_r11_BAG_L1","CatBoost_r29_BAG_L1","ExtraTrees_r187_BAG_L1","NeuralNetTorch_r113_BAG_L1","NeuralNetTorch_r148_BAG_L1","NeuralNetTorch_r47_BAG_L1","NeuralNetTorch_r52_BAG_L1","NeuralNetTorch_r57_BAG_L1","NeuralNetTorch_r9_BAG_L1","XGBoost_r148_BAG_L1","XGBoost_r199_BAG_L1","XGBoost_r66_BAG_L1"],"4":["CatBoost_r193_BAG_L1","CatBoost_r51_BAG_L1","CatBoost_r82_BAG_L1","LightGBM_r64_BAG_L1","NeuralNetFastAI_r103_BAG_L1","NeuralNetFastAI_r11_BAG_L1","NeuralNetFastAI_r80_BAG_L1","NeuralNetTorch_r149_BAG_L1","NeuralNetTorch_r69_BAG_L1","XGBoost_r81_BAG_L1"],"5":["CatBoost_r193_BAG_L1","LightGBM_r107_BAG_L1","NeuralNetFastAI_r103_BAG_L1","NeuralNetTorch_r113_BAG_L1","NeuralNetTorch_r148_BAG_L1","NeuralNetTorch_r40_BAG_L1","NeuralNetTorch_r47_BAG_L1","XGBoost_r196_BAG_L1","XGBoost_r199_BAG_L1","XGBoost_r81_BAG_L1"],"6":["CatBoost_r193_BAG_L1","CatBoost_r51_BAG_L1","CatBoost_r82_BAG_L1","LightGBM_r7_BAG_L1","NeuralNetFastAI_r103_BAG_L1","RandomForest_r115_BAG_L1","XGBoost_r81_BAG_L1"],"7":["CatBoost_r193_BAG_L1","KNeighbors_r34_BAG_L1","LightGBM_r168_BAG_L1","NeuralNetFastAI_r103_BAG_L1","NeuralNetFastAI_r18_BAG_L1","NeuralNetFastAI_r28_BAG_L1","NeuralNetFastAI_r4_BAG_L1","NeuralNetTorch_r11_BAG_L1","NeuralNetTorch_r148_BAG_L1","NeuralNetTorch_r174_BAG_L1","NeuralNetTorch_r40_BAG_L1","NeuralNetTorch_r47_BAG_L1","RandomForest_r58_BAG_L1","XGBoost_r199_BAG_L1","XGBoost_r68_BAG_L1","XGBoost_r81_BAG_L1"],"8":["CatBoost_r139_BAG_L1","CatBoost_r193_BAG_L1","CatBoost_r51_BAG_L1","CatBoost_r82_BAG_L1","KNeighbors_r34_BAG_L1","LightGBM_r107_BAG_L1","LightGBM_r132_BAG_L1","LightGBM_r168_BAG_L1","NeuralNetFastAI_r103_BAG_L1","NeuralNetFastAI_r11_BAG_L1","NeuralNetFastAI_r18_BAG_L1","NeuralNetFastAI_r191_BAG_L1","NeuralNetFastAI_r28_BAG_L1","NeuralNetFastAI_r4_BAG_L1","NeuralNetFastAI_r9_BAG_L1","NeuralNetTorch_r103_BAG_L1","NeuralNetTorch_r113_BAG_L1","NeuralNetTorch_r11_BAG_L1","NeuralNetTorch_r128_BAG_L1","NeuralNetTorch_r148_BAG_L1","NeuralNetTorch_r158_BAG_L1","NeuralNetTorch_r174_BAG_L1","NeuralNetTorch_r40_BAG_L1","NeuralNetTorch_r47_BAG_L1","NeuralNetTorch_r57_BAG_L1","XGBoost_r196_BAG_L1","XGBoost_r199_BAG_L1","XGBoost_r68_BAG_L1","XGBoost_r81_BAG_L1"],"9":["LightGBM_r107_BAG_L1","NeuralNetTorch_r113_BAG_L1","NeuralNetTorch_r148_BAG_L1","NeuralNetTorch_r47_BAG_L1","XGBoost_r196_BAG_L1","XGBoost_r199_BAG_L1"],"10":["CatBoost_r139_BAG_L1","CatBoost_r193_BAG_L1","CatBoost_r51_BAG_L1","CatBoost_r82_BAG_L1","NeuralNetFastAI_r103_BAG_L1","NeuralNetFastAI_r39_BAG_L1","NeuralNetFastAI_r74_BAG_L1","NeuralNetTorch_r103_BAG_L1","NeuralNetTorch_r148_BAG_L1","NeuralNetTorch_r40_BAG_L1","NeuralNetTorch_r47_BAG_L1","XGBoost_r192_BAG_L1","XGBoost_r199_BAG_L1","XGBoost_r81_BAG_L1"],"11":["CatBoost_r193_BAG_L1","NeuralNetFastAI_r103_BAG_L1","NeuralNetTorch_r148_BAG_L1","NeuralNetTorch_r40_BAG_L1","NeuralNetTorch_r47_BAG_L1","XGBoost_r17_BAG_L1","XGBoost_r199_BAG_L1","XGBoost_r81_BAG_L1"],"12":["CatBoost_r193_BAG_L1","ExtraTrees_r190_BAG_L1","KNeighbors_r34_BAG_L1","LightGBM_r107_BAG_L1","LightGBM_r132_BAG_L1","LightGBM_r168_BAG_L1","LightGBM_r76_BAG_L1","NeuralNetFastAI_r103_BAG_L1","NeuralNetFastAI_r11_BAG_L1","NeuralNetFastAI_r168_BAG_L1","NeuralNetFastAI_r18_BAG_L1","NeuralNetFastAI_r191_BAG_L1","NeuralNetFastAI_r28_BAG_L1","NeuralNetFastAI_r4_BAG_L1","NeuralNetFastAI_r67_BAG_L1","NeuralNetFastAI_r9_BAG_L1","NeuralNetTorch_r103_BAG_L1","NeuralNetTorch_r113_BAG_L1","NeuralNetTorch_r11_BAG_L1","NeuralNetTorch_r128_BAG_L1","NeuralNetTorch_r148_BAG_L1","NeuralNetTorch_r158_BAG_L1","NeuralNetTorch_r160_BAG_L1","NeuralNetTorch_r174_BAG_L1","NeuralNetTorch_r189_BAG_L1","NeuralNetTorch_r40_BAG_L1","NeuralNetTorch_r47_BAG_L1","NeuralNetTorch_r57_BAG_L1","NeuralNetTorch_r66_BAG_L1","XGBoost_r196_BAG_L1","XGBoost_r199_BAG_L1","XGBoost_r68_BAG_L1","XGBoost_r81_BAG_L1"],"13":["CatBoost_r139_BAG_L1","CatBoost_r51_BAG_L1","CatBoost_r82_BAG_L1","NeuralNetTorch_r95_BAG_L1","XGBoost_r47_BAG_L1"],"14":["CatBoost_r139_BAG_L1","CatBoost_r193_BAG_L1","CatBoost_r51_BAG_L1","CatBoost_r82_BAG_L1","CatBoost_r83_BAG_L1","ExtraTrees_r146_BAG_L1","NeuralNetFastAI_r103_BAG_L1","NeuralNetTorch_r176_BAG_L1","RandomForest_r115_BAG_L1","XGBoost_r47_BAG_L1","XGBoost_r81_BAG_L1"],"15":["CatBoost_r139_BAG_L1","CatBoost_r193_BAG_L1","CatBoost_r51_BAG_L1","CatBoost_r82_BAG_L1","NeuralNetFastAI_r103_BAG_L1","NeuralNetTorch_r148_BAG_L1","NeuralNetTorch_r40_BAG_L1","NeuralNetTorch_r47_BAG_L1","XGBoost_r199_BAG_L1","XGBoost_r81_BAG_L1"],"16":["CatBoost_r15_BAG_L1","CatBoost_r193_BAG_L1","CatBoost_r51_BAG_L1","CatBoost_r82_BAG_L1","NeuralNetFastAI_r103_BAG_L1","NeuralNetFastAI_r11_BAG_L1","NeuralNetFastAI_r159_BAG_L1","NeuralNetFastAI_r80_BAG_L1","NeuralNetTorch_r148_BAG_L1","NeuralNetTorch_r40_BAG_L1","NeuralNetTorch_r47_BAG_L1","XGBoost_r199_BAG_L1","XGBoost_r81_BAG_L1"],"17":["CatBoost_r193_BAG_L1","CatBoost_r49_BAG_L1","NeuralNetFastAI_r103_BAG_L1","NeuralNetFastAI_r28_BAG_L1","NeuralNetTorch_r11_BAG_L1","NeuralNetTorch_r148_BAG_L1","NeuralNetTorch_r40_BAG_L1","NeuralNetTorch_r47_BAG_L1","XGBoost_r199_BAG_L1","XGBoost_r81_BAG_L1"],"18":["CatBoost_r193_BAG_L1","ExtraTrees_r128_BAG_L1","KNeighbors_r34_BAG_L1","LightGBM_r107_BAG_L1","LightGBM_r132_BAG_L1","LightGBM_r168_BAG_L1","LightGBM_r76_BAG_L1","NeuralNetFastAI_r103_BAG_L1","NeuralNetFastAI_r11_BAG_L1","NeuralNetFastAI_r157_BAG_L1","NeuralNetFastAI_r168_BAG_L1","NeuralNetFastAI_r18_BAG_L1","NeuralNetFastAI_r191_BAG_L1","NeuralNetFastAI_r28_BAG_L1","NeuralNetFastAI_r4_BAG_L1","NeuralNetFastAI_r9_BAG_L1","NeuralNetTorch_r103_BAG_L1","NeuralNetTorch_r113_BAG_L1","NeuralNetTorch_r11_BAG_L1","NeuralNetTorch_r128_BAG_L1","NeuralNetTorch_r148_BAG_L1","NeuralNetTorch_r158_BAG_L1","NeuralNetTorch_r174_BAG_L1","NeuralNetTorch_r40_BAG_L1","NeuralNetTorch_r47_BAG_L1","NeuralNetTorch_r57_BAG_L1","XGBoost_r196_BAG_L1","XGBoost_r199_BAG_L1","XGBoost_r68_BAG_L1","XGBoost_r81_BAG_L1"],"19":["CatBoost_r193_BAG_L1","KNeighbors_r34_BAG_L1","LightGBM_r107_BAG_L1","LightGBM_r132_BAG_L1","LightGBM_r168_BAG_L1","LightGBM_r76_BAG_L1","NeuralNetFastAI_r103_BAG_L1","NeuralNetFastAI_r11_BAG_L1","NeuralNetFastAI_r168_BAG_L1","NeuralNetFastAI_r18_BAG_L1","NeuralNetFastAI_r191_BAG_L1","NeuralNetFastAI_r28_BAG_L1","NeuralNetFastAI_r4_BAG_L1","NeuralNetFastAI_r9_BAG_L1","NeuralNetTorch_r103_BAG_L1","NeuralNetTorch_r113_BAG_L1","NeuralNetTorch_r11_BAG_L1","NeuralNetTorch_r128_BAG_L1","NeuralNetTorch_r148_BAG_L1","NeuralNetTorch_r158_BAG_L1","NeuralNetTorch_r174_BAG_L1","NeuralNetTorch_r40_BAG_L1","NeuralNetTorch_r43_BAG_L1","NeuralNetTorch_r47_BAG_L1","NeuralNetTorch_r57_BAG_L1","XGBoost_r196_BAG_L1","XGBoost_r199_BAG_L1","XGBoost_r68_BAG_L1","XGBoost_r81_BAG_L1"],"20":["CatBoost_r139_BAG_L1","CatBoost_r193_BAG_L1","CatBoost_r51_BAG_L1","CatBoost_r82_BAG_L1","NeuralNetFastAI_r103_BAG_L1","NeuralNetFastAI_r39_BAG_L1","NeuralNetTorch_r103_BAG_L1","NeuralNetTorch_r148_BAG_L1","NeuralNetTorch_r40_BAG_L1","NeuralNetTorch_r47_BAG_L1","RandomForest_r192_BAG_L1","XGBoost_r199_BAG_L1","XGBoost_r81_BAG_L1"],"21":["CatBoost_r193_BAG_L1","KNeighbors_r34_BAG_L1","LightGBM_r107_BAG_L1","LightGBM_r132_BAG_L1","LightGBM_r168_BAG_L1","LightGBM_r76_BAG_L1","NeuralNetFastAI_r103_BAG_L1","NeuralNetFastAI_r11_BAG_L1","NeuralNetFastAI_r168_BAG_L1","NeuralNetFastAI_r18_BAG_L1","NeuralNetFastAI_r191_BAG_L1","NeuralNetFastAI_r28_BAG_L1","NeuralNetFastAI_r4_BAG_L1","NeuralNetFastAI_r67_BAG_L1","NeuralNetFastAI_r9_BAG_L1","NeuralNetTorch_r103_BAG_L1","NeuralNetTorch_r113_BAG_L1","NeuralNetTorch_r11_BAG_L1","NeuralNetTorch_r128_BAG_L1","NeuralNetTorch_r148_BAG_L1","NeuralNetTorch_r158_BAG_L1","NeuralNetTorch_r160_BAG_L1","NeuralNetTorch_r174_BAG_L1","NeuralNetTorch_r189_BAG_L1","NeuralNetTorch_r40_BAG_L1","NeuralNetTorch_r47_BAG_L1","NeuralNetTorch_r57_BAG_L1","NeuralNetTorch_r66_BAG_L1","XGBoost_r196_BAG_L1","XGBoost_r199_BAG_L1","XGBoost_r68_BAG_L1","XGBoost_r81_BAG_L1"],"22":["CatBoost_r193_BAG_L1","KNeighbors_r34_BAG_L1","NeuralNetFastAI_r103_BAG_L1","NeuralNetFastAI_r18_BAG_L1","NeuralNetFastAI_r4_BAG_L1","NeuralNetTorch_r103_BAG_L1","NeuralNetTorch_r148_BAG_L1","NeuralNetTorch_r174_BAG_L1","NeuralNetTorch_r40_BAG_L1","NeuralNetTorch_r47_BAG_L1","XGBoost_r199_BAG_L1","XGBoost_r81_BAG_L1"],"23":["CatBoost_r193_BAG_L1","CatBoost_r51_BAG_L1","CatBoost_r82_BAG_L1","ExtraTrees_r170_BAG_L1","KNeighbors_r34_BAG_L1","LightGBM_r168_BAG_L1","NeuralNetFastAI_r103_BAG_L1","NeuralNetFastAI_r11_BAG_L1","NeuralNetFastAI_r18_BAG_L1","NeuralNetFastAI_r28_BAG_L1","NeuralNetFastAI_r4_BAG_L1","NeuralNetFastAI_r80_BAG_L1","NeuralNetTorch_r11_BAG_L1","NeuralNetTorch_r148_BAG_L1","NeuralNetTorch_r174_BAG_L1","NeuralNetTorch_r40_BAG_L1","NeuralNetTorch_r47_BAG_L1","XGBoost_r199_BAG_L1","XGBoost_r68_BAG_L1","XGBoost_r81_BAG_L1"],"24":["CatBoost_r130_BAG_L1","CatBoost_r139_BAG_L1","CatBoost_r141_BAG_L1","CatBoost_r193_BAG_L1","CatBoost_r51_BAG_L1","CatBoost_r82_BAG_L1","KNeighbors_r34_BAG_L1","LightGBM_r107_BAG_L1","LightGBM_r132_BAG_L1","LightGBM_r168_BAG_L1","LightGBM_r4_BAG_L1","LightGBM_r76_BAG_L1","LightGBM_r8_BAG_L1","NeuralNetFastAI_r103_BAG_L1","NeuralNetFastAI_r11_BAG_L1","NeuralNetFastAI_r168_BAG_L1","NeuralNetFastAI_r18_BAG_L1","NeuralNetFastAI_r191_BAG_L1","NeuralNetFastAI_r28_BAG_L1","NeuralNetFastAI_r4_BAG_L1","NeuralNetFastAI_r98_BAG_L1","NeuralNetFastAI_r9_BAG_L1","NeuralNetTorch_r103_BAG_L1","NeuralNetTorch_r113_BAG_L1","NeuralNetTorch_r11_BAG_L1","NeuralNetTorch_r128_BAG_L1","NeuralNetTorch_r148_BAG_L1","NeuralNetTorch_r158_BAG_L1","NeuralNetTorch_r174_BAG_L1","NeuralNetTorch_r40_BAG_L1","NeuralNetTorch_r47_BAG_L1","NeuralNetTorch_r57_BAG_L1","XGBoost_r196_BAG_L1","XGBoost_r199_BAG_L1","XGBoost_r68_BAG_L1","XGBoost_r81_BAG_L1"],"25":["CatBoost_r193_BAG_L1","ExtraTrees_r128_BAG_L1","ExtraTrees_r1_BAG_L1","KNeighbors_r34_BAG_L1","LightGBM_r107_BAG_L1","LightGBM_r132_BAG_L1","LightGBM_r168_BAG_L1","LightGBM_r76_BAG_L1","NeuralNetFastAI_r103_BAG_L1","NeuralNetFastAI_r11_BAG_L1","NeuralNetFastAI_r157_BAG_L1","NeuralNetFastAI_r168_BAG_L1","NeuralNetFastAI_r18_BAG_L1","NeuralNetFastAI_r191_BAG_L1","NeuralNetFastAI_r28_BAG_L1","NeuralNetFastAI_r4_BAG_L1","NeuralNetFastAI_r67_BAG_L1","NeuralNetFastAI_r9_BAG_L1","NeuralNetTorch_r103_BAG_L1","NeuralNetTorch_r113_BAG_L1","NeuralNetTorch_r11_BAG_L1","NeuralNetTorch_r128_BAG_L1","NeuralNetTorch_r148_BAG_L1","NeuralNetTorch_r158_BAG_L1","NeuralNetTorch_r160_BAG_L1","NeuralNetTorch_r174_BAG_L1","NeuralNetTorch_r189_BAG_L1","NeuralNetTorch_r40_BAG_L1","NeuralNetTorch_r47_BAG_L1","NeuralNetTorch_r57_BAG_L1","NeuralNetTorch_r66_BAG_L1","XGBoost_r196_BAG_L1","XGBoost_r199_BAG_L1","XGBoost_r68_BAG_L1","XGBoost_r81_BAG_L1"],"26":["CatBoost_r139_BAG_L1","CatBoost_r193_BAG_L1","CatBoost_r51_BAG_L1","CatBoost_r82_BAG_L1","ExtraTrees_r27_BAG_L1","KNeighbors_r34_BAG_L1","LightGBM_r107_BAG_L1","LightGBM_r132_BAG_L1","LightGBM_r168_BAG_L1","LightGBM_r76_BAG_L1","NeuralNetFastAI_r103_BAG_L1","NeuralNetFastAI_r11_BAG_L1","NeuralNetFastAI_r168_BAG_L1","NeuralNetFastAI_r18_BAG_L1","NeuralNetFastAI_r191_BAG_L1","NeuralNetFastAI_r28_BAG_L1","NeuralNetFastAI_r4_BAG_L1","NeuralNetFastAI_r9_BAG_L1","NeuralNetTorch_r103_BAG_L1","NeuralNetTorch_r113_BAG_L1","NeuralNetTorch_r11_BAG_L1","NeuralNetTorch_r128_BAG_L1","NeuralNetTorch_r148_BAG_L1","NeuralNetTorch_r158_BAG_L1","NeuralNetTorch_r174_BAG_L1","NeuralNetTorch_r40_BAG_L1","NeuralNetTorch_r47_BAG_L1","NeuralNetTorch_r57_BAG_L1","XGBoost_r196_BAG_L1","XGBoost_r199_BAG_L1","XGBoost_r68_BAG_L1","XGBoost_r81_BAG_L1"],"27":["CatBoost_r15_BAG_L1","CatBoost_r193_BAG_L1","CatBoost_r51_BAG_L1","CatBoost_r82_BAG_L1","NeuralNetFastAI_r103_BAG_L1","NeuralNetFastAI_r11_BAG_L1","NeuralNetFastAI_r80_BAG_L1","NeuralNetTorch_r148_BAG_L1","NeuralNetTorch_r40_BAG_L1","NeuralNetTorch_r47_BAG_L1","XGBoost_r199_BAG_L1","XGBoost_r72_BAG_L1","XGBoost_r81_BAG_L1"],"28":["CatBoost_r193_BAG_L1","CatBoost_r49_BAG_L1","NeuralNetFastAI_r103_BAG_L1","NeuralNetFastAI_r28_BAG_L1","NeuralNetTorch_r11_BAG_L1","NeuralNetTorch_r40_BAG_L1","RandomForest_r67_BAG_L1","XGBoost_r81_BAG_L1"],"29":["CatBoost_r193_BAG_L1","KNeighbors_r34_BAG_L1","LightGBM_r107_BAG_L1","LightGBM_r132_BAG_L1","LightGBM_r168_BAG_L1","LightGBM_r76_BAG_L1","NeuralNetFastAI_r103_BAG_L1","NeuralNetFastAI_r11_BAG_L1","NeuralNetFastAI_r168_BAG_L1","NeuralNetFastAI_r18_BAG_L1","NeuralNetFastAI_r191_BAG_L1","NeuralNetFastAI_r28_BAG_L1","NeuralNetFastAI_r4_BAG_L1","NeuralNetFastAI_r9_BAG_L1","NeuralNetTorch_r103_BAG_L1","NeuralNetTorch_r113_BAG_L1","NeuralNetTorch_r11_BAG_L1","NeuralNetTorch_r128_BAG_L1","NeuralNetTorch_r148_BAG_L1","NeuralNetTorch_r158_BAG_L1","NeuralNetTorch_r174_BAG_L1","NeuralNetTorch_r40_BAG_L1","NeuralNetTorch_r47_BAG_L1","NeuralNetTorch_r57_BAG_L1","XGBoost_r196_BAG_L1","XGBoost_r199_BAG_L1","XGBoost_r47_BAG_L1","XGBoost_r68_BAG_L1","XGBoost_r81_BAG_L1"],"30":["CatBoost_r193_BAG_L1","KNeighbors_r34_BAG_L1","LightGBM_r105_BAG_L1","LightGBM_r107_BAG_L1","LightGBM_r132_BAG_L1","LightGBM_r168_BAG_L1","LightGBM_r76_BAG_L1","NeuralNetFastAI_r103_BAG_L1","NeuralNetFastAI_r11_BAG_L1","NeuralNetFastAI_r168_BAG_L1","NeuralNetFastAI_r18_BAG_L1","NeuralNetFastAI_r191_BAG_L1","NeuralNetFastAI_r28_BAG_L1","NeuralNetFastAI_r4_BAG_L1","NeuralNetFastAI_r9_BAG_L1","NeuralNetTorch_r103_BAG_L1","NeuralNetTorch_r113_BAG_L1","NeuralNetTorch_r11_BAG_L1","NeuralNetTorch_r128_BAG_L1","NeuralNetTorch_r148_BAG_L1","NeuralNetTorch_r158_BAG_L1","NeuralNetTorch_r174_BAG_L1","NeuralNetTorch_r40_BAG_L1","NeuralNetTorch_r47_BAG_L1","NeuralNetTorch_r57_BAG_L1","XGBoost_r196_BAG_L1","XGBoost_r199_BAG_L1","XGBoost_r68_BAG_L1","XGBoost_r81_BAG_L1"],"31":["CatBoost_r193_BAG_L1","KNeighbors_r34_BAG_L1","LightGBM_r107_BAG_L1","LightGBM_r132_BAG_L1","LightGBM_r168_BAG_L1","NeuralNetFastAI_r103_BAG_L1","NeuralNetFastAI_r11_BAG_L1","NeuralNetFastAI_r18_BAG_L1","NeuralNetFastAI_r191_BAG_L1","NeuralNetFastAI_r28_BAG_L1","NeuralNetFastAI_r4_BAG_L1","NeuralNetFastAI_r9_BAG_L1","NeuralNetTorch_r103_BAG_L1","NeuralNetTorch_r113_BAG_L1","NeuralNetTorch_r11_BAG_L1","NeuralNetTorch_r128_BAG_L1","NeuralNetTorch_r148_BAG_L1","NeuralNetTorch_r158_BAG_L1","NeuralNetTorch_r174_BAG_L1","NeuralNetTorch_r40_BAG_L1","NeuralNetTorch_r47_BAG_L1","NeuralNetTorch_r57_BAG_L1","XGBoost_r166_BAG_L1","XGBoost_r196_BAG_L1","XGBoost_r199_BAG_L1","XGBoost_r68_BAG_L1","XGBoost_r81_BAG_L1"],"32":["CatBoost_r193_BAG_L1","ExtraTrees_r34_BAG_L1","KNeighbors_r34_BAG_L1","LightGBM_r168_BAG_L1","NeuralNetFastAI_r103_BAG_L1","NeuralNetFastAI_r18_BAG_L1","NeuralNetFastAI_r28_BAG_L1","NeuralNetFastAI_r4_BAG_L1","NeuralNetTorch_r103_BAG_L1","NeuralNetTorch_r11_BAG_L1","NeuralNetTorch_r148_BAG_L1","NeuralNetTorch_r174_BAG_L1","NeuralNetTorch_r40_BAG_L1","NeuralNetTorch_r47_BAG_L1","XGBoost_r199_BAG_L1","XGBoost_r68_BAG_L1","XGBoost_r81_BAG_L1"],"33":["CatBoost_r193_BAG_L1","KNeighbors_r34_BAG_L1","LightGBM_r107_BAG_L1","LightGBM_r132_BAG_L1","LightGBM_r168_BAG_L1","LightGBM_r76_BAG_L1","NeuralNetFastAI_r103_BAG_L1","NeuralNetFastAI_r11_BAG_L1","NeuralNetFastAI_r168_BAG_L1","NeuralNetFastAI_r18_BAG_L1","NeuralNetFastAI_r191_BAG_L1","NeuralNetFastAI_r28_BAG_L1","NeuralNetFastAI_r4_BAG_L1","NeuralNetFastAI_r9_BAG_L1","NeuralNetTorch_r103_BAG_L1","NeuralNetTorch_r113_BAG_L1","NeuralNetTorch_r11_BAG_L1","NeuralNetTorch_r128_BAG_L1","NeuralNetTorch_r148_BAG_L1","NeuralNetTorch_r158_BAG_L1","NeuralNetTorch_r174_BAG_L1","NeuralNetTorch_r40_BAG_L1","NeuralNetTorch_r47_BAG_L1","NeuralNetTorch_r57_BAG_L1","XGBoost_r196_BAG_L1","XGBoost_r199_BAG_L1","XGBoost_r68_BAG_L1","XGBoost_r81_BAG_L1"],"34":["CatBoost_r139_BAG_L1","CatBoost_r158_BAG_L1","CatBoost_r193_BAG_L1","CatBoost_r51_BAG_L1","CatBoost_r82_BAG_L1","NeuralNetFastAI_r103_BAG_L1","NeuralNetTorch_r176_BAG_L1","RandomForest_r115_BAG_L1","XGBoost_r47_BAG_L1","XGBoost_r81_BAG_L1"],"35":["CatBoost_r193_BAG_L1","NeuralNetFastAI_r103_BAG_L1","NeuralNetFastAI_r126_BAG_L1","NeuralNetFastAI_r18_BAG_L1","NeuralNetTorch_r148_BAG_L1","NeuralNetTorch_r40_BAG_L1","NeuralNetTorch_r47_BAG_L1","NeuralNetTorch_r66_BAG_L1","XGBoost_r199_BAG_L1","XGBoost_r81_BAG_L1"],"36":["CatBoost_r102_BAG_L1","CatBoost_r11_BAG_L1","CatBoost_r139_BAG_L1","CatBoost_r193_BAG_L1","CatBoost_r29_BAG_L1","CatBoost_r51_BAG_L1","CatBoost_r82_BAG_L1","KNeighbors_r34_BAG_L1","LightGBM_r107_BAG_L1","LightGBM_r126_BAG_L1","LightGBM_r132_BAG_L1","LightGBM_r168_BAG_L1","LightGBM_r76_BAG_L1","NeuralNetFastAI_r103_BAG_L1","NeuralNetFastAI_r11_BAG_L1","NeuralNetFastAI_r168_BAG_L1","NeuralNetFastAI_r18_BAG_L1","NeuralNetFastAI_r191_BAG_L1","NeuralNetFastAI_r28_BAG_L1","NeuralNetFastAI_r4_BAG_L1","NeuralNetFastAI_r9_BAG_L1","NeuralNetTorch_r103_BAG_L1","NeuralNetTorch_r113_BAG_L1","NeuralNetTorch_r11_BAG_L1","NeuralNetTorch_r128_BAG_L1","NeuralNetTorch_r148_BAG_L1","NeuralNetTorch_r158_BAG_L1","NeuralNetTorch_r174_BAG_L1","NeuralNetTorch_r40_BAG_L1","NeuralNetTorch_r47_BAG_L1","NeuralNetTorch_r57_BAG_L1","XGBoost_r191_BAG_L1","XGBoost_r196_BAG_L1","XGBoost_r199_BAG_L1","XGBoost_r68_BAG_L1","XGBoost_r81_BAG_L1"],"37":["CatBoost_r139_BAG_L1","CatBoost_r193_BAG_L1","CatBoost_r51_BAG_L1","CatBoost_r82_BAG_L1","NeuralNetFastAI_r103_BAG_L1","RandomForest_r80_BAG_L1","XGBoost_r81_BAG_L1"],"38":["CatBoost_r139_BAG_L1","CatBoost_r193_BAG_L1","CatBoost_r51_BAG_L1","CatBoost_r82_BAG_L1","KNeighbors_r34_BAG_L1","LightGBM_r107_BAG_L1","LightGBM_r132_BAG_L1","LightGBM_r168_BAG_L1","LightGBM_r76_BAG_L1","NeuralNetFastAI_r103_BAG_L1","NeuralNetFastAI_r11_BAG_L1","NeuralNetFastAI_r168_BAG_L1","NeuralNetFastAI_r18_BAG_L1","NeuralNetFastAI_r191_BAG_L1","NeuralNetFastAI_r28_BAG_L1","NeuralNetFastAI_r4_BAG_L1","NeuralNetFastAI_r9_BAG_L1","NeuralNetTorch_r103_BAG_L1","NeuralNetTorch_r113_BAG_L1","NeuralNetTorch_r11_BAG_L1","NeuralNetTorch_r128_BAG_L1","NeuralNetTorch_r148_BAG_L1","NeuralNetTorch_r158_BAG_L1","NeuralNetTorch_r174_BAG_L1","NeuralNetTorch_r40_BAG_L1","NeuralNetTorch_r47_BAG_L1","NeuralNetTorch_r57_BAG_L1","XGBoost_r196_BAG_L1","XGBoost_r199_BAG_L1","XGBoost_r68_BAG_L1","XGBoost_r81_BAG_L1"],"39":["CatBoost_r11_BAG_L1","CatBoost_r29_BAG_L1","ExtraTrees_r187_BAG_L1","NeuralNetTorch_r113_BAG_L1","NeuralNetTorch_r148_BAG_L1","NeuralNetTorch_r47_BAG_L1","NeuralNetTorch_r52_BAG_L1","NeuralNetTorch_r57_BAG_L1","NeuralNetTorch_r9_BAG_L1","XGBoost_r199_BAG_L1","XGBoost_r66_BAG_L1"],"40":["CatBoost_r193_BAG_L1","ExtraTrees_r140_BAG_L1","KNeighbors_r34_BAG_L1","LightGBM_r107_BAG_L1","LightGBM_r132_BAG_L1","LightGBM_r168_BAG_L1","LightGBM_r76_BAG_L1","NeuralNetFastAI_r103_BAG_L1","NeuralNetFastAI_r11_BAG_L1","NeuralNetFastAI_r168_BAG_L1","NeuralNetFastAI_r18_BAG_L1","NeuralNetFastAI_r191_BAG_L1","NeuralNetFastAI_r28_BAG_L1","NeuralNetFastAI_r4_BAG_L1","NeuralNetFastAI_r9_BAG_L1","NeuralNetTorch_r103_BAG_L1","NeuralNetTorch_r113_BAG_L1","NeuralNetTorch_r11_BAG_L1","NeuralNetTorch_r128_BAG_L1","NeuralNetTorch_r148_BAG_L1","NeuralNetTorch_r158_BAG_L1","NeuralNetTorch_r174_BAG_L1","NeuralNetTorch_r40_BAG_L1","NeuralNetTorch_r47_BAG_L1","NeuralNetTorch_r57_BAG_L1","XGBoost_r196_BAG_L1","XGBoost_r199_BAG_L1","XGBoost_r68_BAG_L1","XGBoost_r81_BAG_L1"],"41":["CatBoost_r193_BAG_L1","ExtraTrees_r68_BAG_L1","LightGBM_r27_BAG_L1","NeuralNetFastAI_r103_BAG_L1","NeuralNetFastAI_r28_BAG_L1","NeuralNetTorch_r11_BAG_L1","NeuralNetTorch_r40_BAG_L1","RandomForest_r67_BAG_L1","XGBoost_r81_BAG_L1"]},"weights":{"0":[0.0322580645,0.0322580645,0.0322580645,0.0322580645,0.0322580645,0.0322580645,0.0322580645,0.0322580645,0.0322580645,0.0322580645,0.0322580645,0.0322580645,0.0322580645,0.0322580645,0.0322580645,0.064516129,0.0322580645,0.0322580645,0.0322580645,0.0322580645,0.0322580645,0.0322580645,0.0322580645,0.0322580645,0.0322580645,0.0322580645,0.0322580645,0.0322580645,0.0322580645,0.0322580645],"1":[0.03125,0.03125,0.03125,0.03125,0.03125,0.03125,0.03125,0.03125,0.03125,0.03125,0.03125,0.03125,0.03125,0.03125,0.0625,0.03125,0.03125,0.03125,0.03125,0.03125,0.03125,0.03125,0.03125,0.03125,0.03125,0.03125,0.03125,0.03125,0.03125,0.03125,0.03125],"2":[0.125,0.125,0.125,0.125,0.125,0.125,0.125,0.125],"3":[0.0833333333,0.0833333333,0.0833333333,0.0833333333,0.0833333333,0.0833333333,0.0833333333,0.0833333333,0.0833333333,0.0833333333,0.0833333333,0.0833333333],"4":[0.1,0.1,0.1,0.1,0.1,0.1,0.1,0.1,0.1,0.1],"5":[0.1,0.1,0.1,0.1,0.1,0.1,0.1,0.1,0.1,0.1],"6":[0.1428571429,0.1428571429,0.1428571429,0.1428571429,0.1428571429,0.1428571429,0.1428571429],"7":[0.0625,0.0625,0.0625,0.0625,0.0625,0.0625,0.0625,0.0625,0.0625,0.0625,0.0625,0.0625,0.0625,0.0625,0.0625,0.0625],"8":[0.0344827586,0.0344827586,0.0344827586,0.0344827586,0.0344827586,0.0344827586,0.0344827586,0.0344827586,0.0344827586,0.0344827586,0.0344827586,0.0344827586,0.0344827586,0.0344827586,0.0344827586,0.0344827586,0.0344827586,0.0344827586,0.0344827586,0.0344827586,0.0344827586,0.0344827586,0.0344827586,0.0344827586,0.0344827586,0.0344827586,0.0344827586,0.0344827586,0.0344827586],"9":[0.1666666667,0.1666666667,0.1666666667,0.1666666667,0.1666666667,0.1666666667],"10":[0.0714285714,0.0714285714,0.0714285714,0.0714285714,0.0714285714,0.0714285714,0.0714285714,0.0714285714,0.0714285714,0.0714285714,0.0714285714,0.0714285714,0.0714285714,0.0714285714],"11":[0.125,0.125,0.125,0.125,0.125,0.125,0.125,0.125],"12":[0.0294117647,0.0294117647,0.0294117647,0.0294117647,0.0294117647,0.0294117647,0.0294117647,0.0294117647,0.0294117647,0.0294117647,0.0294117647,0.0294117647,0.0294117647,0.0294117647,0.0294117647,0.0588235294,0.0294117647,0.0294117647,0.0294117647,0.0294117647,0.0294117647,0.0294117647,0.0294117647,0.0294117647,0.0294117647,0.0294117647,0.0294117647,0.0294117647,0.0294117647,0.0294117647,0.0294117647,0.0294117647,0.0294117647],"13":[0.2,0.2,0.2,0.2,0.2],"14":[0.0909090909,0.0909090909,0.0909090909,0.0909090909,0.0909090909,0.0909090909,0.0909090909,0.0909090909,0.0909090909,0.0909090909,0.0909090909],"15":[0.1,0.1,0.1,0.1,0.1,0.1,0.1,0.1,0.1,0.1],"16":[0.0769230769,0.0769230769,0.0769230769,0.0769230769,0.0769230769,0.0769230769,0.0769230769,0.0769230769,0.0769230769,0.0769230769,0.0769230769,0.0769230769,0.0769230769],"17":[0.1,0.1,0.1,0.1,0.1,0.1,0.1,0.1,0.1,0.1],"18":[0.0322580645,0.0322580645,0.0322580645,0.0322580645,0.0322580645,0.0322580645,0.0322580645,0.0322580645,0.0322580645,0.0322580645,0.0322580645,0.0322580645,0.0322580645,0.0322580645,0.0322580645,0.064516129,0.0322580645,0.0322580645,0.0322580645,0.0322580645,0.0322580645,0.0322580645,0.0322580645,0.0322580645,0.0322580645,0.0322580645,0.0322580645,0.0322580645,0.0322580645,0.0322580645],"19":[0.0333333333,0.0333333333,0.0333333333,0.0333333333,0.0333333333,0.0333333333,0.0333333333,0.0333333333,0.0333333333,0.0333333333,0.0333333333,0.0333333333,0.0333333333,0.0666666667,0.0333333333,0.0333333333,0.0333333333,0.0333333333,0.0333333333,0.0333333333,0.0333333333,0.0333333333,0.0333333333,0.0333333333,0.0333333333,0.0333333333,0.0333333333,0.0333333333,0.0333333333],"20":[0.0769230769,0.0769230769,0.0769230769,0.0769230769,0.0769230769,0.0769230769,0.0769230769,0.0769230769,0.0769230769,0.0769230769,0.0769230769,0.0769230769,0.0769230769],"21":[0.0303030303,0.0303030303,0.0303030303,0.0303030303,0.0303030303,0.0303030303,0.0303030303,0.0303030303,0.0303030303,0.0303030303,0.0303030303,0.0303030303,0.0303030303,0.0303030303,0.0606060606,0.0303030303,0.0303030303,0.0303030303,0.0303030303,0.0303030303,0.0303030303,0.0303030303,0.0303030303,0.0303030303,0.0303030303,0.0303030303,0.0303030303,0.0303030303,0.0303030303,0.0303030303,0.0303030303,0.0303030303],"22":[0.0833333333,0.0833333333,0.0833333333,0.0833333333,0.0833333333,0.0833333333,0.0833333333,0.0833333333,0.0833333333,0.0833333333,0.0833333333,0.0833333333],"23":[0.05,0.05,0.05,0.05,0.05,0.05,0.05,0.05,0.05,0.05,0.05,0.05,0.05,0.05,0.05,0.05,0.05,0.05,0.05,0.05],"24":[0.0277777778,0.0277777778,0.0277777778,0.0277777778,0.0277777778,0.0277777778,0.0277777778,0.0277777778,0.0277777778,0.0277777778,0.0277777778,0.0277777778,0.0277777778,0.0277777778,0.0277777778,0.0277777778,0.0277777778,0.0277777778,0.0277777778,0.0277777778,0.0277777778,0.0277777778,0.0277777778,0.0277777778,0.0277777778,0.0277777778,0.0277777778,0.0277777778,0.0277777778,0.0277777778,0.0277777778,0.0277777778,0.0277777778,0.0277777778,0.0277777778,0.0277777778],"25":[0.0277777778,0.0277777778,0.0277777778,0.0277777778,0.0277777778,0.0277777778,0.0277777778,0.0277777778,0.0277777778,0.0277777778,0.0277777778,0.0277777778,0.0277777778,0.0277777778,0.0277777778,0.0277777778,0.0277777778,0.0555555556,0.0277777778,0.0277777778,0.0277777778,0.0277777778,0.0277777778,0.0277777778,0.0277777778,0.0277777778,0.0277777778,0.0277777778,0.0277777778,0.0277777778,0.0277777778,0.0277777778,0.0277777778,0.0277777778,0.0277777778],"26":[0.0303030303,0.0303030303,0.0303030303,0.0303030303,0.0303030303,0.0303030303,0.0303030303,0.0303030303,0.0303030303,0.0303030303,0.0303030303,0.0303030303,0.0303030303,0.0303030303,0.0303030303,0.0303030303,0.0303030303,0.0606060606,0.0303030303,0.0303030303,0.0303030303,0.0303030303,0.0303030303,0.0303030303,0.0303030303,0.0303030303,0.0303030303,0.0303030303,0.0303030303,0.0303030303,0.0303030303,0.0303030303],"27":[0.0769230769,0.0769230769,0.0769230769,0.0769230769,0.0769230769,0.0769230769,0.0769230769,0.0769230769,0.0769230769,0.0769230769,0.0769230769,0.0769230769,0.0769230769],"28":[0.125,0.125,0.125,0.125,0.125,0.125,0.125,0.125],"29":[0.0333333333,0.0333333333,0.0333333333,0.0333333333,0.0333333333,0.0333333333,0.0333333333,0.0333333333,0.0333333333,0.0333333333,0.0333333333,0.0333333333,0.0333333333,0.0666666667,0.0333333333,0.0333333333,0.0333333333,0.0333333333,0.0333333333,0.0333333333,0.0333333333,0.0333333333,0.0333333333,0.0333333333,0.0333333333,0.0333333333,0.0333333333,0.0333333333,0.0333333333],"30":[0.0333333333,0.0333333333,0.0333333333,0.0333333333,0.0333333333,0.0333333333,0.0333333333,0.0333333333,0.0333333333,0.0333333333,0.0333333333,0.0333333333,0.0333333333,0.0333333333,0.0666666667,0.0333333333,0.0333333333,0.0333333333,0.0333333333,0.0333333333,0.0333333333,0.0333333333,0.0333333333,0.0333333333,0.0333333333,0.0333333333,0.0333333333,0.0333333333,0.0333333333],"31":[0.0357142857,0.0357142857,0.0357142857,0.0357142857,0.0357142857,0.0357142857,0.0357142857,0.0357142857,0.0357142857,0.0357142857,0.0357142857,0.0714285714,0.0357142857,0.0357142857,0.0357142857,0.0357142857,0.0357142857,0.0357142857,0.0357142857,0.0357142857,0.0357142857,0.0357142857,0.0357142857,0.0357142857,0.0357142857,0.0357142857,0.0357142857],"32":[0.0588235294,0.0588235294,0.0588235294,0.0588235294,0.0588235294,0.0588235294,0.0588235294,0.0588235294,0.0588235294,0.0588235294,0.0588235294,0.0588235294,0.0588235294,0.0588235294,0.0588235294,0.0588235294,0.0588235294],"33":[0.0344827586,0.0344827586,0.0344827586,0.0344827586,0.0344827586,0.0344827586,0.0344827586,0.0344827586,0.0344827586,0.0344827586,0.0344827586,0.0344827586,0.0344827586,0.0689655172,0.0344827586,0.0344827586,0.0344827586,0.0344827586,0.0344827586,0.0344827586,0.0344827586,0.0344827586,0.0344827586,0.0344827586,0.0344827586,0.0344827586,0.0344827586,0.0344827586],"34":[0.1,0.1,0.1,0.1,0.1,0.1,0.1,0.1,0.1,0.1],"35":[0.1,0.1,0.1,0.1,0.1,0.1,0.1,0.1,0.1,0.1],"36":[0.0277777778,0.0277777778,0.0277777778,0.0277777778,0.0277777778,0.0277777778,0.0277777778,0.0277777778,0.0277777778,0.0277777778,0.0277777778,0.0277777778,0.0277777778,0.0277777778,0.0277777778,0.0277777778,0.0277777778,0.0277777778,0.0277777778,0.0277777778,0.0277777778,0.0277777778,0.0277777778,0.0277777778,0.0277777778,0.0277777778,0.0277777778,0.0277777778,0.0277777778,0.0277777778,0.0277777778,0.0277777778,0.0277777778,0.0277777778,0.0277777778,0.0277777778],"37":[0.1428571429,0.1428571429,0.1428571429,0.1428571429,0.1428571429,0.1428571429,0.1428571429],"38":[0.03125,0.03125,0.03125,0.03125,0.03125,0.03125,0.03125,0.03125,0.03125,0.03125,0.03125,0.03125,0.03125,0.03125,0.03125,0.03125,0.0625,0.03125,0.03125,0.03125,0.03125,0.03125,0.03125,0.03125,0.03125,0.03125,0.03125,0.03125,0.03125,0.03125,0.03125],"39":[0.0909090909,0.0909090909,0.0909090909,0.0909090909,0.0909090909,0.0909090909,0.0909090909,0.0909090909,0.0909090909,0.0909090909,0.0909090909],"40":[0.0333333333,0.0333333333,0.0333333333,0.0333333333,0.0333333333,0.0333333333,0.0333333333,0.0333333333,0.0333333333,0.0333333333,0.0333333333,0.0333333333,0.0333333333,0.0333333333,0.0666666667,0.0333333333,0.0333333333,0.0333333333,0.0333333333,0.0333333333,0.0333333333,0.0333333333,0.0333333333,0.0333333333,0.0333333333,0.0333333333,0.0333333333,0.0333333333,0.0333333333],"41":[0.1111111111,0.1111111111,0.1111111111,0.1111111111,0.1111111111,0.1111111111,0.1111111111,0.1111111111,0.1111111111]},"meta":{"0":20,"1":11,"2":36,"3":9,"4":10,"5":5,"6":28,"7":10,"8":8,"9":13,"10":33,"11":7,"12":33,"13":34,"14":17,"15":10,"16":12,"17":7,"18":29,"19":13,"20":10,"21":31,"22":31,"23":32,"24":6,"25":8,"26":8,"27":29,"28":16,"29":10,"30":11,"31":10,"32":12,"33":14,"34":36,"35":13,"36":30,"37":36,"38":30,"39":30,"40":30,"41":32},"task":{"0":"3749_1","1":"3749_1","2":"3749_1","3":"3749_1","4":"3749_1","5":"3749_1","6":"3749_1","7":"3749_1","8":"3749_1","9":"3749_1","10":"3749_1","11":"3749_1","12":"3749_1","13":"3749_1","14":"3749_1","15":"3749_1","16":"3749_1","17":"3749_1","18":"3749_1","19":"3749_1","20":"3749_1","21":"3749_1","22":"3749_1","23":"3749_1","24":"3749_1","25":"3749_1","26":"3749_1","27":"3749_1","28":"3749_1","29":"3749_1","30":"3749_1","31":"3749_1","32":"3749_1","33":"3749_1","34":"3749_1","35":"3749_1","36":"3749_1","37":"3749_1","38":"3749_1","39":"3749_1","40":"3749_1","41":"3749_1"},"dataset":{"0":"no2","1":"no2","2":"no2","3":"no2","4":"no2","5":"no2","6":"no2","7":"no2","8":"no2","9":"no2","10":"no2","11":"no2","12":"no2","13":"no2","14":"no2","15":"no2","16":"no2","17":"no2","18":"no2","19":"no2","20":"no2","21":"no2","22":"no2","23":"no2","24":"no2","25":"no2","26":"no2","27":"no2","28":"no2","29":"no2","30":"no2","31":"no2","32":"no2","33":"no2","34":"no2","35":"no2","36":"no2","37":"no2","38":"no2","39":"no2","40":"no2","41":"no2"},"fold":{"0":1,"1":1,"2":1,"3":1,"4":1,"5":1,"6":1,"7":1,"8":1,"9":1,"10":1,"11":1,"12":1,"13":1,"14":1,"15":1,"16":1,"17":1,"18":1,"19":1,"20":1,"21":1,"22":1,"23":1,"24":1,"25":1,"26":1,"27":1,"28":1,"29":1,"30":1,"31":1,"32":1,"33":1,"34":1,"35":1,"36":1,"37":1,"38":1,"39":1,"40":1,"41":1},"method":{"0":"QDO","1":"QDO","2":"QDO","3":"QDO","4":"QDO","5":"QDO","6":"QDO","7":"QDO","8":"QDO","9":"QDO","10":"QDO","11":"QDO","12":"QDO","13":"QDO","14":"QDO","15":"QDO","16":"QDO","17":"QDO","18":"QDO","19":"QDO","20":"QDO","21":"QDO","22":"QDO","23":"QDO","24":"QDO","25":"QDO","26":"QDO","27":"QDO","28":"QDO","29":"QDO","30":"QDO","31":"QDO","32":"QDO","33":"QDO","34":"QDO","35":"QDO","36":"QDO","37":"QDO","38":"QDO","39":"QDO","40":"QDO","41":"QDO"}}