{"name":{"0":"QDO_0","1":"QDO_1","2":"QDO_2","3":"QDO_3","4":"QDO_4","5":"QDO_5","6":"QDO_6","7":"QDO_7","8":"QDO_8","9":"QDO_9","10":"QDO_10","11":"QDO_11","12":"QDO_12","13":"QDO_13","14":"QDO_14","15":"QDO_15","16":"QDO_16","17":"QDO_17","18":"QDO_18","19":"QDO_19","20":"QDO_20","21":"QDO_21","22":"QDO_22","23":"QDO_23","24":"QDO_24","25":"QDO_25","26":"QDO_26","27":"QDO_27","28":"QDO_28","29":"QDO_29","30":"QDO_30","31":"QDO_31","32":"QDO_32","33":"QDO_33","34":"QDO_34","35":"QDO_35","36":"QDO_36","37":"QDO_37","38":"QDO_38","39":"QDO_39","40":"QDO_40","41":"QDO_41"},"roc_auc_val":{"0":0.9861218931,"1":0.9865304733,"2":0.9861082737,"3":0.9871297242,"4":0.9856043582,"5":0.9864078992,"6":0.9755396663,"7":0.9770786517,"8":0.9854409261,"9":0.98659857,"10":0.9841334695,"11":0.9869662921,"12":0.9868845761,"13":0.9839836568,"14":0.9864896153,"15":0.9720803541,"16":0.9867075247,"17":0.9863942799,"18":0.985835887,"19":0.9870888662,"20":0.984433095,"21":0.9862036091,"22":0.9862036091,"23":0.9871161049,"24":0.9731426626,"25":0.9843241403,"26":0.9869935308,"27":0.9744909772,"28":0.984473953,"29":0.985876745,"30":0.9869799115,"31":0.9868300987,"32":0.9847599591,"33":0.9853864488,"34":0.9864078992,"35":0.9871161049,"36":0.9863261832,"37":0.9776506639,"38":0.9861763704,"39":0.9859312223,"40":0.9866121893,"41":0.9802110998},"roc_auc_test":{"0":0.951901566,"1":0.9507829978,"2":0.9507829978,"3":0.9507829978,"4":0.9507829978,"5":0.9552572707,"6":0.9362416107,"7":0.9463087248,"8":0.9395973154,"9":0.951901566,"10":0.951901566,"11":0.9541387025,"12":0.9507829978,"13":0.937360179,"14":0.9530201342,"15":0.966442953,"16":0.9507829978,"17":0.9530201342,"18":0.951901566,"19":0.9552572707,"20":0.951901566,"21":0.9530201342,"22":0.9496644295,"23":0.9541387025,"24":0.9429530201,"25":0.9407158837,"26":0.951901566,"27":0.9407158837,"28":0.9384787472,"29":0.9563758389,"30":0.9541387025,"31":0.9541387025,"32":0.9530201342,"33":0.9507829978,"34":0.9541387025,"35":0.9552572707,"36":0.9507829978,"37":0.9474272931,"38":0.9485458613,"39":0.9530201342,"40":0.951901566,"41":0.9675615213},"models_used":{"0":["CatBoost_r37_BAG_L1","CatBoost_r39_BAG_L1","KNeighbors_r35_BAG_L1","LightGBM_r185_BAG_L1","LightGBM_r31_BAG_L1","LightGBM_r68_BAG_L1","LightGBM_r78_BAG_L1","LightGBM_r8_BAG_L1","LinearModel_r14_BAG_L1","LinearModel_r46_BAG_L1","NeuralNetFastAI_r104_BAG_L1","NeuralNetFastAI_r115_BAG_L1","NeuralNetFastAI_r162_BAG_L1","NeuralNetFastAI_r35_BAG_L1","NeuralNetFastAI_r63_BAG_L1","NeuralNetTorch_r100_BAG_L1","NeuralNetTorch_r101_BAG_L1","NeuralNetTorch_r149_BAG_L1","NeuralNetTorch_r159_BAG_L1","NeuralNetTorch_r165_BAG_L1","NeuralNetTorch_r181_BAG_L1","NeuralNetTorch_r184_BAG_L1","NeuralNetTorch_r189_BAG_L1","NeuralNetTorch_r31_BAG_L1","NeuralNetTorch_r41_BAG_L1","NeuralNetTorch_r4_BAG_L1","NeuralNetTorch_r69_BAG_L1","NeuralNetTorch_r86_BAG_L1","NeuralNetTorch_r94_BAG_L1"],"1":["KNeighbors_r35_BAG_L1","LightGBM_r185_BAG_L1","LightGBM_r31_BAG_L1","LightGBM_r68_BAG_L1","LightGBM_r78_BAG_L1","LightGBM_r8_BAG_L1","LinearModel_r14_BAG_L1","LinearModel_r46_BAG_L1","NeuralNetFastAI_r104_BAG_L1","NeuralNetFastAI_r115_BAG_L1","NeuralNetFastAI_r162_BAG_L1","NeuralNetFastAI_r1_BAG_L1","NeuralNetFastAI_r35_BAG_L1","NeuralNetFastAI_r63_BAG_L1","NeuralNetTorch_r100_BAG_L1","NeuralNetTorch_r101_BAG_L1","NeuralNetTorch_r124_BAG_L1","NeuralNetTorch_r149_BAG_L1","NeuralNetTorch_r165_BAG_L1","NeuralNetTorch_r181_BAG_L1","NeuralNetTorch_r189_BAG_L1","NeuralNetTorch_r31_BAG_L1","NeuralNetTorch_r41_BAG_L1","NeuralNetTorch_r4_BAG_L1","NeuralNetTorch_r69_BAG_L1","NeuralNetTorch_r86_BAG_L1","NeuralNetTorch_r94_BAG_L1"],"2":["CatBoost_r133_BAG_L1","ExtraTrees_r94_BAG_L1","KNeighbors_r35_BAG_L1","LightGBM_r185_BAG_L1","LightGBM_r31_BAG_L1","LightGBM_r68_BAG_L1","LightGBM_r78_BAG_L1","LightGBM_r8_BAG_L1","LinearModel_r14_BAG_L1","LinearModel_r17_BAG_L1","LinearModel_r46_BAG_L1","NeuralNetFastAI_r104_BAG_L1","NeuralNetFastAI_r115_BAG_L1","NeuralNetFastAI_r162_BAG_L1","NeuralNetFastAI_r35_BAG_L1","NeuralNetFastAI_r36_BAG_L1","NeuralNetFastAI_r63_BAG_L1","NeuralNetFastAI_r86_BAG_L1","NeuralNetTorch_r100_BAG_L1","NeuralNetTorch_r101_BAG_L1","NeuralNetTorch_r124_BAG_L1","NeuralNetTorch_r149_BAG_L1","NeuralNetTorch_r165_BAG_L1","NeuralNetTorch_r181_BAG_L1","NeuralNetTorch_r189_BAG_L1","NeuralNetTorch_r31_BAG_L1","NeuralNetTorch_r41_BAG_L1","NeuralNetTorch_r4_BAG_L1","NeuralNetTorch_r69_BAG_L1","NeuralNetTorch_r86_BAG_L1","NeuralNetTorch_r94_BAG_L1"],"3":["CatBoost_r133_BAG_L1","KNeighbors_r35_BAG_L1","LightGBM_r185_BAG_L1","LightGBM_r31_BAG_L1","LightGBM_r68_BAG_L1","LightGBM_r78_BAG_L1","LightGBM_r8_BAG_L1","LinearModel_r14_BAG_L1","LinearModel_r46_BAG_L1","NeuralNetFastAI_r104_BAG_L1","NeuralNetFastAI_r115_BAG_L1","NeuralNetFastAI_r162_BAG_L1","NeuralNetFastAI_r35_BAG_L1","NeuralNetFastAI_r63_BAG_L1","NeuralNetFastAI_r86_BAG_L1","NeuralNetTorch_r100_BAG_L1","NeuralNetTorch_r101_BAG_L1","NeuralNetTorch_r124_BAG_L1","NeuralNetTorch_r149_BAG_L1","NeuralNetTorch_r165_BAG_L1","NeuralNetTorch_r181_BAG_L1","NeuralNetTorch_r189_BAG_L1","NeuralNetTorch_r31_BAG_L1","NeuralNetTorch_r41_BAG_L1","NeuralNetTorch_r4_BAG_L1","NeuralNetTorch_r69_BAG_L1","NeuralNetTorch_r86_BAG_L1","NeuralNetTorch_r94_BAG_L1"],"4":["KNeighbors_r35_BAG_L1","LightGBM_r185_BAG_L1","LightGBM_r193_BAG_L1","LightGBM_r31_BAG_L1","LightGBM_r54_BAG_L1","LightGBM_r68_BAG_L1","LightGBM_r78_BAG_L1","LightGBM_r8_BAG_L1","LinearModel_r14_BAG_L1","NeuralNetFastAI_r104_BAG_L1","NeuralNetFastAI_r115_BAG_L1","NeuralNetFastAI_r63_BAG_L1","NeuralNetTorch_r100_BAG_L1","NeuralNetTorch_r101_BAG_L1","NeuralNetTorch_r109_BAG_L1","NeuralNetTorch_r149_BAG_L1","NeuralNetTorch_r165_BAG_L1","NeuralNetTorch_r181_BAG_L1","NeuralNetTorch_r189_BAG_L1","NeuralNetTorch_r31_BAG_L1","NeuralNetTorch_r4_BAG_L1","NeuralNetTorch_r69_BAG_L1","NeuralNetTorch_r94_BAG_L1"],"5":["CatBoost_r37_BAG_L1","KNeighbors_r35_BAG_L1","LightGBM_r185_BAG_L1","LightGBM_r31_BAG_L1","LightGBM_r68_BAG_L1","LightGBM_r78_BAG_L1","LightGBM_r8_BAG_L1","LinearModel_r14_BAG_L1","LinearModel_r46_BAG_L1","NeuralNetFastAI_r104_BAG_L1","NeuralNetFastAI_r115_BAG_L1","NeuralNetFastAI_r162_BAG_L1","NeuralNetFastAI_r35_BAG_L1","NeuralNetFastAI_r63_BAG_L1","NeuralNetTorch_r100_BAG_L1","NeuralNetTorch_r101_BAG_L1","NeuralNetTorch_r149_BAG_L1","NeuralNetTorch_r165_BAG_L1","NeuralNetTorch_r181_BAG_L1","NeuralNetTorch_r189_BAG_L1","NeuralNetTorch_r31_BAG_L1","NeuralNetTorch_r41_BAG_L1","NeuralNetTorch_r4_BAG_L1","NeuralNetTorch_r69_BAG_L1","NeuralNetTorch_r86_BAG_L1","NeuralNetTorch_r94_BAG_L1"],"6":["CatBoost_r37_BAG_L1","CatBoost_r39_BAG_L1","NeuralNetTorch_r157_BAG_L1","NeuralNetTorch_r159_BAG_L1"],"7":["LightGBM_r186_BAG_L1","LightGBM_r68_BAG_L1","NeuralNetFastAI_r125_BAG_L1","NeuralNetFastAI_r174_BAG_L1","NeuralNetFastAI_r179_BAG_L1","NeuralNetFastAI_r63_BAG_L1","XGBoost_r180_BAG_L1","XGBoost_r25_BAG_L1","XGBoost_r50_BAG_L1"],"8":["LightGBM_r185_BAG_L1","LightGBM_r31_BAG_L1","LightGBM_r68_BAG_L1","LightGBM_r78_BAG_L1","LightGBM_r8_BAG_L1","LinearModel_r14_BAG_L1","NeuralNetFastAI_r115_BAG_L1","NeuralNetFastAI_r63_BAG_L1","NeuralNetTorch_r100_BAG_L1","NeuralNetTorch_r149_BAG_L1","NeuralNetTorch_r165_BAG_L1","NeuralNetTorch_r181_BAG_L1","NeuralNetTorch_r189_BAG_L1","NeuralNetTorch_r197_BAG_L1","NeuralNetTorch_r31_BAG_L1","NeuralNetTorch_r4_BAG_L1","NeuralNetTorch_r69_BAG_L1"],"9":["KNeighbors_r35_BAG_L1","LightGBM_r185_BAG_L1","LightGBM_r31_BAG_L1","LightGBM_r54_BAG_L1","LightGBM_r68_BAG_L1","LightGBM_r78_BAG_L1","LightGBM_r8_BAG_L1","LinearModel_r14_BAG_L1","LinearModel_r46_BAG_L1","NeuralNetFastAI_r104_BAG_L1","NeuralNetFastAI_r115_BAG_L1","NeuralNetFastAI_r162_BAG_L1","NeuralNetFastAI_r35_BAG_L1","NeuralNetFastAI_r63_BAG_L1","NeuralNetTorch_r100_BAG_L1","NeuralNetTorch_r101_BAG_L1","NeuralNetTorch_r124_BAG_L1","NeuralNetTorch_r149_BAG_L1","NeuralNetTorch_r165_BAG_L1","NeuralNetTorch_r181_BAG_L1","NeuralNetTorch_r189_BAG_L1","NeuralNetTorch_r31_BAG_L1","NeuralNetTorch_r41_BAG_L1","NeuralNetTorch_r4_BAG_L1","NeuralNetTorch_r69_BAG_L1","NeuralNetTorch_r86_BAG_L1","NeuralNetTorch_r94_BAG_L1"],"10":["CatBoost_r37_BAG_L1","CatBoost_r39_BAG_L1","KNeighbors_r35_BAG_L1","LightGBM_r185_BAG_L1","LightGBM_r31_BAG_L1","LightGBM_r34_BAG_L1","LightGBM_r39_BAG_L1","LightGBM_r68_BAG_L1","LightGBM_r78_BAG_L1","LightGBM_r8_BAG_L1","LinearModel_r14_BAG_L1","NeuralNetFastAI_r104_BAG_L1","NeuralNetFastAI_r115_BAG_L1","NeuralNetFastAI_r125_BAG_L1","NeuralNetFastAI_r174_BAG_L1","NeuralNetFastAI_r179_BAG_L1","NeuralNetFastAI_r63_BAG_L1","NeuralNetFastAI_r82_BAG_L1","NeuralNetTorch_r100_BAG_L1","NeuralNetTorch_r101_BAG_L1","NeuralNetTorch_r149_BAG_L1","NeuralNetTorch_r159_BAG_L1","NeuralNetTorch_r165_BAG_L1","NeuralNetTorch_r181_BAG_L1","NeuralNetTorch_r184_BAG_L1","NeuralNetTorch_r189_BAG_L1","NeuralNetTorch_r31_BAG_L1","NeuralNetTorch_r4_BAG_L1","NeuralNetTorch_r69_BAG_L1","NeuralNetTorch_r94_BAG_L1","XGBoost_r50_BAG_L1"],"11":["CatBoost_r133_BAG_L1","ExtraTrees_r94_BAG_L1","KNeighbors_r35_BAG_L1","LightGBM_r185_BAG_L1","LightGBM_r31_BAG_L1","LightGBM_r68_BAG_L1","LightGBM_r78_BAG_L1","LightGBM_r8_BAG_L1","LinearModel_r14_BAG_L1","LinearModel_r17_BAG_L1","LinearModel_r46_BAG_L1","NeuralNetFastAI_r104_BAG_L1","NeuralNetFastAI_r115_BAG_L1","NeuralNetFastAI_r162_BAG_L1","NeuralNetFastAI_r35_BAG_L1","NeuralNetFastAI_r63_BAG_L1","NeuralNetFastAI_r86_BAG_L1","NeuralNetTorch_r100_BAG_L1","NeuralNetTorch_r101_BAG_L1","NeuralNetTorch_r124_BAG_L1","NeuralNetTorch_r149_BAG_L1","NeuralNetTorch_r165_BAG_L1","NeuralNetTorch_r181_BAG_L1","NeuralNetTorch_r189_BAG_L1","NeuralNetTorch_r31_BAG_L1","NeuralNetTorch_r41_BAG_L1","NeuralNetTorch_r4_BAG_L1","NeuralNetTorch_r69_BAG_L1","NeuralNetTorch_r86_BAG_L1","NeuralNetTorch_r94_BAG_L1"],"12":["CatBoost_r133_BAG_L1","KNeighbors_r35_BAG_L1","LightGBM_r185_BAG_L1","LightGBM_r31_BAG_L1","LightGBM_r68_BAG_L1","LightGBM_r78_BAG_L1","LightGBM_r8_BAG_L1","LinearModel_r14_BAG_L1","LinearModel_r46_BAG_L1","NeuralNetFastAI_r104_BAG_L1","NeuralNetFastAI_r115_BAG_L1","NeuralNetFastAI_r162_BAG_L1","NeuralNetFastAI_r35_BAG_L1","NeuralNetFastAI_r63_BAG_L1","NeuralNetTorch_r100_BAG_L1","NeuralNetTorch_r101_BAG_L1","NeuralNetTorch_r124_BAG_L1","NeuralNetTorch_r149_BAG_L1","NeuralNetTorch_r165_BAG_L1","NeuralNetTorch_r16_BAG_L1","NeuralNetTorch_r181_BAG_L1","NeuralNetTorch_r189_BAG_L1","NeuralNetTorch_r31_BAG_L1","NeuralNetTorch_r41_BAG_L1","NeuralNetTorch_r4_BAG_L1","NeuralNetTorch_r69_BAG_L1","NeuralNetTorch_r86_BAG_L1","NeuralNetTorch_r94_BAG_L1"],"13":["LightGBM_r185_BAG_L1","LightGBM_r31_BAG_L1","LightGBM_r68_BAG_L1","LightGBM_r78_BAG_L1","LightGBM_r8_BAG_L1","LinearModel_r14_BAG_L1","LinearModel_r46_BAG_L1","NeuralNetFastAI_r115_BAG_L1","NeuralNetFastAI_r63_BAG_L1","NeuralNetTorch_r100_BAG_L1","NeuralNetTorch_r149_BAG_L1","NeuralNetTorch_r165_BAG_L1","NeuralNetTorch_r69_BAG_L1","NeuralNetTorch_r86_BAG_L1"],"14":["ExtraTrees_r94_BAG_L1","KNeighbors_r35_BAG_L1","LightGBM_r185_BAG_L1","LightGBM_r31_BAG_L1","LightGBM_r68_BAG_L1","LightGBM_r78_BAG_L1","LightGBM_r8_BAG_L1","LinearModel_r14_BAG_L1","LinearModel_r17_BAG_L1","LinearModel_r46_BAG_L1","NeuralNetFastAI_r104_BAG_L1","NeuralNetFastAI_r115_BAG_L1","NeuralNetFastAI_r162_BAG_L1","NeuralNetFastAI_r35_BAG_L1","NeuralNetFastAI_r63_BAG_L1","NeuralNetTorch_r100_BAG_L1","NeuralNetTorch_r101_BAG_L1","NeuralNetTorch_r124_BAG_L1","NeuralNetTorch_r149_BAG_L1","NeuralNetTorch_r165_BAG_L1","NeuralNetTorch_r181_BAG_L1","NeuralNetTorch_r189_BAG_L1","NeuralNetTorch_r31_BAG_L1","NeuralNetTorch_r41_BAG_L1","NeuralNetTorch_r4_BAG_L1","NeuralNetTorch_r69_BAG_L1","NeuralNetTorch_r86_BAG_L1","NeuralNetTorch_r94_BAG_L1"],"15":["NeuralNetFastAI_r18_BAG_L1","NeuralNetFastAI_r98_BAG_L1","NeuralNetTorch_r50_BAG_L1"],"16":["KNeighbors_r35_BAG_L1","LightGBM_r185_BAG_L1","LightGBM_r31_BAG_L1","LightGBM_r68_BAG_L1","LightGBM_r78_BAG_L1","LightGBM_r8_BAG_L1","LinearModel_r14_BAG_L1","LinearModel_r46_BAG_L1","NeuralNetFastAI_r104_BAG_L1","NeuralNetFastAI_r115_BAG_L1","NeuralNetFastAI_r162_BAG_L1","NeuralNetFastAI_r35_BAG_L1","NeuralNetFastAI_r63_BAG_L1","NeuralNetTorch_r100_BAG_L1","NeuralNetTorch_r101_BAG_L1","NeuralNetTorch_r124_BAG_L1","NeuralNetTorch_r149_BAG_L1","NeuralNetTorch_r165_BAG_L1","NeuralNetTorch_r181_BAG_L1","NeuralNetTorch_r189_BAG_L1","NeuralNetTorch_r31_BAG_L1","NeuralNetTorch_r41_BAG_L1","NeuralNetTorch_r4_BAG_L1","NeuralNetTorch_r69_BAG_L1","NeuralNetTorch_r86_BAG_L1","NeuralNetTorch_r94_BAG_L1"],"17":["KNeighbors_r35_BAG_L1","LightGBM_r162_BAG_L1","LightGBM_r185_BAG_L1","LightGBM_r31_BAG_L1","LightGBM_r68_BAG_L1","LightGBM_r78_BAG_L1","LightGBM_r8_BAG_L1","LinearModel_r14_BAG_L1","LinearModel_r46_BAG_L1","NeuralNetFastAI_r104_BAG_L1","NeuralNetFastAI_r115_BAG_L1","NeuralNetFastAI_r162_BAG_L1","NeuralNetFastAI_r35_BAG_L1","NeuralNetFastAI_r63_BAG_L1","NeuralNetTorch_r100_BAG_L1","NeuralNetTorch_r101_BAG_L1","NeuralNetTorch_r149_BAG_L1","NeuralNetTorch_r165_BAG_L1","NeuralNetTorch_r181_BAG_L1","NeuralNetTorch_r189_BAG_L1","NeuralNetTorch_r31_BAG_L1","NeuralNetTorch_r4_BAG_L1","NeuralNetTorch_r69_BAG_L1","NeuralNetTorch_r86_BAG_L1","NeuralNetTorch_r94_BAG_L1"],"18":["KNeighbors_r35_BAG_L1","LightGBM_r185_BAG_L1","LightGBM_r31_BAG_L1","LightGBM_r68_BAG_L1","LightGBM_r78_BAG_L1","LightGBM_r8_BAG_L1","LinearModel_r14_BAG_L1","NeuralNetFastAI_r104_BAG_L1","NeuralNetFastAI_r115_BAG_L1","NeuralNetFastAI_r63_BAG_L1","NeuralNetTorch_r100_BAG_L1","NeuralNetTorch_r101_BAG_L1","NeuralNetTorch_r109_BAG_L1","NeuralNetTorch_r149_BAG_L1","NeuralNetTorch_r165_BAG_L1","NeuralNetTorch_r181_BAG_L1","NeuralNetTorch_r189_BAG_L1","NeuralNetTorch_r31_BAG_L1","NeuralNetTorch_r32_BAG_L1","NeuralNetTorch_r4_BAG_L1","NeuralNetTorch_r69_BAG_L1","NeuralNetTorch_r94_BAG_L1"],"19":["CatBoost_r133_BAG_L1","KNeighbors_r35_BAG_L1","LightGBM_r185_BAG_L1","LightGBM_r31_BAG_L1","LightGBM_r68_BAG_L1","LightGBM_r78_BAG_L1","LightGBM_r8_BAG_L1","LinearModel_r14_BAG_L1","LinearModel_r46_BAG_L1","NeuralNetFastAI_r104_BAG_L1","NeuralNetFastAI_r115_BAG_L1","NeuralNetFastAI_r162_BAG_L1","NeuralNetFastAI_r35_BAG_L1","NeuralNetFastAI_r63_BAG_L1","NeuralNetFastAI_r86_BAG_L1","NeuralNetTorch_r100_BAG_L1","NeuralNetTorch_r101_BAG_L1","NeuralNetTorch_r109_BAG_L1","NeuralNetTorch_r124_BAG_L1","NeuralNetTorch_r149_BAG_L1","NeuralNetTorch_r165_BAG_L1","NeuralNetTorch_r181_BAG_L1","NeuralNetTorch_r189_BAG_L1","NeuralNetTorch_r31_BAG_L1","NeuralNetTorch_r41_BAG_L1","NeuralNetTorch_r4_BAG_L1","NeuralNetTorch_r69_BAG_L1","NeuralNetTorch_r86_BAG_L1","NeuralNetTorch_r94_BAG_L1"],"20":["CatBoost_r37_BAG_L1","CatBoost_r39_BAG_L1","ExtraTrees_r121_BAG_L1","ExtraTrees_r193_BAG_L1","KNeighbors_r35_BAG_L1","LightGBM_r185_BAG_L1","LightGBM_r31_BAG_L1","LightGBM_r68_BAG_L1","LightGBM_r78_BAG_L1","LightGBM_r8_BAG_L1","LinearModel_r14_BAG_L1","NeuralNetFastAI_r104_BAG_L1","NeuralNetFastAI_r115_BAG_L1","NeuralNetFastAI_r63_BAG_L1","NeuralNetTorch_r100_BAG_L1","NeuralNetTorch_r101_BAG_L1","NeuralNetTorch_r149_BAG_L1","NeuralNetTorch_r159_BAG_L1","NeuralNetTorch_r165_BAG_L1","NeuralNetTorch_r181_BAG_L1","NeuralNetTorch_r184_BAG_L1","NeuralNetTorch_r189_BAG_L1","NeuralNetTorch_r31_BAG_L1","NeuralNetTorch_r4_BAG_L1","NeuralNetTorch_r69_BAG_L1","NeuralNetTorch_r94_BAG_L1","XGBoost_r170_BAG_L1"],"21":["KNeighbors_r35_BAG_L1","LightGBM_r185_BAG_L1","LightGBM_r31_BAG_L1","LightGBM_r68_BAG_L1","LightGBM_r78_BAG_L1","LightGBM_r8_BAG_L1","LinearModel_r14_BAG_L1","LinearModel_r46_BAG_L1","LinearModel_r47_BAG_L1","NeuralNetFastAI_r104_BAG_L1","NeuralNetFastAI_r115_BAG_L1","NeuralNetFastAI_r162_BAG_L1","NeuralNetFastAI_r35_BAG_L1","NeuralNetFastAI_r63_BAG_L1","NeuralNetTorch_r100_BAG_L1","NeuralNetTorch_r101_BAG_L1","NeuralNetTorch_r149_BAG_L1","NeuralNetTorch_r165_BAG_L1","NeuralNetTorch_r181_BAG_L1","NeuralNetTorch_r189_BAG_L1","NeuralNetTorch_r31_BAG_L1","NeuralNetTorch_r4_BAG_L1","NeuralNetTorch_r69_BAG_L1","NeuralNetTorch_r86_BAG_L1","NeuralNetTorch_r94_BAG_L1"],"22":["CatBoost_r37_BAG_L1","CatBoost_r39_BAG_L1","KNeighbors_r35_BAG_L1","LightGBM_r185_BAG_L1","LightGBM_r31_BAG_L1","LightGBM_r68_BAG_L1","LightGBM_r78_BAG_L1","LightGBM_r8_BAG_L1","LinearModel_r14_BAG_L1","LinearModel_r3_BAG_L1","LinearModel_r46_BAG_L1","NeuralNetFastAI_r104_BAG_L1","NeuralNetFastAI_r115_BAG_L1","NeuralNetFastAI_r162_BAG_L1","NeuralNetFastAI_r35_BAG_L1","NeuralNetFastAI_r63_BAG_L1","NeuralNetTorch_r100_BAG_L1","NeuralNetTorch_r101_BAG_L1","NeuralNetTorch_r124_BAG_L1","NeuralNetTorch_r149_BAG_L1","NeuralNetTorch_r159_BAG_L1","NeuralNetTorch_r165_BAG_L1","NeuralNetTorch_r181_BAG_L1","NeuralNetTorch_r184_BAG_L1","NeuralNetTorch_r189_BAG_L1","NeuralNetTorch_r31_BAG_L1","NeuralNetTorch_r41_BAG_L1","NeuralNetTorch_r4_BAG_L1","NeuralNetTorch_r69_BAG_L1","NeuralNetTorch_r86_BAG_L1","NeuralNetTorch_r94_BAG_L1"],"23":["CatBoost_r133_BAG_L1","KNeighbors_r35_BAG_L1","LightGBM_c3_BAG_L1","LightGBM_r185_BAG_L1","LightGBM_r31_BAG_L1","LightGBM_r68_BAG_L1","LightGBM_r78_BAG_L1","LightGBM_r8_BAG_L1","LinearModel_r14_BAG_L1","LinearModel_r46_BAG_L1","NeuralNetFastAI_r104_BAG_L1","NeuralNetFastAI_r115_BAG_L1","NeuralNetFastAI_r162_BAG_L1","NeuralNetFastAI_r35_BAG_L1","NeuralNetFastAI_r63_BAG_L1","NeuralNetFastAI_r86_BAG_L1","NeuralNetTorch_r100_BAG_L1","NeuralNetTorch_r101_BAG_L1","NeuralNetTorch_r124_BAG_L1","NeuralNetTorch_r149_BAG_L1","NeuralNetTorch_r165_BAG_L1","NeuralNetTorch_r181_BAG_L1","NeuralNetTorch_r189_BAG_L1","NeuralNetTorch_r31_BAG_L1","NeuralNetTorch_r41_BAG_L1","NeuralNetTorch_r4_BAG_L1","NeuralNetTorch_r69_BAG_L1","NeuralNetTorch_r86_BAG_L1","NeuralNetTorch_r94_BAG_L1"],"24":["LightGBM_r94_BAG_L1","NeuralNetTorch_r102_BAG_L1","NeuralNetTorch_r187_BAG_L1","XGBoost_r47_BAG_L1","XGBoost_r89_BAG_L1"],"25":["CatBoost_r37_BAG_L1","CatBoost_r39_BAG_L1","LightGBM_r185_BAG_L1","LightGBM_r31_BAG_L1","LightGBM_r68_BAG_L1","LightGBM_r78_BAG_L1","LightGBM_r8_BAG_L1","LinearModel_r14_BAG_L1","NeuralNetFastAI_r115_BAG_L1","NeuralNetFastAI_r63_BAG_L1","NeuralNetTorch_r100_BAG_L1","NeuralNetTorch_r149_BAG_L1","NeuralNetTorch_r159_BAG_L1","NeuralNetTorch_r165_BAG_L1","NeuralNetTorch_r189_BAG_L1","NeuralNetTorch_r4_BAG_L1","NeuralNetTorch_r69_BAG_L1","NeuralNetTorch_r94_BAG_L1"],"26":["CatBoost_r133_BAG_L1","CatBoost_r18_BAG_L1","KNeighbors_r35_BAG_L1","LightGBM_r185_BAG_L1","LightGBM_r31_BAG_L1","LightGBM_r68_BAG_L1","LightGBM_r78_BAG_L1","LightGBM_r8_BAG_L1","LinearModel_r14_BAG_L1","LinearModel_r46_BAG_L1","NeuralNetFastAI_r104_BAG_L1","NeuralNetFastAI_r115_BAG_L1","NeuralNetFastAI_r162_BAG_L1","NeuralNetFastAI_r35_BAG_L1","NeuralNetFastAI_r63_BAG_L1","NeuralNetFastAI_r86_BAG_L1","NeuralNetTorch_r100_BAG_L1","NeuralNetTorch_r101_BAG_L1","NeuralNetTorch_r124_BAG_L1","NeuralNetTorch_r149_BAG_L1","NeuralNetTorch_r165_BAG_L1","NeuralNetTorch_r181_BAG_L1","NeuralNetTorch_r189_BAG_L1","NeuralNetTorch_r31_BAG_L1","NeuralNetTorch_r41_BAG_L1","NeuralNetTorch_r4_BAG_L1","NeuralNetTorch_r69_BAG_L1","NeuralNetTorch_r86_BAG_L1","NeuralNetTorch_r94_BAG_L1"],"27":["NeuralNetTorch_r102_BAG_L1","NeuralNetTorch_r187_BAG_L1","XGBoost_r189_BAG_L1","XGBoost_r47_BAG_L1"],"28":["CatBoost_r37_BAG_L1","CatBoost_r39_BAG_L1","LightGBM_r185_BAG_L1","LightGBM_r31_BAG_L1","LightGBM_r68_BAG_L1","LightGBM_r78_BAG_L1","LightGBM_r8_BAG_L1","LinearModel_r14_BAG_L1","NeuralNetFastAI_r115_BAG_L1","NeuralNetFastAI_r63_BAG_L1","NeuralNetTorch_r100_BAG_L1","NeuralNetTorch_r149_BAG_L1","NeuralNetTorch_r159_BAG_L1","NeuralNetTorch_r165_BAG_L1","NeuralNetTorch_r189_BAG_L1","NeuralNetTorch_r4_BAG_L1","NeuralNetTorch_r69_BAG_L1"],"29":["KNeighbors_r35_BAG_L1","LightGBM_r185_BAG_L1","LightGBM_r31_BAG_L1","LightGBM_r68_BAG_L1","LightGBM_r78_BAG_L1","LightGBM_r8_BAG_L1","LinearModel_r14_BAG_L1","LinearModel_r46_BAG_L1","LinearModel_r47_BAG_L1","NeuralNetFastAI_r104_BAG_L1","NeuralNetFastAI_r115_BAG_L1","NeuralNetFastAI_r162_BAG_L1","NeuralNetFastAI_r35_BAG_L1","NeuralNetFastAI_r63_BAG_L1","NeuralNetTorch_r100_BAG_L1","NeuralNetTorch_r101_BAG_L1","NeuralNetTorch_r106_BAG_L1","NeuralNetTorch_r149_BAG_L1","NeuralNetTorch_r165_BAG_L1","NeuralNetTorch_r181_BAG_L1","NeuralNetTorch_r189_BAG_L1","NeuralNetTorch_r31_BAG_L1","NeuralNetTorch_r4_BAG_L1","NeuralNetTorch_r69_BAG_L1","NeuralNetTorch_r86_BAG_L1","NeuralNetTorch_r94_BAG_L1"],"30":["CatBoost_r133_BAG_L1","KNeighbors_r22_BAG_L1","KNeighbors_r35_BAG_L1","LightGBM_r185_BAG_L1","LightGBM_r31_BAG_L1","LightGBM_r68_BAG_L1","LightGBM_r78_BAG_L1","LightGBM_r8_BAG_L1","LinearModel_r14_BAG_L1","LinearModel_r46_BAG_L1","NeuralNetFastAI_r104_BAG_L1","NeuralNetFastAI_r115_BAG_L1","NeuralNetFastAI_r162_BAG_L1","NeuralNetFastAI_r35_BAG_L1","NeuralNetFastAI_r63_BAG_L1","NeuralNetFastAI_r86_BAG_L1","NeuralNetTorch_r100_BAG_L1","NeuralNetTorch_r101_BAG_L1","NeuralNetTorch_r124_BAG_L1","NeuralNetTorch_r149_BAG_L1","NeuralNetTorch_r165_BAG_L1","NeuralNetTorch_r181_BAG_L1","NeuralNetTorch_r189_BAG_L1","NeuralNetTorch_r31_BAG_L1","NeuralNetTorch_r41_BAG_L1","NeuralNetTorch_r4_BAG_L1","NeuralNetTorch_r69_BAG_L1","NeuralNetTorch_r86_BAG_L1","NeuralNetTorch_r94_BAG_L1"],"31":["CatBoost_r133_BAG_L1","KNeighbors_r35_BAG_L1","LightGBM_r185_BAG_L1","LightGBM_r31_BAG_L1","LightGBM_r68_BAG_L1","LightGBM_r78_BAG_L1","LightGBM_r8_BAG_L1","LinearModel_r14_BAG_L1","LinearModel_r46_BAG_L1","NeuralNetFastAI_r104_BAG_L1","NeuralNetFastAI_r115_BAG_L1","NeuralNetFastAI_r162_BAG_L1","NeuralNetFastAI_r35_BAG_L1","NeuralNetFastAI_r63_BAG_L1","NeuralNetTorch_r100_BAG_L1","NeuralNetTorch_r101_BAG_L1","NeuralNetTorch_r124_BAG_L1","NeuralNetTorch_r149_BAG_L1","NeuralNetTorch_r165_BAG_L1","NeuralNetTorch_r181_BAG_L1","NeuralNetTorch_r189_BAG_L1","NeuralNetTorch_r31_BAG_L1","NeuralNetTorch_r41_BAG_L1","NeuralNetTorch_r4_BAG_L1","NeuralNetTorch_r69_BAG_L1","NeuralNetTorch_r86_BAG_L1","NeuralNetTorch_r87_BAG_L1","NeuralNetTorch_r94_BAG_L1"],"32":["CatBoost_r37_BAG_L1","CatBoost_r39_BAG_L1","KNeighbors_r35_BAG_L1","LightGBM_r185_BAG_L1","LightGBM_r186_BAG_L1","LightGBM_r31_BAG_L1","LightGBM_r68_BAG_L1","LightGBM_r78_BAG_L1","LightGBM_r8_BAG_L1","LinearModel_r14_BAG_L1","LinearModel_r42_BAG_L1","NeuralNetFastAI_r104_BAG_L1","NeuralNetFastAI_r115_BAG_L1","NeuralNetFastAI_r35_BAG_L1","NeuralNetFastAI_r63_BAG_L1","NeuralNetFastAI_r69_BAG_L1","NeuralNetTorch_r100_BAG_L1","NeuralNetTorch_r101_BAG_L1","NeuralNetTorch_r149_BAG_L1","NeuralNetTorch_r159_BAG_L1","NeuralNetTorch_r165_BAG_L1","NeuralNetTorch_r181_BAG_L1","NeuralNetTorch_r189_BAG_L1","NeuralNetTorch_r31_BAG_L1","NeuralNetTorch_r4_BAG_L1","NeuralNetTorch_r69_BAG_L1","NeuralNetTorch_r94_BAG_L1","XGBoost_r123_BAG_L1","XGBoost_r180_BAG_L1"],"33":["CatBoost_r37_BAG_L1","CatBoost_r39_BAG_L1","KNeighbors_r35_BAG_L1","LightGBM_r184_BAG_L1","LightGBM_r185_BAG_L1","LightGBM_r31_BAG_L1","LightGBM_r68_BAG_L1","LightGBM_r78_BAG_L1","LightGBM_r8_BAG_L1","LinearModel_r14_BAG_L1","NeuralNetFastAI_r104_BAG_L1","NeuralNetFastAI_r115_BAG_L1","NeuralNetFastAI_r63_BAG_L1","NeuralNetTorch_r100_BAG_L1","NeuralNetTorch_r101_BAG_L1","NeuralNetTorch_r149_BAG_L1","NeuralNetTorch_r159_BAG_L1","NeuralNetTorch_r165_BAG_L1","NeuralNetTorch_r181_BAG_L1","NeuralNetTorch_r184_BAG_L1","NeuralNetTorch_r189_BAG_L1","NeuralNetTorch_r31_BAG_L1","NeuralNetTorch_r4_BAG_L1","NeuralNetTorch_r69_BAG_L1","NeuralNetTorch_r94_BAG_L1"],"34":["KNeighbors_r35_BAG_L1","LightGBM_c4_BAG_L1","LightGBM_r185_BAG_L1","LightGBM_r31_BAG_L1","LightGBM_r54_BAG_L1","LightGBM_r68_BAG_L1","LightGBM_r78_BAG_L1","LightGBM_r8_BAG_L1","LinearModel_r14_BAG_L1","LinearModel_r46_BAG_L1","NeuralNetFastAI_r104_BAG_L1","NeuralNetFastAI_r115_BAG_L1","NeuralNetFastAI_r162_BAG_L1","NeuralNetFastAI_r35_BAG_L1","NeuralNetFastAI_r63_BAG_L1","NeuralNetTorch_r100_BAG_L1","NeuralNetTorch_r101_BAG_L1","NeuralNetTorch_r149_BAG_L1","NeuralNetTorch_r165_BAG_L1","NeuralNetTorch_r181_BAG_L1","NeuralNetTorch_r189_BAG_L1","NeuralNetTorch_r31_BAG_L1","NeuralNetTorch_r41_BAG_L1","NeuralNetTorch_r4_BAG_L1","NeuralNetTorch_r69_BAG_L1","NeuralNetTorch_r86_BAG_L1","NeuralNetTorch_r94_BAG_L1"],"35":["CatBoost_r133_BAG_L1","KNeighbors_r28_BAG_L1","KNeighbors_r35_BAG_L1","LightGBM_r185_BAG_L1","LightGBM_r31_BAG_L1","LightGBM_r68_BAG_L1","LightGBM_r78_BAG_L1","LightGBM_r8_BAG_L1","LinearModel_r14_BAG_L1","LinearModel_r46_BAG_L1","NeuralNetFastAI_r104_BAG_L1","NeuralNetFastAI_r115_BAG_L1","NeuralNetFastAI_r162_BAG_L1","NeuralNetFastAI_r35_BAG_L1","NeuralNetFastAI_r63_BAG_L1","NeuralNetFastAI_r86_BAG_L1","NeuralNetTorch_r100_BAG_L1","NeuralNetTorch_r101_BAG_L1","NeuralNetTorch_r124_BAG_L1","NeuralNetTorch_r149_BAG_L1","NeuralNetTorch_r165_BAG_L1","NeuralNetTorch_r181_BAG_L1","NeuralNetTorch_r189_BAG_L1","NeuralNetTorch_r31_BAG_L1","NeuralNetTorch_r41_BAG_L1","NeuralNetTorch_r4_BAG_L1","NeuralNetTorch_r69_BAG_L1","NeuralNetTorch_r86_BAG_L1","NeuralNetTorch_r94_BAG_L1"],"36":["KNeighbors_r35_BAG_L1","LightGBM_r185_BAG_L1","LightGBM_r31_BAG_L1","LightGBM_r68_BAG_L1","LightGBM_r69_BAG_L1","LightGBM_r78_BAG_L1","LightGBM_r8_BAG_L1","LinearModel_r14_BAG_L1","LinearModel_r46_BAG_L1","NeuralNetFastAI_r104_BAG_L1","NeuralNetFastAI_r115_BAG_L1","NeuralNetFastAI_r162_BAG_L1","NeuralNetFastAI_r35_BAG_L1","NeuralNetFastAI_r63_BAG_L1","NeuralNetTorch_r100_BAG_L1","NeuralNetTorch_r101_BAG_L1","NeuralNetTorch_r105_BAG_L1","NeuralNetTorch_r124_BAG_L1","NeuralNetTorch_r149_BAG_L1","NeuralNetTorch_r165_BAG_L1","NeuralNetTorch_r181_BAG_L1","NeuralNetTorch_r189_BAG_L1","NeuralNetTorch_r31_BAG_L1","NeuralNetTorch_r41_BAG_L1","NeuralNetTorch_r4_BAG_L1","NeuralNetTorch_r69_BAG_L1","NeuralNetTorch_r86_BAG_L1","NeuralNetTorch_r94_BAG_L1"],"37":["LightGBM_r28_BAG_L1","LightGBM_r68_BAG_L1","LightGBM_r94_BAG_L1","NeuralNetFastAI_r125_BAG_L1","NeuralNetFastAI_r174_BAG_L1","NeuralNetFastAI_r179_BAG_L1","NeuralNetFastAI_r63_BAG_L1","NeuralNetTorch_r102_BAG_L1","NeuralNetTorch_r187_BAG_L1","XGBoost_r47_BAG_L1","XGBoost_r50_BAG_L1","XGBoost_r89_BAG_L1"],"38":["CatBoost_r198_BAG_L1","KNeighbors_r35_BAG_L1","LightGBM_r185_BAG_L1","LightGBM_r31_BAG_L1","LightGBM_r68_BAG_L1","LightGBM_r78_BAG_L1","LightGBM_r8_BAG_L1","LinearModel_r14_BAG_L1","LinearModel_r46_BAG_L1","NeuralNetFastAI_r104_BAG_L1","NeuralNetFastAI_r115_BAG_L1","NeuralNetFastAI_r35_BAG_L1","NeuralNetFastAI_r63_BAG_L1","NeuralNetTorch_r100_BAG_L1","NeuralNetTorch_r101_BAG_L1","NeuralNetTorch_r149_BAG_L1","NeuralNetTorch_r165_BAG_L1","NeuralNetTorch_r181_BAG_L1","NeuralNetTorch_r189_BAG_L1","NeuralNetTorch_r31_BAG_L1","NeuralNetTorch_r4_BAG_L1","NeuralNetTorch_r69_BAG_L1","NeuralNetTorch_r86_BAG_L1","NeuralNetTorch_r94_BAG_L1"],"39":["KNeighbors_r35_BAG_L1","LightGBM_r185_BAG_L1","LightGBM_r31_BAG_L1","LightGBM_r68_BAG_L1","LightGBM_r78_BAG_L1","LightGBM_r8_BAG_L1","LinearModel_r14_BAG_L1","LinearModel_r46_BAG_L1","NeuralNetFastAI_r104_BAG_L1","NeuralNetFastAI_r115_BAG_L1","NeuralNetFastAI_r125_BAG_L1","NeuralNetFastAI_r162_BAG_L1","NeuralNetFastAI_r179_BAG_L1","NeuralNetFastAI_r35_BAG_L1","NeuralNetFastAI_r63_BAG_L1","NeuralNetTorch_r100_BAG_L1","NeuralNetTorch_r101_BAG_L1","NeuralNetTorch_r149_BAG_L1","NeuralNetTorch_r165_BAG_L1","NeuralNetTorch_r181_BAG_L1","NeuralNetTorch_r189_BAG_L1","NeuralNetTorch_r31_BAG_L1","NeuralNetTorch_r4_BAG_L1","NeuralNetTorch_r69_BAG_L1","NeuralNetTorch_r86_BAG_L1","NeuralNetTorch_r94_BAG_L1"],"40":["ExtraTrees_r94_BAG_L1","KNeighbors_r35_BAG_L1","LightGBM_r185_BAG_L1","LightGBM_r31_BAG_L1","LightGBM_r68_BAG_L1","LightGBM_r78_BAG_L1","LightGBM_r8_BAG_L1","LinearModel_r14_BAG_L1","LinearModel_r46_BAG_L1","NeuralNetFastAI_r104_BAG_L1","NeuralNetFastAI_r115_BAG_L1","NeuralNetFastAI_r162_BAG_L1","NeuralNetFastAI_r35_BAG_L1","NeuralNetFastAI_r63_BAG_L1","NeuralNetTorch_r100_BAG_L1","NeuralNetTorch_r101_BAG_L1","NeuralNetTorch_r124_BAG_L1","NeuralNetTorch_r149_BAG_L1","NeuralNetTorch_r165_BAG_L1","NeuralNetTorch_r181_BAG_L1","NeuralNetTorch_r189_BAG_L1","NeuralNetTorch_r31_BAG_L1","NeuralNetTorch_r41_BAG_L1","NeuralNetTorch_r4_BAG_L1","NeuralNetTorch_r69_BAG_L1","NeuralNetTorch_r86_BAG_L1","NeuralNetTorch_r94_BAG_L1"],"41":["CatBoost_r107_BAG_L1","LightGBM_r181_BAG_L1","NeuralNetFastAI_r161_BAG_L1","NeuralNetTorch_r144_BAG_L1","NeuralNetTorch_r149_BAG_L1","NeuralNetTorch_r155_BAG_L1","NeuralNetTorch_r171_BAG_L1","NeuralNetTorch_r69_BAG_L1"]},"weights":{"0":[0.0333333333,0.0333333333,0.0333333333,0.0333333333,0.0333333333,0.0333333333,0.0333333333,0.0333333333,0.0333333333,0.0333333333,0.0333333333,0.0333333333,0.0333333333,0.0333333333,0.0333333333,0.0666666667,0.0333333333,0.0333333333,0.0333333333,0.0333333333,0.0333333333,0.0333333333,0.0333333333,0.0333333333,0.0333333333,0.0333333333,0.0333333333,0.0333333333,0.0333333333],"1":[0.0333333333,0.0333333333,0.0333333333,0.0333333333,0.0333333333,0.0333333333,0.0333333333,0.0333333333,0.0333333333,0.0333333333,0.0333333333,0.0333333333,0.0333333333,0.0333333333,0.0666666667,0.0666666667,0.0333333333,0.0333333333,0.0666666667,0.0333333333,0.0333333333,0.0333333333,0.0333333333,0.0333333333,0.0333333333,0.0333333333,0.0333333333],"2":[0.0277777778,0.0277777778,0.0277777778,0.0277777778,0.0277777778,0.0277777778,0.0277777778,0.0277777778,0.0277777778,0.0277777778,0.0277777778,0.0277777778,0.0277777778,0.0277777778,0.0277777778,0.0277777778,0.0555555556,0.0277777778,0.0555555556,0.0555555556,0.0277777778,0.0277777778,0.0833333333,0.0277777778,0.0277777778,0.0277777778,0.0277777778,0.0277777778,0.0277777778,0.0277777778,0.0277777778],"3":[0.0303030303,0.0303030303,0.0303030303,0.0303030303,0.0303030303,0.0303030303,0.0303030303,0.0303030303,0.0303030303,0.0303030303,0.0303030303,0.0303030303,0.0303030303,0.0606060606,0.0303030303,0.0606060606,0.0606060606,0.0303030303,0.0303030303,0.0909090909,0.0303030303,0.0303030303,0.0303030303,0.0303030303,0.0303030303,0.0303030303,0.0303030303,0.0303030303],"4":[0.0434782609,0.0434782609,0.0434782609,0.0434782609,0.0434782609,0.0434782609,0.0434782609,0.0434782609,0.0434782609,0.0434782609,0.0434782609,0.0434782609,0.0434782609,0.0434782609,0.0434782609,0.0434782609,0.0434782609,0.0434782609,0.0434782609,0.0434782609,0.0434782609,0.0434782609,0.0434782609],"5":[0.037037037,0.037037037,0.037037037,0.037037037,0.037037037,0.037037037,0.037037037,0.037037037,0.037037037,0.037037037,0.037037037,0.037037037,0.037037037,0.037037037,0.0740740741,0.037037037,0.037037037,0.037037037,0.037037037,0.037037037,0.037037037,0.037037037,0.037037037,0.037037037,0.037037037,0.037037037],"6":[0.25,0.25,0.25,0.25],"7":[0.1111111111,0.1111111111,0.1111111111,0.1111111111,0.1111111111,0.1111111111,0.1111111111,0.1111111111,0.1111111111],"8":[0.0588235294,0.0588235294,0.0588235294,0.0588235294,0.0588235294,0.0588235294,0.0588235294,0.0588235294,0.0588235294,0.0588235294,0.0588235294,0.0588235294,0.0588235294,0.0588235294,0.0588235294,0.0588235294,0.0588235294],"9":[0.0344827586,0.0344827586,0.0344827586,0.0344827586,0.0344827586,0.0344827586,0.0344827586,0.0344827586,0.0344827586,0.0344827586,0.0344827586,0.0344827586,0.0344827586,0.0344827586,0.0689655172,0.0689655172,0.0344827586,0.0344827586,0.0344827586,0.0344827586,0.0344827586,0.0344827586,0.0344827586,0.0344827586,0.0344827586,0.0344827586,0.0344827586],"10":[0.0322580645,0.0322580645,0.0322580645,0.0322580645,0.0322580645,0.0322580645,0.0322580645,0.0322580645,0.0322580645,0.0322580645,0.0322580645,0.0322580645,0.0322580645,0.0322580645,0.0322580645,0.0322580645,0.0322580645,0.0322580645,0.0322580645,0.0322580645,0.0322580645,0.0322580645,0.0322580645,0.0322580645,0.0322580645,0.0322580645,0.0322580645,0.0322580645,0.0322580645,0.0322580645,0.0322580645],"11":[0.0285714286,0.0285714286,0.0285714286,0.0285714286,0.0285714286,0.0285714286,0.0285714286,0.0285714286,0.0285714286,0.0285714286,0.0285714286,0.0285714286,0.0285714286,0.0285714286,0.0285714286,0.0571428571,0.0285714286,0.0571428571,0.0571428571,0.0285714286,0.0285714286,0.0857142857,0.0285714286,0.0285714286,0.0285714286,0.0285714286,0.0285714286,0.0285714286,0.0285714286,0.0285714286],"12":[0.0322580645,0.0322580645,0.0322580645,0.0322580645,0.0322580645,0.0322580645,0.0322580645,0.0322580645,0.0322580645,0.0322580645,0.0322580645,0.0322580645,0.0322580645,0.0322580645,0.064516129,0.064516129,0.0322580645,0.0322580645,0.064516129,0.0322580645,0.0322580645,0.0322580645,0.0322580645,0.0322580645,0.0322580645,0.0322580645,0.0322580645,0.0322580645],"13":[0.0714285714,0.0714285714,0.0714285714,0.0714285714,0.0714285714,0.0714285714,0.0714285714,0.0714285714,0.0714285714,0.0714285714,0.0714285714,0.0714285714,0.0714285714,0.0714285714],"14":[0.0322580645,0.0322580645,0.0322580645,0.0322580645,0.0322580645,0.0322580645,0.0322580645,0.0322580645,0.0322580645,0.0322580645,0.0322580645,0.0322580645,0.0322580645,0.0322580645,0.0322580645,0.064516129,0.064516129,0.0322580645,0.0322580645,0.064516129,0.0322580645,0.0322580645,0.0322580645,0.0322580645,0.0322580645,0.0322580645,0.0322580645,0.0322580645],"15":[0.3333333333,0.3333333333,0.3333333333],"16":[0.0344827586,0.0344827586,0.0344827586,0.0344827586,0.0344827586,0.0344827586,0.0344827586,0.0344827586,0.0344827586,0.0344827586,0.0344827586,0.0344827586,0.0344827586,0.0689655172,0.0689655172,0.0344827586,0.0344827586,0.0689655172,0.0344827586,0.0344827586,0.0344827586,0.0344827586,0.0344827586,0.0344827586,0.0344827586,0.0344827586],"17":[0.0384615385,0.0384615385,0.0384615385,0.0384615385,0.0384615385,0.0384615385,0.0384615385,0.0384615385,0.0384615385,0.0384615385,0.0384615385,0.0384615385,0.0384615385,0.0384615385,0.0769230769,0.0384615385,0.0384615385,0.0384615385,0.0384615385,0.0384615385,0.0384615385,0.0384615385,0.0384615385,0.0384615385,0.0384615385],"18":[0.0454545455,0.0454545455,0.0454545455,0.0454545455,0.0454545455,0.0454545455,0.0454545455,0.0454545455,0.0454545455,0.0454545455,0.0454545455,0.0454545455,0.0454545455,0.0454545455,0.0454545455,0.0454545455,0.0454545455,0.0454545455,0.0454545455,0.0454545455,0.0454545455,0.0454545455],"19":[0.0303030303,0.0303030303,0.0303030303,0.0303030303,0.0303030303,0.0303030303,0.0303030303,0.0303030303,0.0303030303,0.0303030303,0.0303030303,0.0303030303,0.0303030303,0.0606060606,0.0303030303,0.0606060606,0.0606060606,0.0303030303,0.0303030303,0.0303030303,0.0606060606,0.0303030303,0.0303030303,0.0303030303,0.0303030303,0.0303030303,0.0303030303,0.0303030303,0.0303030303],"20":[0.037037037,0.037037037,0.037037037,0.037037037,0.037037037,0.037037037,0.037037037,0.037037037,0.037037037,0.037037037,0.037037037,0.037037037,0.037037037,0.037037037,0.037037037,0.037037037,0.037037037,0.037037037,0.037037037,0.037037037,0.037037037,0.037037037,0.037037037,0.037037037,0.037037037,0.037037037,0.037037037],"21":[0.0384615385,0.0384615385,0.0384615385,0.0384615385,0.0384615385,0.0384615385,0.0384615385,0.0384615385,0.0384615385,0.0384615385,0.0384615385,0.0384615385,0.0384615385,0.0384615385,0.0769230769,0.0384615385,0.0384615385,0.0384615385,0.0384615385,0.0384615385,0.0384615385,0.0384615385,0.0384615385,0.0384615385,0.0384615385],"22":[0.0294117647,0.0294117647,0.0294117647,0.0294117647,0.0294117647,0.0294117647,0.0294117647,0.0294117647,0.0294117647,0.0294117647,0.0294117647,0.0294117647,0.0294117647,0.0294117647,0.0294117647,0.0294117647,0.0588235294,0.0588235294,0.0294117647,0.0294117647,0.0294117647,0.0588235294,0.0294117647,0.0294117647,0.0294117647,0.0294117647,0.0294117647,0.0294117647,0.0294117647,0.0294117647,0.0294117647],"23":[0.0303030303,0.0303030303,0.0303030303,0.0303030303,0.0303030303,0.0303030303,0.0303030303,0.0303030303,0.0303030303,0.0303030303,0.0303030303,0.0303030303,0.0303030303,0.0303030303,0.0606060606,0.0303030303,0.0606060606,0.0606060606,0.0303030303,0.0303030303,0.0606060606,0.0303030303,0.0303030303,0.0303030303,0.0303030303,0.0303030303,0.0303030303,0.0303030303,0.0303030303],"24":[0.2,0.2,0.2,0.2,0.2],"25":[0.0555555556,0.0555555556,0.0555555556,0.0555555556,0.0555555556,0.0555555556,0.0555555556,0.0555555556,0.0555555556,0.0555555556,0.0555555556,0.0555555556,0.0555555556,0.0555555556,0.0555555556,0.0555555556,0.0555555556,0.0555555556],"26":[0.0294117647,0.0294117647,0.0294117647,0.0294117647,0.0294117647,0.0294117647,0.0294117647,0.0294117647,0.0294117647,0.0294117647,0.0294117647,0.0294117647,0.0294117647,0.0294117647,0.0588235294,0.0294117647,0.0588235294,0.0588235294,0.0294117647,0.0294117647,0.0882352941,0.0294117647,0.0294117647,0.0294117647,0.0294117647,0.0294117647,0.0294117647,0.0294117647,0.0294117647],"27":[0.25,0.25,0.25,0.25],"28":[0.0588235294,0.0588235294,0.0588235294,0.0588235294,0.0588235294,0.0588235294,0.0588235294,0.0588235294,0.0588235294,0.0588235294,0.0588235294,0.0588235294,0.0588235294,0.0588235294,0.0588235294,0.0588235294,0.0588235294],"29":[0.0384615385,0.0384615385,0.0384615385,0.0384615385,0.0384615385,0.0384615385,0.0384615385,0.0384615385,0.0384615385,0.0384615385,0.0384615385,0.0384615385,0.0384615385,0.0384615385,0.0384615385,0.0384615385,0.0384615385,0.0384615385,0.0384615385,0.0384615385,0.0384615385,0.0384615385,0.0384615385,0.0384615385,0.0384615385,0.0384615385],"30":[0.0294117647,0.0294117647,0.0294117647,0.0294117647,0.0294117647,0.0294117647,0.0294117647,0.0294117647,0.0294117647,0.0294117647,0.0294117647,0.0294117647,0.0294117647,0.0294117647,0.0588235294,0.0294117647,0.0588235294,0.0588235294,0.0294117647,0.0294117647,0.0882352941,0.0294117647,0.0294117647,0.0294117647,0.0294117647,0.0294117647,0.0294117647,0.0294117647,0.0294117647],"31":[0.0322580645,0.0322580645,0.0322580645,0.0322580645,0.0322580645,0.0322580645,0.0322580645,0.0322580645,0.0322580645,0.0322580645,0.0322580645,0.0322580645,0.0322580645,0.0322580645,0.064516129,0.064516129,0.0322580645,0.0322580645,0.064516129,0.0322580645,0.0322580645,0.0322580645,0.0322580645,0.0322580645,0.0322580645,0.0322580645,0.0322580645,0.0322580645],"32":[0.0344827586,0.0344827586,0.0344827586,0.0344827586,0.0344827586,0.0344827586,0.0344827586,0.0344827586,0.0344827586,0.0344827586,0.0344827586,0.0344827586,0.0344827586,0.0344827586,0.0344827586,0.0344827586,0.0344827586,0.0344827586,0.0344827586,0.0344827586,0.0344827586,0.0344827586,0.0344827586,0.0344827586,0.0344827586,0.0344827586,0.0344827586,0.0344827586,0.0344827586],"33":[0.04,0.04,0.04,0.04,0.04,0.04,0.04,0.04,0.04,0.04,0.04,0.04,0.04,0.04,0.04,0.04,0.04,0.04,0.04,0.04,0.04,0.04,0.04,0.04,0.04],"34":[0.0357142857,0.0357142857,0.0357142857,0.0357142857,0.0357142857,0.0357142857,0.0357142857,0.0357142857,0.0357142857,0.0357142857,0.0357142857,0.0357142857,0.0357142857,0.0357142857,0.0357142857,0.0714285714,0.0357142857,0.0357142857,0.0357142857,0.0357142857,0.0357142857,0.0357142857,0.0357142857,0.0357142857,0.0357142857,0.0357142857,0.0357142857],"35":[0.0294117647,0.0294117647,0.0294117647,0.0294117647,0.0294117647,0.0294117647,0.0294117647,0.0294117647,0.0294117647,0.0294117647,0.0294117647,0.0294117647,0.0294117647,0.0294117647,0.0588235294,0.0294117647,0.0588235294,0.0588235294,0.0294117647,0.0294117647,0.0882352941,0.0294117647,0.0294117647,0.0294117647,0.0294117647,0.0294117647,0.0294117647,0.0294117647,0.0294117647],"36":[0.03125,0.03125,0.03125,0.03125,0.03125,0.03125,0.03125,0.03125,0.03125,0.03125,0.03125,0.03125,0.03125,0.03125,0.09375,0.0625,0.03125,0.03125,0.03125,0.0625,0.03125,0.03125,0.03125,0.03125,0.03125,0.03125,0.03125,0.03125],"37":[0.0833333333,0.0833333333,0.0833333333,0.0833333333,0.0833333333,0.0833333333,0.0833333333,0.0833333333,0.0833333333,0.0833333333,0.0833333333,0.0833333333],"38":[0.04,0.04,0.04,0.04,0.04,0.04,0.04,0.04,0.04,0.04,0.04,0.04,0.04,0.08,0.04,0.04,0.04,0.04,0.04,0.04,0.04,0.04,0.04,0.04],"39":[0.037037037,0.037037037,0.037037037,0.037037037,0.037037037,0.037037037,0.037037037,0.037037037,0.037037037,0.037037037,0.037037037,0.037037037,0.037037037,0.037037037,0.037037037,0.0740740741,0.037037037,0.037037037,0.037037037,0.037037037,0.037037037,0.037037037,0.037037037,0.037037037,0.037037037,0.037037037],"40":[0.0333333333,0.0333333333,0.0333333333,0.0333333333,0.0333333333,0.0333333333,0.0333333333,0.0333333333,0.0333333333,0.0333333333,0.0333333333,0.0333333333,0.0333333333,0.0333333333,0.0666666667,0.0666666667,0.0333333333,0.0333333333,0.0666666667,0.0333333333,0.0333333333,0.0333333333,0.0333333333,0.0333333333,0.0333333333,0.0333333333,0.0333333333],"41":[0.125,0.125,0.125,0.125,0.125,0.125,0.125,0.125]},"meta":{"0":29,"1":4,"2":27,"3":8,"4":35,"5":25,"6":36,"7":30,"8":23,"9":34,"10":29,"11":17,"12":33,"13":34,"14":27,"15":18,"16":12,"17":26,"18":9,"19":17,"20":32,"21":29,"22":31,"23":33,"24":31,"25":3,"26":5,"27":4,"28":22,"29":31,"30":28,"31":33,"32":30,"33":14,"34":27,"35":25,"36":34,"37":26,"38":34,"39":31,"40":26,"41":30},"task":{"0":"3976_0","1":"3976_0","2":"3976_0","3":"3976_0","4":"3976_0","5":"3976_0","6":"3976_0","7":"3976_0","8":"3976_0","9":"3976_0","10":"3976_0","11":"3976_0","12":"3976_0","13":"3976_0","14":"3976_0","15":"3976_0","16":"3976_0","17":"3976_0","18":"3976_0","19":"3976_0","20":"3976_0","21":"3976_0","22":"3976_0","23":"3976_0","24":"3976_0","25":"3976_0","26":"3976_0","27":"3976_0","28":"3976_0","29":"3976_0","30":"3976_0","31":"3976_0","32":"3976_0","33":"3976_0","34":"3976_0","35":"3976_0","36":"3976_0","37":"3976_0","38":"3976_0","39":"3976_0","40":"3976_0","41":"3976_0"},"dataset":{"0":"OVA_Endometrium","1":"OVA_Endometrium","2":"OVA_Endometrium","3":"OVA_Endometrium","4":"OVA_Endometrium","5":"OVA_Endometrium","6":"OVA_Endometrium","7":"OVA_Endometrium","8":"OVA_Endometrium","9":"OVA_Endometrium","10":"OVA_Endometrium","11":"OVA_Endometrium","12":"OVA_Endometrium","13":"OVA_Endometrium","14":"OVA_Endometrium","15":"OVA_Endometrium","16":"OVA_Endometrium","17":"OVA_Endometrium","18":"OVA_Endometrium","19":"OVA_Endometrium","20":"OVA_Endometrium","21":"OVA_Endometrium","22":"OVA_Endometrium","23":"OVA_Endometrium","24":"OVA_Endometrium","25":"OVA_Endometrium","26":"OVA_Endometrium","27":"OVA_Endometrium","28":"OVA_Endometrium","29":"OVA_Endometrium","30":"OVA_Endometrium","31":"OVA_Endometrium","32":"OVA_Endometrium","33":"OVA_Endometrium","34":"OVA_Endometrium","35":"OVA_Endometrium","36":"OVA_Endometrium","37":"OVA_Endometrium","38":"OVA_Endometrium","39":"OVA_Endometrium","40":"OVA_Endometrium","41":"OVA_Endometrium"},"fold":{"0":0,"1":0,"2":0,"3":0,"4":0,"5":0,"6":0,"7":0,"8":0,"9":0,"10":0,"11":0,"12":0,"13":0,"14":0,"15":0,"16":0,"17":0,"18":0,"19":0,"20":0,"21":0,"22":0,"23":0,"24":0,"25":0,"26":0,"27":0,"28":0,"29":0,"30":0,"31":0,"32":0,"33":0,"34":0,"35":0,"36":0,"37":0,"38":0,"39":0,"40":0,"41":0},"method":{"0":"QDO","1":"QDO","2":"QDO","3":"QDO","4":"QDO","5":"QDO","6":"QDO","7":"QDO","8":"QDO","9":"QDO","10":"QDO","11":"QDO","12":"QDO","13":"QDO","14":"QDO","15":"QDO","16":"QDO","17":"QDO","18":"QDO","19":"QDO","20":"QDO","21":"QDO","22":"QDO","23":"QDO","24":"QDO","25":"QDO","26":"QDO","27":"QDO","28":"QDO","29":"QDO","30":"QDO","31":"QDO","32":"QDO","33":"QDO","34":"QDO","35":"QDO","36":"QDO","37":"QDO","38":"QDO","39":"QDO","40":"QDO","41":"QDO"}}