{"name":{"0":"QDO_0","1":"QDO_1","2":"QDO_2","3":"QDO_3","4":"QDO_4","5":"QDO_5","6":"QDO_6","7":"QDO_7","8":"QDO_8","9":"QDO_9","10":"QDO_10","11":"QDO_11","12":"QDO_12","13":"QDO_13","14":"QDO_14","15":"QDO_15","16":"QDO_16","17":"QDO_17","18":"QDO_18","19":"QDO_19","20":"QDO_20","21":"QDO_21","22":"QDO_22","23":"QDO_23","24":"QDO_24","25":"QDO_25","26":"QDO_26","27":"QDO_27","28":"QDO_28","29":"QDO_29","30":"QDO_30","31":"QDO_31","32":"QDO_32","33":"QDO_33","34":"QDO_34","35":"QDO_35","36":"QDO_36","37":"QDO_37","38":"QDO_38","39":"QDO_39"},"roc_auc_val":{"0":0.9999330049,"1":0.999956125,"2":0.9999414999,"3":0.9999414999,"4":0.9999414999,"5":0.9999414999,"6":0.9999122499,"7":0.99997075,"8":0.9999414999,"9":0.9604021696,"10":0.9999414999,"11":0.99997075,"12":0.9999414999,"13":0.9999414999,"14":0.9999414999,"15":0.9999665024,"16":0.9999414999,"17":0.9999122499,"18":0.9958756011,"19":0.9865745262,"20":0.9999414999,"21":0.9999372524,"22":0.9999183799,"23":0.9975305928,"24":0.9999414999,"25":0.9999183799,"26":0.9999414999,"27":0.9999414999,"28":0.99997075,"29":0.9999037549,"30":0.9999330049,"31":0.9999414999,"32":0.9999414999,"33":0.9999414999,"34":0.9999122499,"35":0.9999268749,"36":0.9999414999,"37":0.9999414999,"38":0.9999268749,"39":0.9999372524},"roc_auc_test":{"0":1.0,"1":1.0,"2":1.0,"3":0.9996619337,"4":1.0,"5":1.0,"6":0.9996619337,"7":1.0,"8":0.9996619337,"9":0.968897904,"10":1.0,"11":1.0,"12":0.9996619337,"13":0.9996619337,"14":0.9996619337,"15":1.0,"16":0.9996619337,"17":0.9996619337,"18":0.9960108181,"19":0.9942528736,"20":1.0,"21":1.0,"22":1.0,"23":0.9977011494,"24":0.9996619337,"25":1.0,"26":1.0,"27":1.0,"28":1.0,"29":1.0,"30":1.0,"31":0.9996619337,"32":0.9996619337,"33":1.0,"34":1.0,"35":0.9996619337,"36":0.9996619337,"37":1.0,"38":0.9996619337,"39":1.0},"models_used":{"0":["ExtraTrees_r135_BAG_L1","ExtraTrees_r84_BAG_L1","LightGBM_r12_BAG_L1","LightGBM_r63_BAG_L1","NeuralNetFastAI_r146_BAG_L1","NeuralNetFastAI_r71_BAG_L1","NeuralNetTorch_r126_BAG_L1","NeuralNetTorch_r161_BAG_L1","NeuralNetTorch_r168_BAG_L1","NeuralNetTorch_r181_BAG_L1","NeuralNetTorch_r197_BAG_L1","NeuralNetTorch_r22_BAG_L1","NeuralNetTorch_r2_BAG_L1","NeuralNetTorch_r3_BAG_L1","NeuralNetTorch_r59_BAG_L1","NeuralNetTorch_r89_BAG_L1","RandomForest_r186_BAG_L1","RandomForest_r196_BAG_L1","XGBoost_r166_BAG_L1","XGBoost_r72_BAG_L1"],"1":["ExtraTrees_r135_BAG_L1","ExtraTrees_r2_BAG_L1","ExtraTrees_r84_BAG_L1","FTTransformer_c3_BAG_L1","LightGBM_r12_BAG_L1","LightGBM_r63_BAG_L1","NeuralNetFastAI_r146_BAG_L1","NeuralNetFastAI_r71_BAG_L1","NeuralNetTorch_r126_BAG_L1","NeuralNetTorch_r161_BAG_L1","NeuralNetTorch_r168_BAG_L1","NeuralNetTorch_r197_BAG_L1","NeuralNetTorch_r22_BAG_L1","NeuralNetTorch_r2_BAG_L1","NeuralNetTorch_r3_BAG_L1","NeuralNetTorch_r59_BAG_L1","RandomForest_r186_BAG_L1","RandomForest_r196_BAG_L1","XGBoost_r166_BAG_L1","XGBoost_r72_BAG_L1"],"2":["ExtraTrees_r135_BAG_L1","ExtraTrees_r84_BAG_L1","LightGBM_r12_BAG_L1","LightGBM_r63_BAG_L1","NeuralNetFastAI_r146_BAG_L1","NeuralNetFastAI_r71_BAG_L1","NeuralNetTorch_r126_BAG_L1","NeuralNetTorch_r154_BAG_L1","NeuralNetTorch_r161_BAG_L1","NeuralNetTorch_r168_BAG_L1","NeuralNetTorch_r197_BAG_L1","NeuralNetTorch_r22_BAG_L1","NeuralNetTorch_r2_BAG_L1","NeuralNetTorch_r3_BAG_L1","NeuralNetTorch_r59_BAG_L1","RandomForest_r186_BAG_L1","RandomForest_r196_BAG_L1","XGBoost_r166_BAG_L1","XGBoost_r72_BAG_L1"],"3":["ExtraTrees_r135_BAG_L1","ExtraTrees_r84_BAG_L1","LightGBM_r12_BAG_L1","LightGBM_r63_BAG_L1","NeuralNetFastAI_r146_BAG_L1","NeuralNetFastAI_r67_BAG_L1","NeuralNetFastAI_r71_BAG_L1","NeuralNetTorch_r126_BAG_L1","NeuralNetTorch_r161_BAG_L1","NeuralNetTorch_r168_BAG_L1","NeuralNetTorch_r197_BAG_L1","NeuralNetTorch_r22_BAG_L1","NeuralNetTorch_r2_BAG_L1","NeuralNetTorch_r3_BAG_L1","NeuralNetTorch_r59_BAG_L1","RandomForest_r186_BAG_L1","RandomForest_r196_BAG_L1","XGBoost_r166_BAG_L1","XGBoost_r72_BAG_L1"],"4":["ExtraTrees_r135_BAG_L1","ExtraTrees_r84_BAG_L1","LightGBM_r12_BAG_L1","LightGBM_r63_BAG_L1","NeuralNetFastAI_r146_BAG_L1","NeuralNetFastAI_r71_BAG_L1","NeuralNetTorch_r126_BAG_L1","NeuralNetTorch_r161_BAG_L1","NeuralNetTorch_r168_BAG_L1","NeuralNetTorch_r197_BAG_L1","NeuralNetTorch_r22_BAG_L1","NeuralNetTorch_r2_BAG_L1","NeuralNetTorch_r3_BAG_L1","NeuralNetTorch_r59_BAG_L1","NeuralNetTorch_r89_BAG_L1","RandomForest_r186_BAG_L1","RandomForest_r196_BAG_L1","XGBoost_r166_BAG_L1","XGBoost_r72_BAG_L1"],"5":["ExtraTrees_r135_BAG_L1","ExtraTrees_r84_BAG_L1","LightGBM_r12_BAG_L1","LightGBM_r63_BAG_L1","NeuralNetFastAI_r146_BAG_L1","NeuralNetFastAI_r71_BAG_L1","NeuralNetTorch_r126_BAG_L1","NeuralNetTorch_r148_BAG_L1","NeuralNetTorch_r161_BAG_L1","NeuralNetTorch_r168_BAG_L1","NeuralNetTorch_r197_BAG_L1","NeuralNetTorch_r22_BAG_L1","NeuralNetTorch_r2_BAG_L1","NeuralNetTorch_r3_BAG_L1","NeuralNetTorch_r59_BAG_L1","RandomForest_r186_BAG_L1","RandomForest_r196_BAG_L1","XGBoost_r166_BAG_L1","XGBoost_r72_BAG_L1"],"6":["CatBoost_r67_BAG_L1","ExtraTrees_r135_BAG_L1","ExtraTrees_r84_BAG_L1","LightGBM_r12_BAG_L1","LightGBM_r63_BAG_L1","NeuralNetFastAI_r146_BAG_L1","NeuralNetFastAI_r71_BAG_L1","NeuralNetTorch_r126_BAG_L1","NeuralNetTorch_r161_BAG_L1","NeuralNetTorch_r168_BAG_L1","NeuralNetTorch_r197_BAG_L1","NeuralNetTorch_r22_BAG_L1","NeuralNetTorch_r2_BAG_L1","NeuralNetTorch_r3_BAG_L1","NeuralNetTorch_r59_BAG_L1","RandomForest_r186_BAG_L1","RandomForest_r196_BAG_L1","XGBoost_r166_BAG_L1","XGBoost_r72_BAG_L1"],"7":["ExtraTrees_r135_BAG_L1","ExtraTrees_r60_BAG_L1","ExtraTrees_r84_BAG_L1","FTTransformer_c3_BAG_L1","LightGBM_r12_BAG_L1","LightGBM_r63_BAG_L1","NeuralNetFastAI_r146_BAG_L1","NeuralNetFastAI_r71_BAG_L1","NeuralNetTorch_r126_BAG_L1","NeuralNetTorch_r161_BAG_L1","NeuralNetTorch_r168_BAG_L1","NeuralNetTorch_r197_BAG_L1","NeuralNetTorch_r22_BAG_L1","NeuralNetTorch_r2_BAG_L1","NeuralNetTorch_r3_BAG_L1","NeuralNetTorch_r59_BAG_L1","RandomForest_r186_BAG_L1","RandomForest_r196_BAG_L1","XGBoost_r166_BAG_L1","XGBoost_r72_BAG_L1"],"8":["ExtraTrees_r135_BAG_L1","ExtraTrees_r31_BAG_L1","ExtraTrees_r84_BAG_L1","LightGBM_r12_BAG_L1","LightGBM_r63_BAG_L1","NeuralNetFastAI_r146_BAG_L1","NeuralNetFastAI_r71_BAG_L1","NeuralNetTorch_r126_BAG_L1","NeuralNetTorch_r161_BAG_L1","NeuralNetTorch_r168_BAG_L1","NeuralNetTorch_r197_BAG_L1","NeuralNetTorch_r22_BAG_L1","NeuralNetTorch_r2_BAG_L1","NeuralNetTorch_r3_BAG_L1","NeuralNetTorch_r59_BAG_L1","RandomForest_r186_BAG_L1","RandomForest_r196_BAG_L1","XGBoost_r166_BAG_L1","XGBoost_r72_BAG_L1"],"9":["CatBoost_r194_BAG_L1","LightGBM_r130_BAG_L1","XGBoost_r18_BAG_L1"],"10":["ExtraTrees_r135_BAG_L1","ExtraTrees_r84_BAG_L1","LightGBM_r12_BAG_L1","LightGBM_r63_BAG_L1","NeuralNetFastAI_r146_BAG_L1","NeuralNetFastAI_r2_BAG_L1","NeuralNetFastAI_r71_BAG_L1","NeuralNetTorch_r126_BAG_L1","NeuralNetTorch_r161_BAG_L1","NeuralNetTorch_r168_BAG_L1","NeuralNetTorch_r197_BAG_L1","NeuralNetTorch_r22_BAG_L1","NeuralNetTorch_r2_BAG_L1","NeuralNetTorch_r3_BAG_L1","NeuralNetTorch_r59_BAG_L1","RandomForest_r186_BAG_L1","RandomForest_r196_BAG_L1","XGBoost_r166_BAG_L1","XGBoost_r72_BAG_L1"],"11":["ExtraTrees_r135_BAG_L1","ExtraTrees_r84_BAG_L1","FTTransformer_c3_BAG_L1","LightGBM_r12_BAG_L1","LightGBM_r63_BAG_L1","NeuralNetFastAI_r146_BAG_L1","NeuralNetFastAI_r71_BAG_L1","NeuralNetTorch_r126_BAG_L1","NeuralNetTorch_r161_BAG_L1","NeuralNetTorch_r168_BAG_L1","NeuralNetTorch_r197_BAG_L1","NeuralNetTorch_r22_BAG_L1","NeuralNetTorch_r2_BAG_L1","NeuralNetTorch_r3_BAG_L1","NeuralNetTorch_r59_BAG_L1","RandomForest_r186_BAG_L1","RandomForest_r196_BAG_L1","XGBoost_r166_BAG_L1","XGBoost_r72_BAG_L1"],"12":["ExtraTrees_r135_BAG_L1","ExtraTrees_r84_BAG_L1","LightGBM_r12_BAG_L1","LightGBM_r63_BAG_L1","NeuralNetFastAI_r146_BAG_L1","NeuralNetFastAI_r71_BAG_L1","NeuralNetFastAI_r98_BAG_L1","NeuralNetTorch_r126_BAG_L1","NeuralNetTorch_r161_BAG_L1","NeuralNetTorch_r168_BAG_L1","NeuralNetTorch_r197_BAG_L1","NeuralNetTorch_r22_BAG_L1","NeuralNetTorch_r2_BAG_L1","NeuralNetTorch_r3_BAG_L1","NeuralNetTorch_r59_BAG_L1","RandomForest_r186_BAG_L1","RandomForest_r196_BAG_L1","XGBoost_r166_BAG_L1","XGBoost_r72_BAG_L1"],"13":["ExtraTrees_r135_BAG_L1","ExtraTrees_r84_BAG_L1","LightGBM_r12_BAG_L1","LightGBM_r63_BAG_L1","NeuralNetFastAI_r146_BAG_L1","NeuralNetFastAI_r54_BAG_L1","NeuralNetFastAI_r71_BAG_L1","NeuralNetTorch_r126_BAG_L1","NeuralNetTorch_r161_BAG_L1","NeuralNetTorch_r168_BAG_L1","NeuralNetTorch_r197_BAG_L1","NeuralNetTorch_r22_BAG_L1","NeuralNetTorch_r2_BAG_L1","NeuralNetTorch_r3_BAG_L1","NeuralNetTorch_r59_BAG_L1","RandomForest_r186_BAG_L1","RandomForest_r196_BAG_L1","XGBoost_r166_BAG_L1","XGBoost_r72_BAG_L1"],"14":["ExtraTrees_r135_BAG_L1","ExtraTrees_r159_BAG_L1","ExtraTrees_r84_BAG_L1","LightGBM_r12_BAG_L1","LightGBM_r63_BAG_L1","NeuralNetFastAI_r146_BAG_L1","NeuralNetFastAI_r71_BAG_L1","NeuralNetTorch_r126_BAG_L1","NeuralNetTorch_r161_BAG_L1","NeuralNetTorch_r168_BAG_L1","NeuralNetTorch_r197_BAG_L1","NeuralNetTorch_r22_BAG_L1","NeuralNetTorch_r2_BAG_L1","NeuralNetTorch_r3_BAG_L1","NeuralNetTorch_r59_BAG_L1","RandomForest_r186_BAG_L1","RandomForest_r196_BAG_L1","XGBoost_r166_BAG_L1","XGBoost_r72_BAG_L1"],"15":["ExtraTrees_r135_BAG_L1","ExtraTrees_r84_BAG_L1","FTTransformer_c3_BAG_L1","LightGBM_r12_BAG_L1","LightGBM_r63_BAG_L1","NeuralNetFastAI_r146_BAG_L1","NeuralNetFastAI_r71_BAG_L1","NeuralNetTorch_r126_BAG_L1","NeuralNetTorch_r161_BAG_L1","NeuralNetTorch_r168_BAG_L1","NeuralNetTorch_r197_BAG_L1","NeuralNetTorch_r22_BAG_L1","NeuralNetTorch_r2_BAG_L1","NeuralNetTorch_r3_BAG_L1","NeuralNetTorch_r52_BAG_L1","NeuralNetTorch_r59_BAG_L1","RandomForest_r186_BAG_L1","RandomForest_r196_BAG_L1","XGBoost_r166_BAG_L1","XGBoost_r72_BAG_L1"],"16":["ExtraTrees_r135_BAG_L1","ExtraTrees_r84_BAG_L1","LightGBM_r12_BAG_L1","LightGBM_r63_BAG_L1","NeuralNetFastAI_r146_BAG_L1","NeuralNetFastAI_r71_BAG_L1","NeuralNetTorch_r126_BAG_L1","NeuralNetTorch_r161_BAG_L1","NeuralNetTorch_r168_BAG_L1","NeuralNetTorch_r197_BAG_L1","NeuralNetTorch_r22_BAG_L1","NeuralNetTorch_r2_BAG_L1","NeuralNetTorch_r3_BAG_L1","NeuralNetTorch_r59_BAG_L1","RandomForest_r186_BAG_L1","RandomForest_r196_BAG_L1","RandomForest_r75_BAG_L1","XGBoost_r166_BAG_L1","XGBoost_r72_BAG_L1"],"17":["CatBoost_r87_BAG_L1","ExtraTrees_r135_BAG_L1","ExtraTrees_r84_BAG_L1","LightGBM_r12_BAG_L1","LightGBM_r63_BAG_L1","NeuralNetFastAI_r146_BAG_L1","NeuralNetFastAI_r71_BAG_L1","NeuralNetTorch_r126_BAG_L1","NeuralNetTorch_r161_BAG_L1","NeuralNetTorch_r168_BAG_L1","NeuralNetTorch_r197_BAG_L1","NeuralNetTorch_r22_BAG_L1","NeuralNetTorch_r2_BAG_L1","NeuralNetTorch_r3_BAG_L1","NeuralNetTorch_r59_BAG_L1","RandomForest_r186_BAG_L1","RandomForest_r196_BAG_L1","XGBoost_r166_BAG_L1","XGBoost_r72_BAG_L1"],"18":["NeuralNetFastAI_r104_BAG_L1","NeuralNetFastAI_r165_BAG_L1"],"19":["LightGBM_r200_BAG_L1","NeuralNetFastAI_r18_BAG_L1","NeuralNetFastAI_r98_BAG_L1"],"20":["ExtraTrees_r135_BAG_L1","ExtraTrees_r84_BAG_L1","LightGBM_r12_BAG_L1","LightGBM_r63_BAG_L1","NeuralNetFastAI_r146_BAG_L1","NeuralNetFastAI_r71_BAG_L1","NeuralNetTorch_r126_BAG_L1","NeuralNetTorch_r161_BAG_L1","NeuralNetTorch_r168_BAG_L1","NeuralNetTorch_r197_BAG_L1","NeuralNetTorch_r22_BAG_L1","NeuralNetTorch_r2_BAG_L1","NeuralNetTorch_r3_BAG_L1","NeuralNetTorch_r59_BAG_L1","XGBoost_r166_BAG_L1","XGBoost_r72_BAG_L1"],"21":["ExtraTrees_r135_BAG_L1","ExtraTrees_r84_BAG_L1","LightGBM_r12_BAG_L1","LightGBM_r63_BAG_L1","NeuralNetFastAI_r146_BAG_L1","NeuralNetFastAI_r71_BAG_L1","NeuralNetTorch_r114_BAG_L1","NeuralNetTorch_r126_BAG_L1","NeuralNetTorch_r161_BAG_L1","NeuralNetTorch_r168_BAG_L1","NeuralNetTorch_r197_BAG_L1","NeuralNetTorch_r22_BAG_L1","NeuralNetTorch_r2_BAG_L1","NeuralNetTorch_r3_BAG_L1","NeuralNetTorch_r59_BAG_L1","RandomForest_r186_BAG_L1","RandomForest_r196_BAG_L1","XGBoost_r166_BAG_L1","XGBoost_r72_BAG_L1"],"22":["ExtraTrees_r135_BAG_L1","ExtraTrees_r84_BAG_L1","LightGBM_r12_BAG_L1","LightGBM_r63_BAG_L1","NeuralNetFastAI_r146_BAG_L1","NeuralNetFastAI_r71_BAG_L1","NeuralNetTorch_r109_BAG_L1","NeuralNetTorch_r126_BAG_L1","NeuralNetTorch_r161_BAG_L1","NeuralNetTorch_r168_BAG_L1","NeuralNetTorch_r197_BAG_L1","NeuralNetTorch_r22_BAG_L1","NeuralNetTorch_r2_BAG_L1","NeuralNetTorch_r3_BAG_L1","NeuralNetTorch_r59_BAG_L1","RandomForest_r186_BAG_L1","RandomForest_r196_BAG_L1","TabPFN_c1_BAG_L1","XGBoost_r166_BAG_L1","XGBoost_r72_BAG_L1"],"23":["NeuralNetFastAI_r89_BAG_L1","NeuralNetTorch_r196_BAG_L1"],"24":["ExtraTrees_r135_BAG_L1","ExtraTrees_r84_BAG_L1","LightGBM_r12_BAG_L1","LightGBM_r63_BAG_L1","NeuralNetFastAI_r146_BAG_L1","NeuralNetFastAI_r71_BAG_L1","NeuralNetTorch_r126_BAG_L1","NeuralNetTorch_r161_BAG_L1","NeuralNetTorch_r168_BAG_L1","NeuralNetTorch_r197_BAG_L1","NeuralNetTorch_r22_BAG_L1","NeuralNetTorch_r2_BAG_L1","NeuralNetTorch_r3_BAG_L1","NeuralNetTorch_r59_BAG_L1","NeuralNetTorch_r91_BAG_L1","RandomForest_r186_BAG_L1","RandomForest_r196_BAG_L1","XGBoost_r166_BAG_L1","XGBoost_r72_BAG_L1"],"25":["ExtraTrees_r135_BAG_L1","ExtraTrees_r84_BAG_L1","LightGBM_r12_BAG_L1","LightGBM_r63_BAG_L1","NeuralNetFastAI_r146_BAG_L1","NeuralNetFastAI_r71_BAG_L1","NeuralNetTorch_r109_BAG_L1","NeuralNetTorch_r126_BAG_L1","NeuralNetTorch_r161_BAG_L1","NeuralNetTorch_r168_BAG_L1","NeuralNetTorch_r197_BAG_L1","NeuralNetTorch_r22_BAG_L1","NeuralNetTorch_r2_BAG_L1","NeuralNetTorch_r3_BAG_L1","NeuralNetTorch_r59_BAG_L1","NeuralNetTorch_r90_BAG_L1","RandomForest_r186_BAG_L1","RandomForest_r196_BAG_L1","TabPFN_c1_BAG_L1","XGBoost_r166_BAG_L1","XGBoost_r72_BAG_L1"],"26":["ExtraTrees_r135_BAG_L1","ExtraTrees_r66_BAG_L1","ExtraTrees_r84_BAG_L1","LightGBM_r12_BAG_L1","LightGBM_r63_BAG_L1","NeuralNetFastAI_r146_BAG_L1","NeuralNetFastAI_r71_BAG_L1","NeuralNetTorch_r126_BAG_L1","NeuralNetTorch_r161_BAG_L1","NeuralNetTorch_r168_BAG_L1","NeuralNetTorch_r197_BAG_L1","NeuralNetTorch_r22_BAG_L1","NeuralNetTorch_r2_BAG_L1","NeuralNetTorch_r3_BAG_L1","NeuralNetTorch_r51_BAG_L1","NeuralNetTorch_r59_BAG_L1","RandomForest_r186_BAG_L1","RandomForest_r196_BAG_L1","XGBoost_r166_BAG_L1","XGBoost_r72_BAG_L1"],"27":["CatBoost_r63_BAG_L1","ExtraTrees_r135_BAG_L1","ExtraTrees_r84_BAG_L1","LightGBM_r12_BAG_L1","LightGBM_r63_BAG_L1","NeuralNetFastAI_r146_BAG_L1","NeuralNetFastAI_r71_BAG_L1","NeuralNetTorch_r126_BAG_L1","NeuralNetTorch_r161_BAG_L1","NeuralNetTorch_r168_BAG_L1","NeuralNetTorch_r197_BAG_L1","NeuralNetTorch_r22_BAG_L1","NeuralNetTorch_r2_BAG_L1","NeuralNetTorch_r3_BAG_L1","NeuralNetTorch_r59_BAG_L1","XGBoost_r166_BAG_L1","XGBoost_r72_BAG_L1"],"28":["ExtraTrees_r135_BAG_L1","ExtraTrees_r84_BAG_L1","FTTransformer_c3_BAG_L1","LightGBM_r12_BAG_L1","LightGBM_r63_BAG_L1","NeuralNetFastAI_r146_BAG_L1","NeuralNetFastAI_r35_BAG_L1","NeuralNetFastAI_r71_BAG_L1","NeuralNetTorch_r126_BAG_L1","NeuralNetTorch_r161_BAG_L1","NeuralNetTorch_r168_BAG_L1","NeuralNetTorch_r197_BAG_L1","NeuralNetTorch_r22_BAG_L1","NeuralNetTorch_r2_BAG_L1","NeuralNetTorch_r3_BAG_L1","NeuralNetTorch_r59_BAG_L1","RandomForest_r186_BAG_L1","RandomForest_r196_BAG_L1","XGBoost_r166_BAG_L1","XGBoost_r72_BAG_L1"],"29":["ExtraTrees_r135_BAG_L1","ExtraTrees_r84_BAG_L1","LightGBM_r12_BAG_L1","NeuralNetFastAI_r71_BAG_L1","NeuralNetTorch_r123_BAG_L1","NeuralNetTorch_r126_BAG_L1","NeuralNetTorch_r161_BAG_L1","NeuralNetTorch_r197_BAG_L1","NeuralNetTorch_r22_BAG_L1","NeuralNetTorch_r2_BAG_L1","NeuralNetTorch_r3_BAG_L1","XGBoost_r166_BAG_L1"],"30":["ExtraTrees_r135_BAG_L1","ExtraTrees_r84_BAG_L1","LightGBM_r12_BAG_L1","LightGBM_r63_BAG_L1","NeuralNetFastAI_r146_BAG_L1","NeuralNetFastAI_r71_BAG_L1","NeuralNetFastAI_r89_BAG_L1","NeuralNetTorch_r126_BAG_L1","NeuralNetTorch_r161_BAG_L1","NeuralNetTorch_r168_BAG_L1","NeuralNetTorch_r196_BAG_L1","NeuralNetTorch_r197_BAG_L1","NeuralNetTorch_r22_BAG_L1","NeuralNetTorch_r2_BAG_L1","NeuralNetTorch_r3_BAG_L1","NeuralNetTorch_r59_BAG_L1","RandomForest_r186_BAG_L1","RandomForest_r196_BAG_L1","XGBoost_r166_BAG_L1","XGBoost_r72_BAG_L1"],"31":["ExtraTrees_r135_BAG_L1","ExtraTrees_r84_BAG_L1","LightGBM_r12_BAG_L1","LightGBM_r63_BAG_L1","NeuralNetFastAI_r146_BAG_L1","NeuralNetFastAI_r71_BAG_L1","NeuralNetTorch_r126_BAG_L1","NeuralNetTorch_r161_BAG_L1","NeuralNetTorch_r168_BAG_L1","NeuralNetTorch_r197_BAG_L1","NeuralNetTorch_r22_BAG_L1","NeuralNetTorch_r2_BAG_L1","NeuralNetTorch_r3_BAG_L1","NeuralNetTorch_r59_BAG_L1","RandomForest_r186_BAG_L1","RandomForest_r196_BAG_L1","XGBoost_r166_BAG_L1","XGBoost_r72_BAG_L1"],"32":["ExtraTrees_r135_BAG_L1","ExtraTrees_r170_BAG_L1","ExtraTrees_r84_BAG_L1","LightGBM_r12_BAG_L1","LightGBM_r63_BAG_L1","NeuralNetFastAI_r146_BAG_L1","NeuralNetFastAI_r71_BAG_L1","NeuralNetTorch_r126_BAG_L1","NeuralNetTorch_r161_BAG_L1","NeuralNetTorch_r168_BAG_L1","NeuralNetTorch_r197_BAG_L1","NeuralNetTorch_r22_BAG_L1","NeuralNetTorch_r2_BAG_L1","NeuralNetTorch_r3_BAG_L1","NeuralNetTorch_r59_BAG_L1","RandomForest_r186_BAG_L1","RandomForest_r196_BAG_L1","XGBoost_r166_BAG_L1","XGBoost_r72_BAG_L1"],"33":["ExtraTrees_r135_BAG_L1","ExtraTrees_r84_BAG_L1","LightGBM_r12_BAG_L1","LightGBM_r63_BAG_L1","NeuralNetFastAI_r146_BAG_L1","NeuralNetFastAI_r71_BAG_L1","NeuralNetFastAI_r97_BAG_L1","NeuralNetTorch_r126_BAG_L1","NeuralNetTorch_r161_BAG_L1","NeuralNetTorch_r168_BAG_L1","NeuralNetTorch_r197_BAG_L1","NeuralNetTorch_r22_BAG_L1","NeuralNetTorch_r2_BAG_L1","NeuralNetTorch_r3_BAG_L1","NeuralNetTorch_r59_BAG_L1","XGBoost_r166_BAG_L1","XGBoost_r72_BAG_L1"],"34":["ExtraTrees_r135_BAG_L1","ExtraTrees_r84_BAG_L1","LightGBM_r12_BAG_L1","LightGBM_r5_BAG_L1","LightGBM_r63_BAG_L1","NeuralNetFastAI_r146_BAG_L1","NeuralNetFastAI_r71_BAG_L1","NeuralNetTorch_r126_BAG_L1","NeuralNetTorch_r161_BAG_L1","NeuralNetTorch_r168_BAG_L1","NeuralNetTorch_r197_BAG_L1","NeuralNetTorch_r22_BAG_L1","NeuralNetTorch_r2_BAG_L1","NeuralNetTorch_r3_BAG_L1","NeuralNetTorch_r59_BAG_L1","RandomForest_r186_BAG_L1","RandomForest_r196_BAG_L1","XGBoost_r166_BAG_L1","XGBoost_r72_BAG_L1"],"35":["ExtraTrees_r135_BAG_L1","ExtraTrees_r84_BAG_L1","LightGBM_r12_BAG_L1","LightGBM_r63_BAG_L1","NeuralNetFastAI_r146_BAG_L1","NeuralNetFastAI_r71_BAG_L1","NeuralNetTorch_r126_BAG_L1","NeuralNetTorch_r161_BAG_L1","NeuralNetTorch_r168_BAG_L1","NeuralNetTorch_r197_BAG_L1","NeuralNetTorch_r22_BAG_L1","NeuralNetTorch_r2_BAG_L1","NeuralNetTorch_r3_BAG_L1","NeuralNetTorch_r59_BAG_L1","RandomForest_r186_BAG_L1","RandomForest_r196_BAG_L1","XGBoost_r166_BAG_L1","XGBoost_r60_BAG_L1","XGBoost_r72_BAG_L1"],"36":["ExtraTrees_r135_BAG_L1","ExtraTrees_r56_BAG_L1","ExtraTrees_r84_BAG_L1","LightGBM_r12_BAG_L1","LightGBM_r63_BAG_L1","NeuralNetFastAI_r146_BAG_L1","NeuralNetFastAI_r71_BAG_L1","NeuralNetTorch_r126_BAG_L1","NeuralNetTorch_r161_BAG_L1","NeuralNetTorch_r168_BAG_L1","NeuralNetTorch_r197_BAG_L1","NeuralNetTorch_r22_BAG_L1","NeuralNetTorch_r2_BAG_L1","NeuralNetTorch_r3_BAG_L1","NeuralNetTorch_r59_BAG_L1","RandomForest_r186_BAG_L1","RandomForest_r196_BAG_L1","XGBoost_r166_BAG_L1","XGBoost_r72_BAG_L1"],"37":["ExtraTrees_r135_BAG_L1","ExtraTrees_r84_BAG_L1","LightGBM_r12_BAG_L1","LightGBM_r63_BAG_L1","NeuralNetFastAI_r146_BAG_L1","NeuralNetFastAI_r50_BAG_L1","NeuralNetFastAI_r71_BAG_L1","NeuralNetTorch_r126_BAG_L1","NeuralNetTorch_r161_BAG_L1","NeuralNetTorch_r168_BAG_L1","NeuralNetTorch_r197_BAG_L1","NeuralNetTorch_r22_BAG_L1","NeuralNetTorch_r2_BAG_L1","NeuralNetTorch_r3_BAG_L1","NeuralNetTorch_r59_BAG_L1","RandomForest_r186_BAG_L1","RandomForest_r196_BAG_L1","XGBoost_r166_BAG_L1","XGBoost_r72_BAG_L1"],"38":["ExtraTrees_r135_BAG_L1","ExtraTrees_r84_BAG_L1","LightGBM_r12_BAG_L1","LightGBM_r63_BAG_L1","NeuralNetFastAI_r146_BAG_L1","NeuralNetFastAI_r71_BAG_L1","NeuralNetTorch_r116_BAG_L1","NeuralNetTorch_r126_BAG_L1","NeuralNetTorch_r161_BAG_L1","NeuralNetTorch_r168_BAG_L1","NeuralNetTorch_r197_BAG_L1","NeuralNetTorch_r22_BAG_L1","NeuralNetTorch_r2_BAG_L1","NeuralNetTorch_r3_BAG_L1","NeuralNetTorch_r59_BAG_L1","RandomForest_r186_BAG_L1","RandomForest_r196_BAG_L1","XGBoost_r166_BAG_L1","XGBoost_r72_BAG_L1"],"39":["ExtraTrees_r135_BAG_L1","ExtraTrees_r84_BAG_L1","LightGBM_r12_BAG_L1","LightGBM_r63_BAG_L1","NeuralNetFastAI_r146_BAG_L1","NeuralNetFastAI_r71_BAG_L1","NeuralNetTorch_r126_BAG_L1","NeuralNetTorch_r161_BAG_L1","NeuralNetTorch_r168_BAG_L1","NeuralNetTorch_r197_BAG_L1","NeuralNetTorch_r22_BAG_L1","NeuralNetTorch_r2_BAG_L1","NeuralNetTorch_r3_BAG_L1","NeuralNetTorch_r59_BAG_L1","NeuralNetTorch_r90_BAG_L1","RandomForest_r186_BAG_L1","RandomForest_r196_BAG_L1","XGBoost_r166_BAG_L1","XGBoost_r72_BAG_L1"]},"weights":{"0":[0.05,0.05,0.05,0.05,0.05,0.05,0.05,0.05,0.05,0.05,0.05,0.05,0.05,0.05,0.05,0.05,0.05,0.05,0.05,0.05],"1":[0.0454545455,0.0454545455,0.0454545455,0.1363636364,0.0454545455,0.0454545455,0.0454545455,0.0454545455,0.0454545455,0.0454545455,0.0454545455,0.0454545455,0.0454545455,0.0454545455,0.0454545455,0.0454545455,0.0454545455,0.0454545455,0.0454545455,0.0454545455],"2":[0.0526315789,0.0526315789,0.0526315789,0.0526315789,0.0526315789,0.0526315789,0.0526315789,0.0526315789,0.0526315789,0.0526315789,0.0526315789,0.0526315789,0.0526315789,0.0526315789,0.0526315789,0.0526315789,0.0526315789,0.0526315789,0.0526315789],"3":[0.0526315789,0.0526315789,0.0526315789,0.0526315789,0.0526315789,0.0526315789,0.0526315789,0.0526315789,0.0526315789,0.0526315789,0.0526315789,0.0526315789,0.0526315789,0.0526315789,0.0526315789,0.0526315789,0.0526315789,0.0526315789,0.0526315789],"4":[0.0526315789,0.0526315789,0.0526315789,0.0526315789,0.0526315789,0.0526315789,0.0526315789,0.0526315789,0.0526315789,0.0526315789,0.0526315789,0.0526315789,0.0526315789,0.0526315789,0.0526315789,0.0526315789,0.0526315789,0.0526315789,0.0526315789],"5":[0.0526315789,0.0526315789,0.0526315789,0.0526315789,0.0526315789,0.0526315789,0.0526315789,0.0526315789,0.0526315789,0.0526315789,0.0526315789,0.0526315789,0.0526315789,0.0526315789,0.0526315789,0.0526315789,0.0526315789,0.0526315789,0.0526315789],"6":[0.0526315789,0.0526315789,0.0526315789,0.0526315789,0.0526315789,0.0526315789,0.0526315789,0.0526315789,0.0526315789,0.0526315789,0.0526315789,0.0526315789,0.0526315789,0.0526315789,0.0526315789,0.0526315789,0.0526315789,0.0526315789,0.0526315789],"7":[0.0454545455,0.0454545455,0.0454545455,0.1363636364,0.0454545455,0.0454545455,0.0454545455,0.0454545455,0.0454545455,0.0454545455,0.0454545455,0.0454545455,0.0454545455,0.0454545455,0.0454545455,0.0454545455,0.0454545455,0.0454545455,0.0454545455,0.0454545455],"8":[0.0526315789,0.0526315789,0.0526315789,0.0526315789,0.0526315789,0.0526315789,0.0526315789,0.0526315789,0.0526315789,0.0526315789,0.0526315789,0.0526315789,0.0526315789,0.0526315789,0.0526315789,0.0526315789,0.0526315789,0.0526315789,0.0526315789],"9":[0.3333333333,0.3333333333,0.3333333333],"10":[0.0526315789,0.0526315789,0.0526315789,0.0526315789,0.0526315789,0.0526315789,0.0526315789,0.0526315789,0.0526315789,0.0526315789,0.0526315789,0.0526315789,0.0526315789,0.0526315789,0.0526315789,0.0526315789,0.0526315789,0.0526315789,0.0526315789],"11":[0.0476190476,0.0476190476,0.1428571429,0.0476190476,0.0476190476,0.0476190476,0.0476190476,0.0476190476,0.0476190476,0.0476190476,0.0476190476,0.0476190476,0.0476190476,0.0476190476,0.0476190476,0.0476190476,0.0476190476,0.0476190476,0.0476190476],"12":[0.0526315789,0.0526315789,0.0526315789,0.0526315789,0.0526315789,0.0526315789,0.0526315789,0.0526315789,0.0526315789,0.0526315789,0.0526315789,0.0526315789,0.0526315789,0.0526315789,0.0526315789,0.0526315789,0.0526315789,0.0526315789,0.0526315789],"13":[0.0526315789,0.0526315789,0.0526315789,0.0526315789,0.0526315789,0.0526315789,0.0526315789,0.0526315789,0.0526315789,0.0526315789,0.0526315789,0.0526315789,0.0526315789,0.0526315789,0.0526315789,0.0526315789,0.0526315789,0.0526315789,0.0526315789],"14":[0.0526315789,0.0526315789,0.0526315789,0.0526315789,0.0526315789,0.0526315789,0.0526315789,0.0526315789,0.0526315789,0.0526315789,0.0526315789,0.0526315789,0.0526315789,0.0526315789,0.0526315789,0.0526315789,0.0526315789,0.0526315789,0.0526315789],"15":[0.0454545455,0.0454545455,0.1363636364,0.0454545455,0.0454545455,0.0454545455,0.0454545455,0.0454545455,0.0454545455,0.0454545455,0.0454545455,0.0454545455,0.0454545455,0.0454545455,0.0454545455,0.0454545455,0.0454545455,0.0454545455,0.0454545455,0.0454545455],"16":[0.0526315789,0.0526315789,0.0526315789,0.0526315789,0.0526315789,0.0526315789,0.0526315789,0.0526315789,0.0526315789,0.0526315789,0.0526315789,0.0526315789,0.0526315789,0.0526315789,0.0526315789,0.0526315789,0.0526315789,0.0526315789,0.0526315789],"17":[0.0526315789,0.0526315789,0.0526315789,0.0526315789,0.0526315789,0.0526315789,0.0526315789,0.0526315789,0.0526315789,0.0526315789,0.0526315789,0.0526315789,0.0526315789,0.0526315789,0.0526315789,0.0526315789,0.0526315789,0.0526315789,0.0526315789],"18":[0.5,0.5],"19":[0.3333333333,0.3333333333,0.3333333333],"20":[0.0625,0.0625,0.0625,0.0625,0.0625,0.0625,0.0625,0.0625,0.0625,0.0625,0.0625,0.0625,0.0625,0.0625,0.0625,0.0625],"21":[0.0526315789,0.0526315789,0.0526315789,0.0526315789,0.0526315789,0.0526315789,0.0526315789,0.0526315789,0.0526315789,0.0526315789,0.0526315789,0.0526315789,0.0526315789,0.0526315789,0.0526315789,0.0526315789,0.0526315789,0.0526315789,0.0526315789],"22":[0.05,0.05,0.05,0.05,0.05,0.05,0.05,0.05,0.05,0.05,0.05,0.05,0.05,0.05,0.05,0.05,0.05,0.05,0.05,0.05],"23":[0.5,0.5],"24":[0.0526315789,0.0526315789,0.0526315789,0.0526315789,0.0526315789,0.0526315789,0.0526315789,0.0526315789,0.0526315789,0.0526315789,0.0526315789,0.0526315789,0.0526315789,0.0526315789,0.0526315789,0.0526315789,0.0526315789,0.0526315789,0.0526315789],"25":[0.0476190476,0.0476190476,0.0476190476,0.0476190476,0.0476190476,0.0476190476,0.0476190476,0.0476190476,0.0476190476,0.0476190476,0.0476190476,0.0476190476,0.0476190476,0.0476190476,0.0476190476,0.0476190476,0.0476190476,0.0476190476,0.0476190476,0.0476190476,0.0476190476],"26":[0.05,0.05,0.05,0.05,0.05,0.05,0.05,0.05,0.05,0.05,0.05,0.05,0.05,0.05,0.05,0.05,0.05,0.05,0.05,0.05],"27":[0.0588235294,0.0588235294,0.0588235294,0.0588235294,0.0588235294,0.0588235294,0.0588235294,0.0588235294,0.0588235294,0.0588235294,0.0588235294,0.0588235294,0.0588235294,0.0588235294,0.0588235294,0.0588235294,0.0588235294],"28":[0.0454545455,0.0454545455,0.1363636364,0.0454545455,0.0454545455,0.0454545455,0.0454545455,0.0454545455,0.0454545455,0.0454545455,0.0454545455,0.0454545455,0.0454545455,0.0454545455,0.0454545455,0.0454545455,0.0454545455,0.0454545455,0.0454545455,0.0454545455],"29":[0.0833333333,0.0833333333,0.0833333333,0.0833333333,0.0833333333,0.0833333333,0.0833333333,0.0833333333,0.0833333333,0.0833333333,0.0833333333,0.0833333333],"30":[0.05,0.05,0.05,0.05,0.05,0.05,0.05,0.05,0.05,0.05,0.05,0.05,0.05,0.05,0.05,0.05,0.05,0.05,0.05,0.05],"31":[0.0555555556,0.0555555556,0.0555555556,0.0555555556,0.0555555556,0.0555555556,0.0555555556,0.0555555556,0.0555555556,0.0555555556,0.0555555556,0.0555555556,0.0555555556,0.0555555556,0.0555555556,0.0555555556,0.0555555556,0.0555555556],"32":[0.0526315789,0.0526315789,0.0526315789,0.0526315789,0.0526315789,0.0526315789,0.0526315789,0.0526315789,0.0526315789,0.0526315789,0.0526315789,0.0526315789,0.0526315789,0.0526315789,0.0526315789,0.0526315789,0.0526315789,0.0526315789,0.0526315789],"33":[0.0588235294,0.0588235294,0.0588235294,0.0588235294,0.0588235294,0.0588235294,0.0588235294,0.0588235294,0.0588235294,0.0588235294,0.0588235294,0.0588235294,0.0588235294,0.0588235294,0.0588235294,0.0588235294,0.0588235294],"34":[0.0526315789,0.0526315789,0.0526315789,0.0526315789,0.0526315789,0.0526315789,0.0526315789,0.0526315789,0.0526315789,0.0526315789,0.0526315789,0.0526315789,0.0526315789,0.0526315789,0.0526315789,0.0526315789,0.0526315789,0.0526315789,0.0526315789],"35":[0.0526315789,0.0526315789,0.0526315789,0.0526315789,0.0526315789,0.0526315789,0.0526315789,0.0526315789,0.0526315789,0.0526315789,0.0526315789,0.0526315789,0.0526315789,0.0526315789,0.0526315789,0.0526315789,0.0526315789,0.0526315789,0.0526315789],"36":[0.0526315789,0.0526315789,0.0526315789,0.0526315789,0.0526315789,0.0526315789,0.0526315789,0.0526315789,0.0526315789,0.0526315789,0.0526315789,0.0526315789,0.0526315789,0.0526315789,0.0526315789,0.0526315789,0.0526315789,0.0526315789,0.0526315789],"37":[0.0526315789,0.0526315789,0.0526315789,0.0526315789,0.0526315789,0.0526315789,0.0526315789,0.0526315789,0.0526315789,0.0526315789,0.0526315789,0.0526315789,0.0526315789,0.0526315789,0.0526315789,0.0526315789,0.0526315789,0.0526315789,0.0526315789],"38":[0.0526315789,0.0526315789,0.0526315789,0.0526315789,0.0526315789,0.0526315789,0.0526315789,0.0526315789,0.0526315789,0.0526315789,0.0526315789,0.0526315789,0.0526315789,0.0526315789,0.0526315789,0.0526315789,0.0526315789,0.0526315789,0.0526315789],"39":[0.0526315789,0.0526315789,0.0526315789,0.0526315789,0.0526315789,0.0526315789,0.0526315789,0.0526315789,0.0526315789,0.0526315789,0.0526315789,0.0526315789,0.0526315789,0.0526315789,0.0526315789,0.0526315789,0.0526315789,0.0526315789,0.0526315789]},"meta":{"0":19,"1":2,"2":21,"3":20,"4":16,"5":2,"6":20,"7":18,"8":12,"9":19,"10":19,"11":3,"12":19,"13":3,"14":22,"15":19,"16":19,"17":19,"18":19,"19":17,"20":19,"21":22,"22":19,"23":21,"24":20,"25":22,"26":19,"27":22,"28":20,"29":17,"30":19,"31":19,"32":19,"33":19,"34":19,"35":19,"36":19,"37":19,"38":19,"39":19},"task":{"0":"11_1","1":"11_1","2":"11_1","3":"11_1","4":"11_1","5":"11_1","6":"11_1","7":"11_1","8":"11_1","9":"11_1","10":"11_1","11":"11_1","12":"11_1","13":"11_1","14":"11_1","15":"11_1","16":"11_1","17":"11_1","18":"11_1","19":"11_1","20":"11_1","21":"11_1","22":"11_1","23":"11_1","24":"11_1","25":"11_1","26":"11_1","27":"11_1","28":"11_1","29":"11_1","30":"11_1","31":"11_1","32":"11_1","33":"11_1","34":"11_1","35":"11_1","36":"11_1","37":"11_1","38":"11_1","39":"11_1"},"dataset":{"0":"balance-scale","1":"balance-scale","2":"balance-scale","3":"balance-scale","4":"balance-scale","5":"balance-scale","6":"balance-scale","7":"balance-scale","8":"balance-scale","9":"balance-scale","10":"balance-scale","11":"balance-scale","12":"balance-scale","13":"balance-scale","14":"balance-scale","15":"balance-scale","16":"balance-scale","17":"balance-scale","18":"balance-scale","19":"balance-scale","20":"balance-scale","21":"balance-scale","22":"balance-scale","23":"balance-scale","24":"balance-scale","25":"balance-scale","26":"balance-scale","27":"balance-scale","28":"balance-scale","29":"balance-scale","30":"balance-scale","31":"balance-scale","32":"balance-scale","33":"balance-scale","34":"balance-scale","35":"balance-scale","36":"balance-scale","37":"balance-scale","38":"balance-scale","39":"balance-scale"},"fold":{"0":1,"1":1,"2":1,"3":1,"4":1,"5":1,"6":1,"7":1,"8":1,"9":1,"10":1,"11":1,"12":1,"13":1,"14":1,"15":1,"16":1,"17":1,"18":1,"19":1,"20":1,"21":1,"22":1,"23":1,"24":1,"25":1,"26":1,"27":1,"28":1,"29":1,"30":1,"31":1,"32":1,"33":1,"34":1,"35":1,"36":1,"37":1,"38":1,"39":1},"method":{"0":"QDO","1":"QDO","2":"QDO","3":"QDO","4":"QDO","5":"QDO","6":"QDO","7":"QDO","8":"QDO","9":"QDO","10":"QDO","11":"QDO","12":"QDO","13":"QDO","14":"QDO","15":"QDO","16":"QDO","17":"QDO","18":"QDO","19":"QDO","20":"QDO","21":"QDO","22":"QDO","23":"QDO","24":"QDO","25":"QDO","26":"QDO","27":"QDO","28":"QDO","29":"QDO","30":"QDO","31":"QDO","32":"QDO","33":"QDO","34":"QDO","35":"QDO","36":"QDO","37":"QDO","38":"QDO","39":"QDO"}}