{"name":{"0":"QDO_0","1":"QDO_1","2":"QDO_2","3":"QDO_3","4":"QDO_4","5":"QDO_5","6":"QDO_6","7":"QDO_7","8":"QDO_8","9":"QDO_9","10":"QDO_10","11":"QDO_11","12":"QDO_12","13":"QDO_13","14":"QDO_14","15":"QDO_15","16":"QDO_16","17":"QDO_17","18":"QDO_18","19":"QDO_19","20":"QDO_20","21":"QDO_21","22":"QDO_22","23":"QDO_23","24":"QDO_24","25":"QDO_25","26":"QDO_26","27":"QDO_27","28":"QDO_28","29":"QDO_29","30":"QDO_30","31":"QDO_31","32":"QDO_32","33":"QDO_33","34":"QDO_34","35":"QDO_35","36":"QDO_36","37":"QDO_37","38":"QDO_38","39":"QDO_39","40":"QDO_40","41":"QDO_41"},"roc_auc_val":{"0":0.7678374302,"1":0.7689483599,"2":0.7690852187,"3":0.7630581098,"4":0.7673966393,"5":0.7680819055,"6":0.7679649209,"7":0.7686703169,"8":0.7676590562,"9":0.7669421903,"10":0.763458013,"11":0.7676146502,"12":0.7662202676,"13":0.7648491224,"14":0.7666879252,"15":0.767642831,"16":0.7665649355,"17":0.7674785557,"18":0.7686397016,"19":0.7646273953,"20":0.7651742858,"21":0.7649628536,"22":0.7660582281,"23":0.7675651359,"24":0.7683121657,"25":0.7670880441,"26":0.7661948651,"27":0.7682420113,"28":0.7684778956,"29":0.7689825392,"30":0.7679756539,"31":0.7629561278,"32":0.7630267474,"33":0.7679219723,"34":0.7688299837,"35":0.7675139926,"36":0.7675542727,"37":0.7679370801,"38":0.7677251996,"39":0.7628496429,"40":0.7676834134,"41":0.7630114845},"roc_auc_test":{"0":0.7037311374,"1":0.7026181112,"2":0.7028054521,"3":0.7041593776,"4":0.7048087759,"5":0.7039189089,"6":0.7035669323,"7":0.7023093918,"8":0.7039956285,"9":0.7060647458,"10":0.7005368856,"11":0.7046823227,"12":0.7048485711,"13":0.7064124583,"14":0.7053983419,"15":0.7018164895,"16":0.70300073,"17":0.7047085742,"18":0.7033984378,"19":0.7042825124,"20":0.7051572905,"21":0.7053452055,"22":0.7026810845,"23":0.7059498605,"24":0.7049056,"25":0.7067861014,"26":0.7043929225,"27":0.7046906313,"28":0.7022496441,"29":0.7028863767,"30":0.7052167765,"31":0.7164270254,"32":0.7130699365,"33":0.7065798382,"34":0.7041916073,"35":0.7055981288,"36":0.7066413845,"37":0.7040694604,"38":0.7044628197,"39":0.7142867106,"40":0.7048864243,"41":0.7134787984},"models_used":{"0":["CatBoost_r131_BAG_L1","CatBoost_r199_BAG_L1","CatBoost_r200_BAG_L1","KNeighbors_r40_BAG_L1","LightGBM_r138_BAG_L1","LightGBM_r3_BAG_L1","NeuralNetFastAI_r103_BAG_L1","NeuralNetFastAI_r109_BAG_L1","NeuralNetFastAI_r111_BAG_L1","NeuralNetFastAI_r116_BAG_L1","NeuralNetFastAI_r120_BAG_L1","NeuralNetFastAI_r121_BAG_L1","NeuralNetFastAI_r124_BAG_L1","NeuralNetFastAI_r144_BAG_L1","NeuralNetFastAI_r147_BAG_L1","NeuralNetFastAI_r163_BAG_L1","NeuralNetFastAI_r183_BAG_L1","NeuralNetFastAI_r187_BAG_L1","NeuralNetFastAI_r193_BAG_L1","NeuralNetFastAI_r21_BAG_L1","NeuralNetFastAI_r33_BAG_L1","NeuralNetFastAI_r35_BAG_L1","NeuralNetFastAI_r63_BAG_L1","NeuralNetFastAI_r81_BAG_L1","NeuralNetFastAI_r94_BAG_L1","NeuralNetFastAI_r95_BAG_L1","NeuralNetFastAI_r98_BAG_L1","NeuralNetTorch_r117_BAG_L1","NeuralNetTorch_r128_BAG_L1","NeuralNetTorch_r129_BAG_L1","NeuralNetTorch_r143_BAG_L1","NeuralNetTorch_r144_BAG_L1","NeuralNetTorch_r200_BAG_L1","NeuralNetTorch_r31_BAG_L1","NeuralNetTorch_r37_BAG_L1","NeuralNetTorch_r49_BAG_L1","NeuralNetTorch_r59_BAG_L1","NeuralNetTorch_r80_BAG_L1","NeuralNetTorch_r89_BAG_L1","RandomForest_r103_BAG_L1","RandomForest_r115_BAG_L1","RandomForest_r129_BAG_L1","RandomForest_r147_BAG_L1","RandomForest_r78_BAG_L1"],"1":["CatBoost_r131_BAG_L1","CatBoost_r199_BAG_L1","CatBoost_r200_BAG_L1","KNeighbors_r40_BAG_L1","LinearModel_r3_BAG_L1","NeuralNetFastAI_r103_BAG_L1","NeuralNetFastAI_r109_BAG_L1","NeuralNetFastAI_r111_BAG_L1","NeuralNetFastAI_r116_BAG_L1","NeuralNetFastAI_r120_BAG_L1","NeuralNetFastAI_r121_BAG_L1","NeuralNetFastAI_r124_BAG_L1","NeuralNetFastAI_r144_BAG_L1","NeuralNetFastAI_r147_BAG_L1","NeuralNetFastAI_r163_BAG_L1","NeuralNetFastAI_r183_BAG_L1","NeuralNetFastAI_r187_BAG_L1","NeuralNetFastAI_r193_BAG_L1","NeuralNetFastAI_r33_BAG_L1","NeuralNetFastAI_r35_BAG_L1","NeuralNetFastAI_r63_BAG_L1","NeuralNetFastAI_r94_BAG_L1","NeuralNetFastAI_r95_BAG_L1","NeuralNetFastAI_r98_BAG_L1","NeuralNetTorch_r117_BAG_L1","NeuralNetTorch_r128_BAG_L1","NeuralNetTorch_r129_BAG_L1","NeuralNetTorch_r143_BAG_L1","NeuralNetTorch_r144_BAG_L1","NeuralNetTorch_r200_BAG_L1","NeuralNetTorch_r31_BAG_L1","NeuralNetTorch_r37_BAG_L1","NeuralNetTorch_r49_BAG_L1","NeuralNetTorch_r52_BAG_L1","NeuralNetTorch_r59_BAG_L1","NeuralNetTorch_r80_BAG_L1","NeuralNetTorch_r89_BAG_L1","NeuralNetTorch_r97_BAG_L1","RandomForest_r115_BAG_L1","RandomForest_r129_BAG_L1","RandomForest_r147_BAG_L1","RandomForest_r78_BAG_L1"],"2":["CatBoost_r131_BAG_L1","CatBoost_r199_BAG_L1","CatBoost_r200_BAG_L1","KNeighbors_r40_BAG_L1","NeuralNetFastAI_r102_BAG_L1","NeuralNetFastAI_r103_BAG_L1","NeuralNetFastAI_r109_BAG_L1","NeuralNetFastAI_r111_BAG_L1","NeuralNetFastAI_r116_BAG_L1","NeuralNetFastAI_r120_BAG_L1","NeuralNetFastAI_r121_BAG_L1","NeuralNetFastAI_r124_BAG_L1","NeuralNetFastAI_r144_BAG_L1","NeuralNetFastAI_r147_BAG_L1","NeuralNetFastAI_r163_BAG_L1","NeuralNetFastAI_r183_BAG_L1","NeuralNetFastAI_r187_BAG_L1","NeuralNetFastAI_r193_BAG_L1","NeuralNetFastAI_r33_BAG_L1","NeuralNetFastAI_r35_BAG_L1","NeuralNetFastAI_r63_BAG_L1","NeuralNetFastAI_r94_BAG_L1","NeuralNetFastAI_r95_BAG_L1","NeuralNetFastAI_r98_BAG_L1","NeuralNetTorch_r117_BAG_L1","NeuralNetTorch_r128_BAG_L1","NeuralNetTorch_r129_BAG_L1","NeuralNetTorch_r143_BAG_L1","NeuralNetTorch_r144_BAG_L1","NeuralNetTorch_r200_BAG_L1","NeuralNetTorch_r31_BAG_L1","NeuralNetTorch_r37_BAG_L1","NeuralNetTorch_r49_BAG_L1","NeuralNetTorch_r52_BAG_L1","NeuralNetTorch_r59_BAG_L1","NeuralNetTorch_r80_BAG_L1","NeuralNetTorch_r89_BAG_L1","NeuralNetTorch_r97_BAG_L1","RandomForest_r115_BAG_L1","RandomForest_r129_BAG_L1","RandomForest_r147_BAG_L1","RandomForest_r78_BAG_L1"],"3":["CatBoost_r195_BAG_L1","CatBoost_r199_BAG_L1","NeuralNetFastAI_r120_BAG_L1","NeuralNetFastAI_r35_BAG_L1","NeuralNetTorch_r129_BAG_L1","NeuralNetTorch_r143_BAG_L1"],"4":["CatBoost_r131_BAG_L1","CatBoost_r199_BAG_L1","CatBoost_r200_BAG_L1","NeuralNetFastAI_r109_BAG_L1","NeuralNetFastAI_r115_BAG_L1","NeuralNetFastAI_r120_BAG_L1","NeuralNetFastAI_r121_BAG_L1","NeuralNetFastAI_r124_BAG_L1","NeuralNetFastAI_r147_BAG_L1","NeuralNetFastAI_r163_BAG_L1","NeuralNetFastAI_r187_BAG_L1","NeuralNetFastAI_r193_BAG_L1","NeuralNetFastAI_r35_BAG_L1","NeuralNetFastAI_r98_BAG_L1","NeuralNetTorch_r117_BAG_L1","NeuralNetTorch_r129_BAG_L1","NeuralNetTorch_r143_BAG_L1","NeuralNetTorch_r31_BAG_L1","NeuralNetTorch_r59_BAG_L1","NeuralNetTorch_r80_BAG_L1","NeuralNetTorch_r85_BAG_L1","RandomForest_r115_BAG_L1","RandomForest_r129_BAG_L1","RandomForest_r29_BAG_L1"],"5":["CatBoost_r131_BAG_L1","CatBoost_r199_BAG_L1","CatBoost_r200_BAG_L1","CatBoost_r97_BAG_L1","KNeighbors_r40_BAG_L1","LightGBM_r3_BAG_L1","NeuralNetFastAI_r103_BAG_L1","NeuralNetFastAI_r109_BAG_L1","NeuralNetFastAI_r111_BAG_L1","NeuralNetFastAI_r116_BAG_L1","NeuralNetFastAI_r120_BAG_L1","NeuralNetFastAI_r121_BAG_L1","NeuralNetFastAI_r124_BAG_L1","NeuralNetFastAI_r144_BAG_L1","NeuralNetFastAI_r147_BAG_L1","NeuralNetFastAI_r163_BAG_L1","NeuralNetFastAI_r183_BAG_L1","NeuralNetFastAI_r187_BAG_L1","NeuralNetFastAI_r193_BAG_L1","NeuralNetFastAI_r21_BAG_L1","NeuralNetFastAI_r33_BAG_L1","NeuralNetFastAI_r35_BAG_L1","NeuralNetFastAI_r63_BAG_L1","NeuralNetFastAI_r81_BAG_L1","NeuralNetFastAI_r94_BAG_L1","NeuralNetFastAI_r95_BAG_L1","NeuralNetFastAI_r98_BAG_L1","NeuralNetTorch_r117_BAG_L1","NeuralNetTorch_r128_BAG_L1","NeuralNetTorch_r129_BAG_L1","NeuralNetTorch_r143_BAG_L1","NeuralNetTorch_r144_BAG_L1","NeuralNetTorch_r200_BAG_L1","NeuralNetTorch_r31_BAG_L1","NeuralNetTorch_r37_BAG_L1","NeuralNetTorch_r49_BAG_L1","NeuralNetTorch_r52_BAG_L1","NeuralNetTorch_r59_BAG_L1","NeuralNetTorch_r80_BAG_L1","NeuralNetTorch_r89_BAG_L1","NeuralNetTorch_r97_BAG_L1","RandomForest_r103_BAG_L1","RandomForest_r115_BAG_L1","RandomForest_r129_BAG_L1","RandomForest_r147_BAG_L1","RandomForest_r78_BAG_L1"],"6":["CatBoost_r131_BAG_L1","CatBoost_r199_BAG_L1","CatBoost_r200_BAG_L1","KNeighbors_r40_BAG_L1","NeuralNetFastAI_r109_BAG_L1","NeuralNetFastAI_r111_BAG_L1","NeuralNetFastAI_r120_BAG_L1","NeuralNetFastAI_r121_BAG_L1","NeuralNetFastAI_r124_BAG_L1","NeuralNetFastAI_r144_BAG_L1","NeuralNetFastAI_r147_BAG_L1","NeuralNetFastAI_r163_BAG_L1","NeuralNetFastAI_r187_BAG_L1","NeuralNetFastAI_r193_BAG_L1","NeuralNetFastAI_r33_BAG_L1","NeuralNetFastAI_r35_BAG_L1","NeuralNetFastAI_r95_BAG_L1","NeuralNetFastAI_r98_BAG_L1","NeuralNetTorch_r117_BAG_L1","NeuralNetTorch_r129_BAG_L1","NeuralNetTorch_r143_BAG_L1","NeuralNetTorch_r144_BAG_L1","NeuralNetTorch_r31_BAG_L1","NeuralNetTorch_r59_BAG_L1","NeuralNetTorch_r80_BAG_L1","NeuralNetTorch_r89_BAG_L1","RandomForest_r115_BAG_L1","RandomForest_r129_BAG_L1","RandomForest_r78_BAG_L1"],"7":["CatBoost_r131_BAG_L1","CatBoost_r199_BAG_L1","CatBoost_r200_BAG_L1","KNeighbors_r40_BAG_L1","LinearModel_r50_BAG_L1","NeuralNetFastAI_r103_BAG_L1","NeuralNetFastAI_r109_BAG_L1","NeuralNetFastAI_r111_BAG_L1","NeuralNetFastAI_r115_BAG_L1","NeuralNetFastAI_r116_BAG_L1","NeuralNetFastAI_r120_BAG_L1","NeuralNetFastAI_r121_BAG_L1","NeuralNetFastAI_r124_BAG_L1","NeuralNetFastAI_r144_BAG_L1","NeuralNetFastAI_r147_BAG_L1","NeuralNetFastAI_r163_BAG_L1","NeuralNetFastAI_r183_BAG_L1","NeuralNetFastAI_r187_BAG_L1","NeuralNetFastAI_r193_BAG_L1","NeuralNetFastAI_r33_BAG_L1","NeuralNetFastAI_r35_BAG_L1","NeuralNetFastAI_r63_BAG_L1","NeuralNetFastAI_r95_BAG_L1","NeuralNetFastAI_r98_BAG_L1","NeuralNetTorch_r117_BAG_L1","NeuralNetTorch_r128_BAG_L1","NeuralNetTorch_r129_BAG_L1","NeuralNetTorch_r143_BAG_L1","NeuralNetTorch_r144_BAG_L1","NeuralNetTorch_r200_BAG_L1","NeuralNetTorch_r31_BAG_L1","NeuralNetTorch_r37_BAG_L1","NeuralNetTorch_r49_BAG_L1","NeuralNetTorch_r59_BAG_L1","NeuralNetTorch_r80_BAG_L1","NeuralNetTorch_r89_BAG_L1","NeuralNetTorch_r94_BAG_L1","NeuralNetTorch_r97_BAG_L1","RandomForest_r115_BAG_L1","RandomForest_r129_BAG_L1","RandomForest_r147_BAG_L1","RandomForest_r78_BAG_L1"],"8":["CatBoost_r131_BAG_L1","CatBoost_r199_BAG_L1","CatBoost_r200_BAG_L1","NeuralNetFastAI_r109_BAG_L1","NeuralNetFastAI_r120_BAG_L1","NeuralNetFastAI_r121_BAG_L1","NeuralNetFastAI_r124_BAG_L1","NeuralNetFastAI_r147_BAG_L1","NeuralNetFastAI_r163_BAG_L1","NeuralNetFastAI_r187_BAG_L1","NeuralNetFastAI_r193_BAG_L1","NeuralNetFastAI_r35_BAG_L1","NeuralNetFastAI_r98_BAG_L1","NeuralNetTorch_r117_BAG_L1","NeuralNetTorch_r129_BAG_L1","NeuralNetTorch_r143_BAG_L1","NeuralNetTorch_r31_BAG_L1","NeuralNetTorch_r59_BAG_L1","NeuralNetTorch_r80_BAG_L1","RandomForest_r115_BAG_L1","RandomForest_r129_BAG_L1"],"9":["CatBoost_r199_BAG_L1","CatBoost_r200_BAG_L1","NeuralNetFastAI_r104_BAG_L1","NeuralNetFastAI_r109_BAG_L1","NeuralNetFastAI_r120_BAG_L1","NeuralNetFastAI_r121_BAG_L1","NeuralNetFastAI_r124_BAG_L1","NeuralNetFastAI_r147_BAG_L1","NeuralNetFastAI_r163_BAG_L1","NeuralNetFastAI_r165_BAG_L1","NeuralNetFastAI_r187_BAG_L1","NeuralNetFastAI_r193_BAG_L1","NeuralNetFastAI_r35_BAG_L1","NeuralNetFastAI_r85_BAG_L1","NeuralNetFastAI_r98_BAG_L1","NeuralNetTorch_r117_BAG_L1","NeuralNetTorch_r129_BAG_L1","NeuralNetTorch_r143_BAG_L1","NeuralNetTorch_r31_BAG_L1","NeuralNetTorch_r80_BAG_L1","RandomForest_r115_BAG_L1"],"10":["CatBoost_r199_BAG_L1","NeuralNetFastAI_r120_BAG_L1","NeuralNetFastAI_r35_BAG_L1","NeuralNetTorch_r129_BAG_L1","NeuralNetTorch_r143_BAG_L1"],"11":["CatBoost_r10_BAG_L1","CatBoost_r131_BAG_L1","CatBoost_r199_BAG_L1","CatBoost_r200_BAG_L1","NeuralNetFastAI_r109_BAG_L1","NeuralNetFastAI_r115_BAG_L1","NeuralNetFastAI_r120_BAG_L1","NeuralNetFastAI_r121_BAG_L1","NeuralNetFastAI_r124_BAG_L1","NeuralNetFastAI_r144_BAG_L1","NeuralNetFastAI_r147_BAG_L1","NeuralNetFastAI_r163_BAG_L1","NeuralNetFastAI_r187_BAG_L1","NeuralNetFastAI_r193_BAG_L1","NeuralNetFastAI_r35_BAG_L1","NeuralNetFastAI_r98_BAG_L1","NeuralNetTorch_r117_BAG_L1","NeuralNetTorch_r129_BAG_L1","NeuralNetTorch_r143_BAG_L1","NeuralNetTorch_r144_BAG_L1","NeuralNetTorch_r31_BAG_L1","NeuralNetTorch_r59_BAG_L1","NeuralNetTorch_r80_BAG_L1","NeuralNetTorch_r85_BAG_L1","RandomForest_r115_BAG_L1","RandomForest_r129_BAG_L1"],"12":["CatBoost_r199_BAG_L1","NeuralNetFastAI_r120_BAG_L1","NeuralNetFastAI_r121_BAG_L1","NeuralNetFastAI_r124_BAG_L1","NeuralNetFastAI_r163_BAG_L1","NeuralNetFastAI_r187_BAG_L1","NeuralNetFastAI_r193_BAG_L1","NeuralNetFastAI_r33_BAG_L1","NeuralNetFastAI_r35_BAG_L1","NeuralNetFastAI_r98_BAG_L1","NeuralNetTorch_r129_BAG_L1","NeuralNetTorch_r143_BAG_L1","NeuralNetTorch_r80_BAG_L1","RandomForest_r115_BAG_L1"],"13":["CatBoost_r11_BAG_L1","CatBoost_r199_BAG_L1","CatBoost_r29_BAG_L1","CatBoost_r35_BAG_L1","NeuralNetFastAI_r120_BAG_L1","NeuralNetFastAI_r121_BAG_L1","NeuralNetFastAI_r124_BAG_L1","NeuralNetFastAI_r163_BAG_L1","NeuralNetFastAI_r187_BAG_L1","NeuralNetFastAI_r193_BAG_L1","NeuralNetFastAI_r35_BAG_L1","NeuralNetFastAI_r98_BAG_L1","NeuralNetTorch_r129_BAG_L1","NeuralNetTorch_r143_BAG_L1","NeuralNetTorch_r80_BAG_L1","RandomForest_r115_BAG_L1"],"14":["CatBoost_r131_BAG_L1","CatBoost_r199_BAG_L1","CatBoost_r200_BAG_L1","KNeighbors_r40_BAG_L1","LightGBM_r3_BAG_L1","LinearModel_c2_BAG_L1","NeuralNetFastAI_r109_BAG_L1","NeuralNetFastAI_r120_BAG_L1","NeuralNetFastAI_r121_BAG_L1","NeuralNetFastAI_r124_BAG_L1","NeuralNetFastAI_r144_BAG_L1","NeuralNetFastAI_r147_BAG_L1","NeuralNetFastAI_r163_BAG_L1","NeuralNetFastAI_r183_BAG_L1","NeuralNetFastAI_r187_BAG_L1","NeuralNetFastAI_r193_BAG_L1","NeuralNetFastAI_r21_BAG_L1","NeuralNetFastAI_r33_BAG_L1","NeuralNetFastAI_r35_BAG_L1","NeuralNetFastAI_r81_BAG_L1","NeuralNetFastAI_r94_BAG_L1","NeuralNetFastAI_r95_BAG_L1","NeuralNetFastAI_r98_BAG_L1","NeuralNetTorch_r117_BAG_L1","NeuralNetTorch_r129_BAG_L1","NeuralNetTorch_r143_BAG_L1","NeuralNetTorch_r144_BAG_L1","NeuralNetTorch_r31_BAG_L1","NeuralNetTorch_r49_BAG_L1","NeuralNetTorch_r59_BAG_L1","NeuralNetTorch_r80_BAG_L1","NeuralNetTorch_r89_BAG_L1","RandomForest_r103_BAG_L1","RandomForest_r115_BAG_L1","RandomForest_r129_BAG_L1","RandomForest_r147_BAG_L1"],"15":["CatBoost_r131_BAG_L1","CatBoost_r199_BAG_L1","CatBoost_r200_BAG_L1","ExtraTrees_r26_BAG_L1","ExtraTrees_r35_BAG_L1","ExtraTrees_r70_BAG_L1","ExtraTrees_r91_BAG_L1","KNeighbors_r40_BAG_L1","LightGBM_r147_BAG_L1","LinearModel_r2_BAG_L1","NeuralNetFastAI_r103_BAG_L1","NeuralNetFastAI_r109_BAG_L1","NeuralNetFastAI_r111_BAG_L1","NeuralNetFastAI_r116_BAG_L1","NeuralNetFastAI_r120_BAG_L1","NeuralNetFastAI_r121_BAG_L1","NeuralNetFastAI_r124_BAG_L1","NeuralNetFastAI_r144_BAG_L1","NeuralNetFastAI_r147_BAG_L1","NeuralNetFastAI_r163_BAG_L1","NeuralNetFastAI_r183_BAG_L1","NeuralNetFastAI_r187_BAG_L1","NeuralNetFastAI_r193_BAG_L1","NeuralNetFastAI_r33_BAG_L1","NeuralNetFastAI_r35_BAG_L1","NeuralNetFastAI_r63_BAG_L1","NeuralNetFastAI_r95_BAG_L1","NeuralNetFastAI_r98_BAG_L1","NeuralNetTorch_r117_BAG_L1","NeuralNetTorch_r128_BAG_L1","NeuralNetTorch_r129_BAG_L1","NeuralNetTorch_r143_BAG_L1","NeuralNetTorch_r144_BAG_L1","NeuralNetTorch_r200_BAG_L1","NeuralNetTorch_r31_BAG_L1","NeuralNetTorch_r37_BAG_L1","NeuralNetTorch_r49_BAG_L1","NeuralNetTorch_r59_BAG_L1","NeuralNetTorch_r80_BAG_L1","NeuralNetTorch_r89_BAG_L1","NeuralNetTorch_r97_BAG_L1","RandomForest_r115_BAG_L1","RandomForest_r129_BAG_L1","RandomForest_r147_BAG_L1","RandomForest_r78_BAG_L1"],"16":["CatBoost_r131_BAG_L1","CatBoost_r199_BAG_L1","CatBoost_r200_BAG_L1","ExtraTrees_r35_BAG_L1","ExtraTrees_r70_BAG_L1","ExtraTrees_r91_BAG_L1","KNeighbors_r40_BAG_L1","LightGBM_r113_BAG_L1","LightGBM_r147_BAG_L1","LinearModel_r2_BAG_L1","NeuralNetFastAI_r109_BAG_L1","NeuralNetFastAI_r120_BAG_L1","NeuralNetFastAI_r121_BAG_L1","NeuralNetFastAI_r124_BAG_L1","NeuralNetFastAI_r144_BAG_L1","NeuralNetFastAI_r147_BAG_L1","NeuralNetFastAI_r163_BAG_L1","NeuralNetFastAI_r187_BAG_L1","NeuralNetFastAI_r193_BAG_L1","NeuralNetFastAI_r33_BAG_L1","NeuralNetFastAI_r35_BAG_L1","NeuralNetFastAI_r95_BAG_L1","NeuralNetFastAI_r98_BAG_L1","NeuralNetTorch_r117_BAG_L1","NeuralNetTorch_r129_BAG_L1","NeuralNetTorch_r143_BAG_L1","NeuralNetTorch_r144_BAG_L1","NeuralNetTorch_r31_BAG_L1","NeuralNetTorch_r59_BAG_L1","NeuralNetTorch_r80_BAG_L1","NeuralNetTorch_r89_BAG_L1","RandomForest_r115_BAG_L1","RandomForest_r129_BAG_L1"],"17":["CatBoost_r131_BAG_L1","CatBoost_r199_BAG_L1","CatBoost_r200_BAG_L1","KNeighbors_r40_BAG_L1","LightGBM_r3_BAG_L1","NeuralNetFastAI_r104_BAG_L1","NeuralNetFastAI_r109_BAG_L1","NeuralNetFastAI_r111_BAG_L1","NeuralNetFastAI_r116_BAG_L1","NeuralNetFastAI_r120_BAG_L1","NeuralNetFastAI_r121_BAG_L1","NeuralNetFastAI_r124_BAG_L1","NeuralNetFastAI_r144_BAG_L1","NeuralNetFastAI_r147_BAG_L1","NeuralNetFastAI_r163_BAG_L1","NeuralNetFastAI_r165_BAG_L1","NeuralNetFastAI_r183_BAG_L1","NeuralNetFastAI_r187_BAG_L1","NeuralNetFastAI_r193_BAG_L1","NeuralNetFastAI_r21_BAG_L1","NeuralNetFastAI_r33_BAG_L1","NeuralNetFastAI_r35_BAG_L1","NeuralNetFastAI_r63_BAG_L1","NeuralNetFastAI_r81_BAG_L1","NeuralNetFastAI_r82_BAG_L1","NeuralNetFastAI_r94_BAG_L1","NeuralNetFastAI_r95_BAG_L1","NeuralNetFastAI_r98_BAG_L1","NeuralNetTorch_r117_BAG_L1","NeuralNetTorch_r128_BAG_L1","NeuralNetTorch_r129_BAG_L1","NeuralNetTorch_r143_BAG_L1","NeuralNetTorch_r144_BAG_L1","NeuralNetTorch_r31_BAG_L1","NeuralNetTorch_r37_BAG_L1","NeuralNetTorch_r49_BAG_L1","NeuralNetTorch_r59_BAG_L1","NeuralNetTorch_r80_BAG_L1","NeuralNetTorch_r89_BAG_L1","RandomForest_r103_BAG_L1","RandomForest_r115_BAG_L1","RandomForest_r129_BAG_L1","RandomForest_r147_BAG_L1","RandomForest_r78_BAG_L1"],"18":["CatBoost_r131_BAG_L1","CatBoost_r199_BAG_L1","CatBoost_r200_BAG_L1","KNeighbors_r40_BAG_L1","NeuralNetFastAI_r102_BAG_L1","NeuralNetFastAI_r103_BAG_L1","NeuralNetFastAI_r109_BAG_L1","NeuralNetFastAI_r111_BAG_L1","NeuralNetFastAI_r116_BAG_L1","NeuralNetFastAI_r120_BAG_L1","NeuralNetFastAI_r121_BAG_L1","NeuralNetFastAI_r124_BAG_L1","NeuralNetFastAI_r144_BAG_L1","NeuralNetFastAI_r147_BAG_L1","NeuralNetFastAI_r163_BAG_L1","NeuralNetFastAI_r183_BAG_L1","NeuralNetFastAI_r187_BAG_L1","NeuralNetFastAI_r193_BAG_L1","NeuralNetFastAI_r33_BAG_L1","NeuralNetFastAI_r35_BAG_L1","NeuralNetFastAI_r54_BAG_L1","NeuralNetFastAI_r63_BAG_L1","NeuralNetFastAI_r94_BAG_L1","NeuralNetFastAI_r95_BAG_L1","NeuralNetFastAI_r98_BAG_L1","NeuralNetTorch_r117_BAG_L1","NeuralNetTorch_r128_BAG_L1","NeuralNetTorch_r129_BAG_L1","NeuralNetTorch_r143_BAG_L1","NeuralNetTorch_r144_BAG_L1","NeuralNetTorch_r200_BAG_L1","NeuralNetTorch_r31_BAG_L1","NeuralNetTorch_r37_BAG_L1","NeuralNetTorch_r49_BAG_L1","NeuralNetTorch_r52_BAG_L1","NeuralNetTorch_r59_BAG_L1","NeuralNetTorch_r80_BAG_L1","NeuralNetTorch_r89_BAG_L1","NeuralNetTorch_r97_BAG_L1","RandomForest_r115_BAG_L1","RandomForest_r129_BAG_L1","RandomForest_r147_BAG_L1","RandomForest_r78_BAG_L1"],"19":["CatBoost_r199_BAG_L1","ExtraTrees_r35_BAG_L1","ExtraTrees_r70_BAG_L1","LinearModel_r31_BAG_L1","NeuralNetFastAI_r120_BAG_L1","NeuralNetFastAI_r121_BAG_L1","NeuralNetFastAI_r124_BAG_L1","NeuralNetFastAI_r163_BAG_L1","NeuralNetFastAI_r187_BAG_L1","NeuralNetFastAI_r193_BAG_L1","NeuralNetFastAI_r35_BAG_L1","NeuralNetFastAI_r98_BAG_L1","NeuralNetTorch_r129_BAG_L1","NeuralNetTorch_r143_BAG_L1","NeuralNetTorch_r80_BAG_L1","RandomForest_r115_BAG_L1"],"20":["CatBoost_r199_BAG_L1","ExtraTrees_r15_BAG_L1","ExtraTrees_r65_BAG_L1","NeuralNetFastAI_r104_BAG_L1","NeuralNetFastAI_r120_BAG_L1","NeuralNetFastAI_r121_BAG_L1","NeuralNetFastAI_r124_BAG_L1","NeuralNetFastAI_r163_BAG_L1","NeuralNetFastAI_r165_BAG_L1","NeuralNetFastAI_r187_BAG_L1","NeuralNetFastAI_r193_BAG_L1","NeuralNetFastAI_r22_BAG_L1","NeuralNetFastAI_r33_BAG_L1","NeuralNetFastAI_r35_BAG_L1","NeuralNetFastAI_r98_BAG_L1","NeuralNetTorch_r129_BAG_L1","NeuralNetTorch_r143_BAG_L1","NeuralNetTorch_r80_BAG_L1","RandomForest_r115_BAG_L1"],"21":["CatBoost_r11_BAG_L1","CatBoost_r199_BAG_L1","CatBoost_r200_BAG_L1","CatBoost_r29_BAG_L1","LinearModel_r17_BAG_L1","NeuralNetFastAI_r120_BAG_L1","NeuralNetFastAI_r121_BAG_L1","NeuralNetFastAI_r124_BAG_L1","NeuralNetFastAI_r163_BAG_L1","NeuralNetFastAI_r187_BAG_L1","NeuralNetFastAI_r193_BAG_L1","NeuralNetFastAI_r35_BAG_L1","NeuralNetFastAI_r98_BAG_L1","NeuralNetTorch_r117_BAG_L1","NeuralNetTorch_r129_BAG_L1","NeuralNetTorch_r143_BAG_L1","NeuralNetTorch_r80_BAG_L1","RandomForest_r115_BAG_L1","RandomForest_r12_BAG_L1"],"22":["CatBoost_r131_BAG_L1","CatBoost_r199_BAG_L1","CatBoost_r200_BAG_L1","ExtraTrees_r35_BAG_L1","ExtraTrees_r65_BAG_L1","ExtraTrees_r70_BAG_L1","KNeighbors_r19_BAG_L1","KNeighbors_r40_BAG_L1","LightGBM_r58_BAG_L1","LinearModel_r2_BAG_L1","NeuralNetFastAI_r109_BAG_L1","NeuralNetFastAI_r120_BAG_L1","NeuralNetFastAI_r121_BAG_L1","NeuralNetFastAI_r124_BAG_L1","NeuralNetFastAI_r144_BAG_L1","NeuralNetFastAI_r147_BAG_L1","NeuralNetFastAI_r163_BAG_L1","NeuralNetFastAI_r187_BAG_L1","NeuralNetFastAI_r193_BAG_L1","NeuralNetFastAI_r33_BAG_L1","NeuralNetFastAI_r35_BAG_L1","NeuralNetFastAI_r61_BAG_L1","NeuralNetFastAI_r95_BAG_L1","NeuralNetFastAI_r98_BAG_L1","NeuralNetTorch_r117_BAG_L1","NeuralNetTorch_r129_BAG_L1","NeuralNetTorch_r141_BAG_L1","NeuralNetTorch_r143_BAG_L1","NeuralNetTorch_r144_BAG_L1","NeuralNetTorch_r31_BAG_L1","NeuralNetTorch_r59_BAG_L1","NeuralNetTorch_r80_BAG_L1","NeuralNetTorch_r89_BAG_L1","RandomForest_r115_BAG_L1","RandomForest_r129_BAG_L1"],"23":["CatBoost_r199_BAG_L1","CatBoost_r200_BAG_L1","NeuralNetFastAI_r109_BAG_L1","NeuralNetFastAI_r120_BAG_L1","NeuralNetFastAI_r121_BAG_L1","NeuralNetFastAI_r124_BAG_L1","NeuralNetFastAI_r147_BAG_L1","NeuralNetFastAI_r163_BAG_L1","NeuralNetFastAI_r187_BAG_L1","NeuralNetFastAI_r193_BAG_L1","NeuralNetFastAI_r35_BAG_L1","NeuralNetFastAI_r72_BAG_L1","NeuralNetFastAI_r98_BAG_L1","NeuralNetTorch_r117_BAG_L1","NeuralNetTorch_r129_BAG_L1","NeuralNetTorch_r143_BAG_L1","NeuralNetTorch_r31_BAG_L1","NeuralNetTorch_r80_BAG_L1","RandomForest_r115_BAG_L1"],"24":["CatBoost_r131_BAG_L1","CatBoost_r199_BAG_L1","CatBoost_r200_BAG_L1","KNeighbors_r40_BAG_L1","NeuralNetFastAI_r109_BAG_L1","NeuralNetFastAI_r111_BAG_L1","NeuralNetFastAI_r120_BAG_L1","NeuralNetFastAI_r121_BAG_L1","NeuralNetFastAI_r124_BAG_L1","NeuralNetFastAI_r144_BAG_L1","NeuralNetFastAI_r147_BAG_L1","NeuralNetFastAI_r163_BAG_L1","NeuralNetFastAI_r187_BAG_L1","NeuralNetFastAI_r193_BAG_L1","NeuralNetFastAI_r33_BAG_L1","NeuralNetFastAI_r35_BAG_L1","NeuralNetFastAI_r63_BAG_L1","NeuralNetFastAI_r95_BAG_L1","NeuralNetFastAI_r98_BAG_L1","NeuralNetTorch_r117_BAG_L1","NeuralNetTorch_r129_BAG_L1","NeuralNetTorch_r143_BAG_L1","NeuralNetTorch_r144_BAG_L1","NeuralNetTorch_r31_BAG_L1","NeuralNetTorch_r52_BAG_L1","NeuralNetTorch_r59_BAG_L1","NeuralNetTorch_r80_BAG_L1","NeuralNetTorch_r89_BAG_L1","RandomForest_r115_BAG_L1","RandomForest_r129_BAG_L1"],"25":["CatBoost_r199_BAG_L1","CatBoost_r200_BAG_L1","NeuralNetFastAI_r109_BAG_L1","NeuralNetFastAI_r120_BAG_L1","NeuralNetFastAI_r121_BAG_L1","NeuralNetFastAI_r124_BAG_L1","NeuralNetFastAI_r147_BAG_L1","NeuralNetFastAI_r161_BAG_L1","NeuralNetFastAI_r163_BAG_L1","NeuralNetFastAI_r187_BAG_L1","NeuralNetFastAI_r193_BAG_L1","NeuralNetFastAI_r35_BAG_L1","NeuralNetFastAI_r6_BAG_L1","NeuralNetFastAI_r98_BAG_L1","NeuralNetTorch_r117_BAG_L1","NeuralNetTorch_r129_BAG_L1","NeuralNetTorch_r143_BAG_L1","NeuralNetTorch_r31_BAG_L1","NeuralNetTorch_r80_BAG_L1","RandomForest_r115_BAG_L1"],"26":["CatBoost_r199_BAG_L1","NeuralNetFastAI_r120_BAG_L1","NeuralNetFastAI_r121_BAG_L1","NeuralNetFastAI_r124_BAG_L1","NeuralNetFastAI_r163_BAG_L1","NeuralNetFastAI_r187_BAG_L1","NeuralNetFastAI_r193_BAG_L1","NeuralNetFastAI_r35_BAG_L1","NeuralNetFastAI_r74_BAG_L1","NeuralNetFastAI_r98_BAG_L1","NeuralNetTorch_r117_BAG_L1","NeuralNetTorch_r129_BAG_L1","NeuralNetTorch_r143_BAG_L1","NeuralNetTorch_r80_BAG_L1","RandomForest_r115_BAG_L1"],"27":["CatBoost_r131_BAG_L1","CatBoost_r199_BAG_L1","CatBoost_r200_BAG_L1","KNeighbors_r40_BAG_L1","NeuralNetFastAI_r109_BAG_L1","NeuralNetFastAI_r111_BAG_L1","NeuralNetFastAI_r115_BAG_L1","NeuralNetFastAI_r120_BAG_L1","NeuralNetFastAI_r121_BAG_L1","NeuralNetFastAI_r124_BAG_L1","NeuralNetFastAI_r144_BAG_L1","NeuralNetFastAI_r147_BAG_L1","NeuralNetFastAI_r163_BAG_L1","NeuralNetFastAI_r187_BAG_L1","NeuralNetFastAI_r193_BAG_L1","NeuralNetFastAI_r33_BAG_L1","NeuralNetFastAI_r35_BAG_L1","NeuralNetFastAI_r63_BAG_L1","NeuralNetFastAI_r95_BAG_L1","NeuralNetFastAI_r98_BAG_L1","NeuralNetTorch_r117_BAG_L1","NeuralNetTorch_r129_BAG_L1","NeuralNetTorch_r143_BAG_L1","NeuralNetTorch_r144_BAG_L1","NeuralNetTorch_r31_BAG_L1","NeuralNetTorch_r52_BAG_L1","NeuralNetTorch_r59_BAG_L1","NeuralNetTorch_r80_BAG_L1","NeuralNetTorch_r89_BAG_L1","NeuralNetTorch_r94_BAG_L1","RandomForest_r115_BAG_L1","RandomForest_r129_BAG_L1"],"28":["CatBoost_r131_BAG_L1","CatBoost_r199_BAG_L1","CatBoost_r200_BAG_L1","ExtraTrees_r77_BAG_L1","KNeighbors_r37_BAG_L1","KNeighbors_r40_BAG_L1","NeuralNetFastAI_r103_BAG_L1","NeuralNetFastAI_r109_BAG_L1","NeuralNetFastAI_r111_BAG_L1","NeuralNetFastAI_r116_BAG_L1","NeuralNetFastAI_r120_BAG_L1","NeuralNetFastAI_r121_BAG_L1","NeuralNetFastAI_r124_BAG_L1","NeuralNetFastAI_r144_BAG_L1","NeuralNetFastAI_r147_BAG_L1","NeuralNetFastAI_r163_BAG_L1","NeuralNetFastAI_r183_BAG_L1","NeuralNetFastAI_r187_BAG_L1","NeuralNetFastAI_r193_BAG_L1","NeuralNetFastAI_r33_BAG_L1","NeuralNetFastAI_r35_BAG_L1","NeuralNetFastAI_r63_BAG_L1","NeuralNetFastAI_r94_BAG_L1","NeuralNetFastAI_r95_BAG_L1","NeuralNetFastAI_r98_BAG_L1","NeuralNetTorch_r117_BAG_L1","NeuralNetTorch_r128_BAG_L1","NeuralNetTorch_r129_BAG_L1","NeuralNetTorch_r143_BAG_L1","NeuralNetTorch_r144_BAG_L1","NeuralNetTorch_r200_BAG_L1","NeuralNetTorch_r31_BAG_L1","NeuralNetTorch_r37_BAG_L1","NeuralNetTorch_r49_BAG_L1","NeuralNetTorch_r52_BAG_L1","NeuralNetTorch_r59_BAG_L1","NeuralNetTorch_r80_BAG_L1","NeuralNetTorch_r89_BAG_L1","NeuralNetTorch_r97_BAG_L1","RandomForest_r115_BAG_L1","RandomForest_r129_BAG_L1","RandomForest_r147_BAG_L1","RandomForest_r78_BAG_L1"],"29":["CatBoost_r131_BAG_L1","CatBoost_r199_BAG_L1","CatBoost_r200_BAG_L1","KNeighbors_r40_BAG_L1","NeuralNetFastAI_r102_BAG_L1","NeuralNetFastAI_r103_BAG_L1","NeuralNetFastAI_r109_BAG_L1","NeuralNetFastAI_r111_BAG_L1","NeuralNetFastAI_r115_BAG_L1","NeuralNetFastAI_r116_BAG_L1","NeuralNetFastAI_r120_BAG_L1","NeuralNetFastAI_r121_BAG_L1","NeuralNetFastAI_r124_BAG_L1","NeuralNetFastAI_r144_BAG_L1","NeuralNetFastAI_r147_BAG_L1","NeuralNetFastAI_r163_BAG_L1","NeuralNetFastAI_r183_BAG_L1","NeuralNetFastAI_r187_BAG_L1","NeuralNetFastAI_r193_BAG_L1","NeuralNetFastAI_r33_BAG_L1","NeuralNetFastAI_r35_BAG_L1","NeuralNetFastAI_r5_BAG_L1","NeuralNetFastAI_r63_BAG_L1","NeuralNetFastAI_r94_BAG_L1","NeuralNetFastAI_r95_BAG_L1","NeuralNetFastAI_r98_BAG_L1","NeuralNetTorch_r117_BAG_L1","NeuralNetTorch_r128_BAG_L1","NeuralNetTorch_r129_BAG_L1","NeuralNetTorch_r143_BAG_L1","NeuralNetTorch_r144_BAG_L1","NeuralNetTorch_r200_BAG_L1","NeuralNetTorch_r31_BAG_L1","NeuralNetTorch_r37_BAG_L1","NeuralNetTorch_r49_BAG_L1","NeuralNetTorch_r52_BAG_L1","NeuralNetTorch_r59_BAG_L1","NeuralNetTorch_r80_BAG_L1","NeuralNetTorch_r89_BAG_L1","NeuralNetTorch_r94_BAG_L1","NeuralNetTorch_r97_BAG_L1","RandomForest_r115_BAG_L1","RandomForest_r129_BAG_L1","RandomForest_r147_BAG_L1","RandomForest_r78_BAG_L1"],"30":["CatBoost_r131_BAG_L1","CatBoost_r199_BAG_L1","CatBoost_r200_BAG_L1","KNeighbors_r40_BAG_L1","NeuralNetFastAI_r109_BAG_L1","NeuralNetFastAI_r111_BAG_L1","NeuralNetFastAI_r120_BAG_L1","NeuralNetFastAI_r121_BAG_L1","NeuralNetFastAI_r124_BAG_L1","NeuralNetFastAI_r144_BAG_L1","NeuralNetFastAI_r147_BAG_L1","NeuralNetFastAI_r163_BAG_L1","NeuralNetFastAI_r187_BAG_L1","NeuralNetFastAI_r193_BAG_L1","NeuralNetFastAI_r33_BAG_L1","NeuralNetFastAI_r35_BAG_L1","NeuralNetFastAI_r63_BAG_L1","NeuralNetFastAI_r95_BAG_L1","NeuralNetFastAI_r98_BAG_L1","NeuralNetTorch_r117_BAG_L1","NeuralNetTorch_r129_BAG_L1","NeuralNetTorch_r143_BAG_L1","NeuralNetTorch_r144_BAG_L1","NeuralNetTorch_r31_BAG_L1","NeuralNetTorch_r59_BAG_L1","NeuralNetTorch_r80_BAG_L1","NeuralNetTorch_r89_BAG_L1","RandomForest_r115_BAG_L1","RandomForest_r129_BAG_L1","RandomForest_r17_BAG_L1"],"31":["CatBoost_r199_BAG_L1","NeuralNetFastAI_r120_BAG_L1","NeuralNetFastAI_r121_BAG_L1","NeuralNetFastAI_r187_BAG_L1"],"32":["CatBoost_r199_BAG_L1","CatBoost_r98_BAG_L1","NeuralNetFastAI_r120_BAG_L1","NeuralNetFastAI_r94_BAG_L1","NeuralNetTorch_r49_BAG_L1"],"33":["CatBoost_r131_BAG_L1","CatBoost_r199_BAG_L1","CatBoost_r200_BAG_L1","KNeighbors_r40_BAG_L1","NeuralNetFastAI_r109_BAG_L1","NeuralNetFastAI_r120_BAG_L1","NeuralNetFastAI_r121_BAG_L1","NeuralNetFastAI_r124_BAG_L1","NeuralNetFastAI_r144_BAG_L1","NeuralNetFastAI_r147_BAG_L1","NeuralNetFastAI_r163_BAG_L1","NeuralNetFastAI_r187_BAG_L1","NeuralNetFastAI_r193_BAG_L1","NeuralNetFastAI_r35_BAG_L1","NeuralNetFastAI_r95_BAG_L1","NeuralNetFastAI_r98_BAG_L1","NeuralNetTorch_r117_BAG_L1","NeuralNetTorch_r129_BAG_L1","NeuralNetTorch_r143_BAG_L1","NeuralNetTorch_r144_BAG_L1","NeuralNetTorch_r31_BAG_L1","NeuralNetTorch_r59_BAG_L1","NeuralNetTorch_r80_BAG_L1","RandomForest_r115_BAG_L1","RandomForest_r129_BAG_L1"],"34":["CatBoost_r131_BAG_L1","CatBoost_r199_BAG_L1","CatBoost_r200_BAG_L1","KNeighbors_r40_BAG_L1","NeuralNetFastAI_r103_BAG_L1","NeuralNetFastAI_r109_BAG_L1","NeuralNetFastAI_r111_BAG_L1","NeuralNetFastAI_r116_BAG_L1","NeuralNetFastAI_r120_BAG_L1","NeuralNetFastAI_r121_BAG_L1","NeuralNetFastAI_r124_BAG_L1","NeuralNetFastAI_r144_BAG_L1","NeuralNetFastAI_r147_BAG_L1","NeuralNetFastAI_r163_BAG_L1","NeuralNetFastAI_r183_BAG_L1","NeuralNetFastAI_r187_BAG_L1","NeuralNetFastAI_r193_BAG_L1","NeuralNetFastAI_r33_BAG_L1","NeuralNetFastAI_r34_BAG_L1","NeuralNetFastAI_r35_BAG_L1","NeuralNetFastAI_r39_BAG_L1","NeuralNetFastAI_r63_BAG_L1","NeuralNetFastAI_r94_BAG_L1","NeuralNetFastAI_r95_BAG_L1","NeuralNetFastAI_r98_BAG_L1","NeuralNetTorch_r117_BAG_L1","NeuralNetTorch_r128_BAG_L1","NeuralNetTorch_r129_BAG_L1","NeuralNetTorch_r143_BAG_L1","NeuralNetTorch_r144_BAG_L1","NeuralNetTorch_r200_BAG_L1","NeuralNetTorch_r31_BAG_L1","NeuralNetTorch_r37_BAG_L1","NeuralNetTorch_r49_BAG_L1","NeuralNetTorch_r59_BAG_L1","NeuralNetTorch_r80_BAG_L1","NeuralNetTorch_r89_BAG_L1","NeuralNetTorch_r97_BAG_L1","RandomForest_r115_BAG_L1","RandomForest_r129_BAG_L1","RandomForest_r147_BAG_L1","RandomForest_r78_BAG_L1"],"35":["CatBoost_r199_BAG_L1","CatBoost_r200_BAG_L1","NeuralNetFastAI_r109_BAG_L1","NeuralNetFastAI_r120_BAG_L1","NeuralNetFastAI_r121_BAG_L1","NeuralNetFastAI_r124_BAG_L1","NeuralNetFastAI_r147_BAG_L1","NeuralNetFastAI_r163_BAG_L1","NeuralNetFastAI_r187_BAG_L1","NeuralNetFastAI_r193_BAG_L1","NeuralNetFastAI_r35_BAG_L1","NeuralNetFastAI_r98_BAG_L1","NeuralNetTorch_r117_BAG_L1","NeuralNetTorch_r129_BAG_L1","NeuralNetTorch_r143_BAG_L1","NeuralNetTorch_r199_BAG_L1","NeuralNetTorch_r31_BAG_L1","NeuralNetTorch_r80_BAG_L1","RandomForest_r115_BAG_L1"],"36":["CatBoost_r131_BAG_L1","CatBoost_r199_BAG_L1","CatBoost_r200_BAG_L1","KNeighbors_r40_BAG_L1","LinearModel_r14_BAG_L1","NeuralNetFastAI_r109_BAG_L1","NeuralNetFastAI_r120_BAG_L1","NeuralNetFastAI_r121_BAG_L1","NeuralNetFastAI_r124_BAG_L1","NeuralNetFastAI_r144_BAG_L1","NeuralNetFastAI_r147_BAG_L1","NeuralNetFastAI_r163_BAG_L1","NeuralNetFastAI_r187_BAG_L1","NeuralNetFastAI_r193_BAG_L1","NeuralNetFastAI_r35_BAG_L1","NeuralNetFastAI_r98_BAG_L1","NeuralNetTorch_r117_BAG_L1","NeuralNetTorch_r129_BAG_L1","NeuralNetTorch_r143_BAG_L1","NeuralNetTorch_r144_BAG_L1","NeuralNetTorch_r31_BAG_L1","NeuralNetTorch_r59_BAG_L1","NeuralNetTorch_r80_BAG_L1","RandomForest_r115_BAG_L1","RandomForest_r129_BAG_L1"],"37":["CatBoost_r131_BAG_L1","CatBoost_r199_BAG_L1","CatBoost_r200_BAG_L1","NeuralNetFastAI_r109_BAG_L1","NeuralNetFastAI_r120_BAG_L1","NeuralNetFastAI_r121_BAG_L1","NeuralNetFastAI_r124_BAG_L1","NeuralNetFastAI_r144_BAG_L1","NeuralNetFastAI_r147_BAG_L1","NeuralNetFastAI_r163_BAG_L1","NeuralNetFastAI_r187_BAG_L1","NeuralNetFastAI_r193_BAG_L1","NeuralNetFastAI_r35_BAG_L1","NeuralNetFastAI_r98_BAG_L1","NeuralNetTorch_r117_BAG_L1","NeuralNetTorch_r129_BAG_L1","NeuralNetTorch_r143_BAG_L1","NeuralNetTorch_r144_BAG_L1","NeuralNetTorch_r31_BAG_L1","NeuralNetTorch_r59_BAG_L1","NeuralNetTorch_r80_BAG_L1","RandomForest_r115_BAG_L1","RandomForest_r129_BAG_L1"],"38":["CatBoost_r131_BAG_L1","CatBoost_r199_BAG_L1","CatBoost_r200_BAG_L1","NeuralNetFastAI_r109_BAG_L1","NeuralNetFastAI_r115_BAG_L1","NeuralNetFastAI_r120_BAG_L1","NeuralNetFastAI_r121_BAG_L1","NeuralNetFastAI_r124_BAG_L1","NeuralNetFastAI_r147_BAG_L1","NeuralNetFastAI_r163_BAG_L1","NeuralNetFastAI_r187_BAG_L1","NeuralNetFastAI_r193_BAG_L1","NeuralNetFastAI_r35_BAG_L1","NeuralNetFastAI_r98_BAG_L1","NeuralNetTorch_r117_BAG_L1","NeuralNetTorch_r129_BAG_L1","NeuralNetTorch_r143_BAG_L1","NeuralNetTorch_r31_BAG_L1","NeuralNetTorch_r59_BAG_L1","NeuralNetTorch_r80_BAG_L1","NeuralNetTorch_r85_BAG_L1","RandomForest_r115_BAG_L1","RandomForest_r129_BAG_L1"],"39":["CatBoost_r131_BAG_L1","CatBoost_r199_BAG_L1","NeuralNetFastAI_r120_BAG_L1","NeuralNetFastAI_r8_BAG_L1"],"40":["CatBoost_r131_BAG_L1","CatBoost_r199_BAG_L1","CatBoost_r200_BAG_L1","NeuralNetFastAI_r109_BAG_L1","NeuralNetFastAI_r115_BAG_L1","NeuralNetFastAI_r120_BAG_L1","NeuralNetFastAI_r121_BAG_L1","NeuralNetFastAI_r124_BAG_L1","NeuralNetFastAI_r147_BAG_L1","NeuralNetFastAI_r163_BAG_L1","NeuralNetFastAI_r187_BAG_L1","NeuralNetFastAI_r193_BAG_L1","NeuralNetFastAI_r35_BAG_L1","NeuralNetFastAI_r98_BAG_L1","NeuralNetTorch_r117_BAG_L1","NeuralNetTorch_r129_BAG_L1","NeuralNetTorch_r143_BAG_L1","NeuralNetTorch_r31_BAG_L1","NeuralNetTorch_r59_BAG_L1","NeuralNetTorch_r80_BAG_L1","NeuralNetTorch_r94_BAG_L1","RandomForest_r115_BAG_L1","RandomForest_r129_BAG_L1"],"41":["CatBoost_r199_BAG_L1","LightGBM_r3_BAG_L1","NeuralNetFastAI_r104_BAG_L1","NeuralNetFastAI_r120_BAG_L1","NeuralNetFastAI_r121_BAG_L1","NeuralNetFastAI_r124_BAG_L1","NeuralNetFastAI_r165_BAG_L1","NeuralNetFastAI_r183_BAG_L1","NeuralNetFastAI_r187_BAG_L1","NeuralNetFastAI_r21_BAG_L1","NeuralNetFastAI_r81_BAG_L1","NeuralNetFastAI_r82_BAG_L1","NeuralNetFastAI_r94_BAG_L1","NeuralNetTorch_r49_BAG_L1","RandomForest_r103_BAG_L1","RandomForest_r147_BAG_L1"]},"weights":{"0":[0.0217391304,0.0217391304,0.0217391304,0.0217391304,0.0217391304,0.0217391304,0.0217391304,0.0217391304,0.0217391304,0.0217391304,0.0217391304,0.0434782609,0.0217391304,0.0217391304,0.0217391304,0.0217391304,0.0217391304,0.0217391304,0.0217391304,0.0217391304,0.0217391304,0.0217391304,0.0217391304,0.0217391304,0.0217391304,0.0434782609,0.0217391304,0.0217391304,0.0217391304,0.0217391304,0.0217391304,0.0217391304,0.0217391304,0.0217391304,0.0217391304,0.0217391304,0.0217391304,0.0217391304,0.0217391304,0.0217391304,0.0217391304,0.0217391304,0.0217391304,0.0217391304],"1":[0.0217391304,0.0217391304,0.0217391304,0.0217391304,0.0217391304,0.0217391304,0.0217391304,0.0217391304,0.0217391304,0.0217391304,0.0434782609,0.0217391304,0.0217391304,0.0217391304,0.0217391304,0.0217391304,0.0217391304,0.0217391304,0.0217391304,0.0217391304,0.0217391304,0.0217391304,0.0652173913,0.0217391304,0.0217391304,0.0217391304,0.0217391304,0.0217391304,0.0217391304,0.0217391304,0.0217391304,0.0217391304,0.0217391304,0.0217391304,0.0434782609,0.0217391304,0.0217391304,0.0217391304,0.0217391304,0.0217391304,0.0217391304,0.0217391304],"2":[0.0217391304,0.0217391304,0.0217391304,0.0217391304,0.0217391304,0.0217391304,0.0217391304,0.0217391304,0.0217391304,0.0217391304,0.0434782609,0.0217391304,0.0217391304,0.0217391304,0.0217391304,0.0217391304,0.0217391304,0.0217391304,0.0217391304,0.0217391304,0.0217391304,0.0217391304,0.0652173913,0.0217391304,0.0217391304,0.0217391304,0.0217391304,0.0217391304,0.0217391304,0.0217391304,0.0217391304,0.0217391304,0.0217391304,0.0217391304,0.0434782609,0.0217391304,0.0217391304,0.0217391304,0.0217391304,0.0217391304,0.0217391304,0.0217391304],"3":[0.1666666667,0.1666666667,0.1666666667,0.1666666667,0.1666666667,0.1666666667],"4":[0.04,0.04,0.04,0.04,0.04,0.04,0.08,0.04,0.04,0.04,0.04,0.04,0.04,0.04,0.04,0.04,0.04,0.04,0.04,0.04,0.04,0.04,0.04,0.04],"5":[0.0208333333,0.0208333333,0.0208333333,0.0208333333,0.0208333333,0.0208333333,0.0208333333,0.0208333333,0.0208333333,0.0208333333,0.0208333333,0.0416666667,0.0208333333,0.0208333333,0.0208333333,0.0208333333,0.0208333333,0.0208333333,0.0208333333,0.0208333333,0.0208333333,0.0208333333,0.0208333333,0.0208333333,0.0208333333,0.0416666667,0.0208333333,0.0208333333,0.0208333333,0.0208333333,0.0208333333,0.0208333333,0.0208333333,0.0208333333,0.0208333333,0.0208333333,0.0208333333,0.0208333333,0.0208333333,0.0208333333,0.0208333333,0.0208333333,0.0208333333,0.0208333333,0.0208333333,0.0208333333],"6":[0.03125,0.03125,0.03125,0.03125,0.03125,0.03125,0.03125,0.0625,0.03125,0.03125,0.03125,0.03125,0.03125,0.03125,0.03125,0.03125,0.09375,0.03125,0.03125,0.03125,0.03125,0.03125,0.03125,0.03125,0.03125,0.03125,0.03125,0.03125,0.03125],"7":[0.0227272727,0.0227272727,0.0227272727,0.0227272727,0.0227272727,0.0227272727,0.0227272727,0.0227272727,0.0227272727,0.0227272727,0.0227272727,0.0454545455,0.0227272727,0.0227272727,0.0227272727,0.0227272727,0.0227272727,0.0227272727,0.0227272727,0.0227272727,0.0227272727,0.0227272727,0.0227272727,0.0227272727,0.0227272727,0.0227272727,0.0227272727,0.0227272727,0.0227272727,0.0227272727,0.0227272727,0.0227272727,0.0227272727,0.0454545455,0.0227272727,0.0227272727,0.0227272727,0.0227272727,0.0227272727,0.0227272727,0.0227272727,0.0227272727],"8":[0.0454545455,0.0454545455,0.0454545455,0.0454545455,0.0454545455,0.0909090909,0.0454545455,0.0454545455,0.0454545455,0.0454545455,0.0454545455,0.0454545455,0.0454545455,0.0454545455,0.0454545455,0.0454545455,0.0454545455,0.0454545455,0.0454545455,0.0454545455,0.0454545455],"9":[0.0476190476,0.0476190476,0.0476190476,0.0476190476,0.0476190476,0.0476190476,0.0476190476,0.0476190476,0.0476190476,0.0476190476,0.0476190476,0.0476190476,0.0476190476,0.0476190476,0.0476190476,0.0476190476,0.0476190476,0.0476190476,0.0476190476,0.0476190476,0.0476190476],"10":[0.2,0.2,0.2,0.2,0.2],"11":[0.0357142857,0.0357142857,0.0357142857,0.0357142857,0.0357142857,0.0357142857,0.0357142857,0.0714285714,0.0357142857,0.0357142857,0.0357142857,0.0357142857,0.0357142857,0.0357142857,0.0357142857,0.0357142857,0.0357142857,0.0357142857,0.0357142857,0.0357142857,0.0357142857,0.0714285714,0.0357142857,0.0357142857,0.0357142857,0.0357142857],"12":[0.0714285714,0.0714285714,0.0714285714,0.0714285714,0.0714285714,0.0714285714,0.0714285714,0.0714285714,0.0714285714,0.0714285714,0.0714285714,0.0714285714,0.0714285714,0.0714285714],"13":[0.0625,0.0625,0.0625,0.0625,0.0625,0.0625,0.0625,0.0625,0.0625,0.0625,0.0625,0.0625,0.0625,0.0625,0.0625,0.0625],"14":[0.027027027,0.027027027,0.027027027,0.027027027,0.027027027,0.027027027,0.027027027,0.027027027,0.0540540541,0.027027027,0.027027027,0.027027027,0.027027027,0.027027027,0.027027027,0.027027027,0.027027027,0.027027027,0.027027027,0.027027027,0.027027027,0.027027027,0.027027027,0.027027027,0.027027027,0.027027027,0.027027027,0.027027027,0.027027027,0.027027027,0.027027027,0.027027027,0.027027027,0.027027027,0.027027027,0.027027027],"15":[0.0208333333,0.0208333333,0.0208333333,0.0208333333,0.0208333333,0.0208333333,0.0208333333,0.0208333333,0.0208333333,0.0208333333,0.0208333333,0.0208333333,0.0208333333,0.0208333333,0.0208333333,0.0416666667,0.0208333333,0.0208333333,0.0208333333,0.0208333333,0.0208333333,0.0208333333,0.0208333333,0.0208333333,0.0208333333,0.0208333333,0.0416666667,0.0208333333,0.0208333333,0.0208333333,0.0208333333,0.0208333333,0.0208333333,0.0208333333,0.0208333333,0.0208333333,0.0208333333,0.0416666667,0.0208333333,0.0208333333,0.0208333333,0.0208333333,0.0208333333,0.0208333333,0.0208333333],"16":[0.0277777778,0.0277777778,0.0277777778,0.0277777778,0.0277777778,0.0277777778,0.0277777778,0.0277777778,0.0277777778,0.0277777778,0.0277777778,0.0277777778,0.0555555556,0.0277777778,0.0277777778,0.0277777778,0.0277777778,0.0277777778,0.0277777778,0.0277777778,0.0277777778,0.0555555556,0.0277777778,0.0277777778,0.0277777778,0.0277777778,0.0277777778,0.0277777778,0.0555555556,0.0277777778,0.0277777778,0.0277777778,0.0277777778],"17":[0.0217391304,0.0217391304,0.0217391304,0.0217391304,0.0217391304,0.0217391304,0.0217391304,0.0217391304,0.0217391304,0.0217391304,0.0434782609,0.0217391304,0.0217391304,0.0217391304,0.0217391304,0.0217391304,0.0217391304,0.0217391304,0.0217391304,0.0217391304,0.0217391304,0.0217391304,0.0217391304,0.0217391304,0.0217391304,0.0217391304,0.0434782609,0.0217391304,0.0217391304,0.0217391304,0.0217391304,0.0217391304,0.0217391304,0.0217391304,0.0217391304,0.0217391304,0.0217391304,0.0217391304,0.0217391304,0.0217391304,0.0217391304,0.0217391304,0.0217391304,0.0217391304],"18":[0.0227272727,0.0227272727,0.0227272727,0.0227272727,0.0227272727,0.0227272727,0.0227272727,0.0227272727,0.0227272727,0.0227272727,0.0227272727,0.0227272727,0.0227272727,0.0227272727,0.0227272727,0.0227272727,0.0227272727,0.0227272727,0.0227272727,0.0227272727,0.0227272727,0.0227272727,0.0227272727,0.0454545455,0.0227272727,0.0227272727,0.0227272727,0.0227272727,0.0227272727,0.0227272727,0.0227272727,0.0227272727,0.0227272727,0.0227272727,0.0227272727,0.0227272727,0.0227272727,0.0227272727,0.0227272727,0.0227272727,0.0227272727,0.0227272727,0.0227272727],"19":[0.0625,0.0625,0.0625,0.0625,0.0625,0.0625,0.0625,0.0625,0.0625,0.0625,0.0625,0.0625,0.0625,0.0625,0.0625,0.0625],"20":[0.0526315789,0.0526315789,0.0526315789,0.0526315789,0.0526315789,0.0526315789,0.0526315789,0.0526315789,0.0526315789,0.0526315789,0.0526315789,0.0526315789,0.0526315789,0.0526315789,0.0526315789,0.0526315789,0.0526315789,0.0526315789,0.0526315789],"21":[0.0526315789,0.0526315789,0.0526315789,0.0526315789,0.0526315789,0.0526315789,0.0526315789,0.0526315789,0.0526315789,0.0526315789,0.0526315789,0.0526315789,0.0526315789,0.0526315789,0.0526315789,0.0526315789,0.0526315789,0.0526315789,0.0526315789],"22":[0.0277777778,0.0277777778,0.0277777778,0.0277777778,0.0277777778,0.0277777778,0.0277777778,0.0277777778,0.0277777778,0.0277777778,0.0277777778,0.0277777778,0.0555555556,0.0277777778,0.0277777778,0.0277777778,0.0277777778,0.0277777778,0.0277777778,0.0277777778,0.0277777778,0.0277777778,0.0277777778,0.0277777778,0.0277777778,0.0277777778,0.0277777778,0.0277777778,0.0277777778,0.0277777778,0.0277777778,0.0277777778,0.0277777778,0.0277777778,0.0277777778],"23":[0.05,0.05,0.05,0.05,0.1,0.05,0.05,0.05,0.05,0.05,0.05,0.05,0.05,0.05,0.05,0.05,0.05,0.05,0.05],"24":[0.0303030303,0.0303030303,0.0303030303,0.0303030303,0.0303030303,0.0303030303,0.0303030303,0.0606060606,0.0303030303,0.0303030303,0.0303030303,0.0303030303,0.0303030303,0.0303030303,0.0303030303,0.0303030303,0.0303030303,0.0909090909,0.0303030303,0.0303030303,0.0303030303,0.0303030303,0.0303030303,0.0303030303,0.0303030303,0.0303030303,0.0303030303,0.0303030303,0.0303030303,0.0303030303],"25":[0.0476190476,0.0476190476,0.0476190476,0.0476190476,0.0952380952,0.0476190476,0.0476190476,0.0476190476,0.0476190476,0.0476190476,0.0476190476,0.0476190476,0.0476190476,0.0476190476,0.0476190476,0.0476190476,0.0476190476,0.0476190476,0.0476190476,0.0476190476],"26":[0.0625,0.0625,0.125,0.0625,0.0625,0.0625,0.0625,0.0625,0.0625,0.0625,0.0625,0.0625,0.0625,0.0625,0.0625],"27":[0.0294117647,0.0294117647,0.0294117647,0.0294117647,0.0294117647,0.0294117647,0.0294117647,0.0294117647,0.0588235294,0.0294117647,0.0294117647,0.0294117647,0.0294117647,0.0294117647,0.0294117647,0.0294117647,0.0294117647,0.0294117647,0.0588235294,0.0294117647,0.0294117647,0.0294117647,0.0294117647,0.0294117647,0.0294117647,0.0294117647,0.0294117647,0.0294117647,0.0294117647,0.0294117647,0.0294117647,0.0294117647],"28":[0.0212765957,0.0212765957,0.0212765957,0.0212765957,0.0212765957,0.0212765957,0.0212765957,0.0212765957,0.0212765957,0.0212765957,0.0212765957,0.0425531915,0.0212765957,0.0212765957,0.0212765957,0.0212765957,0.0212765957,0.0212765957,0.0212765957,0.0212765957,0.0212765957,0.0212765957,0.0212765957,0.0638297872,0.0212765957,0.0212765957,0.0212765957,0.0212765957,0.0212765957,0.0212765957,0.0212765957,0.0212765957,0.0212765957,0.0212765957,0.0212765957,0.0425531915,0.0212765957,0.0212765957,0.0212765957,0.0212765957,0.0212765957,0.0212765957,0.0212765957],"29":[0.0208333333,0.0208333333,0.0208333333,0.0208333333,0.0208333333,0.0208333333,0.0208333333,0.0208333333,0.0208333333,0.0208333333,0.0208333333,0.0416666667,0.0208333333,0.0208333333,0.0208333333,0.0208333333,0.0208333333,0.0208333333,0.0208333333,0.0208333333,0.0208333333,0.0208333333,0.0208333333,0.0208333333,0.0416666667,0.0208333333,0.0208333333,0.0208333333,0.0208333333,0.0208333333,0.0208333333,0.0208333333,0.0208333333,0.0208333333,0.0208333333,0.0208333333,0.0416666667,0.0208333333,0.0208333333,0.0208333333,0.0208333333,0.0208333333,0.0208333333,0.0208333333,0.0208333333],"30":[0.0303030303,0.0303030303,0.0303030303,0.0303030303,0.0303030303,0.0303030303,0.0303030303,0.0606060606,0.0303030303,0.0303030303,0.0303030303,0.0303030303,0.0303030303,0.0303030303,0.0303030303,0.0303030303,0.0303030303,0.0909090909,0.0303030303,0.0303030303,0.0303030303,0.0303030303,0.0303030303,0.0303030303,0.0303030303,0.0303030303,0.0303030303,0.0303030303,0.0303030303,0.0303030303],"31":[0.25,0.25,0.25,0.25],"32":[0.2,0.2,0.2,0.2,0.2],"33":[0.0384615385,0.0384615385,0.0384615385,0.0384615385,0.0384615385,0.0384615385,0.0769230769,0.0384615385,0.0384615385,0.0384615385,0.0384615385,0.0384615385,0.0384615385,0.0384615385,0.0384615385,0.0384615385,0.0384615385,0.0384615385,0.0384615385,0.0384615385,0.0384615385,0.0384615385,0.0384615385,0.0384615385,0.0384615385],"34":[0.0222222222,0.0222222222,0.0222222222,0.0222222222,0.0222222222,0.0222222222,0.0222222222,0.0222222222,0.0222222222,0.0444444444,0.0222222222,0.0222222222,0.0222222222,0.0222222222,0.0222222222,0.0222222222,0.0222222222,0.0222222222,0.0222222222,0.0222222222,0.0222222222,0.0222222222,0.0222222222,0.0444444444,0.0222222222,0.0222222222,0.0222222222,0.0222222222,0.0222222222,0.0222222222,0.0222222222,0.0222222222,0.0222222222,0.0222222222,0.0444444444,0.0222222222,0.0222222222,0.0222222222,0.0222222222,0.0222222222,0.0222222222,0.0222222222],"35":[0.05,0.05,0.05,0.05,0.1,0.05,0.05,0.05,0.05,0.05,0.05,0.05,0.05,0.05,0.05,0.05,0.05,0.05,0.05],"36":[0.0384615385,0.0384615385,0.0384615385,0.0384615385,0.0384615385,0.0384615385,0.0384615385,0.0769230769,0.0384615385,0.0384615385,0.0384615385,0.0384615385,0.0384615385,0.0384615385,0.0384615385,0.0384615385,0.0384615385,0.0384615385,0.0384615385,0.0384615385,0.0384615385,0.0384615385,0.0384615385,0.0384615385,0.0384615385],"37":[0.04,0.04,0.04,0.04,0.04,0.08,0.04,0.04,0.04,0.04,0.04,0.04,0.04,0.04,0.04,0.04,0.04,0.04,0.04,0.08,0.04,0.04,0.04],"38":[0.0416666667,0.0416666667,0.0416666667,0.0416666667,0.0416666667,0.0416666667,0.0833333333,0.0416666667,0.0416666667,0.0416666667,0.0416666667,0.0416666667,0.0416666667,0.0416666667,0.0416666667,0.0416666667,0.0416666667,0.0416666667,0.0416666667,0.0416666667,0.0416666667,0.0416666667,0.0416666667],"39":[0.25,0.25,0.25,0.25],"40":[0.0416666667,0.0416666667,0.0416666667,0.0416666667,0.0416666667,0.0416666667,0.0833333333,0.0416666667,0.0416666667,0.0416666667,0.0416666667,0.0416666667,0.0416666667,0.0416666667,0.0416666667,0.0416666667,0.0416666667,0.0416666667,0.0416666667,0.0416666667,0.0416666667,0.0416666667,0.0416666667],"41":[0.0625,0.0625,0.0625,0.0625,0.0625,0.0625,0.0625,0.0625,0.0625,0.0625,0.0625,0.0625,0.0625,0.0625,0.0625,0.0625]},"meta":{"0":19,"1":21,"2":20,"3":16,"4":4,"5":36,"6":48,"7":20,"8":33,"9":16,"10":46,"11":37,"12":5,"13":26,"14":36,"15":34,"16":21,"17":28,"18":14,"19":16,"20":25,"21":44,"22":46,"23":25,"24":24,"25":24,"26":46,"27":46,"28":48,"29":16,"30":5,"31":4,"32":6,"33":19,"34":22,"35":47,"36":45,"37":26,"38":33,"39":48,"40":44,"41":32},"task":{"0":"359959_2","1":"359959_2","2":"359959_2","3":"359959_2","4":"359959_2","5":"359959_2","6":"359959_2","7":"359959_2","8":"359959_2","9":"359959_2","10":"359959_2","11":"359959_2","12":"359959_2","13":"359959_2","14":"359959_2","15":"359959_2","16":"359959_2","17":"359959_2","18":"359959_2","19":"359959_2","20":"359959_2","21":"359959_2","22":"359959_2","23":"359959_2","24":"359959_2","25":"359959_2","26":"359959_2","27":"359959_2","28":"359959_2","29":"359959_2","30":"359959_2","31":"359959_2","32":"359959_2","33":"359959_2","34":"359959_2","35":"359959_2","36":"359959_2","37":"359959_2","38":"359959_2","39":"359959_2","40":"359959_2","41":"359959_2"},"dataset":{"0":"cmc","1":"cmc","2":"cmc","3":"cmc","4":"cmc","5":"cmc","6":"cmc","7":"cmc","8":"cmc","9":"cmc","10":"cmc","11":"cmc","12":"cmc","13":"cmc","14":"cmc","15":"cmc","16":"cmc","17":"cmc","18":"cmc","19":"cmc","20":"cmc","21":"cmc","22":"cmc","23":"cmc","24":"cmc","25":"cmc","26":"cmc","27":"cmc","28":"cmc","29":"cmc","30":"cmc","31":"cmc","32":"cmc","33":"cmc","34":"cmc","35":"cmc","36":"cmc","37":"cmc","38":"cmc","39":"cmc","40":"cmc","41":"cmc"},"fold":{"0":2,"1":2,"2":2,"3":2,"4":2,"5":2,"6":2,"7":2,"8":2,"9":2,"10":2,"11":2,"12":2,"13":2,"14":2,"15":2,"16":2,"17":2,"18":2,"19":2,"20":2,"21":2,"22":2,"23":2,"24":2,"25":2,"26":2,"27":2,"28":2,"29":2,"30":2,"31":2,"32":2,"33":2,"34":2,"35":2,"36":2,"37":2,"38":2,"39":2,"40":2,"41":2},"method":{"0":"QDO","1":"QDO","2":"QDO","3":"QDO","4":"QDO","5":"QDO","6":"QDO","7":"QDO","8":"QDO","9":"QDO","10":"QDO","11":"QDO","12":"QDO","13":"QDO","14":"QDO","15":"QDO","16":"QDO","17":"QDO","18":"QDO","19":"QDO","20":"QDO","21":"QDO","22":"QDO","23":"QDO","24":"QDO","25":"QDO","26":"QDO","27":"QDO","28":"QDO","29":"QDO","30":"QDO","31":"QDO","32":"QDO","33":"QDO","34":"QDO","35":"QDO","36":"QDO","37":"QDO","38":"QDO","39":"QDO","40":"QDO","41":"QDO"}}