{"name":{"0":"QO_0","1":"QO_1","2":"QO_2","3":"QO_3","4":"QO_4","5":"QO_5","6":"QO_6","7":"QO_7","8":"QO_8","9":"QO_9","10":"QO_10","11":"QO_11","12":"QO_12","13":"QO_13","14":"QO_14","15":"QO_15","16":"QO_16","17":"QO_17","18":"QO_18","19":"QO_19","20":"QO_20","21":"QO_21","22":"QO_22","23":"QO_23","24":"QO_24","25":"QO_25","26":"QO_26","27":"QO_27","28":"QO_28","29":"QO_29","30":"QO_30","31":"QO_31","32":"QO_32","33":"QO_33","34":"QO_34","35":"QO_35","36":"QO_36","37":"QO_37","38":"QO_38","39":"QO_39","40":"QO_40","41":"QO_41","42":"QO_42","43":"QO_43","44":"QO_44","45":"QO_45","46":"QO_46","47":"QO_47","48":"QO_48"},"roc_auc_val":{"0":1.0,"1":1.0,"2":1.0,"3":1.0,"4":1.0,"5":1.0,"6":1.0,"7":1.0,"8":1.0,"9":1.0,"10":1.0,"11":1.0,"12":1.0,"13":1.0,"14":1.0,"15":1.0,"16":1.0,"17":1.0,"18":1.0,"19":1.0,"20":1.0,"21":1.0,"22":1.0,"23":1.0,"24":1.0,"25":1.0,"26":1.0,"27":1.0,"28":1.0,"29":1.0,"30":1.0,"31":1.0,"32":1.0,"33":1.0,"34":1.0,"35":1.0,"36":1.0,"37":1.0,"38":1.0,"39":1.0,"40":1.0,"41":1.0,"42":1.0,"43":1.0,"44":1.0,"45":1.0,"46":1.0,"47":1.0,"48":1.0},"roc_auc_test":{"0":1.0,"1":1.0,"2":1.0,"3":1.0,"4":1.0,"5":1.0,"6":1.0,"7":1.0,"8":1.0,"9":1.0,"10":1.0,"11":1.0,"12":1.0,"13":1.0,"14":1.0,"15":1.0,"16":1.0,"17":1.0,"18":1.0,"19":1.0,"20":1.0,"21":1.0,"22":1.0,"23":1.0,"24":1.0,"25":1.0,"26":1.0,"27":1.0,"28":1.0,"29":1.0,"30":1.0,"31":1.0,"32":1.0,"33":1.0,"34":1.0,"35":1.0,"36":1.0,"37":1.0,"38":1.0,"39":1.0,"40":1.0,"41":1.0,"42":1.0,"43":1.0,"44":1.0,"45":1.0,"46":1.0,"47":1.0,"48":1.0},"models_used":{"0":["NeuralNetFastAI_r183_BAG_L1","RandomForest_r147_BAG_L1"],"1":["CatBoost_r142_BAG_L1","NeuralNetFastAI_r117_BAG_L1"],"2":["CatBoost_r72_BAG_L1","NeuralNetFastAI_r19_BAG_L1"],"3":["ExtraTrees_r80_BAG_L1","NeuralNetFastAI_r119_BAG_L1"],"4":["NeuralNetFastAI_r17_BAG_L1","NeuralNetTorch_r163_BAG_L1"],"5":["CatBoost_r9_BAG_L1","NeuralNetTorch_r14_BAG_L1"],"6":["NeuralNetTorch_r176_BAG_L1","NeuralNetTorch_r184_BAG_L1"],"7":["NeuralNetTorch_c2_BAG_L1","RandomForest_r11_BAG_L1"],"8":["NeuralNetTorch_r24_BAG_L1","RandomForest_r99_BAG_L1"],"9":["ExtraTrees_r114_BAG_L1","NeuralNetFastAI_r109_BAG_L1"],"10":["ExtraTrees_r32_BAG_L1","NeuralNetTorch_r152_BAG_L1"],"11":["ExtraTrees_r191_BAG_L1","NeuralNetFastAI_r157_BAG_L1"],"12":["ExtraTrees_r92_BAG_L1","NeuralNetTorch_r194_BAG_L1"],"13":["NeuralNetFastAI_r141_BAG_L1","XGBoost_r21_BAG_L1"],"14":["NeuralNetFastAI_r169_BAG_L1","NeuralNetTorch_r26_BAG_L1"],"15":["ExtraTrees_r139_BAG_L1","NeuralNetTorch_r112_BAG_L1"],"16":["NeuralNetTorch_r192_BAG_L1","RandomForest_r165_BAG_L1"],"17":["LightGBM_r180_BAG_L1","NeuralNetFastAI_r99_BAG_L1"],"18":["NeuralNetFastAI_r82_BAG_L1","NeuralNetTorch_r12_BAG_L1"],"19":["KNeighbors_r15_BAG_L1","NeuralNetFastAI_r156_BAG_L1"],"20":["CatBoost_r81_BAG_L1","NeuralNetTorch_r64_BAG_L1"],"21":["CatBoost_r53_BAG_L1","NeuralNetTorch_r119_BAG_L1"],"22":["NeuralNetFastAI_r146_BAG_L1","NeuralNetTorch_r76_BAG_L1"],"23":["CatBoost_c1_BAG_L1","NeuralNetFastAI_r83_BAG_L1"],"24":["LightGBM_r184_BAG_L1","NeuralNetTorch_r183_BAG_L1"],"25":["CatBoost_c1_BAG_L1","NeuralNetFastAI_r83_BAG_L1","NeuralNetTorch_r101_BAG_L1","NeuralNetTorch_r94_BAG_L1"],"26":["NeuralNetFastAI_r51_BAG_L1","XGBoost_r176_BAG_L1"],"27":["CatBoost_r138_BAG_L1","RandomForest_r112_BAG_L1"],"28":["ExtraTrees_r86_BAG_L1","NeuralNetTorch_r115_BAG_L1"],"29":["ExtraTrees_r73_BAG_L1","NeuralNetTorch_r48_BAG_L1"],"30":["NeuralNetFastAI_r91_BAG_L1","XGBoost_r155_BAG_L1"],"31":["LightGBM_r98_BAG_L1","NeuralNetTorch_r73_BAG_L1"],"32":["NeuralNetFastAI_r86_BAG_L1","NeuralNetTorch_r108_BAG_L1"],"33":["CatBoost_r4_BAG_L1","NeuralNetFastAI_r62_BAG_L1"],"34":["NeuralNetTorch_r55_BAG_L1","XGBoost_r64_BAG_L1"],"35":["NeuralNetTorch_r135_BAG_L1","RandomForest_r115_BAG_L1"],"36":["NeuralNetTorch_r142_BAG_L1","XGBoost_r39_BAG_L1"],"37":["CatBoost_r67_BAG_L1","NeuralNetFastAI_r149_BAG_L1"],"38":["CatBoost_r193_BAG_L1","NeuralNetTorch_r56_BAG_L1"],"39":["NeuralNetTorch_r101_BAG_L1","NeuralNetTorch_r94_BAG_L1"],"40":["NeuralNetFastAI_r26_BAG_L1","NeuralNetFastAI_r47_BAG_L1"],"41":["NeuralNetTorch_r149_BAG_L1","NeuralNetTorch_r69_BAG_L1"],"42":["NeuralNetTorch_r153_BAG_L1","NeuralNetTorch_r81_BAG_L1"],"43":["NeuralNetTorch_r132_BAG_L1","NeuralNetTorch_r17_BAG_L1"],"44":["NeuralNetTorch_r82_BAG_L1","RandomForest_r102_BAG_L1"],"45":["CatBoost_r19_BAG_L1","NeuralNetTorch_r80_BAG_L1"],"46":["NeuralNetTorch_r136_BAG_L1","NeuralNetTorch_r5_BAG_L1"],"47":["NeuralNetFastAI_r169_BAG_L1","NeuralNetTorch_r26_BAG_L1","RandomForest_r86_BAG_L1"],"48":["CatBoost_r84_BAG_L1","NeuralNetTorch_r86_BAG_L1"]},"weights":{"0":[0.5,0.5],"1":[0.5,0.5],"2":[0.5,0.5],"3":[0.5,0.5],"4":[0.5,0.5],"5":[0.5,0.5],"6":[0.5,0.5],"7":[0.5,0.5],"8":[0.5,0.5],"9":[0.5,0.5],"10":[0.5,0.5],"11":[0.5,0.5],"12":[0.5,0.5],"13":[0.5,0.5],"14":[0.5,0.5],"15":[0.5,0.5],"16":[0.5,0.5],"17":[0.5,0.5],"18":[0.5,0.5],"19":[0.5,0.5],"20":[0.5,0.5],"21":[0.5,0.5],"22":[0.5,0.5],"23":[0.5,0.5],"24":[0.5,0.5],"25":[0.25,0.25,0.25,0.25],"26":[0.5,0.5],"27":[0.5,0.5],"28":[0.5,0.5],"29":[0.5,0.5],"30":[0.5,0.5],"31":[0.5,0.5],"32":[0.5,0.5],"33":[0.5,0.5],"34":[0.5,0.5],"35":[0.5,0.5],"36":[0.5,0.5],"37":[0.5,0.5],"38":[0.5,0.5],"39":[0.5,0.5],"40":[0.5,0.5],"41":[0.5,0.5],"42":[0.5,0.5],"43":[0.5,0.5],"44":[0.5,0.5],"45":[0.5,0.5],"46":[0.5,0.5],"47":[0.3333333333,0.3333333333,0.3333333333],"48":[0.5,0.5]},"meta":{"0":2,"1":2,"2":2,"3":2,"4":2,"5":2,"6":2,"7":2,"8":2,"9":2,"10":2,"11":2,"12":2,"13":2,"14":2,"15":2,"16":2,"17":2,"18":2,"19":2,"20":2,"21":2,"22":2,"23":2,"24":3,"25":2,"26":2,"27":2,"28":2,"29":2,"30":2,"31":2,"32":2,"33":2,"34":2,"35":2,"36":2,"37":2,"38":2,"39":2,"40":2,"41":2,"42":2,"43":2,"44":2,"45":4,"46":2,"47":2,"48":2},"task":{"0":"168300_2","1":"168300_2","2":"168300_2","3":"168300_2","4":"168300_2","5":"168300_2","6":"168300_2","7":"168300_2","8":"168300_2","9":"168300_2","10":"168300_2","11":"168300_2","12":"168300_2","13":"168300_2","14":"168300_2","15":"168300_2","16":"168300_2","17":"168300_2","18":"168300_2","19":"168300_2","20":"168300_2","21":"168300_2","22":"168300_2","23":"168300_2","24":"168300_2","25":"168300_2","26":"168300_2","27":"168300_2","28":"168300_2","29":"168300_2","30":"168300_2","31":"168300_2","32":"168300_2","33":"168300_2","34":"168300_2","35":"168300_2","36":"168300_2","37":"168300_2","38":"168300_2","39":"168300_2","40":"168300_2","41":"168300_2","42":"168300_2","43":"168300_2","44":"168300_2","45":"168300_2","46":"168300_2","47":"168300_2","48":"168300_2"},"dataset":{"0":"UMIST_Faces_Cropped","1":"UMIST_Faces_Cropped","2":"UMIST_Faces_Cropped","3":"UMIST_Faces_Cropped","4":"UMIST_Faces_Cropped","5":"UMIST_Faces_Cropped","6":"UMIST_Faces_Cropped","7":"UMIST_Faces_Cropped","8":"UMIST_Faces_Cropped","9":"UMIST_Faces_Cropped","10":"UMIST_Faces_Cropped","11":"UMIST_Faces_Cropped","12":"UMIST_Faces_Cropped","13":"UMIST_Faces_Cropped","14":"UMIST_Faces_Cropped","15":"UMIST_Faces_Cropped","16":"UMIST_Faces_Cropped","17":"UMIST_Faces_Cropped","18":"UMIST_Faces_Cropped","19":"UMIST_Faces_Cropped","20":"UMIST_Faces_Cropped","21":"UMIST_Faces_Cropped","22":"UMIST_Faces_Cropped","23":"UMIST_Faces_Cropped","24":"UMIST_Faces_Cropped","25":"UMIST_Faces_Cropped","26":"UMIST_Faces_Cropped","27":"UMIST_Faces_Cropped","28":"UMIST_Faces_Cropped","29":"UMIST_Faces_Cropped","30":"UMIST_Faces_Cropped","31":"UMIST_Faces_Cropped","32":"UMIST_Faces_Cropped","33":"UMIST_Faces_Cropped","34":"UMIST_Faces_Cropped","35":"UMIST_Faces_Cropped","36":"UMIST_Faces_Cropped","37":"UMIST_Faces_Cropped","38":"UMIST_Faces_Cropped","39":"UMIST_Faces_Cropped","40":"UMIST_Faces_Cropped","41":"UMIST_Faces_Cropped","42":"UMIST_Faces_Cropped","43":"UMIST_Faces_Cropped","44":"UMIST_Faces_Cropped","45":"UMIST_Faces_Cropped","46":"UMIST_Faces_Cropped","47":"UMIST_Faces_Cropped","48":"UMIST_Faces_Cropped"},"fold":{"0":2,"1":2,"2":2,"3":2,"4":2,"5":2,"6":2,"7":2,"8":2,"9":2,"10":2,"11":2,"12":2,"13":2,"14":2,"15":2,"16":2,"17":2,"18":2,"19":2,"20":2,"21":2,"22":2,"23":2,"24":2,"25":2,"26":2,"27":2,"28":2,"29":2,"30":2,"31":2,"32":2,"33":2,"34":2,"35":2,"36":2,"37":2,"38":2,"39":2,"40":2,"41":2,"42":2,"43":2,"44":2,"45":2,"46":2,"47":2,"48":2},"method":{"0":"QO","1":"QO","2":"QO","3":"QO","4":"QO","5":"QO","6":"QO","7":"QO","8":"QO","9":"QO","10":"QO","11":"QO","12":"QO","13":"QO","14":"QO","15":"QO","16":"QO","17":"QO","18":"QO","19":"QO","20":"QO","21":"QO","22":"QO","23":"QO","24":"QO","25":"QO","26":"QO","27":"QO","28":"QO","29":"QO","30":"QO","31":"QO","32":"QO","33":"QO","34":"QO","35":"QO","36":"QO","37":"QO","38":"QO","39":"QO","40":"QO","41":"QO","42":"QO","43":"QO","44":"QO","45":"QO","46":"QO","47":"QO","48":"QO"}}