{"name":{"0":"QO_0","1":"QO_1","2":"QO_2","3":"QO_3","4":"QO_4","5":"QO_5","6":"QO_6","7":"QO_7","8":"QO_8","9":"QO_9","10":"QO_10","11":"QO_11","12":"QO_12","13":"QO_13","14":"QO_14","15":"QO_15","16":"QO_16","17":"QO_17","18":"QO_18","19":"QO_19","20":"QO_20","21":"QO_21","22":"QO_22","23":"QO_23","24":"QO_24","25":"QO_25","26":"QO_26","27":"QO_27","28":"QO_28","29":"QO_29","30":"QO_30","31":"QO_31","32":"QO_32","33":"QO_33","34":"QO_34","35":"QO_35","36":"QO_36","37":"QO_37","38":"QO_38","39":"QO_39","40":"QO_40","41":"QO_41","42":"QO_42","43":"QO_43","44":"QO_44","45":"QO_45","46":"QO_46","47":"QO_47","48":"QO_48"},"roc_auc_val":{"0":0.8513462669,"1":0.8513345091,"2":0.8513227513,"3":0.8516108172,"4":0.8514403292,"5":0.8513521458,"6":0.8513580247,"7":0.8513639036,"8":0.8513521458,"9":0.8514756026,"10":0.8515461493,"11":0.851452087,"12":0.8513815403,"13":0.8513756614,"14":0.8515990594,"15":0.8513227513,"16":0.8515873016,"17":0.8514226925,"18":0.8514579659,"19":0.8515461493,"20":0.8513521458,"21":0.8514579659,"22":0.8514579659,"23":0.8515226337,"24":0.8514226925,"25":0.8514814815,"26":0.8516049383,"27":0.8513639036,"28":0.8513874192,"29":0.8516108172,"30":0.8514579659,"31":0.851452087,"32":0.8513345091,"33":0.8513168724,"34":0.8516460905,"35":0.8513345091,"36":0.8513227513,"37":0.8516108172,"38":0.8515226337,"39":0.8513874192,"40":0.851399177,"41":0.8514873604,"42":0.8514873604,"43":0.8514932393,"44":0.8515520282,"45":0.8515226337,"46":0.8515931805,"47":0.8513639036,"48":0.8513286302},"roc_auc_test":{"0":0.7414285714,"1":0.7442857143,"2":0.7419047619,"3":0.7414285714,"4":0.7414285714,"5":0.7419047619,"6":0.7428571429,"7":0.7442857143,"8":0.7457142857,"9":0.7442857143,"10":0.7457142857,"11":0.7447619048,"12":0.7419047619,"13":0.7419047619,"14":0.7419047619,"15":0.7457142857,"16":0.7438095238,"17":0.7428571429,"18":0.7419047619,"19":0.7447619048,"20":0.7433333333,"21":0.7457142857,"22":0.7423809524,"23":0.7433333333,"24":0.7423809524,"25":0.7428571429,"26":0.7404761905,"27":0.7442857143,"28":0.7433333333,"29":0.7419047619,"30":0.7447619048,"31":0.7428571429,"32":0.7414285714,"33":0.7428571429,"34":0.7414285714,"35":0.7433333333,"36":0.7414285714,"37":0.7428571429,"38":0.7433333333,"39":0.7423809524,"40":0.7404761905,"41":0.7419047619,"42":0.7423809524,"43":0.7452380952,"44":0.7442857143,"45":0.7433333333,"46":0.7414285714,"47":0.7423809524,"48":0.7423809524},"models_used":{"0":["CatBoost_r142_BAG_L1","CatBoost_r165_BAG_L1","ExtraTrees_r200_BAG_L1","KNeighbors_r45_BAG_L1","NeuralNetFastAI_r117_BAG_L1","NeuralNetFastAI_r118_BAG_L1","NeuralNetFastAI_r120_BAG_L1","NeuralNetFastAI_r134_BAG_L1","NeuralNetFastAI_r190_BAG_L1","NeuralNetFastAI_r196_BAG_L1","NeuralNetFastAI_r197_BAG_L1","NeuralNetFastAI_r35_BAG_L1","NeuralNetFastAI_r77_BAG_L1","NeuralNetFastAI_r7_BAG_L1","NeuralNetFastAI_r84_BAG_L1","NeuralNetFastAI_r88_BAG_L1","NeuralNetFastAI_r90_BAG_L1","NeuralNetFastAI_r95_BAG_L1","NeuralNetTorch_r103_BAG_L1","NeuralNetTorch_r104_BAG_L1","NeuralNetTorch_r121_BAG_L1","NeuralNetTorch_r139_BAG_L1","NeuralNetTorch_r152_BAG_L1","NeuralNetTorch_r161_BAG_L1","NeuralNetTorch_r185_BAG_L1","NeuralNetTorch_r1_BAG_L1","NeuralNetTorch_r31_BAG_L1","NeuralNetTorch_r41_BAG_L1","NeuralNetTorch_r53_BAG_L1","NeuralNetTorch_r80_BAG_L1","NeuralNetTorch_r83_BAG_L1","NeuralNetTorch_r88_BAG_L1","XGBoost_r106_BAG_L1","XGBoost_r131_BAG_L1","XGBoost_r145_BAG_L1","XGBoost_r17_BAG_L1"],"1":["CatBoost_r142_BAG_L1","CatBoost_r165_BAG_L1","ExtraTrees_r200_BAG_L1","KNeighbors_r45_BAG_L1","NeuralNetFastAI_r117_BAG_L1","NeuralNetFastAI_r118_BAG_L1","NeuralNetFastAI_r120_BAG_L1","NeuralNetFastAI_r134_BAG_L1","NeuralNetFastAI_r190_BAG_L1","NeuralNetFastAI_r196_BAG_L1","NeuralNetFastAI_r197_BAG_L1","NeuralNetFastAI_r35_BAG_L1","NeuralNetFastAI_r77_BAG_L1","NeuralNetFastAI_r7_BAG_L1","NeuralNetFastAI_r84_BAG_L1","NeuralNetFastAI_r88_BAG_L1","NeuralNetFastAI_r90_BAG_L1","NeuralNetFastAI_r95_BAG_L1","NeuralNetTorch_r103_BAG_L1","NeuralNetTorch_r104_BAG_L1","NeuralNetTorch_r139_BAG_L1","NeuralNetTorch_r152_BAG_L1","NeuralNetTorch_r161_BAG_L1","NeuralNetTorch_r185_BAG_L1","NeuralNetTorch_r1_BAG_L1","NeuralNetTorch_r31_BAG_L1","NeuralNetTorch_r41_BAG_L1","NeuralNetTorch_r53_BAG_L1","NeuralNetTorch_r69_BAG_L1","NeuralNetTorch_r80_BAG_L1","NeuralNetTorch_r83_BAG_L1","NeuralNetTorch_r88_BAG_L1","XGBoost_r106_BAG_L1","XGBoost_r131_BAG_L1","XGBoost_r145_BAG_L1","XGBoost_r17_BAG_L1"],"2":["CatBoost_r142_BAG_L1","CatBoost_r165_BAG_L1","ExtraTrees_r200_BAG_L1","KNeighbors_r45_BAG_L1","NeuralNetFastAI_r117_BAG_L1","NeuralNetFastAI_r118_BAG_L1","NeuralNetFastAI_r120_BAG_L1","NeuralNetFastAI_r134_BAG_L1","NeuralNetFastAI_r190_BAG_L1","NeuralNetFastAI_r196_BAG_L1","NeuralNetFastAI_r197_BAG_L1","NeuralNetFastAI_r35_BAG_L1","NeuralNetFastAI_r77_BAG_L1","NeuralNetFastAI_r7_BAG_L1","NeuralNetFastAI_r84_BAG_L1","NeuralNetFastAI_r88_BAG_L1","NeuralNetFastAI_r90_BAG_L1","NeuralNetFastAI_r95_BAG_L1","NeuralNetTorch_r103_BAG_L1","NeuralNetTorch_r104_BAG_L1","NeuralNetTorch_r139_BAG_L1","NeuralNetTorch_r152_BAG_L1","NeuralNetTorch_r161_BAG_L1","NeuralNetTorch_r185_BAG_L1","NeuralNetTorch_r1_BAG_L1","NeuralNetTorch_r31_BAG_L1","NeuralNetTorch_r41_BAG_L1","NeuralNetTorch_r53_BAG_L1","NeuralNetTorch_r80_BAG_L1","NeuralNetTorch_r83_BAG_L1","NeuralNetTorch_r88_BAG_L1","XGBoost_r106_BAG_L1","XGBoost_r131_BAG_L1","XGBoost_r145_BAG_L1","XGBoost_r155_BAG_L1","XGBoost_r17_BAG_L1"],"3":["CatBoost_r142_BAG_L1","CatBoost_r165_BAG_L1","ExtraTrees_r200_BAG_L1","KNeighbors_r45_BAG_L1","NeuralNetFastAI_r117_BAG_L1","NeuralNetFastAI_r118_BAG_L1","NeuralNetFastAI_r120_BAG_L1","NeuralNetFastAI_r134_BAG_L1","NeuralNetFastAI_r14_BAG_L1","NeuralNetFastAI_r190_BAG_L1","NeuralNetFastAI_r196_BAG_L1","NeuralNetFastAI_r197_BAG_L1","NeuralNetFastAI_r35_BAG_L1","NeuralNetFastAI_r77_BAG_L1","NeuralNetFastAI_r7_BAG_L1","NeuralNetFastAI_r84_BAG_L1","NeuralNetFastAI_r88_BAG_L1","NeuralNetFastAI_r90_BAG_L1","NeuralNetFastAI_r95_BAG_L1","NeuralNetTorch_r103_BAG_L1","NeuralNetTorch_r104_BAG_L1","NeuralNetTorch_r139_BAG_L1","NeuralNetTorch_r152_BAG_L1","NeuralNetTorch_r161_BAG_L1","NeuralNetTorch_r185_BAG_L1","NeuralNetTorch_r1_BAG_L1","NeuralNetTorch_r31_BAG_L1","NeuralNetTorch_r41_BAG_L1","NeuralNetTorch_r53_BAG_L1","NeuralNetTorch_r80_BAG_L1","NeuralNetTorch_r83_BAG_L1","NeuralNetTorch_r88_BAG_L1","XGBoost_r106_BAG_L1","XGBoost_r131_BAG_L1","XGBoost_r145_BAG_L1","XGBoost_r17_BAG_L1","XGBoost_r22_BAG_L1"],"4":["CatBoost_r142_BAG_L1","CatBoost_r165_BAG_L1","ExtraTrees_r200_BAG_L1","KNeighbors_r45_BAG_L1","NeuralNetFastAI_r117_BAG_L1","NeuralNetFastAI_r118_BAG_L1","NeuralNetFastAI_r120_BAG_L1","NeuralNetFastAI_r134_BAG_L1","NeuralNetFastAI_r190_BAG_L1","NeuralNetFastAI_r196_BAG_L1","NeuralNetFastAI_r197_BAG_L1","NeuralNetFastAI_r35_BAG_L1","NeuralNetFastAI_r74_BAG_L1","NeuralNetFastAI_r77_BAG_L1","NeuralNetFastAI_r7_BAG_L1","NeuralNetFastAI_r84_BAG_L1","NeuralNetFastAI_r88_BAG_L1","NeuralNetFastAI_r90_BAG_L1","NeuralNetFastAI_r95_BAG_L1","NeuralNetTorch_r103_BAG_L1","NeuralNetTorch_r104_BAG_L1","NeuralNetTorch_r139_BAG_L1","NeuralNetTorch_r152_BAG_L1","NeuralNetTorch_r161_BAG_L1","NeuralNetTorch_r185_BAG_L1","NeuralNetTorch_r1_BAG_L1","NeuralNetTorch_r31_BAG_L1","NeuralNetTorch_r41_BAG_L1","NeuralNetTorch_r53_BAG_L1","NeuralNetTorch_r80_BAG_L1","NeuralNetTorch_r83_BAG_L1","NeuralNetTorch_r88_BAG_L1","XGBoost_r106_BAG_L1","XGBoost_r131_BAG_L1","XGBoost_r145_BAG_L1","XGBoost_r17_BAG_L1"],"5":["CatBoost_r142_BAG_L1","CatBoost_r165_BAG_L1","ExtraTrees_r200_BAG_L1","KNeighbors_r45_BAG_L1","NeuralNetFastAI_r117_BAG_L1","NeuralNetFastAI_r118_BAG_L1","NeuralNetFastAI_r120_BAG_L1","NeuralNetFastAI_r134_BAG_L1","NeuralNetFastAI_r190_BAG_L1","NeuralNetFastAI_r196_BAG_L1","NeuralNetFastAI_r197_BAG_L1","NeuralNetFastAI_r35_BAG_L1","NeuralNetFastAI_r77_BAG_L1","NeuralNetFastAI_r7_BAG_L1","NeuralNetFastAI_r84_BAG_L1","NeuralNetFastAI_r88_BAG_L1","NeuralNetFastAI_r90_BAG_L1","NeuralNetFastAI_r95_BAG_L1","NeuralNetTorch_r103_BAG_L1","NeuralNetTorch_r104_BAG_L1","NeuralNetTorch_r139_BAG_L1","NeuralNetTorch_r152_BAG_L1","NeuralNetTorch_r161_BAG_L1","NeuralNetTorch_r185_BAG_L1","NeuralNetTorch_r1_BAG_L1","NeuralNetTorch_r31_BAG_L1","NeuralNetTorch_r41_BAG_L1","NeuralNetTorch_r53_BAG_L1","NeuralNetTorch_r80_BAG_L1","NeuralNetTorch_r83_BAG_L1","NeuralNetTorch_r88_BAG_L1","XGBoost_r106_BAG_L1","XGBoost_r131_BAG_L1","XGBoost_r145_BAG_L1","XGBoost_r17_BAG_L1","XGBoost_r22_BAG_L1"],"6":["CatBoost_r142_BAG_L1","CatBoost_r165_BAG_L1","ExtraTrees_r200_BAG_L1","KNeighbors_r45_BAG_L1","KNeighbors_r6_BAG_L1","NeuralNetFastAI_r117_BAG_L1","NeuralNetFastAI_r118_BAG_L1","NeuralNetFastAI_r120_BAG_L1","NeuralNetFastAI_r134_BAG_L1","NeuralNetFastAI_r190_BAG_L1","NeuralNetFastAI_r196_BAG_L1","NeuralNetFastAI_r197_BAG_L1","NeuralNetFastAI_r35_BAG_L1","NeuralNetFastAI_r77_BAG_L1","NeuralNetFastAI_r7_BAG_L1","NeuralNetFastAI_r84_BAG_L1","NeuralNetFastAI_r88_BAG_L1","NeuralNetFastAI_r90_BAG_L1","NeuralNetFastAI_r95_BAG_L1","NeuralNetTorch_r103_BAG_L1","NeuralNetTorch_r104_BAG_L1","NeuralNetTorch_r139_BAG_L1","NeuralNetTorch_r152_BAG_L1","NeuralNetTorch_r161_BAG_L1","NeuralNetTorch_r185_BAG_L1","NeuralNetTorch_r1_BAG_L1","NeuralNetTorch_r31_BAG_L1","NeuralNetTorch_r41_BAG_L1","NeuralNetTorch_r53_BAG_L1","NeuralNetTorch_r83_BAG_L1","NeuralNetTorch_r88_BAG_L1","XGBoost_r106_BAG_L1","XGBoost_r131_BAG_L1","XGBoost_r145_BAG_L1","XGBoost_r17_BAG_L1","XGBoost_r60_BAG_L1"],"7":["CatBoost_r142_BAG_L1","CatBoost_r165_BAG_L1","ExtraTrees_r200_BAG_L1","KNeighbors_r45_BAG_L1","NeuralNetFastAI_r117_BAG_L1","NeuralNetFastAI_r118_BAG_L1","NeuralNetFastAI_r120_BAG_L1","NeuralNetFastAI_r134_BAG_L1","NeuralNetFastAI_r190_BAG_L1","NeuralNetFastAI_r196_BAG_L1","NeuralNetFastAI_r197_BAG_L1","NeuralNetFastAI_r35_BAG_L1","NeuralNetFastAI_r77_BAG_L1","NeuralNetFastAI_r7_BAG_L1","NeuralNetFastAI_r84_BAG_L1","NeuralNetFastAI_r88_BAG_L1","NeuralNetFastAI_r90_BAG_L1","NeuralNetFastAI_r95_BAG_L1","NeuralNetTorch_r103_BAG_L1","NeuralNetTorch_r104_BAG_L1","NeuralNetTorch_r139_BAG_L1","NeuralNetTorch_r152_BAG_L1","NeuralNetTorch_r161_BAG_L1","NeuralNetTorch_r185_BAG_L1","NeuralNetTorch_r1_BAG_L1","NeuralNetTorch_r31_BAG_L1","NeuralNetTorch_r41_BAG_L1","NeuralNetTorch_r53_BAG_L1","NeuralNetTorch_r59_BAG_L1","NeuralNetTorch_r66_BAG_L1","NeuralNetTorch_r80_BAG_L1","NeuralNetTorch_r83_BAG_L1","NeuralNetTorch_r88_BAG_L1","XGBoost_r106_BAG_L1","XGBoost_r131_BAG_L1","XGBoost_r145_BAG_L1","XGBoost_r17_BAG_L1","XGBoost_r180_BAG_L1"],"8":["CatBoost_r142_BAG_L1","CatBoost_r165_BAG_L1","ExtraTrees_r200_BAG_L1","KNeighbors_r45_BAG_L1","KNeighbors_r6_BAG_L1","NeuralNetFastAI_r117_BAG_L1","NeuralNetFastAI_r118_BAG_L1","NeuralNetFastAI_r120_BAG_L1","NeuralNetFastAI_r127_BAG_L1","NeuralNetFastAI_r134_BAG_L1","NeuralNetFastAI_r190_BAG_L1","NeuralNetFastAI_r196_BAG_L1","NeuralNetFastAI_r197_BAG_L1","NeuralNetFastAI_r35_BAG_L1","NeuralNetFastAI_r77_BAG_L1","NeuralNetFastAI_r7_BAG_L1","NeuralNetFastAI_r84_BAG_L1","NeuralNetFastAI_r88_BAG_L1","NeuralNetFastAI_r90_BAG_L1","NeuralNetFastAI_r95_BAG_L1","NeuralNetTorch_r103_BAG_L1","NeuralNetTorch_r104_BAG_L1","NeuralNetTorch_r127_BAG_L1","NeuralNetTorch_r139_BAG_L1","NeuralNetTorch_r152_BAG_L1","NeuralNetTorch_r161_BAG_L1","NeuralNetTorch_r185_BAG_L1","NeuralNetTorch_r1_BAG_L1","NeuralNetTorch_r31_BAG_L1","NeuralNetTorch_r41_BAG_L1","NeuralNetTorch_r53_BAG_L1","NeuralNetTorch_r83_BAG_L1","NeuralNetTorch_r88_BAG_L1","XGBoost_r106_BAG_L1","XGBoost_r131_BAG_L1","XGBoost_r145_BAG_L1","XGBoost_r17_BAG_L1"],"9":["CatBoost_r142_BAG_L1","CatBoost_r165_BAG_L1","ExtraTrees_r200_BAG_L1","KNeighbors_r45_BAG_L1","KNeighbors_r6_BAG_L1","NeuralNetFastAI_r117_BAG_L1","NeuralNetFastAI_r118_BAG_L1","NeuralNetFastAI_r120_BAG_L1","NeuralNetFastAI_r134_BAG_L1","NeuralNetFastAI_r190_BAG_L1","NeuralNetFastAI_r196_BAG_L1","NeuralNetFastAI_r197_BAG_L1","NeuralNetFastAI_r35_BAG_L1","NeuralNetFastAI_r77_BAG_L1","NeuralNetFastAI_r7_BAG_L1","NeuralNetFastAI_r84_BAG_L1","NeuralNetFastAI_r88_BAG_L1","NeuralNetFastAI_r90_BAG_L1","NeuralNetFastAI_r95_BAG_L1","NeuralNetTorch_r103_BAG_L1","NeuralNetTorch_r104_BAG_L1","NeuralNetTorch_r139_BAG_L1","NeuralNetTorch_r152_BAG_L1","NeuralNetTorch_r161_BAG_L1","NeuralNetTorch_r185_BAG_L1","NeuralNetTorch_r1_BAG_L1","NeuralNetTorch_r31_BAG_L1","NeuralNetTorch_r41_BAG_L1","NeuralNetTorch_r53_BAG_L1","NeuralNetTorch_r80_BAG_L1","NeuralNetTorch_r83_BAG_L1","NeuralNetTorch_r88_BAG_L1","XGBoost_r106_BAG_L1","XGBoost_r131_BAG_L1","XGBoost_r145_BAG_L1","XGBoost_r17_BAG_L1"],"10":["CatBoost_r142_BAG_L1","CatBoost_r165_BAG_L1","ExtraTrees_r200_BAG_L1","KNeighbors_r45_BAG_L1","NeuralNetFastAI_r117_BAG_L1","NeuralNetFastAI_r118_BAG_L1","NeuralNetFastAI_r120_BAG_L1","NeuralNetFastAI_r134_BAG_L1","NeuralNetFastAI_r190_BAG_L1","NeuralNetFastAI_r196_BAG_L1","NeuralNetFastAI_r197_BAG_L1","NeuralNetFastAI_r35_BAG_L1","NeuralNetFastAI_r77_BAG_L1","NeuralNetFastAI_r7_BAG_L1","NeuralNetFastAI_r84_BAG_L1","NeuralNetFastAI_r88_BAG_L1","NeuralNetFastAI_r90_BAG_L1","NeuralNetFastAI_r95_BAG_L1","NeuralNetTorch_r103_BAG_L1","NeuralNetTorch_r104_BAG_L1","NeuralNetTorch_r139_BAG_L1","NeuralNetTorch_r152_BAG_L1","NeuralNetTorch_r161_BAG_L1","NeuralNetTorch_r185_BAG_L1","NeuralNetTorch_r1_BAG_L1","NeuralNetTorch_r31_BAG_L1","NeuralNetTorch_r41_BAG_L1","NeuralNetTorch_r53_BAG_L1","NeuralNetTorch_r80_BAG_L1","NeuralNetTorch_r83_BAG_L1","NeuralNetTorch_r88_BAG_L1","XGBoost_r106_BAG_L1","XGBoost_r131_BAG_L1","XGBoost_r145_BAG_L1","XGBoost_r17_BAG_L1"],"11":["CatBoost_r142_BAG_L1","CatBoost_r165_BAG_L1","ExtraTrees_r200_BAG_L1","KNeighbors_r45_BAG_L1","KNeighbors_r6_BAG_L1","NeuralNetFastAI_r117_BAG_L1","NeuralNetFastAI_r118_BAG_L1","NeuralNetFastAI_r120_BAG_L1","NeuralNetFastAI_r134_BAG_L1","NeuralNetFastAI_r190_BAG_L1","NeuralNetFastAI_r196_BAG_L1","NeuralNetFastAI_r197_BAG_L1","NeuralNetFastAI_r35_BAG_L1","NeuralNetFastAI_r77_BAG_L1","NeuralNetFastAI_r7_BAG_L1","NeuralNetFastAI_r84_BAG_L1","NeuralNetFastAI_r88_BAG_L1","NeuralNetFastAI_r90_BAG_L1","NeuralNetFastAI_r95_BAG_L1","NeuralNetTorch_r103_BAG_L1","NeuralNetTorch_r104_BAG_L1","NeuralNetTorch_r139_BAG_L1","NeuralNetTorch_r152_BAG_L1","NeuralNetTorch_r161_BAG_L1","NeuralNetTorch_r185_BAG_L1","NeuralNetTorch_r1_BAG_L1","NeuralNetTorch_r31_BAG_L1","NeuralNetTorch_r41_BAG_L1","NeuralNetTorch_r53_BAG_L1","NeuralNetTorch_r83_BAG_L1","NeuralNetTorch_r88_BAG_L1","XGBoost_r106_BAG_L1","XGBoost_r131_BAG_L1","XGBoost_r145_BAG_L1","XGBoost_r17_BAG_L1"],"12":["CatBoost_r142_BAG_L1","CatBoost_r165_BAG_L1","ExtraTrees_r200_BAG_L1","KNeighbors_r45_BAG_L1","NeuralNetFastAI_r117_BAG_L1","NeuralNetFastAI_r118_BAG_L1","NeuralNetFastAI_r120_BAG_L1","NeuralNetFastAI_r134_BAG_L1","NeuralNetFastAI_r190_BAG_L1","NeuralNetFastAI_r196_BAG_L1","NeuralNetFastAI_r197_BAG_L1","NeuralNetFastAI_r35_BAG_L1","NeuralNetFastAI_r77_BAG_L1","NeuralNetFastAI_r7_BAG_L1","NeuralNetFastAI_r84_BAG_L1","NeuralNetFastAI_r88_BAG_L1","NeuralNetFastAI_r90_BAG_L1","NeuralNetFastAI_r95_BAG_L1","NeuralNetTorch_r103_BAG_L1","NeuralNetTorch_r104_BAG_L1","NeuralNetTorch_r113_BAG_L1","NeuralNetTorch_r139_BAG_L1","NeuralNetTorch_r152_BAG_L1","NeuralNetTorch_r161_BAG_L1","NeuralNetTorch_r185_BAG_L1","NeuralNetTorch_r1_BAG_L1","NeuralNetTorch_r31_BAG_L1","NeuralNetTorch_r41_BAG_L1","NeuralNetTorch_r53_BAG_L1","NeuralNetTorch_r80_BAG_L1","NeuralNetTorch_r83_BAG_L1","NeuralNetTorch_r88_BAG_L1","XGBoost_r106_BAG_L1","XGBoost_r131_BAG_L1","XGBoost_r145_BAG_L1","XGBoost_r17_BAG_L1"],"13":["CatBoost_r142_BAG_L1","CatBoost_r165_BAG_L1","ExtraTrees_r200_BAG_L1","KNeighbors_r45_BAG_L1","NeuralNetFastAI_r117_BAG_L1","NeuralNetFastAI_r118_BAG_L1","NeuralNetFastAI_r120_BAG_L1","NeuralNetFastAI_r134_BAG_L1","NeuralNetFastAI_r190_BAG_L1","NeuralNetFastAI_r196_BAG_L1","NeuralNetFastAI_r197_BAG_L1","NeuralNetFastAI_r35_BAG_L1","NeuralNetFastAI_r77_BAG_L1","NeuralNetFastAI_r7_BAG_L1","NeuralNetFastAI_r84_BAG_L1","NeuralNetFastAI_r88_BAG_L1","NeuralNetFastAI_r90_BAG_L1","NeuralNetFastAI_r95_BAG_L1","NeuralNetTorch_r103_BAG_L1","NeuralNetTorch_r104_BAG_L1","NeuralNetTorch_r139_BAG_L1","NeuralNetTorch_r152_BAG_L1","NeuralNetTorch_r161_BAG_L1","NeuralNetTorch_r185_BAG_L1","NeuralNetTorch_r1_BAG_L1","NeuralNetTorch_r31_BAG_L1","NeuralNetTorch_r41_BAG_L1","NeuralNetTorch_r53_BAG_L1","NeuralNetTorch_r80_BAG_L1","NeuralNetTorch_r83_BAG_L1","NeuralNetTorch_r88_BAG_L1","XGBoost_r106_BAG_L1","XGBoost_r131_BAG_L1","XGBoost_r145_BAG_L1","XGBoost_r17_BAG_L1"],"14":["CatBoost_r142_BAG_L1","CatBoost_r165_BAG_L1","ExtraTrees_r200_BAG_L1","KNeighbors_r45_BAG_L1","NeuralNetFastAI_r117_BAG_L1","NeuralNetFastAI_r118_BAG_L1","NeuralNetFastAI_r120_BAG_L1","NeuralNetFastAI_r134_BAG_L1","NeuralNetFastAI_r190_BAG_L1","NeuralNetFastAI_r196_BAG_L1","NeuralNetFastAI_r197_BAG_L1","NeuralNetFastAI_r33_BAG_L1","NeuralNetFastAI_r35_BAG_L1","NeuralNetFastAI_r77_BAG_L1","NeuralNetFastAI_r7_BAG_L1","NeuralNetFastAI_r84_BAG_L1","NeuralNetFastAI_r88_BAG_L1","NeuralNetFastAI_r90_BAG_L1","NeuralNetFastAI_r95_BAG_L1","NeuralNetTorch_r103_BAG_L1","NeuralNetTorch_r104_BAG_L1","NeuralNetTorch_r139_BAG_L1","NeuralNetTorch_r152_BAG_L1","NeuralNetTorch_r161_BAG_L1","NeuralNetTorch_r185_BAG_L1","NeuralNetTorch_r1_BAG_L1","NeuralNetTorch_r31_BAG_L1","NeuralNetTorch_r41_BAG_L1","NeuralNetTorch_r53_BAG_L1","NeuralNetTorch_r80_BAG_L1","NeuralNetTorch_r83_BAG_L1","NeuralNetTorch_r88_BAG_L1","XGBoost_r106_BAG_L1","XGBoost_r131_BAG_L1","XGBoost_r145_BAG_L1","XGBoost_r17_BAG_L1"],"15":["CatBoost_r142_BAG_L1","CatBoost_r165_BAG_L1","ExtraTrees_r200_BAG_L1","KNeighbors_r45_BAG_L1","NeuralNetFastAI_r117_BAG_L1","NeuralNetFastAI_r118_BAG_L1","NeuralNetFastAI_r120_BAG_L1","NeuralNetFastAI_r127_BAG_L1","NeuralNetFastAI_r134_BAG_L1","NeuralNetFastAI_r190_BAG_L1","NeuralNetFastAI_r196_BAG_L1","NeuralNetFastAI_r197_BAG_L1","NeuralNetFastAI_r35_BAG_L1","NeuralNetFastAI_r77_BAG_L1","NeuralNetFastAI_r7_BAG_L1","NeuralNetFastAI_r84_BAG_L1","NeuralNetFastAI_r88_BAG_L1","NeuralNetFastAI_r90_BAG_L1","NeuralNetFastAI_r95_BAG_L1","NeuralNetTorch_r103_BAG_L1","NeuralNetTorch_r104_BAG_L1","NeuralNetTorch_r127_BAG_L1","NeuralNetTorch_r139_BAG_L1","NeuralNetTorch_r152_BAG_L1","NeuralNetTorch_r161_BAG_L1","NeuralNetTorch_r185_BAG_L1","NeuralNetTorch_r1_BAG_L1","NeuralNetTorch_r31_BAG_L1","NeuralNetTorch_r41_BAG_L1","NeuralNetTorch_r53_BAG_L1","NeuralNetTorch_r83_BAG_L1","NeuralNetTorch_r88_BAG_L1","XGBoost_r106_BAG_L1","XGBoost_r131_BAG_L1","XGBoost_r145_BAG_L1","XGBoost_r17_BAG_L1"],"16":["CatBoost_r142_BAG_L1","CatBoost_r165_BAG_L1","ExtraTrees_r200_BAG_L1","KNeighbors_r45_BAG_L1","NeuralNetFastAI_r117_BAG_L1","NeuralNetFastAI_r118_BAG_L1","NeuralNetFastAI_r120_BAG_L1","NeuralNetFastAI_r134_BAG_L1","NeuralNetFastAI_r190_BAG_L1","NeuralNetFastAI_r196_BAG_L1","NeuralNetFastAI_r197_BAG_L1","NeuralNetFastAI_r35_BAG_L1","NeuralNetFastAI_r77_BAG_L1","NeuralNetFastAI_r7_BAG_L1","NeuralNetFastAI_r84_BAG_L1","NeuralNetFastAI_r88_BAG_L1","NeuralNetFastAI_r90_BAG_L1","NeuralNetFastAI_r95_BAG_L1","NeuralNetTorch_r103_BAG_L1","NeuralNetTorch_r104_BAG_L1","NeuralNetTorch_r139_BAG_L1","NeuralNetTorch_r152_BAG_L1","NeuralNetTorch_r161_BAG_L1","NeuralNetTorch_r185_BAG_L1","NeuralNetTorch_r1_BAG_L1","NeuralNetTorch_r31_BAG_L1","NeuralNetTorch_r41_BAG_L1","NeuralNetTorch_r53_BAG_L1","NeuralNetTorch_r59_BAG_L1","NeuralNetTorch_r80_BAG_L1","NeuralNetTorch_r83_BAG_L1","NeuralNetTorch_r88_BAG_L1","XGBoost_r106_BAG_L1","XGBoost_r131_BAG_L1","XGBoost_r145_BAG_L1","XGBoost_r17_BAG_L1"],"17":["CatBoost_r142_BAG_L1","CatBoost_r165_BAG_L1","ExtraTrees_r200_BAG_L1","KNeighbors_r45_BAG_L1","NeuralNetFastAI_r117_BAG_L1","NeuralNetFastAI_r118_BAG_L1","NeuralNetFastAI_r120_BAG_L1","NeuralNetFastAI_r134_BAG_L1","NeuralNetFastAI_r190_BAG_L1","NeuralNetFastAI_r196_BAG_L1","NeuralNetFastAI_r197_BAG_L1","NeuralNetFastAI_r35_BAG_L1","NeuralNetFastAI_r77_BAG_L1","NeuralNetFastAI_r7_BAG_L1","NeuralNetFastAI_r84_BAG_L1","NeuralNetFastAI_r88_BAG_L1","NeuralNetFastAI_r90_BAG_L1","NeuralNetFastAI_r95_BAG_L1","NeuralNetTorch_r103_BAG_L1","NeuralNetTorch_r104_BAG_L1","NeuralNetTorch_r139_BAG_L1","NeuralNetTorch_r152_BAG_L1","NeuralNetTorch_r161_BAG_L1","NeuralNetTorch_r185_BAG_L1","NeuralNetTorch_r1_BAG_L1","NeuralNetTorch_r31_BAG_L1","NeuralNetTorch_r41_BAG_L1","NeuralNetTorch_r53_BAG_L1","NeuralNetTorch_r83_BAG_L1","NeuralNetTorch_r88_BAG_L1","XGBoost_r106_BAG_L1","XGBoost_r131_BAG_L1","XGBoost_r145_BAG_L1","XGBoost_r17_BAG_L1","XGBoost_r22_BAG_L1"],"18":["CatBoost_r142_BAG_L1","CatBoost_r165_BAG_L1","ExtraTrees_r200_BAG_L1","KNeighbors_r45_BAG_L1","NeuralNetFastAI_r117_BAG_L1","NeuralNetFastAI_r118_BAG_L1","NeuralNetFastAI_r120_BAG_L1","NeuralNetFastAI_r134_BAG_L1","NeuralNetFastAI_r190_BAG_L1","NeuralNetFastAI_r196_BAG_L1","NeuralNetFastAI_r197_BAG_L1","NeuralNetFastAI_r35_BAG_L1","NeuralNetFastAI_r77_BAG_L1","NeuralNetFastAI_r7_BAG_L1","NeuralNetFastAI_r84_BAG_L1","NeuralNetFastAI_r88_BAG_L1","NeuralNetFastAI_r90_BAG_L1","NeuralNetFastAI_r95_BAG_L1","NeuralNetTorch_r103_BAG_L1","NeuralNetTorch_r104_BAG_L1","NeuralNetTorch_r139_BAG_L1","NeuralNetTorch_r152_BAG_L1","NeuralNetTorch_r161_BAG_L1","NeuralNetTorch_r185_BAG_L1","NeuralNetTorch_r1_BAG_L1","NeuralNetTorch_r31_BAG_L1","NeuralNetTorch_r41_BAG_L1","NeuralNetTorch_r53_BAG_L1","NeuralNetTorch_r80_BAG_L1","NeuralNetTorch_r83_BAG_L1","NeuralNetTorch_r88_BAG_L1","XGBoost_r106_BAG_L1","XGBoost_r131_BAG_L1","XGBoost_r145_BAG_L1","XGBoost_r17_BAG_L1","XGBoost_r47_BAG_L1"],"19":["CatBoost_r142_BAG_L1","CatBoost_r165_BAG_L1","ExtraTrees_r200_BAG_L1","KNeighbors_r45_BAG_L1","KNeighbors_r4_BAG_L1","NeuralNetFastAI_r117_BAG_L1","NeuralNetFastAI_r118_BAG_L1","NeuralNetFastAI_r120_BAG_L1","NeuralNetFastAI_r134_BAG_L1","NeuralNetFastAI_r190_BAG_L1","NeuralNetFastAI_r196_BAG_L1","NeuralNetFastAI_r197_BAG_L1","NeuralNetFastAI_r35_BAG_L1","NeuralNetFastAI_r77_BAG_L1","NeuralNetFastAI_r7_BAG_L1","NeuralNetFastAI_r84_BAG_L1","NeuralNetFastAI_r88_BAG_L1","NeuralNetFastAI_r90_BAG_L1","NeuralNetFastAI_r95_BAG_L1","NeuralNetTorch_r103_BAG_L1","NeuralNetTorch_r104_BAG_L1","NeuralNetTorch_r139_BAG_L1","NeuralNetTorch_r152_BAG_L1","NeuralNetTorch_r161_BAG_L1","NeuralNetTorch_r185_BAG_L1","NeuralNetTorch_r1_BAG_L1","NeuralNetTorch_r31_BAG_L1","NeuralNetTorch_r41_BAG_L1","NeuralNetTorch_r53_BAG_L1","NeuralNetTorch_r80_BAG_L1","NeuralNetTorch_r83_BAG_L1","NeuralNetTorch_r88_BAG_L1","XGBoost_r106_BAG_L1","XGBoost_r131_BAG_L1","XGBoost_r145_BAG_L1","XGBoost_r17_BAG_L1"],"20":["CatBoost_r142_BAG_L1","CatBoost_r165_BAG_L1","CatBoost_r99_BAG_L1","ExtraTrees_r200_BAG_L1","KNeighbors_r45_BAG_L1","NeuralNetFastAI_r117_BAG_L1","NeuralNetFastAI_r118_BAG_L1","NeuralNetFastAI_r120_BAG_L1","NeuralNetFastAI_r134_BAG_L1","NeuralNetFastAI_r190_BAG_L1","NeuralNetFastAI_r196_BAG_L1","NeuralNetFastAI_r197_BAG_L1","NeuralNetFastAI_r35_BAG_L1","NeuralNetFastAI_r77_BAG_L1","NeuralNetFastAI_r7_BAG_L1","NeuralNetFastAI_r84_BAG_L1","NeuralNetFastAI_r88_BAG_L1","NeuralNetFastAI_r90_BAG_L1","NeuralNetFastAI_r95_BAG_L1","NeuralNetTorch_r103_BAG_L1","NeuralNetTorch_r104_BAG_L1","NeuralNetTorch_r121_BAG_L1","NeuralNetTorch_r139_BAG_L1","NeuralNetTorch_r152_BAG_L1","NeuralNetTorch_r161_BAG_L1","NeuralNetTorch_r185_BAG_L1","NeuralNetTorch_r1_BAG_L1","NeuralNetTorch_r31_BAG_L1","NeuralNetTorch_r41_BAG_L1","NeuralNetTorch_r53_BAG_L1","NeuralNetTorch_r83_BAG_L1","NeuralNetTorch_r88_BAG_L1","XGBoost_r106_BAG_L1","XGBoost_r131_BAG_L1","XGBoost_r145_BAG_L1","XGBoost_r17_BAG_L1"],"21":["CatBoost_r142_BAG_L1","CatBoost_r165_BAG_L1","ExtraTrees_r200_BAG_L1","KNeighbors_r45_BAG_L1","NeuralNetFastAI_r117_BAG_L1","NeuralNetFastAI_r118_BAG_L1","NeuralNetFastAI_r120_BAG_L1","NeuralNetFastAI_r134_BAG_L1","NeuralNetFastAI_r190_BAG_L1","NeuralNetFastAI_r196_BAG_L1","NeuralNetFastAI_r197_BAG_L1","NeuralNetFastAI_r35_BAG_L1","NeuralNetFastAI_r77_BAG_L1","NeuralNetFastAI_r7_BAG_L1","NeuralNetFastAI_r84_BAG_L1","NeuralNetFastAI_r88_BAG_L1","NeuralNetFastAI_r90_BAG_L1","NeuralNetFastAI_r95_BAG_L1","NeuralNetTorch_r103_BAG_L1","NeuralNetTorch_r104_BAG_L1","NeuralNetTorch_r139_BAG_L1","NeuralNetTorch_r152_BAG_L1","NeuralNetTorch_r161_BAG_L1","NeuralNetTorch_r185_BAG_L1","NeuralNetTorch_r1_BAG_L1","NeuralNetTorch_r31_BAG_L1","NeuralNetTorch_r41_BAG_L1","NeuralNetTorch_r53_BAG_L1","NeuralNetTorch_r59_BAG_L1","NeuralNetTorch_r66_BAG_L1","NeuralNetTorch_r83_BAG_L1","NeuralNetTorch_r88_BAG_L1","XGBoost_r106_BAG_L1","XGBoost_r131_BAG_L1","XGBoost_r145_BAG_L1","XGBoost_r17_BAG_L1"],"22":["CatBoost_r142_BAG_L1","CatBoost_r165_BAG_L1","ExtraTrees_r200_BAG_L1","KNeighbors_r45_BAG_L1","NeuralNetFastAI_r117_BAG_L1","NeuralNetFastAI_r118_BAG_L1","NeuralNetFastAI_r120_BAG_L1","NeuralNetFastAI_r134_BAG_L1","NeuralNetFastAI_r190_BAG_L1","NeuralNetFastAI_r196_BAG_L1","NeuralNetFastAI_r197_BAG_L1","NeuralNetFastAI_r35_BAG_L1","NeuralNetFastAI_r77_BAG_L1","NeuralNetFastAI_r7_BAG_L1","NeuralNetFastAI_r84_BAG_L1","NeuralNetFastAI_r88_BAG_L1","NeuralNetFastAI_r90_BAG_L1","NeuralNetFastAI_r95_BAG_L1","NeuralNetTorch_r103_BAG_L1","NeuralNetTorch_r104_BAG_L1","NeuralNetTorch_r121_BAG_L1","NeuralNetTorch_r139_BAG_L1","NeuralNetTorch_r152_BAG_L1","NeuralNetTorch_r161_BAG_L1","NeuralNetTorch_r185_BAG_L1","NeuralNetTorch_r1_BAG_L1","NeuralNetTorch_r31_BAG_L1","NeuralNetTorch_r41_BAG_L1","NeuralNetTorch_r53_BAG_L1","NeuralNetTorch_r80_BAG_L1","NeuralNetTorch_r83_BAG_L1","NeuralNetTorch_r88_BAG_L1","XGBoost_r106_BAG_L1","XGBoost_r131_BAG_L1","XGBoost_r145_BAG_L1","XGBoost_r17_BAG_L1"],"23":["CatBoost_r142_BAG_L1","CatBoost_r165_BAG_L1","ExtraTrees_r200_BAG_L1","KNeighbors_r45_BAG_L1","NeuralNetFastAI_r117_BAG_L1","NeuralNetFastAI_r118_BAG_L1","NeuralNetFastAI_r120_BAG_L1","NeuralNetFastAI_r134_BAG_L1","NeuralNetFastAI_r190_BAG_L1","NeuralNetFastAI_r196_BAG_L1","NeuralNetFastAI_r197_BAG_L1","NeuralNetFastAI_r35_BAG_L1","NeuralNetFastAI_r77_BAG_L1","NeuralNetFastAI_r7_BAG_L1","NeuralNetFastAI_r84_BAG_L1","NeuralNetFastAI_r88_BAG_L1","NeuralNetFastAI_r90_BAG_L1","NeuralNetFastAI_r95_BAG_L1","NeuralNetTorch_r103_BAG_L1","NeuralNetTorch_r104_BAG_L1","NeuralNetTorch_r139_BAG_L1","NeuralNetTorch_r152_BAG_L1","NeuralNetTorch_r161_BAG_L1","NeuralNetTorch_r185_BAG_L1","NeuralNetTorch_r1_BAG_L1","NeuralNetTorch_r31_BAG_L1","NeuralNetTorch_r41_BAG_L1","NeuralNetTorch_r53_BAG_L1","NeuralNetTorch_r59_BAG_L1","NeuralNetTorch_r80_BAG_L1","NeuralNetTorch_r83_BAG_L1","NeuralNetTorch_r88_BAG_L1","XGBoost_r106_BAG_L1","XGBoost_r131_BAG_L1","XGBoost_r145_BAG_L1","XGBoost_r17_BAG_L1"],"24":["CatBoost_r142_BAG_L1","CatBoost_r165_BAG_L1","ExtraTrees_r200_BAG_L1","KNeighbors_r45_BAG_L1","NeuralNetFastAI_r117_BAG_L1","NeuralNetFastAI_r118_BAG_L1","NeuralNetFastAI_r120_BAG_L1","NeuralNetFastAI_r134_BAG_L1","NeuralNetFastAI_r190_BAG_L1","NeuralNetFastAI_r196_BAG_L1","NeuralNetFastAI_r197_BAG_L1","NeuralNetFastAI_r35_BAG_L1","NeuralNetFastAI_r77_BAG_L1","NeuralNetFastAI_r7_BAG_L1","NeuralNetFastAI_r84_BAG_L1","NeuralNetFastAI_r88_BAG_L1","NeuralNetFastAI_r90_BAG_L1","NeuralNetFastAI_r95_BAG_L1","NeuralNetTorch_r103_BAG_L1","NeuralNetTorch_r104_BAG_L1","NeuralNetTorch_r139_BAG_L1","NeuralNetTorch_r152_BAG_L1","NeuralNetTorch_r161_BAG_L1","NeuralNetTorch_r185_BAG_L1","NeuralNetTorch_r1_BAG_L1","NeuralNetTorch_r31_BAG_L1","NeuralNetTorch_r41_BAG_L1","NeuralNetTorch_r53_BAG_L1","NeuralNetTorch_r80_BAG_L1","NeuralNetTorch_r83_BAG_L1","NeuralNetTorch_r88_BAG_L1","XGBoost_r106_BAG_L1","XGBoost_r131_BAG_L1","XGBoost_r145_BAG_L1","XGBoost_r17_BAG_L1","XGBoost_r180_BAG_L1"],"25":["CatBoost_r142_BAG_L1","CatBoost_r165_BAG_L1","ExtraTrees_r140_BAG_L1","ExtraTrees_r200_BAG_L1","KNeighbors_r45_BAG_L1","NeuralNetFastAI_r117_BAG_L1","NeuralNetFastAI_r118_BAG_L1","NeuralNetFastAI_r120_BAG_L1","NeuralNetFastAI_r134_BAG_L1","NeuralNetFastAI_r190_BAG_L1","NeuralNetFastAI_r196_BAG_L1","NeuralNetFastAI_r197_BAG_L1","NeuralNetFastAI_r35_BAG_L1","NeuralNetFastAI_r77_BAG_L1","NeuralNetFastAI_r7_BAG_L1","NeuralNetFastAI_r84_BAG_L1","NeuralNetFastAI_r88_BAG_L1","NeuralNetFastAI_r90_BAG_L1","NeuralNetFastAI_r95_BAG_L1","NeuralNetTorch_r103_BAG_L1","NeuralNetTorch_r104_BAG_L1","NeuralNetTorch_r139_BAG_L1","NeuralNetTorch_r152_BAG_L1","NeuralNetTorch_r161_BAG_L1","NeuralNetTorch_r185_BAG_L1","NeuralNetTorch_r1_BAG_L1","NeuralNetTorch_r31_BAG_L1","NeuralNetTorch_r41_BAG_L1","NeuralNetTorch_r53_BAG_L1","NeuralNetTorch_r83_BAG_L1","NeuralNetTorch_r88_BAG_L1","XGBoost_r106_BAG_L1","XGBoost_r131_BAG_L1","XGBoost_r145_BAG_L1","XGBoost_r17_BAG_L1"],"26":["CatBoost_r142_BAG_L1","CatBoost_r165_BAG_L1","ExtraTrees_r200_BAG_L1","KNeighbors_r45_BAG_L1","NeuralNetFastAI_r104_BAG_L1","NeuralNetFastAI_r117_BAG_L1","NeuralNetFastAI_r118_BAG_L1","NeuralNetFastAI_r120_BAG_L1","NeuralNetFastAI_r134_BAG_L1","NeuralNetFastAI_r190_BAG_L1","NeuralNetFastAI_r196_BAG_L1","NeuralNetFastAI_r197_BAG_L1","NeuralNetFastAI_r35_BAG_L1","NeuralNetFastAI_r77_BAG_L1","NeuralNetFastAI_r7_BAG_L1","NeuralNetFastAI_r84_BAG_L1","NeuralNetFastAI_r88_BAG_L1","NeuralNetFastAI_r90_BAG_L1","NeuralNetFastAI_r95_BAG_L1","NeuralNetTorch_r103_BAG_L1","NeuralNetTorch_r104_BAG_L1","NeuralNetTorch_r139_BAG_L1","NeuralNetTorch_r152_BAG_L1","NeuralNetTorch_r161_BAG_L1","NeuralNetTorch_r185_BAG_L1","NeuralNetTorch_r1_BAG_L1","NeuralNetTorch_r31_BAG_L1","NeuralNetTorch_r41_BAG_L1","NeuralNetTorch_r53_BAG_L1","NeuralNetTorch_r80_BAG_L1","NeuralNetTorch_r83_BAG_L1","NeuralNetTorch_r88_BAG_L1","XGBoost_r106_BAG_L1","XGBoost_r131_BAG_L1","XGBoost_r145_BAG_L1","XGBoost_r17_BAG_L1"],"27":["CatBoost_r142_BAG_L1","CatBoost_r165_BAG_L1","ExtraTrees_r200_BAG_L1","KNeighbors_r45_BAG_L1","NeuralNetFastAI_r117_BAG_L1","NeuralNetFastAI_r118_BAG_L1","NeuralNetFastAI_r120_BAG_L1","NeuralNetFastAI_r134_BAG_L1","NeuralNetFastAI_r190_BAG_L1","NeuralNetFastAI_r196_BAG_L1","NeuralNetFastAI_r197_BAG_L1","NeuralNetFastAI_r35_BAG_L1","NeuralNetFastAI_r56_BAG_L1","NeuralNetFastAI_r77_BAG_L1","NeuralNetFastAI_r7_BAG_L1","NeuralNetFastAI_r84_BAG_L1","NeuralNetFastAI_r88_BAG_L1","NeuralNetFastAI_r90_BAG_L1","NeuralNetFastAI_r95_BAG_L1","NeuralNetTorch_r103_BAG_L1","NeuralNetTorch_r104_BAG_L1","NeuralNetTorch_r139_BAG_L1","NeuralNetTorch_r152_BAG_L1","NeuralNetTorch_r161_BAG_L1","NeuralNetTorch_r185_BAG_L1","NeuralNetTorch_r1_BAG_L1","NeuralNetTorch_r31_BAG_L1","NeuralNetTorch_r41_BAG_L1","NeuralNetTorch_r53_BAG_L1","NeuralNetTorch_r80_BAG_L1","NeuralNetTorch_r83_BAG_L1","NeuralNetTorch_r88_BAG_L1","XGBoost_r106_BAG_L1","XGBoost_r131_BAG_L1","XGBoost_r145_BAG_L1","XGBoost_r17_BAG_L1"],"28":["CatBoost_r142_BAG_L1","CatBoost_r165_BAG_L1","ExtraTrees_r200_BAG_L1","KNeighbors_r45_BAG_L1","NeuralNetFastAI_r117_BAG_L1","NeuralNetFastAI_r118_BAG_L1","NeuralNetFastAI_r120_BAG_L1","NeuralNetFastAI_r134_BAG_L1","NeuralNetFastAI_r190_BAG_L1","NeuralNetFastAI_r196_BAG_L1","NeuralNetFastAI_r197_BAG_L1","NeuralNetFastAI_r35_BAG_L1","NeuralNetFastAI_r77_BAG_L1","NeuralNetFastAI_r7_BAG_L1","NeuralNetFastAI_r84_BAG_L1","NeuralNetFastAI_r88_BAG_L1","NeuralNetFastAI_r90_BAG_L1","NeuralNetFastAI_r95_BAG_L1","NeuralNetTorch_r103_BAG_L1","NeuralNetTorch_r104_BAG_L1","NeuralNetTorch_r121_BAG_L1","NeuralNetTorch_r139_BAG_L1","NeuralNetTorch_r152_BAG_L1","NeuralNetTorch_r161_BAG_L1","NeuralNetTorch_r185_BAG_L1","NeuralNetTorch_r1_BAG_L1","NeuralNetTorch_r31_BAG_L1","NeuralNetTorch_r41_BAG_L1","NeuralNetTorch_r53_BAG_L1","NeuralNetTorch_r83_BAG_L1","NeuralNetTorch_r88_BAG_L1","XGBoost_r106_BAG_L1","XGBoost_r131_BAG_L1","XGBoost_r145_BAG_L1","XGBoost_r17_BAG_L1"],"29":["CatBoost_r142_BAG_L1","CatBoost_r165_BAG_L1","ExtraTrees_r200_BAG_L1","KNeighbors_r45_BAG_L1","NeuralNetFastAI_r117_BAG_L1","NeuralNetFastAI_r118_BAG_L1","NeuralNetFastAI_r120_BAG_L1","NeuralNetFastAI_r134_BAG_L1","NeuralNetFastAI_r190_BAG_L1","NeuralNetFastAI_r196_BAG_L1","NeuralNetFastAI_r197_BAG_L1","NeuralNetFastAI_r35_BAG_L1","NeuralNetFastAI_r77_BAG_L1","NeuralNetFastAI_r7_BAG_L1","NeuralNetFastAI_r84_BAG_L1","NeuralNetFastAI_r88_BAG_L1","NeuralNetFastAI_r90_BAG_L1","NeuralNetFastAI_r95_BAG_L1","NeuralNetTorch_r103_BAG_L1","NeuralNetTorch_r104_BAG_L1","NeuralNetTorch_r139_BAG_L1","NeuralNetTorch_r152_BAG_L1","NeuralNetTorch_r161_BAG_L1","NeuralNetTorch_r185_BAG_L1","NeuralNetTorch_r1_BAG_L1","NeuralNetTorch_r31_BAG_L1","NeuralNetTorch_r41_BAG_L1","NeuralNetTorch_r53_BAG_L1","NeuralNetTorch_r80_BAG_L1","NeuralNetTorch_r83_BAG_L1","NeuralNetTorch_r88_BAG_L1","XGBoost_r106_BAG_L1","XGBoost_r131_BAG_L1","XGBoost_r145_BAG_L1","XGBoost_r17_BAG_L1"],"30":["CatBoost_r142_BAG_L1","CatBoost_r165_BAG_L1","ExtraTrees_r200_BAG_L1","KNeighbors_r45_BAG_L1","NeuralNetFastAI_r117_BAG_L1","NeuralNetFastAI_r118_BAG_L1","NeuralNetFastAI_r120_BAG_L1","NeuralNetFastAI_r134_BAG_L1","NeuralNetFastAI_r190_BAG_L1","NeuralNetFastAI_r196_BAG_L1","NeuralNetFastAI_r197_BAG_L1","NeuralNetFastAI_r35_BAG_L1","NeuralNetFastAI_r77_BAG_L1","NeuralNetFastAI_r7_BAG_L1","NeuralNetFastAI_r84_BAG_L1","NeuralNetFastAI_r88_BAG_L1","NeuralNetFastAI_r90_BAG_L1","NeuralNetFastAI_r95_BAG_L1","NeuralNetTorch_r103_BAG_L1","NeuralNetTorch_r104_BAG_L1","NeuralNetTorch_r139_BAG_L1","NeuralNetTorch_r152_BAG_L1","NeuralNetTorch_r161_BAG_L1","NeuralNetTorch_r185_BAG_L1","NeuralNetTorch_r1_BAG_L1","NeuralNetTorch_r31_BAG_L1","NeuralNetTorch_r41_BAG_L1","NeuralNetTorch_r53_BAG_L1","NeuralNetTorch_r69_BAG_L1","NeuralNetTorch_r83_BAG_L1","NeuralNetTorch_r88_BAG_L1","XGBoost_r106_BAG_L1","XGBoost_r131_BAG_L1","XGBoost_r145_BAG_L1","XGBoost_r17_BAG_L1"],"31":["CatBoost_r142_BAG_L1","CatBoost_r165_BAG_L1","ExtraTrees_r200_BAG_L1","KNeighbors_r45_BAG_L1","NeuralNetFastAI_r117_BAG_L1","NeuralNetFastAI_r118_BAG_L1","NeuralNetFastAI_r120_BAG_L1","NeuralNetFastAI_r134_BAG_L1","NeuralNetFastAI_r190_BAG_L1","NeuralNetFastAI_r196_BAG_L1","NeuralNetFastAI_r197_BAG_L1","NeuralNetFastAI_r35_BAG_L1","NeuralNetFastAI_r77_BAG_L1","NeuralNetFastAI_r7_BAG_L1","NeuralNetFastAI_r84_BAG_L1","NeuralNetFastAI_r88_BAG_L1","NeuralNetFastAI_r90_BAG_L1","NeuralNetFastAI_r95_BAG_L1","NeuralNetTorch_r103_BAG_L1","NeuralNetTorch_r104_BAG_L1","NeuralNetTorch_r113_BAG_L1","NeuralNetTorch_r139_BAG_L1","NeuralNetTorch_r152_BAG_L1","NeuralNetTorch_r161_BAG_L1","NeuralNetTorch_r185_BAG_L1","NeuralNetTorch_r1_BAG_L1","NeuralNetTorch_r31_BAG_L1","NeuralNetTorch_r41_BAG_L1","NeuralNetTorch_r53_BAG_L1","NeuralNetTorch_r83_BAG_L1","NeuralNetTorch_r88_BAG_L1","XGBoost_r106_BAG_L1","XGBoost_r131_BAG_L1","XGBoost_r145_BAG_L1","XGBoost_r17_BAG_L1"],"32":["CatBoost_r142_BAG_L1","CatBoost_r165_BAG_L1","ExtraTrees_r138_BAG_L1","ExtraTrees_r200_BAG_L1","KNeighbors_r45_BAG_L1","NeuralNetFastAI_r117_BAG_L1","NeuralNetFastAI_r118_BAG_L1","NeuralNetFastAI_r120_BAG_L1","NeuralNetFastAI_r134_BAG_L1","NeuralNetFastAI_r14_BAG_L1","NeuralNetFastAI_r190_BAG_L1","NeuralNetFastAI_r196_BAG_L1","NeuralNetFastAI_r197_BAG_L1","NeuralNetFastAI_r35_BAG_L1","NeuralNetFastAI_r77_BAG_L1","NeuralNetFastAI_r7_BAG_L1","NeuralNetFastAI_r84_BAG_L1","NeuralNetFastAI_r88_BAG_L1","NeuralNetFastAI_r90_BAG_L1","NeuralNetFastAI_r95_BAG_L1","NeuralNetTorch_r103_BAG_L1","NeuralNetTorch_r104_BAG_L1","NeuralNetTorch_r139_BAG_L1","NeuralNetTorch_r152_BAG_L1","NeuralNetTorch_r161_BAG_L1","NeuralNetTorch_r185_BAG_L1","NeuralNetTorch_r1_BAG_L1","NeuralNetTorch_r31_BAG_L1","NeuralNetTorch_r41_BAG_L1","NeuralNetTorch_r53_BAG_L1","NeuralNetTorch_r80_BAG_L1","NeuralNetTorch_r83_BAG_L1","NeuralNetTorch_r88_BAG_L1","XGBoost_r106_BAG_L1","XGBoost_r131_BAG_L1","XGBoost_r145_BAG_L1","XGBoost_r17_BAG_L1","XGBoost_r22_BAG_L1"],"33":["CatBoost_r142_BAG_L1","CatBoost_r165_BAG_L1","ExtraTrees_r200_BAG_L1","KNeighbors_r45_BAG_L1","KNeighbors_r6_BAG_L1","NeuralNetFastAI_r117_BAG_L1","NeuralNetFastAI_r118_BAG_L1","NeuralNetFastAI_r120_BAG_L1","NeuralNetFastAI_r134_BAG_L1","NeuralNetFastAI_r190_BAG_L1","NeuralNetFastAI_r196_BAG_L1","NeuralNetFastAI_r197_BAG_L1","NeuralNetFastAI_r35_BAG_L1","NeuralNetFastAI_r77_BAG_L1","NeuralNetFastAI_r7_BAG_L1","NeuralNetFastAI_r84_BAG_L1","NeuralNetFastAI_r88_BAG_L1","NeuralNetFastAI_r90_BAG_L1","NeuralNetFastAI_r95_BAG_L1","NeuralNetTorch_r103_BAG_L1","NeuralNetTorch_r104_BAG_L1","NeuralNetTorch_r139_BAG_L1","NeuralNetTorch_r152_BAG_L1","NeuralNetTorch_r161_BAG_L1","NeuralNetTorch_r185_BAG_L1","NeuralNetTorch_r1_BAG_L1","NeuralNetTorch_r31_BAG_L1","NeuralNetTorch_r41_BAG_L1","NeuralNetTorch_r53_BAG_L1","NeuralNetTorch_r80_BAG_L1","NeuralNetTorch_r83_BAG_L1","NeuralNetTorch_r88_BAG_L1","XGBoost_r106_BAG_L1","XGBoost_r131_BAG_L1","XGBoost_r145_BAG_L1","XGBoost_r163_BAG_L1","XGBoost_r17_BAG_L1"],"34":["CatBoost_r142_BAG_L1","CatBoost_r165_BAG_L1","ExtraTrees_r200_BAG_L1","KNeighbors_r45_BAG_L1","NeuralNetFastAI_r117_BAG_L1","NeuralNetFastAI_r118_BAG_L1","NeuralNetFastAI_r120_BAG_L1","NeuralNetFastAI_r134_BAG_L1","NeuralNetFastAI_r14_BAG_L1","NeuralNetFastAI_r190_BAG_L1","NeuralNetFastAI_r196_BAG_L1","NeuralNetFastAI_r197_BAG_L1","NeuralNetFastAI_r35_BAG_L1","NeuralNetFastAI_r77_BAG_L1","NeuralNetFastAI_r7_BAG_L1","NeuralNetFastAI_r84_BAG_L1","NeuralNetFastAI_r88_BAG_L1","NeuralNetFastAI_r90_BAG_L1","NeuralNetFastAI_r95_BAG_L1","NeuralNetTorch_r103_BAG_L1","NeuralNetTorch_r104_BAG_L1","NeuralNetTorch_r139_BAG_L1","NeuralNetTorch_r152_BAG_L1","NeuralNetTorch_r161_BAG_L1","NeuralNetTorch_r185_BAG_L1","NeuralNetTorch_r1_BAG_L1","NeuralNetTorch_r31_BAG_L1","NeuralNetTorch_r41_BAG_L1","NeuralNetTorch_r53_BAG_L1","NeuralNetTorch_r80_BAG_L1","NeuralNetTorch_r83_BAG_L1","NeuralNetTorch_r88_BAG_L1","XGBoost_r106_BAG_L1","XGBoost_r131_BAG_L1","XGBoost_r145_BAG_L1","XGBoost_r17_BAG_L1","XGBoost_r22_BAG_L1"],"35":["CatBoost_r142_BAG_L1","CatBoost_r165_BAG_L1","ExtraTrees_r200_BAG_L1","KNeighbors_r45_BAG_L1","NeuralNetFastAI_r117_BAG_L1","NeuralNetFastAI_r118_BAG_L1","NeuralNetFastAI_r120_BAG_L1","NeuralNetFastAI_r127_BAG_L1","NeuralNetFastAI_r134_BAG_L1","NeuralNetFastAI_r190_BAG_L1","NeuralNetFastAI_r196_BAG_L1","NeuralNetFastAI_r197_BAG_L1","NeuralNetFastAI_r35_BAG_L1","NeuralNetFastAI_r77_BAG_L1","NeuralNetFastAI_r7_BAG_L1","NeuralNetFastAI_r84_BAG_L1","NeuralNetFastAI_r88_BAG_L1","NeuralNetFastAI_r90_BAG_L1","NeuralNetFastAI_r95_BAG_L1","NeuralNetTorch_r103_BAG_L1","NeuralNetTorch_r104_BAG_L1","NeuralNetTorch_r139_BAG_L1","NeuralNetTorch_r152_BAG_L1","NeuralNetTorch_r161_BAG_L1","NeuralNetTorch_r185_BAG_L1","NeuralNetTorch_r1_BAG_L1","NeuralNetTorch_r31_BAG_L1","NeuralNetTorch_r41_BAG_L1","NeuralNetTorch_r53_BAG_L1","NeuralNetTorch_r80_BAG_L1","NeuralNetTorch_r83_BAG_L1","NeuralNetTorch_r88_BAG_L1","XGBoost_r106_BAG_L1","XGBoost_r131_BAG_L1","XGBoost_r145_BAG_L1","XGBoost_r17_BAG_L1"],"36":["CatBoost_r142_BAG_L1","CatBoost_r165_BAG_L1","ExtraTrees_r200_BAG_L1","KNeighbors_r45_BAG_L1","NeuralNetFastAI_r117_BAG_L1","NeuralNetFastAI_r118_BAG_L1","NeuralNetFastAI_r120_BAG_L1","NeuralNetFastAI_r134_BAG_L1","NeuralNetFastAI_r190_BAG_L1","NeuralNetFastAI_r196_BAG_L1","NeuralNetFastAI_r197_BAG_L1","NeuralNetFastAI_r35_BAG_L1","NeuralNetFastAI_r77_BAG_L1","NeuralNetFastAI_r7_BAG_L1","NeuralNetFastAI_r84_BAG_L1","NeuralNetFastAI_r88_BAG_L1","NeuralNetFastAI_r90_BAG_L1","NeuralNetFastAI_r95_BAG_L1","NeuralNetTorch_r103_BAG_L1","NeuralNetTorch_r104_BAG_L1","NeuralNetTorch_r139_BAG_L1","NeuralNetTorch_r152_BAG_L1","NeuralNetTorch_r161_BAG_L1","NeuralNetTorch_r185_BAG_L1","NeuralNetTorch_r1_BAG_L1","NeuralNetTorch_r31_BAG_L1","NeuralNetTorch_r41_BAG_L1","NeuralNetTorch_r53_BAG_L1","NeuralNetTorch_r80_BAG_L1","NeuralNetTorch_r83_BAG_L1","NeuralNetTorch_r88_BAG_L1","XGBoost_r106_BAG_L1","XGBoost_r131_BAG_L1","XGBoost_r145_BAG_L1","XGBoost_r163_BAG_L1","XGBoost_r17_BAG_L1"],"37":["CatBoost_r142_BAG_L1","CatBoost_r165_BAG_L1","ExtraTrees_r200_BAG_L1","KNeighbors_r45_BAG_L1","NeuralNetFastAI_r117_BAG_L1","NeuralNetFastAI_r118_BAG_L1","NeuralNetFastAI_r120_BAG_L1","NeuralNetFastAI_r134_BAG_L1","NeuralNetFastAI_r190_BAG_L1","NeuralNetFastAI_r196_BAG_L1","NeuralNetFastAI_r197_BAG_L1","NeuralNetFastAI_r35_BAG_L1","NeuralNetFastAI_r77_BAG_L1","NeuralNetFastAI_r7_BAG_L1","NeuralNetFastAI_r84_BAG_L1","NeuralNetFastAI_r88_BAG_L1","NeuralNetFastAI_r90_BAG_L1","NeuralNetFastAI_r95_BAG_L1","NeuralNetTorch_r103_BAG_L1","NeuralNetTorch_r104_BAG_L1","NeuralNetTorch_r139_BAG_L1","NeuralNetTorch_r152_BAG_L1","NeuralNetTorch_r161_BAG_L1","NeuralNetTorch_r185_BAG_L1","NeuralNetTorch_r1_BAG_L1","NeuralNetTorch_r31_BAG_L1","NeuralNetTorch_r41_BAG_L1","NeuralNetTorch_r53_BAG_L1","NeuralNetTorch_r83_BAG_L1","NeuralNetTorch_r88_BAG_L1","XGBoost_r106_BAG_L1","XGBoost_r131_BAG_L1","XGBoost_r145_BAG_L1","XGBoost_r17_BAG_L1"],"38":["CatBoost_r142_BAG_L1","CatBoost_r165_BAG_L1","ExtraTrees_r200_BAG_L1","KNeighbors_r45_BAG_L1","LightGBM_r41_BAG_L1","NeuralNetFastAI_r117_BAG_L1","NeuralNetFastAI_r118_BAG_L1","NeuralNetFastAI_r120_BAG_L1","NeuralNetFastAI_r134_BAG_L1","NeuralNetFastAI_r190_BAG_L1","NeuralNetFastAI_r196_BAG_L1","NeuralNetFastAI_r197_BAG_L1","NeuralNetFastAI_r35_BAG_L1","NeuralNetFastAI_r77_BAG_L1","NeuralNetFastAI_r7_BAG_L1","NeuralNetFastAI_r84_BAG_L1","NeuralNetFastAI_r88_BAG_L1","NeuralNetFastAI_r90_BAG_L1","NeuralNetFastAI_r95_BAG_L1","NeuralNetTorch_r103_BAG_L1","NeuralNetTorch_r104_BAG_L1","NeuralNetTorch_r139_BAG_L1","NeuralNetTorch_r152_BAG_L1","NeuralNetTorch_r161_BAG_L1","NeuralNetTorch_r185_BAG_L1","NeuralNetTorch_r1_BAG_L1","NeuralNetTorch_r31_BAG_L1","NeuralNetTorch_r41_BAG_L1","NeuralNetTorch_r53_BAG_L1","NeuralNetTorch_r80_BAG_L1","NeuralNetTorch_r83_BAG_L1","NeuralNetTorch_r88_BAG_L1","XGBoost_r106_BAG_L1","XGBoost_r131_BAG_L1","XGBoost_r145_BAG_L1","XGBoost_r17_BAG_L1"],"39":["CatBoost_r142_BAG_L1","CatBoost_r165_BAG_L1","ExtraTrees_r200_BAG_L1","KNeighbors_r45_BAG_L1","NeuralNetFastAI_r117_BAG_L1","NeuralNetFastAI_r118_BAG_L1","NeuralNetFastAI_r120_BAG_L1","NeuralNetFastAI_r134_BAG_L1","NeuralNetFastAI_r190_BAG_L1","NeuralNetFastAI_r196_BAG_L1","NeuralNetFastAI_r197_BAG_L1","NeuralNetFastAI_r35_BAG_L1","NeuralNetFastAI_r77_BAG_L1","NeuralNetFastAI_r7_BAG_L1","NeuralNetFastAI_r84_BAG_L1","NeuralNetFastAI_r88_BAG_L1","NeuralNetFastAI_r90_BAG_L1","NeuralNetFastAI_r95_BAG_L1","NeuralNetTorch_r103_BAG_L1","NeuralNetTorch_r104_BAG_L1","NeuralNetTorch_r139_BAG_L1","NeuralNetTorch_r152_BAG_L1","NeuralNetTorch_r161_BAG_L1","NeuralNetTorch_r185_BAG_L1","NeuralNetTorch_r1_BAG_L1","NeuralNetTorch_r31_BAG_L1","NeuralNetTorch_r41_BAG_L1","NeuralNetTorch_r53_BAG_L1","NeuralNetTorch_r83_BAG_L1","NeuralNetTorch_r88_BAG_L1","XGBoost_r106_BAG_L1","XGBoost_r131_BAG_L1","XGBoost_r145_BAG_L1","XGBoost_r17_BAG_L1","XGBoost_r40_BAG_L1"],"40":["CatBoost_r142_BAG_L1","CatBoost_r165_BAG_L1","ExtraTrees_r200_BAG_L1","KNeighbors_r45_BAG_L1","NeuralNetFastAI_r117_BAG_L1","NeuralNetFastAI_r118_BAG_L1","NeuralNetFastAI_r120_BAG_L1","NeuralNetFastAI_r134_BAG_L1","NeuralNetFastAI_r190_BAG_L1","NeuralNetFastAI_r196_BAG_L1","NeuralNetFastAI_r197_BAG_L1","NeuralNetFastAI_r35_BAG_L1","NeuralNetFastAI_r77_BAG_L1","NeuralNetFastAI_r7_BAG_L1","NeuralNetFastAI_r84_BAG_L1","NeuralNetFastAI_r88_BAG_L1","NeuralNetFastAI_r90_BAG_L1","NeuralNetFastAI_r95_BAG_L1","NeuralNetTorch_r103_BAG_L1","NeuralNetTorch_r104_BAG_L1","NeuralNetTorch_r139_BAG_L1","NeuralNetTorch_r152_BAG_L1","NeuralNetTorch_r161_BAG_L1","NeuralNetTorch_r1_BAG_L1","NeuralNetTorch_r31_BAG_L1","NeuralNetTorch_r41_BAG_L1","NeuralNetTorch_r53_BAG_L1","NeuralNetTorch_r83_BAG_L1","NeuralNetTorch_r88_BAG_L1","XGBoost_r106_BAG_L1","XGBoost_r131_BAG_L1","XGBoost_r145_BAG_L1","XGBoost_r17_BAG_L1"],"41":["CatBoost_r142_BAG_L1","CatBoost_r165_BAG_L1","ExtraTrees_r200_BAG_L1","KNeighbors_r45_BAG_L1","NeuralNetFastAI_r117_BAG_L1","NeuralNetFastAI_r118_BAG_L1","NeuralNetFastAI_r120_BAG_L1","NeuralNetFastAI_r134_BAG_L1","NeuralNetFastAI_r190_BAG_L1","NeuralNetFastAI_r196_BAG_L1","NeuralNetFastAI_r197_BAG_L1","NeuralNetFastAI_r35_BAG_L1","NeuralNetFastAI_r77_BAG_L1","NeuralNetFastAI_r7_BAG_L1","NeuralNetFastAI_r84_BAG_L1","NeuralNetFastAI_r88_BAG_L1","NeuralNetFastAI_r90_BAG_L1","NeuralNetFastAI_r95_BAG_L1","NeuralNetTorch_r103_BAG_L1","NeuralNetTorch_r104_BAG_L1","NeuralNetTorch_r139_BAG_L1","NeuralNetTorch_r152_BAG_L1","NeuralNetTorch_r161_BAG_L1","NeuralNetTorch_r185_BAG_L1","NeuralNetTorch_r1_BAG_L1","NeuralNetTorch_r31_BAG_L1","NeuralNetTorch_r41_BAG_L1","NeuralNetTorch_r53_BAG_L1","NeuralNetTorch_r83_BAG_L1","NeuralNetTorch_r88_BAG_L1","XGBoost_r106_BAG_L1","XGBoost_r131_BAG_L1","XGBoost_r145_BAG_L1","XGBoost_r160_BAG_L1","XGBoost_r17_BAG_L1"],"42":["CatBoost_r142_BAG_L1","CatBoost_r165_BAG_L1","ExtraTrees_r200_BAG_L1","KNeighbors_r45_BAG_L1","KNeighbors_r4_BAG_L1","NeuralNetFastAI_r117_BAG_L1","NeuralNetFastAI_r118_BAG_L1","NeuralNetFastAI_r120_BAG_L1","NeuralNetFastAI_r134_BAG_L1","NeuralNetFastAI_r14_BAG_L1","NeuralNetFastAI_r190_BAG_L1","NeuralNetFastAI_r196_BAG_L1","NeuralNetFastAI_r197_BAG_L1","NeuralNetFastAI_r35_BAG_L1","NeuralNetFastAI_r77_BAG_L1","NeuralNetFastAI_r7_BAG_L1","NeuralNetFastAI_r84_BAG_L1","NeuralNetFastAI_r88_BAG_L1","NeuralNetFastAI_r90_BAG_L1","NeuralNetFastAI_r95_BAG_L1","NeuralNetTorch_r103_BAG_L1","NeuralNetTorch_r104_BAG_L1","NeuralNetTorch_r139_BAG_L1","NeuralNetTorch_r152_BAG_L1","NeuralNetTorch_r161_BAG_L1","NeuralNetTorch_r185_BAG_L1","NeuralNetTorch_r1_BAG_L1","NeuralNetTorch_r31_BAG_L1","NeuralNetTorch_r41_BAG_L1","NeuralNetTorch_r53_BAG_L1","NeuralNetTorch_r80_BAG_L1","NeuralNetTorch_r83_BAG_L1","NeuralNetTorch_r88_BAG_L1","XGBoost_r106_BAG_L1","XGBoost_r131_BAG_L1","XGBoost_r145_BAG_L1","XGBoost_r17_BAG_L1","XGBoost_r22_BAG_L1"],"43":["CatBoost_r142_BAG_L1","CatBoost_r165_BAG_L1","ExtraTrees_r200_BAG_L1","KNeighbors_r45_BAG_L1","NeuralNetFastAI_r117_BAG_L1","NeuralNetFastAI_r118_BAG_L1","NeuralNetFastAI_r120_BAG_L1","NeuralNetFastAI_r134_BAG_L1","NeuralNetFastAI_r190_BAG_L1","NeuralNetFastAI_r196_BAG_L1","NeuralNetFastAI_r197_BAG_L1","NeuralNetFastAI_r35_BAG_L1","NeuralNetFastAI_r77_BAG_L1","NeuralNetFastAI_r7_BAG_L1","NeuralNetFastAI_r84_BAG_L1","NeuralNetFastAI_r88_BAG_L1","NeuralNetFastAI_r90_BAG_L1","NeuralNetFastAI_r95_BAG_L1","NeuralNetTorch_r103_BAG_L1","NeuralNetTorch_r104_BAG_L1","NeuralNetTorch_r139_BAG_L1","NeuralNetTorch_r152_BAG_L1","NeuralNetTorch_r161_BAG_L1","NeuralNetTorch_r185_BAG_L1","NeuralNetTorch_r1_BAG_L1","NeuralNetTorch_r31_BAG_L1","NeuralNetTorch_r41_BAG_L1","NeuralNetTorch_r53_BAG_L1","NeuralNetTorch_r59_BAG_L1","NeuralNetTorch_r83_BAG_L1","NeuralNetTorch_r88_BAG_L1","XGBoost_r106_BAG_L1","XGBoost_r131_BAG_L1","XGBoost_r145_BAG_L1","XGBoost_r17_BAG_L1"],"44":["CatBoost_r142_BAG_L1","CatBoost_r165_BAG_L1","ExtraTrees_r200_BAG_L1","KNeighbors_r45_BAG_L1","KNeighbors_r8_BAG_L1","NeuralNetFastAI_r117_BAG_L1","NeuralNetFastAI_r118_BAG_L1","NeuralNetFastAI_r120_BAG_L1","NeuralNetFastAI_r134_BAG_L1","NeuralNetFastAI_r190_BAG_L1","NeuralNetFastAI_r196_BAG_L1","NeuralNetFastAI_r197_BAG_L1","NeuralNetFastAI_r35_BAG_L1","NeuralNetFastAI_r77_BAG_L1","NeuralNetFastAI_r7_BAG_L1","NeuralNetFastAI_r84_BAG_L1","NeuralNetFastAI_r88_BAG_L1","NeuralNetFastAI_r90_BAG_L1","NeuralNetFastAI_r95_BAG_L1","NeuralNetTorch_r103_BAG_L1","NeuralNetTorch_r104_BAG_L1","NeuralNetTorch_r139_BAG_L1","NeuralNetTorch_r152_BAG_L1","NeuralNetTorch_r161_BAG_L1","NeuralNetTorch_r185_BAG_L1","NeuralNetTorch_r1_BAG_L1","NeuralNetTorch_r31_BAG_L1","NeuralNetTorch_r41_BAG_L1","NeuralNetTorch_r53_BAG_L1","NeuralNetTorch_r80_BAG_L1","NeuralNetTorch_r83_BAG_L1","NeuralNetTorch_r88_BAG_L1","XGBoost_r106_BAG_L1","XGBoost_r131_BAG_L1","XGBoost_r145_BAG_L1","XGBoost_r17_BAG_L1"],"45":["CatBoost_r142_BAG_L1","CatBoost_r165_BAG_L1","ExtraTrees_r200_BAG_L1","KNeighbors_r45_BAG_L1","NeuralNetFastAI_r117_BAG_L1","NeuralNetFastAI_r118_BAG_L1","NeuralNetFastAI_r120_BAG_L1","NeuralNetFastAI_r134_BAG_L1","NeuralNetFastAI_r190_BAG_L1","NeuralNetFastAI_r196_BAG_L1","NeuralNetFastAI_r197_BAG_L1","NeuralNetFastAI_r35_BAG_L1","NeuralNetFastAI_r77_BAG_L1","NeuralNetFastAI_r7_BAG_L1","NeuralNetFastAI_r84_BAG_L1","NeuralNetFastAI_r88_BAG_L1","NeuralNetFastAI_r90_BAG_L1","NeuralNetFastAI_r95_BAG_L1","NeuralNetTorch_r103_BAG_L1","NeuralNetTorch_r104_BAG_L1","NeuralNetTorch_r139_BAG_L1","NeuralNetTorch_r152_BAG_L1","NeuralNetTorch_r161_BAG_L1","NeuralNetTorch_r185_BAG_L1","NeuralNetTorch_r1_BAG_L1","NeuralNetTorch_r31_BAG_L1","NeuralNetTorch_r41_BAG_L1","NeuralNetTorch_r53_BAG_L1","NeuralNetTorch_r80_BAG_L1","NeuralNetTorch_r83_BAG_L1","NeuralNetTorch_r88_BAG_L1","XGBoost_r106_BAG_L1","XGBoost_r131_BAG_L1","XGBoost_r145_BAG_L1","XGBoost_r17_BAG_L1"],"46":["CatBoost_r142_BAG_L1","CatBoost_r165_BAG_L1","ExtraTrees_r200_BAG_L1","KNeighbors_r45_BAG_L1","NeuralNetFastAI_r117_BAG_L1","NeuralNetFastAI_r118_BAG_L1","NeuralNetFastAI_r120_BAG_L1","NeuralNetFastAI_r134_BAG_L1","NeuralNetFastAI_r190_BAG_L1","NeuralNetFastAI_r196_BAG_L1","NeuralNetFastAI_r197_BAG_L1","NeuralNetFastAI_r35_BAG_L1","NeuralNetFastAI_r77_BAG_L1","NeuralNetFastAI_r7_BAG_L1","NeuralNetFastAI_r84_BAG_L1","NeuralNetFastAI_r88_BAG_L1","NeuralNetFastAI_r90_BAG_L1","NeuralNetFastAI_r95_BAG_L1","NeuralNetTorch_r103_BAG_L1","NeuralNetTorch_r104_BAG_L1","NeuralNetTorch_r139_BAG_L1","NeuralNetTorch_r152_BAG_L1","NeuralNetTorch_r161_BAG_L1","NeuralNetTorch_r185_BAG_L1","NeuralNetTorch_r1_BAG_L1","NeuralNetTorch_r31_BAG_L1","NeuralNetTorch_r41_BAG_L1","NeuralNetTorch_r53_BAG_L1","NeuralNetTorch_r80_BAG_L1","NeuralNetTorch_r83_BAG_L1","NeuralNetTorch_r88_BAG_L1","XGBoost_r106_BAG_L1","XGBoost_r131_BAG_L1","XGBoost_r145_BAG_L1","XGBoost_r17_BAG_L1","XGBoost_r22_BAG_L1"],"47":["CatBoost_r142_BAG_L1","CatBoost_r165_BAG_L1","ExtraTrees_r200_BAG_L1","KNeighbors_r45_BAG_L1","NeuralNetFastAI_r117_BAG_L1","NeuralNetFastAI_r118_BAG_L1","NeuralNetFastAI_r120_BAG_L1","NeuralNetFastAI_r134_BAG_L1","NeuralNetFastAI_r190_BAG_L1","NeuralNetFastAI_r196_BAG_L1","NeuralNetFastAI_r197_BAG_L1","NeuralNetFastAI_r35_BAG_L1","NeuralNetFastAI_r77_BAG_L1","NeuralNetFastAI_r7_BAG_L1","NeuralNetFastAI_r84_BAG_L1","NeuralNetFastAI_r88_BAG_L1","NeuralNetFastAI_r90_BAG_L1","NeuralNetFastAI_r95_BAG_L1","NeuralNetTorch_r103_BAG_L1","NeuralNetTorch_r104_BAG_L1","NeuralNetTorch_r139_BAG_L1","NeuralNetTorch_r152_BAG_L1","NeuralNetTorch_r161_BAG_L1","NeuralNetTorch_r185_BAG_L1","NeuralNetTorch_r1_BAG_L1","NeuralNetTorch_r31_BAG_L1","NeuralNetTorch_r41_BAG_L1","NeuralNetTorch_r53_BAG_L1","NeuralNetTorch_r80_BAG_L1","NeuralNetTorch_r83_BAG_L1","NeuralNetTorch_r88_BAG_L1","XGBoost_r106_BAG_L1","XGBoost_r131_BAG_L1","XGBoost_r145_BAG_L1","XGBoost_r160_BAG_L1","XGBoost_r17_BAG_L1"],"48":["CatBoost_r142_BAG_L1","CatBoost_r165_BAG_L1","ExtraTrees_r200_BAG_L1","KNeighbors_r45_BAG_L1","NeuralNetFastAI_r117_BAG_L1","NeuralNetFastAI_r118_BAG_L1","NeuralNetFastAI_r120_BAG_L1","NeuralNetFastAI_r134_BAG_L1","NeuralNetFastAI_r190_BAG_L1","NeuralNetFastAI_r196_BAG_L1","NeuralNetFastAI_r197_BAG_L1","NeuralNetFastAI_r35_BAG_L1","NeuralNetFastAI_r77_BAG_L1","NeuralNetFastAI_r7_BAG_L1","NeuralNetFastAI_r84_BAG_L1","NeuralNetFastAI_r88_BAG_L1","NeuralNetFastAI_r90_BAG_L1","NeuralNetFastAI_r95_BAG_L1","NeuralNetTorch_r103_BAG_L1","NeuralNetTorch_r104_BAG_L1","NeuralNetTorch_r139_BAG_L1","NeuralNetTorch_r152_BAG_L1","NeuralNetTorch_r161_BAG_L1","NeuralNetTorch_r185_BAG_L1","NeuralNetTorch_r1_BAG_L1","NeuralNetTorch_r31_BAG_L1","NeuralNetTorch_r41_BAG_L1","NeuralNetTorch_r53_BAG_L1","NeuralNetTorch_r83_BAG_L1","NeuralNetTorch_r88_BAG_L1","XGBoost_r106_BAG_L1","XGBoost_r131_BAG_L1","XGBoost_r145_BAG_L1","XGBoost_r163_BAG_L1","XGBoost_r17_BAG_L1"]},"weights":{"0":[0.0263157895,0.0263157895,0.0263157895,0.0263157895,0.0263157895,0.0526315789,0.0263157895,0.0263157895,0.0526315789,0.0263157895,0.0263157895,0.0263157895,0.0263157895,0.0263157895,0.0263157895,0.0263157895,0.0263157895,0.0263157895,0.0263157895,0.0263157895,0.0263157895,0.0263157895,0.0263157895,0.0263157895,0.0263157895,0.0263157895,0.0263157895,0.0263157895,0.0263157895,0.0263157895,0.0263157895,0.0263157895,0.0263157895,0.0263157895,0.0263157895,0.0263157895],"1":[0.027027027,0.027027027,0.027027027,0.027027027,0.027027027,0.027027027,0.027027027,0.027027027,0.0540540541,0.027027027,0.027027027,0.027027027,0.027027027,0.027027027,0.027027027,0.027027027,0.027027027,0.027027027,0.027027027,0.027027027,0.027027027,0.027027027,0.027027027,0.027027027,0.027027027,0.027027027,0.027027027,0.027027027,0.027027027,0.027027027,0.027027027,0.027027027,0.027027027,0.027027027,0.027027027,0.027027027],"2":[0.027027027,0.027027027,0.027027027,0.027027027,0.027027027,0.027027027,0.027027027,0.027027027,0.0540540541,0.027027027,0.027027027,0.027027027,0.027027027,0.027027027,0.027027027,0.027027027,0.027027027,0.027027027,0.027027027,0.027027027,0.027027027,0.027027027,0.027027027,0.027027027,0.027027027,0.027027027,0.027027027,0.027027027,0.027027027,0.027027027,0.027027027,0.027027027,0.027027027,0.027027027,0.027027027,0.027027027],"3":[0.025,0.025,0.025,0.025,0.05,0.025,0.025,0.025,0.025,0.05,0.025,0.025,0.025,0.025,0.025,0.025,0.025,0.025,0.05,0.025,0.025,0.025,0.025,0.025,0.025,0.025,0.025,0.025,0.025,0.025,0.025,0.025,0.025,0.025,0.025,0.025,0.025],"4":[0.027027027,0.027027027,0.027027027,0.027027027,0.027027027,0.027027027,0.027027027,0.027027027,0.0540540541,0.027027027,0.027027027,0.027027027,0.027027027,0.027027027,0.027027027,0.027027027,0.027027027,0.027027027,0.027027027,0.027027027,0.027027027,0.027027027,0.027027027,0.027027027,0.027027027,0.027027027,0.027027027,0.027027027,0.027027027,0.027027027,0.027027027,0.027027027,0.027027027,0.027027027,0.027027027,0.027027027],"5":[0.027027027,0.027027027,0.027027027,0.027027027,0.027027027,0.027027027,0.027027027,0.027027027,0.0540540541,0.027027027,0.027027027,0.027027027,0.027027027,0.027027027,0.027027027,0.027027027,0.027027027,0.027027027,0.027027027,0.027027027,0.027027027,0.027027027,0.027027027,0.027027027,0.027027027,0.027027027,0.027027027,0.027027027,0.027027027,0.027027027,0.027027027,0.027027027,0.027027027,0.027027027,0.027027027,0.027027027],"6":[0.027027027,0.027027027,0.027027027,0.027027027,0.027027027,0.027027027,0.027027027,0.027027027,0.027027027,0.0540540541,0.027027027,0.027027027,0.027027027,0.027027027,0.027027027,0.027027027,0.027027027,0.027027027,0.027027027,0.027027027,0.027027027,0.027027027,0.027027027,0.027027027,0.027027027,0.027027027,0.027027027,0.027027027,0.027027027,0.027027027,0.027027027,0.027027027,0.027027027,0.027027027,0.027027027,0.027027027],"7":[0.0256410256,0.0256410256,0.0256410256,0.0256410256,0.0256410256,0.0256410256,0.0256410256,0.0256410256,0.0512820513,0.0256410256,0.0256410256,0.0256410256,0.0256410256,0.0256410256,0.0256410256,0.0256410256,0.0256410256,0.0256410256,0.0256410256,0.0256410256,0.0256410256,0.0256410256,0.0256410256,0.0256410256,0.0256410256,0.0256410256,0.0256410256,0.0256410256,0.0256410256,0.0256410256,0.0256410256,0.0256410256,0.0256410256,0.0256410256,0.0256410256,0.0256410256,0.0256410256,0.0256410256],"8":[0.0263157895,0.0263157895,0.0263157895,0.0263157895,0.0263157895,0.0263157895,0.0263157895,0.0263157895,0.0263157895,0.0263157895,0.0526315789,0.0263157895,0.0263157895,0.0263157895,0.0263157895,0.0263157895,0.0263157895,0.0263157895,0.0263157895,0.0263157895,0.0263157895,0.0263157895,0.0263157895,0.0263157895,0.0263157895,0.0263157895,0.0263157895,0.0263157895,0.0263157895,0.0263157895,0.0263157895,0.0263157895,0.0263157895,0.0263157895,0.0263157895,0.0263157895,0.0263157895],"9":[0.027027027,0.027027027,0.027027027,0.027027027,0.027027027,0.027027027,0.027027027,0.027027027,0.027027027,0.0540540541,0.027027027,0.027027027,0.027027027,0.027027027,0.027027027,0.027027027,0.027027027,0.027027027,0.027027027,0.027027027,0.027027027,0.027027027,0.027027027,0.027027027,0.027027027,0.027027027,0.027027027,0.027027027,0.027027027,0.027027027,0.027027027,0.027027027,0.027027027,0.027027027,0.027027027,0.027027027],"10":[0.027027027,0.027027027,0.027027027,0.027027027,0.027027027,0.027027027,0.027027027,0.027027027,0.0540540541,0.027027027,0.027027027,0.027027027,0.027027027,0.027027027,0.027027027,0.027027027,0.027027027,0.027027027,0.027027027,0.027027027,0.027027027,0.0540540541,0.027027027,0.027027027,0.027027027,0.027027027,0.027027027,0.027027027,0.027027027,0.027027027,0.027027027,0.027027027,0.027027027,0.027027027,0.027027027],"11":[0.0277777778,0.0277777778,0.0277777778,0.0277777778,0.0277777778,0.0277777778,0.0277777778,0.0277777778,0.0277777778,0.0555555556,0.0277777778,0.0277777778,0.0277777778,0.0277777778,0.0277777778,0.0277777778,0.0277777778,0.0277777778,0.0277777778,0.0277777778,0.0277777778,0.0277777778,0.0277777778,0.0277777778,0.0277777778,0.0277777778,0.0277777778,0.0277777778,0.0277777778,0.0277777778,0.0277777778,0.0277777778,0.0277777778,0.0277777778,0.0277777778],"12":[0.027027027,0.027027027,0.027027027,0.027027027,0.027027027,0.027027027,0.027027027,0.027027027,0.0540540541,0.027027027,0.027027027,0.027027027,0.027027027,0.027027027,0.027027027,0.027027027,0.027027027,0.027027027,0.027027027,0.027027027,0.027027027,0.027027027,0.027027027,0.027027027,0.027027027,0.027027027,0.027027027,0.027027027,0.027027027,0.027027027,0.027027027,0.027027027,0.027027027,0.027027027,0.027027027,0.027027027],"13":[0.027027027,0.027027027,0.027027027,0.027027027,0.027027027,0.0540540541,0.027027027,0.027027027,0.0540540541,0.027027027,0.027027027,0.027027027,0.027027027,0.027027027,0.027027027,0.027027027,0.027027027,0.027027027,0.027027027,0.027027027,0.027027027,0.027027027,0.027027027,0.027027027,0.027027027,0.027027027,0.027027027,0.027027027,0.027027027,0.027027027,0.027027027,0.027027027,0.027027027,0.027027027,0.027027027],"14":[0.027027027,0.027027027,0.027027027,0.027027027,0.027027027,0.027027027,0.027027027,0.027027027,0.0540540541,0.027027027,0.027027027,0.027027027,0.027027027,0.027027027,0.027027027,0.027027027,0.027027027,0.027027027,0.027027027,0.027027027,0.027027027,0.027027027,0.027027027,0.027027027,0.027027027,0.027027027,0.027027027,0.027027027,0.027027027,0.027027027,0.027027027,0.027027027,0.027027027,0.027027027,0.027027027,0.027027027],"15":[0.027027027,0.027027027,0.027027027,0.027027027,0.027027027,0.027027027,0.027027027,0.027027027,0.027027027,0.0540540541,0.027027027,0.027027027,0.027027027,0.027027027,0.027027027,0.027027027,0.027027027,0.027027027,0.027027027,0.027027027,0.027027027,0.027027027,0.027027027,0.027027027,0.027027027,0.027027027,0.027027027,0.027027027,0.027027027,0.027027027,0.027027027,0.027027027,0.027027027,0.027027027,0.027027027,0.027027027],"16":[0.027027027,0.027027027,0.027027027,0.027027027,0.027027027,0.027027027,0.027027027,0.027027027,0.0540540541,0.027027027,0.027027027,0.027027027,0.027027027,0.027027027,0.027027027,0.027027027,0.027027027,0.027027027,0.027027027,0.027027027,0.027027027,0.027027027,0.027027027,0.027027027,0.027027027,0.027027027,0.027027027,0.027027027,0.027027027,0.027027027,0.027027027,0.027027027,0.027027027,0.027027027,0.027027027,0.027027027],"17":[0.0277777778,0.0277777778,0.0277777778,0.0277777778,0.0277777778,0.0277777778,0.0277777778,0.0277777778,0.0555555556,0.0277777778,0.0277777778,0.0277777778,0.0277777778,0.0277777778,0.0277777778,0.0277777778,0.0277777778,0.0277777778,0.0277777778,0.0277777778,0.0277777778,0.0277777778,0.0277777778,0.0277777778,0.0277777778,0.0277777778,0.0277777778,0.0277777778,0.0277777778,0.0277777778,0.0277777778,0.0277777778,0.0277777778,0.0277777778,0.0277777778],"18":[0.027027027,0.027027027,0.027027027,0.027027027,0.027027027,0.027027027,0.027027027,0.027027027,0.0540540541,0.027027027,0.027027027,0.027027027,0.027027027,0.027027027,0.027027027,0.027027027,0.027027027,0.027027027,0.027027027,0.027027027,0.027027027,0.027027027,0.027027027,0.027027027,0.027027027,0.027027027,0.027027027,0.027027027,0.027027027,0.027027027,0.027027027,0.027027027,0.027027027,0.027027027,0.027027027,0.027027027],"19":[0.027027027,0.027027027,0.027027027,0.027027027,0.027027027,0.027027027,0.027027027,0.027027027,0.027027027,0.0540540541,0.027027027,0.027027027,0.027027027,0.027027027,0.027027027,0.027027027,0.027027027,0.027027027,0.027027027,0.027027027,0.027027027,0.027027027,0.027027027,0.027027027,0.027027027,0.027027027,0.027027027,0.027027027,0.027027027,0.027027027,0.027027027,0.027027027,0.027027027,0.027027027,0.027027027,0.027027027],"20":[0.027027027,0.027027027,0.027027027,0.027027027,0.027027027,0.027027027,0.027027027,0.027027027,0.027027027,0.0540540541,0.027027027,0.027027027,0.027027027,0.027027027,0.027027027,0.027027027,0.027027027,0.027027027,0.027027027,0.027027027,0.027027027,0.027027027,0.027027027,0.027027027,0.027027027,0.027027027,0.027027027,0.027027027,0.027027027,0.027027027,0.027027027,0.027027027,0.027027027,0.027027027,0.027027027,0.027027027],"21":[0.027027027,0.027027027,0.027027027,0.027027027,0.027027027,0.027027027,0.027027027,0.027027027,0.0540540541,0.027027027,0.027027027,0.027027027,0.027027027,0.027027027,0.027027027,0.027027027,0.027027027,0.027027027,0.027027027,0.027027027,0.027027027,0.027027027,0.027027027,0.027027027,0.027027027,0.027027027,0.027027027,0.027027027,0.027027027,0.027027027,0.027027027,0.027027027,0.027027027,0.027027027,0.027027027,0.027027027],"22":[0.027027027,0.027027027,0.027027027,0.027027027,0.027027027,0.027027027,0.027027027,0.027027027,0.0540540541,0.027027027,0.027027027,0.027027027,0.027027027,0.027027027,0.027027027,0.027027027,0.027027027,0.027027027,0.027027027,0.027027027,0.027027027,0.027027027,0.027027027,0.027027027,0.027027027,0.027027027,0.027027027,0.027027027,0.027027027,0.027027027,0.027027027,0.027027027,0.027027027,0.027027027,0.027027027,0.027027027],"23":[0.0263157895,0.0263157895,0.0263157895,0.0263157895,0.0263157895,0.0263157895,0.0263157895,0.0263157895,0.0526315789,0.0263157895,0.0263157895,0.0263157895,0.0263157895,0.0263157895,0.0263157895,0.0263157895,0.0263157895,0.0526315789,0.0263157895,0.0263157895,0.0263157895,0.0263157895,0.0263157895,0.0263157895,0.0263157895,0.0263157895,0.0263157895,0.0263157895,0.0263157895,0.0263157895,0.0263157895,0.0263157895,0.0263157895,0.0263157895,0.0263157895,0.0263157895],"24":[0.027027027,0.027027027,0.027027027,0.027027027,0.027027027,0.027027027,0.027027027,0.027027027,0.0540540541,0.027027027,0.027027027,0.027027027,0.027027027,0.027027027,0.027027027,0.027027027,0.027027027,0.027027027,0.027027027,0.027027027,0.027027027,0.027027027,0.027027027,0.027027027,0.027027027,0.027027027,0.027027027,0.027027027,0.027027027,0.027027027,0.027027027,0.027027027,0.027027027,0.027027027,0.027027027,0.027027027],"25":[0.0277777778,0.0277777778,0.0277777778,0.0277777778,0.0277777778,0.0277777778,0.0277777778,0.0277777778,0.0277777778,0.0555555556,0.0277777778,0.0277777778,0.0277777778,0.0277777778,0.0277777778,0.0277777778,0.0277777778,0.0277777778,0.0277777778,0.0277777778,0.0277777778,0.0277777778,0.0277777778,0.0277777778,0.0277777778,0.0277777778,0.0277777778,0.0277777778,0.0277777778,0.0277777778,0.0277777778,0.0277777778,0.0277777778,0.0277777778,0.0277777778],"26":[0.027027027,0.027027027,0.027027027,0.027027027,0.027027027,0.027027027,0.027027027,0.027027027,0.027027027,0.0540540541,0.027027027,0.027027027,0.027027027,0.027027027,0.027027027,0.027027027,0.027027027,0.027027027,0.027027027,0.027027027,0.027027027,0.027027027,0.027027027,0.027027027,0.027027027,0.027027027,0.027027027,0.027027027,0.027027027,0.027027027,0.027027027,0.027027027,0.027027027,0.027027027,0.027027027,0.027027027],"27":[0.027027027,0.027027027,0.027027027,0.027027027,0.027027027,0.027027027,0.027027027,0.027027027,0.0540540541,0.027027027,0.027027027,0.027027027,0.027027027,0.027027027,0.027027027,0.027027027,0.027027027,0.027027027,0.027027027,0.027027027,0.027027027,0.027027027,0.027027027,0.027027027,0.027027027,0.027027027,0.027027027,0.027027027,0.027027027,0.027027027,0.027027027,0.027027027,0.027027027,0.027027027,0.027027027,0.027027027],"28":[0.0277777778,0.0277777778,0.0277777778,0.0277777778,0.0277777778,0.0277777778,0.0277777778,0.0277777778,0.0555555556,0.0277777778,0.0277777778,0.0277777778,0.0277777778,0.0277777778,0.0277777778,0.0277777778,0.0277777778,0.0277777778,0.0277777778,0.0277777778,0.0277777778,0.0277777778,0.0277777778,0.0277777778,0.0277777778,0.0277777778,0.0277777778,0.0277777778,0.0277777778,0.0277777778,0.0277777778,0.0277777778,0.0277777778,0.0277777778,0.0277777778],"29":[0.0277777778,0.0277777778,0.0277777778,0.0277777778,0.0277777778,0.0277777778,0.0277777778,0.0277777778,0.0555555556,0.0277777778,0.0277777778,0.0277777778,0.0277777778,0.0277777778,0.0277777778,0.0277777778,0.0277777778,0.0277777778,0.0277777778,0.0277777778,0.0277777778,0.0277777778,0.0277777778,0.0277777778,0.0277777778,0.0277777778,0.0277777778,0.0277777778,0.0277777778,0.0277777778,0.0277777778,0.0277777778,0.0277777778,0.0277777778,0.0277777778],"30":[0.0277777778,0.0277777778,0.0277777778,0.0277777778,0.0277777778,0.0277777778,0.0277777778,0.0277777778,0.0555555556,0.0277777778,0.0277777778,0.0277777778,0.0277777778,0.0277777778,0.0277777778,0.0277777778,0.0277777778,0.0277777778,0.0277777778,0.0277777778,0.0277777778,0.0277777778,0.0277777778,0.0277777778,0.0277777778,0.0277777778,0.0277777778,0.0277777778,0.0277777778,0.0277777778,0.0277777778,0.0277777778,0.0277777778,0.0277777778,0.0277777778],"31":[0.0277777778,0.0277777778,0.0277777778,0.0277777778,0.0277777778,0.0277777778,0.0277777778,0.0277777778,0.0555555556,0.0277777778,0.0277777778,0.0277777778,0.0277777778,0.0277777778,0.0277777778,0.0277777778,0.0277777778,0.0277777778,0.0277777778,0.0277777778,0.0277777778,0.0277777778,0.0277777778,0.0277777778,0.0277777778,0.0277777778,0.0277777778,0.0277777778,0.0277777778,0.0277777778,0.0277777778,0.0277777778,0.0277777778,0.0277777778,0.0277777778],"32":[0.025,0.025,0.025,0.025,0.025,0.05,0.025,0.025,0.025,0.025,0.05,0.025,0.025,0.025,0.025,0.025,0.025,0.025,0.025,0.025,0.025,0.025,0.025,0.025,0.025,0.025,0.025,0.025,0.025,0.025,0.025,0.025,0.025,0.025,0.025,0.025,0.025,0.025],"33":[0.0263157895,0.0263157895,0.0263157895,0.0263157895,0.0263157895,0.0263157895,0.0263157895,0.0263157895,0.0263157895,0.0526315789,0.0263157895,0.0263157895,0.0263157895,0.0263157895,0.0263157895,0.0263157895,0.0263157895,0.0263157895,0.0263157895,0.0263157895,0.0263157895,0.0263157895,0.0263157895,0.0263157895,0.0263157895,0.0263157895,0.0263157895,0.0263157895,0.0263157895,0.0263157895,0.0263157895,0.0263157895,0.0263157895,0.0263157895,0.0263157895,0.0263157895,0.0263157895],"34":[0.0256410256,0.0256410256,0.0256410256,0.0256410256,0.0512820513,0.0256410256,0.0256410256,0.0256410256,0.0256410256,0.0512820513,0.0256410256,0.0256410256,0.0256410256,0.0256410256,0.0256410256,0.0256410256,0.0256410256,0.0256410256,0.0256410256,0.0256410256,0.0256410256,0.0256410256,0.0256410256,0.0256410256,0.0256410256,0.0256410256,0.0256410256,0.0256410256,0.0256410256,0.0256410256,0.0256410256,0.0256410256,0.0256410256,0.0256410256,0.0256410256,0.0256410256,0.0256410256],"35":[0.027027027,0.027027027,0.027027027,0.027027027,0.027027027,0.027027027,0.027027027,0.027027027,0.027027027,0.0540540541,0.027027027,0.027027027,0.027027027,0.027027027,0.027027027,0.027027027,0.027027027,0.027027027,0.027027027,0.027027027,0.027027027,0.027027027,0.027027027,0.027027027,0.027027027,0.027027027,0.027027027,0.027027027,0.027027027,0.027027027,0.027027027,0.027027027,0.027027027,0.027027027,0.027027027,0.027027027],"36":[0.027027027,0.027027027,0.027027027,0.027027027,0.027027027,0.027027027,0.027027027,0.027027027,0.0540540541,0.027027027,0.027027027,0.027027027,0.027027027,0.027027027,0.027027027,0.027027027,0.027027027,0.027027027,0.027027027,0.027027027,0.027027027,0.027027027,0.027027027,0.027027027,0.027027027,0.027027027,0.027027027,0.027027027,0.027027027,0.027027027,0.027027027,0.027027027,0.027027027,0.027027027,0.027027027,0.027027027],"37":[0.0285714286,0.0285714286,0.0285714286,0.0285714286,0.0285714286,0.0285714286,0.0285714286,0.0285714286,0.0571428571,0.0285714286,0.0285714286,0.0285714286,0.0285714286,0.0285714286,0.0285714286,0.0285714286,0.0285714286,0.0285714286,0.0285714286,0.0285714286,0.0285714286,0.0285714286,0.0285714286,0.0285714286,0.0285714286,0.0285714286,0.0285714286,0.0285714286,0.0285714286,0.0285714286,0.0285714286,0.0285714286,0.0285714286,0.0285714286],"38":[0.027027027,0.027027027,0.027027027,0.027027027,0.027027027,0.027027027,0.027027027,0.027027027,0.027027027,0.0540540541,0.027027027,0.027027027,0.027027027,0.027027027,0.027027027,0.027027027,0.027027027,0.027027027,0.027027027,0.027027027,0.027027027,0.027027027,0.027027027,0.027027027,0.027027027,0.027027027,0.027027027,0.027027027,0.027027027,0.027027027,0.027027027,0.027027027,0.027027027,0.027027027,0.027027027,0.027027027],"39":[0.0277777778,0.0277777778,0.0277777778,0.0277777778,0.0277777778,0.0277777778,0.0277777778,0.0277777778,0.0555555556,0.0277777778,0.0277777778,0.0277777778,0.0277777778,0.0277777778,0.0277777778,0.0277777778,0.0277777778,0.0277777778,0.0277777778,0.0277777778,0.0277777778,0.0277777778,0.0277777778,0.0277777778,0.0277777778,0.0277777778,0.0277777778,0.0277777778,0.0277777778,0.0277777778,0.0277777778,0.0277777778,0.0277777778,0.0277777778,0.0277777778],"40":[0.0294117647,0.0294117647,0.0294117647,0.0294117647,0.0294117647,0.0294117647,0.0294117647,0.0294117647,0.0588235294,0.0294117647,0.0294117647,0.0294117647,0.0294117647,0.0294117647,0.0294117647,0.0294117647,0.0294117647,0.0294117647,0.0294117647,0.0294117647,0.0294117647,0.0294117647,0.0294117647,0.0294117647,0.0294117647,0.0294117647,0.0294117647,0.0294117647,0.0294117647,0.0294117647,0.0294117647,0.0294117647,0.0294117647],"41":[0.027027027,0.027027027,0.027027027,0.027027027,0.027027027,0.027027027,0.027027027,0.027027027,0.0540540541,0.027027027,0.027027027,0.027027027,0.027027027,0.027027027,0.027027027,0.027027027,0.0540540541,0.027027027,0.027027027,0.027027027,0.027027027,0.027027027,0.027027027,0.027027027,0.027027027,0.027027027,0.027027027,0.027027027,0.027027027,0.027027027,0.027027027,0.027027027,0.027027027,0.027027027,0.027027027],"42":[0.025,0.025,0.025,0.025,0.025,0.05,0.025,0.025,0.025,0.025,0.05,0.025,0.025,0.025,0.025,0.025,0.025,0.025,0.025,0.025,0.025,0.025,0.025,0.025,0.025,0.025,0.025,0.025,0.025,0.025,0.025,0.025,0.025,0.025,0.025,0.025,0.025,0.025],"43":[0.0277777778,0.0277777778,0.0277777778,0.0277777778,0.0277777778,0.0277777778,0.0277777778,0.0277777778,0.0555555556,0.0277777778,0.0277777778,0.0277777778,0.0277777778,0.0277777778,0.0277777778,0.0277777778,0.0277777778,0.0277777778,0.0277777778,0.0277777778,0.0277777778,0.0277777778,0.0277777778,0.0277777778,0.0277777778,0.0277777778,0.0277777778,0.0277777778,0.0277777778,0.0277777778,0.0277777778,0.0277777778,0.0277777778,0.0277777778,0.0277777778],"44":[0.027027027,0.027027027,0.027027027,0.027027027,0.027027027,0.027027027,0.027027027,0.027027027,0.027027027,0.0540540541,0.027027027,0.027027027,0.027027027,0.027027027,0.027027027,0.027027027,0.027027027,0.027027027,0.027027027,0.027027027,0.027027027,0.027027027,0.027027027,0.027027027,0.027027027,0.027027027,0.027027027,0.027027027,0.027027027,0.027027027,0.027027027,0.027027027,0.027027027,0.027027027,0.027027027,0.027027027],"45":[0.027027027,0.027027027,0.027027027,0.027027027,0.027027027,0.027027027,0.027027027,0.027027027,0.0540540541,0.027027027,0.027027027,0.027027027,0.027027027,0.027027027,0.027027027,0.027027027,0.027027027,0.0540540541,0.027027027,0.027027027,0.027027027,0.027027027,0.027027027,0.027027027,0.027027027,0.027027027,0.027027027,0.027027027,0.027027027,0.027027027,0.027027027,0.027027027,0.027027027,0.027027027,0.027027027],"46":[0.0263157895,0.0263157895,0.0263157895,0.0263157895,0.0526315789,0.0263157895,0.0263157895,0.0263157895,0.0526315789,0.0263157895,0.0263157895,0.0263157895,0.0263157895,0.0263157895,0.0263157895,0.0263157895,0.0263157895,0.0263157895,0.0263157895,0.0263157895,0.0263157895,0.0263157895,0.0263157895,0.0263157895,0.0263157895,0.0263157895,0.0263157895,0.0263157895,0.0263157895,0.0263157895,0.0263157895,0.0263157895,0.0263157895,0.0263157895,0.0263157895,0.0263157895],"47":[0.027027027,0.027027027,0.027027027,0.027027027,0.027027027,0.027027027,0.027027027,0.027027027,0.0540540541,0.027027027,0.027027027,0.027027027,0.027027027,0.027027027,0.027027027,0.027027027,0.027027027,0.027027027,0.027027027,0.027027027,0.027027027,0.027027027,0.027027027,0.027027027,0.027027027,0.027027027,0.027027027,0.027027027,0.027027027,0.027027027,0.027027027,0.027027027,0.027027027,0.027027027,0.027027027,0.027027027],"48":[0.0277777778,0.0277777778,0.0277777778,0.0277777778,0.0277777778,0.0277777778,0.0277777778,0.0277777778,0.0555555556,0.0277777778,0.0277777778,0.0277777778,0.0277777778,0.0277777778,0.0277777778,0.0277777778,0.0277777778,0.0277777778,0.0277777778,0.0277777778,0.0277777778,0.0277777778,0.0277777778,0.0277777778,0.0277777778,0.0277777778,0.0277777778,0.0277777778,0.0277777778,0.0277777778,0.0277777778,0.0277777778,0.0277777778,0.0277777778,0.0277777778]},"meta":{"0":37,"1":34,"2":38,"3":40,"4":36,"5":37,"6":37,"7":36,"8":38,"9":37,"10":40,"11":37,"12":37,"13":37,"14":37,"15":38,"16":37,"17":36,"18":39,"19":37,"20":37,"21":40,"22":37,"23":39,"24":37,"25":37,"26":36,"27":37,"28":36,"29":37,"30":36,"31":37,"32":37,"33":37,"34":37,"35":38,"36":37,"37":36,"38":37,"39":37,"40":35,"41":37,"42":38,"43":36,"44":37,"45":37,"46":37,"47":36,"48":36},"task":{"0":"168757_1","1":"168757_1","2":"168757_1","3":"168757_1","4":"168757_1","5":"168757_1","6":"168757_1","7":"168757_1","8":"168757_1","9":"168757_1","10":"168757_1","11":"168757_1","12":"168757_1","13":"168757_1","14":"168757_1","15":"168757_1","16":"168757_1","17":"168757_1","18":"168757_1","19":"168757_1","20":"168757_1","21":"168757_1","22":"168757_1","23":"168757_1","24":"168757_1","25":"168757_1","26":"168757_1","27":"168757_1","28":"168757_1","29":"168757_1","30":"168757_1","31":"168757_1","32":"168757_1","33":"168757_1","34":"168757_1","35":"168757_1","36":"168757_1","37":"168757_1","38":"168757_1","39":"168757_1","40":"168757_1","41":"168757_1","42":"168757_1","43":"168757_1","44":"168757_1","45":"168757_1","46":"168757_1","47":"168757_1","48":"168757_1"},"dataset":{"0":"credit-g","1":"credit-g","2":"credit-g","3":"credit-g","4":"credit-g","5":"credit-g","6":"credit-g","7":"credit-g","8":"credit-g","9":"credit-g","10":"credit-g","11":"credit-g","12":"credit-g","13":"credit-g","14":"credit-g","15":"credit-g","16":"credit-g","17":"credit-g","18":"credit-g","19":"credit-g","20":"credit-g","21":"credit-g","22":"credit-g","23":"credit-g","24":"credit-g","25":"credit-g","26":"credit-g","27":"credit-g","28":"credit-g","29":"credit-g","30":"credit-g","31":"credit-g","32":"credit-g","33":"credit-g","34":"credit-g","35":"credit-g","36":"credit-g","37":"credit-g","38":"credit-g","39":"credit-g","40":"credit-g","41":"credit-g","42":"credit-g","43":"credit-g","44":"credit-g","45":"credit-g","46":"credit-g","47":"credit-g","48":"credit-g"},"fold":{"0":1,"1":1,"2":1,"3":1,"4":1,"5":1,"6":1,"7":1,"8":1,"9":1,"10":1,"11":1,"12":1,"13":1,"14":1,"15":1,"16":1,"17":1,"18":1,"19":1,"20":1,"21":1,"22":1,"23":1,"24":1,"25":1,"26":1,"27":1,"28":1,"29":1,"30":1,"31":1,"32":1,"33":1,"34":1,"35":1,"36":1,"37":1,"38":1,"39":1,"40":1,"41":1,"42":1,"43":1,"44":1,"45":1,"46":1,"47":1,"48":1},"method":{"0":"QO","1":"QO","2":"QO","3":"QO","4":"QO","5":"QO","6":"QO","7":"QO","8":"QO","9":"QO","10":"QO","11":"QO","12":"QO","13":"QO","14":"QO","15":"QO","16":"QO","17":"QO","18":"QO","19":"QO","20":"QO","21":"QO","22":"QO","23":"QO","24":"QO","25":"QO","26":"QO","27":"QO","28":"QO","29":"QO","30":"QO","31":"QO","32":"QO","33":"QO","34":"QO","35":"QO","36":"QO","37":"QO","38":"QO","39":"QO","40":"QO","41":"QO","42":"QO","43":"QO","44":"QO","45":"QO","46":"QO","47":"QO","48":"QO"}}