{"name":{"0":"QO_0","1":"QO_1","2":"QO_2","3":"QO_3","4":"QO_4","5":"QO_5","6":"QO_6","7":"QO_7","8":"QO_8","9":"QO_9","10":"QO_10","11":"QO_11","12":"QO_12","13":"QO_13","14":"QO_14","15":"QO_15","16":"QO_16","17":"QO_17","18":"QO_18","19":"QO_19","20":"QO_20","21":"QO_21","22":"QO_22","23":"QO_23","24":"QO_24","25":"QO_25","26":"QO_26","27":"QO_27","28":"QO_28","29":"QO_29","30":"QO_30","31":"QO_31","32":"QO_32","33":"QO_33","34":"QO_34","35":"QO_35","36":"QO_36","37":"QO_37","38":"QO_38","39":"QO_39","40":"QO_40","41":"QO_41","42":"QO_42","43":"QO_43","44":"QO_44","45":"QO_45","46":"QO_46","47":"QO_47","48":"QO_48"},"roc_auc_val":{"0":0.9996249143,"1":0.9996272958,"2":0.9996272958,"3":0.9996249143,"4":0.9996272958,"5":0.9996237235,"6":0.9996249143,"7":0.9996249143,"8":0.9996249143,"9":0.9996249143,"10":0.9996237235,"11":0.999626105,"12":0.9996284865,"13":0.9996237235,"14":0.9996249143,"15":0.9996249143,"16":0.9996237235,"17":0.9996237235,"18":0.9996249143,"19":0.999626105,"20":0.9996249143,"21":0.999626105,"22":0.9996237235,"23":0.9996249143,"24":0.9996249143,"25":0.9996249143,"26":0.9996249143,"27":0.9996249143,"28":0.9996249143,"29":0.9996249143,"30":0.999626105,"31":0.9996272958,"32":0.999626105,"33":0.9996249143,"34":0.9996237235,"35":0.9996249143,"36":0.999626105,"37":0.9996249143,"38":0.999626105,"39":0.999626105,"40":0.9996249143,"41":0.999626105,"42":0.9996249143,"43":0.9996249143,"44":0.9996249143,"45":0.9996249143,"46":0.9996237235,"47":0.9996249143,"48":0.9996249143},"roc_auc_test":{"0":0.9944058642,"1":0.9945023148,"2":0.9944058642,"3":0.9944058642,"4":0.9945023148,"5":0.9945023148,"6":0.9945023148,"7":0.9944058642,"8":0.9944058642,"9":0.9944058642,"10":0.994695216,"11":0.9947916667,"12":0.9945987654,"13":0.9947916667,"14":0.9944058642,"15":0.9944058642,"16":0.994695216,"17":0.9950810185,"18":0.9944058642,"19":0.9944058642,"20":0.9945987654,"21":0.9944058642,"22":0.9945987654,"23":0.9944058642,"24":0.9945023148,"25":0.9941165123,"26":0.9944058642,"27":0.9944058642,"28":0.9945023148,"29":0.9944058642,"30":0.9944058642,"31":0.9945023148,"32":0.9944058642,"33":0.9944058642,"34":0.9944058642,"35":0.9944058642,"36":0.9945987654,"37":0.9944058642,"38":0.9944058642,"39":0.9944058642,"40":0.9945987654,"41":0.9944058642,"42":0.9944058642,"43":0.9944058642,"44":0.9944058642,"45":0.9944058642,"46":0.9944058642,"47":0.9945023148,"48":0.9945023148},"models_used":{"0":["CatBoost_r91_BAG_L1","ExtraTrees_r11_BAG_L1","ExtraTrees_r159_BAG_L1","ExtraTrees_r179_BAG_L1","ExtraTrees_r52_BAG_L1","ExtraTrees_r59_BAG_L1","ExtraTrees_r94_BAG_L1","NeuralNetFastAI_r127_BAG_L1","NeuralNetFastAI_r129_BAG_L1","NeuralNetFastAI_r13_BAG_L1","NeuralNetFastAI_r161_BAG_L1","NeuralNetFastAI_r178_BAG_L1","NeuralNetFastAI_r56_BAG_L1","NeuralNetFastAI_r59_BAG_L1","NeuralNetFastAI_r71_BAG_L1","NeuralNetFastAI_r98_BAG_L1","NeuralNetTorch_r106_BAG_L1","NeuralNetTorch_r12_BAG_L1","NeuralNetTorch_r132_BAG_L1","NeuralNetTorch_r138_BAG_L1","NeuralNetTorch_r142_BAG_L1","NeuralNetTorch_r153_BAG_L1","NeuralNetTorch_r17_BAG_L1","NeuralNetTorch_r189_BAG_L1","NeuralNetTorch_r191_BAG_L1","NeuralNetTorch_r22_BAG_L1","NeuralNetTorch_r33_BAG_L1","RandomForest_r10_BAG_L1","RandomForest_r192_BAG_L1","RandomForest_r57_BAG_L1","RandomForest_r72_BAG_L1","XGBoost_r39_BAG_L1"],"1":["CatBoost_r91_BAG_L1","ExtraTrees_r11_BAG_L1","ExtraTrees_r159_BAG_L1","ExtraTrees_r179_BAG_L1","ExtraTrees_r181_BAG_L1","ExtraTrees_r52_BAG_L1","ExtraTrees_r59_BAG_L1","ExtraTrees_r94_BAG_L1","NeuralNetFastAI_r127_BAG_L1","NeuralNetFastAI_r129_BAG_L1","NeuralNetFastAI_r13_BAG_L1","NeuralNetFastAI_r161_BAG_L1","NeuralNetFastAI_r178_BAG_L1","NeuralNetFastAI_r56_BAG_L1","NeuralNetFastAI_r59_BAG_L1","NeuralNetFastAI_r71_BAG_L1","NeuralNetFastAI_r98_BAG_L1","NeuralNetTorch_r106_BAG_L1","NeuralNetTorch_r12_BAG_L1","NeuralNetTorch_r132_BAG_L1","NeuralNetTorch_r134_BAG_L1","NeuralNetTorch_r138_BAG_L1","NeuralNetTorch_r142_BAG_L1","NeuralNetTorch_r153_BAG_L1","NeuralNetTorch_r160_BAG_L1","NeuralNetTorch_r17_BAG_L1","NeuralNetTorch_r191_BAG_L1","NeuralNetTorch_r22_BAG_L1","NeuralNetTorch_r33_BAG_L1","RandomForest_r10_BAG_L1","RandomForest_r192_BAG_L1","RandomForest_r57_BAG_L1","RandomForest_r72_BAG_L1","RandomForest_r7_BAG_L1","XGBoost_r39_BAG_L1"],"2":["CatBoost_r91_BAG_L1","ExtraTrees_r11_BAG_L1","ExtraTrees_r159_BAG_L1","ExtraTrees_r179_BAG_L1","ExtraTrees_r52_BAG_L1","ExtraTrees_r59_BAG_L1","ExtraTrees_r94_BAG_L1","NeuralNetFastAI_r127_BAG_L1","NeuralNetFastAI_r129_BAG_L1","NeuralNetFastAI_r13_BAG_L1","NeuralNetFastAI_r161_BAG_L1","NeuralNetFastAI_r178_BAG_L1","NeuralNetFastAI_r56_BAG_L1","NeuralNetFastAI_r59_BAG_L1","NeuralNetFastAI_r71_BAG_L1","NeuralNetFastAI_r98_BAG_L1","NeuralNetTorch_r106_BAG_L1","NeuralNetTorch_r12_BAG_L1","NeuralNetTorch_r132_BAG_L1","NeuralNetTorch_r134_BAG_L1","NeuralNetTorch_r138_BAG_L1","NeuralNetTorch_r142_BAG_L1","NeuralNetTorch_r153_BAG_L1","NeuralNetTorch_r17_BAG_L1","NeuralNetTorch_r191_BAG_L1","NeuralNetTorch_r22_BAG_L1","NeuralNetTorch_r33_BAG_L1","RandomForest_r10_BAG_L1","RandomForest_r192_BAG_L1","RandomForest_r57_BAG_L1","RandomForest_r72_BAG_L1","RandomForest_r7_BAG_L1","XGBoost_r39_BAG_L1"],"3":["CatBoost_r91_BAG_L1","ExtraTrees_r11_BAG_L1","ExtraTrees_r159_BAG_L1","ExtraTrees_r179_BAG_L1","ExtraTrees_r186_BAG_L1","ExtraTrees_r52_BAG_L1","ExtraTrees_r59_BAG_L1","ExtraTrees_r94_BAG_L1","NeuralNetFastAI_r127_BAG_L1","NeuralNetFastAI_r129_BAG_L1","NeuralNetFastAI_r13_BAG_L1","NeuralNetFastAI_r161_BAG_L1","NeuralNetFastAI_r178_BAG_L1","NeuralNetFastAI_r56_BAG_L1","NeuralNetFastAI_r59_BAG_L1","NeuralNetFastAI_r71_BAG_L1","NeuralNetFastAI_r98_BAG_L1","NeuralNetTorch_r106_BAG_L1","NeuralNetTorch_r12_BAG_L1","NeuralNetTorch_r132_BAG_L1","NeuralNetTorch_r138_BAG_L1","NeuralNetTorch_r142_BAG_L1","NeuralNetTorch_r153_BAG_L1","NeuralNetTorch_r160_BAG_L1","NeuralNetTorch_r17_BAG_L1","NeuralNetTorch_r191_BAG_L1","NeuralNetTorch_r22_BAG_L1","NeuralNetTorch_r33_BAG_L1","RandomForest_r10_BAG_L1","RandomForest_r192_BAG_L1","RandomForest_r57_BAG_L1","RandomForest_r72_BAG_L1","XGBoost_r39_BAG_L1"],"4":["CatBoost_r91_BAG_L1","ExtraTrees_r11_BAG_L1","ExtraTrees_r123_BAG_L1","ExtraTrees_r159_BAG_L1","ExtraTrees_r179_BAG_L1","ExtraTrees_r52_BAG_L1","ExtraTrees_r59_BAG_L1","ExtraTrees_r94_BAG_L1","NeuralNetFastAI_r127_BAG_L1","NeuralNetFastAI_r129_BAG_L1","NeuralNetFastAI_r13_BAG_L1","NeuralNetFastAI_r161_BAG_L1","NeuralNetFastAI_r178_BAG_L1","NeuralNetFastAI_r56_BAG_L1","NeuralNetFastAI_r59_BAG_L1","NeuralNetFastAI_r71_BAG_L1","NeuralNetFastAI_r98_BAG_L1","NeuralNetTorch_r106_BAG_L1","NeuralNetTorch_r12_BAG_L1","NeuralNetTorch_r132_BAG_L1","NeuralNetTorch_r134_BAG_L1","NeuralNetTorch_r138_BAG_L1","NeuralNetTorch_r142_BAG_L1","NeuralNetTorch_r153_BAG_L1","NeuralNetTorch_r17_BAG_L1","NeuralNetTorch_r191_BAG_L1","NeuralNetTorch_r22_BAG_L1","NeuralNetTorch_r33_BAG_L1","RandomForest_r10_BAG_L1","RandomForest_r192_BAG_L1","RandomForest_r57_BAG_L1","RandomForest_r72_BAG_L1","RandomForest_r7_BAG_L1","XGBoost_r39_BAG_L1"],"5":["CatBoost_r91_BAG_L1","ExtraTrees_r159_BAG_L1","ExtraTrees_r179_BAG_L1","ExtraTrees_r59_BAG_L1","NeuralNetFastAI_r127_BAG_L1","NeuralNetFastAI_r129_BAG_L1","NeuralNetFastAI_r13_BAG_L1","NeuralNetFastAI_r161_BAG_L1","NeuralNetFastAI_r56_BAG_L1","NeuralNetFastAI_r59_BAG_L1","NeuralNetFastAI_r71_BAG_L1","NeuralNetFastAI_r98_BAG_L1","NeuralNetTorch_r106_BAG_L1","NeuralNetTorch_r12_BAG_L1","NeuralNetTorch_r132_BAG_L1","NeuralNetTorch_r138_BAG_L1","NeuralNetTorch_r142_BAG_L1","NeuralNetTorch_r153_BAG_L1","NeuralNetTorch_r17_BAG_L1","NeuralNetTorch_r191_BAG_L1","NeuralNetTorch_r22_BAG_L1","NeuralNetTorch_r33_BAG_L1","RandomForest_r10_BAG_L1","RandomForest_r192_BAG_L1","RandomForest_r57_BAG_L1","RandomForest_r72_BAG_L1","XGBoost_r39_BAG_L1"],"6":["CatBoost_r91_BAG_L1","ExtraTrees_r159_BAG_L1","ExtraTrees_r179_BAG_L1","ExtraTrees_r59_BAG_L1","ExtraTrees_r90_BAG_L1","ExtraTrees_r94_BAG_L1","NeuralNetFastAI_r127_BAG_L1","NeuralNetFastAI_r129_BAG_L1","NeuralNetFastAI_r13_BAG_L1","NeuralNetFastAI_r161_BAG_L1","NeuralNetFastAI_r178_BAG_L1","NeuralNetFastAI_r56_BAG_L1","NeuralNetFastAI_r59_BAG_L1","NeuralNetFastAI_r71_BAG_L1","NeuralNetFastAI_r98_BAG_L1","NeuralNetTorch_r106_BAG_L1","NeuralNetTorch_r12_BAG_L1","NeuralNetTorch_r132_BAG_L1","NeuralNetTorch_r138_BAG_L1","NeuralNetTorch_r142_BAG_L1","NeuralNetTorch_r153_BAG_L1","NeuralNetTorch_r17_BAG_L1","NeuralNetTorch_r191_BAG_L1","NeuralNetTorch_r22_BAG_L1","NeuralNetTorch_r33_BAG_L1","RandomForest_r10_BAG_L1","RandomForest_r192_BAG_L1","RandomForest_r57_BAG_L1","RandomForest_r72_BAG_L1","XGBoost_r39_BAG_L1"],"7":["CatBoost_r91_BAG_L1","ExtraTrees_r11_BAG_L1","ExtraTrees_r159_BAG_L1","ExtraTrees_r179_BAG_L1","ExtraTrees_r52_BAG_L1","ExtraTrees_r53_BAG_L1","ExtraTrees_r59_BAG_L1","ExtraTrees_r94_BAG_L1","NeuralNetFastAI_r127_BAG_L1","NeuralNetFastAI_r129_BAG_L1","NeuralNetFastAI_r13_BAG_L1","NeuralNetFastAI_r161_BAG_L1","NeuralNetFastAI_r178_BAG_L1","NeuralNetFastAI_r56_BAG_L1","NeuralNetFastAI_r59_BAG_L1","NeuralNetFastAI_r71_BAG_L1","NeuralNetFastAI_r98_BAG_L1","NeuralNetTorch_r106_BAG_L1","NeuralNetTorch_r12_BAG_L1","NeuralNetTorch_r132_BAG_L1","NeuralNetTorch_r138_BAG_L1","NeuralNetTorch_r142_BAG_L1","NeuralNetTorch_r153_BAG_L1","NeuralNetTorch_r17_BAG_L1","NeuralNetTorch_r191_BAG_L1","NeuralNetTorch_r22_BAG_L1","NeuralNetTorch_r33_BAG_L1","RandomForest_r10_BAG_L1","RandomForest_r192_BAG_L1","RandomForest_r57_BAG_L1","RandomForest_r72_BAG_L1","XGBoost_r39_BAG_L1"],"8":["CatBoost_r91_BAG_L1","ExtraTrees_r159_BAG_L1","ExtraTrees_r179_BAG_L1","ExtraTrees_r59_BAG_L1","ExtraTrees_r87_BAG_L1","ExtraTrees_r94_BAG_L1","NeuralNetFastAI_r127_BAG_L1","NeuralNetFastAI_r129_BAG_L1","NeuralNetFastAI_r13_BAG_L1","NeuralNetFastAI_r161_BAG_L1","NeuralNetFastAI_r178_BAG_L1","NeuralNetFastAI_r56_BAG_L1","NeuralNetFastAI_r59_BAG_L1","NeuralNetFastAI_r71_BAG_L1","NeuralNetFastAI_r98_BAG_L1","NeuralNetTorch_r106_BAG_L1","NeuralNetTorch_r12_BAG_L1","NeuralNetTorch_r132_BAG_L1","NeuralNetTorch_r138_BAG_L1","NeuralNetTorch_r142_BAG_L1","NeuralNetTorch_r153_BAG_L1","NeuralNetTorch_r17_BAG_L1","NeuralNetTorch_r191_BAG_L1","NeuralNetTorch_r22_BAG_L1","NeuralNetTorch_r33_BAG_L1","RandomForest_r10_BAG_L1","RandomForest_r192_BAG_L1","RandomForest_r57_BAG_L1","RandomForest_r72_BAG_L1","XGBoost_r39_BAG_L1"],"9":["CatBoost_r91_BAG_L1","ExtraTrees_r11_BAG_L1","ExtraTrees_r159_BAG_L1","ExtraTrees_r179_BAG_L1","ExtraTrees_r52_BAG_L1","ExtraTrees_r59_BAG_L1","ExtraTrees_r94_BAG_L1","NeuralNetFastAI_r127_BAG_L1","NeuralNetFastAI_r129_BAG_L1","NeuralNetFastAI_r13_BAG_L1","NeuralNetFastAI_r161_BAG_L1","NeuralNetFastAI_r178_BAG_L1","NeuralNetFastAI_r56_BAG_L1","NeuralNetFastAI_r59_BAG_L1","NeuralNetFastAI_r71_BAG_L1","NeuralNetFastAI_r98_BAG_L1","NeuralNetTorch_r106_BAG_L1","NeuralNetTorch_r12_BAG_L1","NeuralNetTorch_r132_BAG_L1","NeuralNetTorch_r138_BAG_L1","NeuralNetTorch_r142_BAG_L1","NeuralNetTorch_r153_BAG_L1","NeuralNetTorch_r17_BAG_L1","NeuralNetTorch_r191_BAG_L1","NeuralNetTorch_r22_BAG_L1","NeuralNetTorch_r33_BAG_L1","RandomForest_r10_BAG_L1","RandomForest_r192_BAG_L1","RandomForest_r57_BAG_L1","RandomForest_r72_BAG_L1","RandomForest_r7_BAG_L1","XGBoost_r39_BAG_L1"],"10":["CatBoost_r91_BAG_L1","ExtraTrees_r159_BAG_L1","ExtraTrees_r167_BAG_L1","ExtraTrees_r179_BAG_L1","ExtraTrees_r59_BAG_L1","ExtraTrees_r94_BAG_L1","NeuralNetFastAI_r127_BAG_L1","NeuralNetFastAI_r129_BAG_L1","NeuralNetFastAI_r13_BAG_L1","NeuralNetFastAI_r161_BAG_L1","NeuralNetFastAI_r178_BAG_L1","NeuralNetFastAI_r56_BAG_L1","NeuralNetFastAI_r59_BAG_L1","NeuralNetFastAI_r71_BAG_L1","NeuralNetFastAI_r98_BAG_L1","NeuralNetTorch_r106_BAG_L1","NeuralNetTorch_r12_BAG_L1","NeuralNetTorch_r132_BAG_L1","NeuralNetTorch_r138_BAG_L1","NeuralNetTorch_r142_BAG_L1","NeuralNetTorch_r153_BAG_L1","NeuralNetTorch_r17_BAG_L1","NeuralNetTorch_r191_BAG_L1","NeuralNetTorch_r22_BAG_L1","NeuralNetTorch_r33_BAG_L1","RandomForest_r10_BAG_L1","RandomForest_r192_BAG_L1","RandomForest_r57_BAG_L1","RandomForest_r72_BAG_L1","RandomForest_r7_BAG_L1","XGBoost_r39_BAG_L1"],"11":["CatBoost_r91_BAG_L1","ExtraTrees_r11_BAG_L1","ExtraTrees_r159_BAG_L1","ExtraTrees_r179_BAG_L1","ExtraTrees_r52_BAG_L1","ExtraTrees_r53_BAG_L1","ExtraTrees_r59_BAG_L1","ExtraTrees_r90_BAG_L1","ExtraTrees_r91_BAG_L1","ExtraTrees_r94_BAG_L1","NeuralNetFastAI_r127_BAG_L1","NeuralNetFastAI_r129_BAG_L1","NeuralNetFastAI_r13_BAG_L1","NeuralNetFastAI_r161_BAG_L1","NeuralNetFastAI_r178_BAG_L1","NeuralNetFastAI_r56_BAG_L1","NeuralNetFastAI_r59_BAG_L1","NeuralNetFastAI_r71_BAG_L1","NeuralNetFastAI_r98_BAG_L1","NeuralNetTorch_r106_BAG_L1","NeuralNetTorch_r12_BAG_L1","NeuralNetTorch_r132_BAG_L1","NeuralNetTorch_r138_BAG_L1","NeuralNetTorch_r142_BAG_L1","NeuralNetTorch_r153_BAG_L1","NeuralNetTorch_r17_BAG_L1","NeuralNetTorch_r191_BAG_L1","NeuralNetTorch_r22_BAG_L1","NeuralNetTorch_r33_BAG_L1","NeuralNetTorch_r51_BAG_L1","NeuralNetTorch_r87_BAG_L1","RandomForest_r100_BAG_L1","RandomForest_r10_BAG_L1","RandomForest_r192_BAG_L1","RandomForest_r57_BAG_L1","RandomForest_r72_BAG_L1","RandomForest_r77_BAG_L1","XGBoost_r141_BAG_L1","XGBoost_r39_BAG_L1"],"12":["CatBoost_r91_BAG_L1","ExtraTrees_r11_BAG_L1","ExtraTrees_r159_BAG_L1","ExtraTrees_r179_BAG_L1","ExtraTrees_r52_BAG_L1","ExtraTrees_r59_BAG_L1","ExtraTrees_r94_BAG_L1","NeuralNetFastAI_r127_BAG_L1","NeuralNetFastAI_r129_BAG_L1","NeuralNetFastAI_r13_BAG_L1","NeuralNetFastAI_r161_BAG_L1","NeuralNetFastAI_r178_BAG_L1","NeuralNetFastAI_r56_BAG_L1","NeuralNetFastAI_r59_BAG_L1","NeuralNetFastAI_r71_BAG_L1","NeuralNetFastAI_r98_BAG_L1","NeuralNetTorch_r106_BAG_L1","NeuralNetTorch_r12_BAG_L1","NeuralNetTorch_r132_BAG_L1","NeuralNetTorch_r134_BAG_L1","NeuralNetTorch_r138_BAG_L1","NeuralNetTorch_r142_BAG_L1","NeuralNetTorch_r144_BAG_L1","NeuralNetTorch_r153_BAG_L1","NeuralNetTorch_r17_BAG_L1","NeuralNetTorch_r191_BAG_L1","NeuralNetTorch_r22_BAG_L1","NeuralNetTorch_r33_BAG_L1","RandomForest_r10_BAG_L1","RandomForest_r192_BAG_L1","RandomForest_r57_BAG_L1","RandomForest_r72_BAG_L1","RandomForest_r7_BAG_L1","XGBoost_r39_BAG_L1"],"13":["CatBoost_r91_BAG_L1","ExtraTrees_r119_BAG_L1","ExtraTrees_r11_BAG_L1","ExtraTrees_r159_BAG_L1","ExtraTrees_r179_BAG_L1","ExtraTrees_r59_BAG_L1","ExtraTrees_r94_BAG_L1","NeuralNetFastAI_r127_BAG_L1","NeuralNetFastAI_r129_BAG_L1","NeuralNetFastAI_r13_BAG_L1","NeuralNetFastAI_r161_BAG_L1","NeuralNetFastAI_r178_BAG_L1","NeuralNetFastAI_r56_BAG_L1","NeuralNetFastAI_r59_BAG_L1","NeuralNetFastAI_r71_BAG_L1","NeuralNetFastAI_r98_BAG_L1","NeuralNetTorch_r106_BAG_L1","NeuralNetTorch_r12_BAG_L1","NeuralNetTorch_r132_BAG_L1","NeuralNetTorch_r138_BAG_L1","NeuralNetTorch_r142_BAG_L1","NeuralNetTorch_r153_BAG_L1","NeuralNetTorch_r17_BAG_L1","NeuralNetTorch_r191_BAG_L1","NeuralNetTorch_r22_BAG_L1","NeuralNetTorch_r33_BAG_L1","RandomForest_r10_BAG_L1","RandomForest_r192_BAG_L1","RandomForest_r57_BAG_L1","RandomForest_r72_BAG_L1","XGBoost_r39_BAG_L1"],"14":["CatBoost_r91_BAG_L1","ExtraTrees_r11_BAG_L1","ExtraTrees_r159_BAG_L1","ExtraTrees_r179_BAG_L1","ExtraTrees_r59_BAG_L1","ExtraTrees_r94_BAG_L1","NeuralNetFastAI_r127_BAG_L1","NeuralNetFastAI_r129_BAG_L1","NeuralNetFastAI_r13_BAG_L1","NeuralNetFastAI_r161_BAG_L1","NeuralNetFastAI_r178_BAG_L1","NeuralNetFastAI_r56_BAG_L1","NeuralNetFastAI_r59_BAG_L1","NeuralNetFastAI_r71_BAG_L1","NeuralNetFastAI_r98_BAG_L1","NeuralNetTorch_r106_BAG_L1","NeuralNetTorch_r12_BAG_L1","NeuralNetTorch_r132_BAG_L1","NeuralNetTorch_r138_BAG_L1","NeuralNetTorch_r142_BAG_L1","NeuralNetTorch_r153_BAG_L1","NeuralNetTorch_r17_BAG_L1","NeuralNetTorch_r191_BAG_L1","NeuralNetTorch_r22_BAG_L1","NeuralNetTorch_r33_BAG_L1","RandomForest_r10_BAG_L1","RandomForest_r192_BAG_L1","RandomForest_r57_BAG_L1","RandomForest_r72_BAG_L1","XGBoost_r39_BAG_L1"],"15":["CatBoost_r91_BAG_L1","ExtraTrees_r11_BAG_L1","ExtraTrees_r159_BAG_L1","ExtraTrees_r179_BAG_L1","ExtraTrees_r52_BAG_L1","ExtraTrees_r53_BAG_L1","ExtraTrees_r59_BAG_L1","ExtraTrees_r90_BAG_L1","ExtraTrees_r94_BAG_L1","NeuralNetFastAI_r127_BAG_L1","NeuralNetFastAI_r129_BAG_L1","NeuralNetFastAI_r13_BAG_L1","NeuralNetFastAI_r161_BAG_L1","NeuralNetFastAI_r178_BAG_L1","NeuralNetFastAI_r56_BAG_L1","NeuralNetFastAI_r59_BAG_L1","NeuralNetFastAI_r71_BAG_L1","NeuralNetFastAI_r98_BAG_L1","NeuralNetTorch_r106_BAG_L1","NeuralNetTorch_r12_BAG_L1","NeuralNetTorch_r132_BAG_L1","NeuralNetTorch_r138_BAG_L1","NeuralNetTorch_r142_BAG_L1","NeuralNetTorch_r153_BAG_L1","NeuralNetTorch_r17_BAG_L1","NeuralNetTorch_r191_BAG_L1","NeuralNetTorch_r22_BAG_L1","NeuralNetTorch_r33_BAG_L1","RandomForest_r10_BAG_L1","RandomForest_r192_BAG_L1","RandomForest_r57_BAG_L1","RandomForest_r72_BAG_L1","XGBoost_r39_BAG_L1"],"16":["CatBoost_r91_BAG_L1","ExtraTrees_r11_BAG_L1","ExtraTrees_r159_BAG_L1","ExtraTrees_r179_BAG_L1","ExtraTrees_r52_BAG_L1","ExtraTrees_r59_BAG_L1","ExtraTrees_r90_BAG_L1","ExtraTrees_r91_BAG_L1","ExtraTrees_r94_BAG_L1","NeuralNetFastAI_r127_BAG_L1","NeuralNetFastAI_r129_BAG_L1","NeuralNetFastAI_r13_BAG_L1","NeuralNetFastAI_r161_BAG_L1","NeuralNetFastAI_r178_BAG_L1","NeuralNetFastAI_r56_BAG_L1","NeuralNetFastAI_r59_BAG_L1","NeuralNetFastAI_r71_BAG_L1","NeuralNetFastAI_r98_BAG_L1","NeuralNetTorch_r106_BAG_L1","NeuralNetTorch_r12_BAG_L1","NeuralNetTorch_r132_BAG_L1","NeuralNetTorch_r138_BAG_L1","NeuralNetTorch_r142_BAG_L1","NeuralNetTorch_r153_BAG_L1","NeuralNetTorch_r17_BAG_L1","NeuralNetTorch_r191_BAG_L1","NeuralNetTorch_r22_BAG_L1","NeuralNetTorch_r33_BAG_L1","NeuralNetTorch_r87_BAG_L1","RandomForest_r10_BAG_L1","RandomForest_r192_BAG_L1","RandomForest_r57_BAG_L1","RandomForest_r72_BAG_L1","RandomForest_r77_BAG_L1","XGBoost_r159_BAG_L1","XGBoost_r39_BAG_L1"],"17":["CatBoost_r91_BAG_L1","ExtraTrees_r159_BAG_L1","ExtraTrees_r179_BAG_L1","ExtraTrees_r59_BAG_L1","NeuralNetFastAI_r116_BAG_L1","NeuralNetFastAI_r127_BAG_L1","NeuralNetFastAI_r129_BAG_L1","NeuralNetFastAI_r13_BAG_L1","NeuralNetFastAI_r161_BAG_L1","NeuralNetFastAI_r56_BAG_L1","NeuralNetFastAI_r59_BAG_L1","NeuralNetFastAI_r71_BAG_L1","NeuralNetFastAI_r98_BAG_L1","NeuralNetTorch_r106_BAG_L1","NeuralNetTorch_r12_BAG_L1","NeuralNetTorch_r132_BAG_L1","NeuralNetTorch_r138_BAG_L1","NeuralNetTorch_r142_BAG_L1","NeuralNetTorch_r153_BAG_L1","NeuralNetTorch_r17_BAG_L1","NeuralNetTorch_r191_BAG_L1","NeuralNetTorch_r22_BAG_L1","NeuralNetTorch_r33_BAG_L1","RandomForest_r10_BAG_L1","RandomForest_r187_BAG_L1","RandomForest_r192_BAG_L1","RandomForest_r57_BAG_L1","RandomForest_r72_BAG_L1","XGBoost_r39_BAG_L1"],"18":["CatBoost_r91_BAG_L1","ExtraTrees_r11_BAG_L1","ExtraTrees_r159_BAG_L1","ExtraTrees_r179_BAG_L1","ExtraTrees_r180_BAG_L1","ExtraTrees_r52_BAG_L1","ExtraTrees_r53_BAG_L1","ExtraTrees_r59_BAG_L1","ExtraTrees_r94_BAG_L1","NeuralNetFastAI_r127_BAG_L1","NeuralNetFastAI_r129_BAG_L1","NeuralNetFastAI_r13_BAG_L1","NeuralNetFastAI_r161_BAG_L1","NeuralNetFastAI_r178_BAG_L1","NeuralNetFastAI_r56_BAG_L1","NeuralNetFastAI_r59_BAG_L1","NeuralNetFastAI_r71_BAG_L1","NeuralNetFastAI_r98_BAG_L1","NeuralNetTorch_r106_BAG_L1","NeuralNetTorch_r12_BAG_L1","NeuralNetTorch_r132_BAG_L1","NeuralNetTorch_r138_BAG_L1","NeuralNetTorch_r142_BAG_L1","NeuralNetTorch_r153_BAG_L1","NeuralNetTorch_r17_BAG_L1","NeuralNetTorch_r191_BAG_L1","NeuralNetTorch_r22_BAG_L1","NeuralNetTorch_r33_BAG_L1","RandomForest_r10_BAG_L1","RandomForest_r192_BAG_L1","RandomForest_r57_BAG_L1","RandomForest_r72_BAG_L1","XGBoost_r39_BAG_L1"],"19":["CatBoost_r91_BAG_L1","ExtraTrees_r11_BAG_L1","ExtraTrees_r159_BAG_L1","ExtraTrees_r179_BAG_L1","ExtraTrees_r52_BAG_L1","ExtraTrees_r59_BAG_L1","ExtraTrees_r94_BAG_L1","NeuralNetFastAI_r127_BAG_L1","NeuralNetFastAI_r129_BAG_L1","NeuralNetFastAI_r13_BAG_L1","NeuralNetFastAI_r161_BAG_L1","NeuralNetFastAI_r178_BAG_L1","NeuralNetFastAI_r56_BAG_L1","NeuralNetFastAI_r59_BAG_L1","NeuralNetFastAI_r71_BAG_L1","NeuralNetFastAI_r98_BAG_L1","NeuralNetTorch_r106_BAG_L1","NeuralNetTorch_r12_BAG_L1","NeuralNetTorch_r132_BAG_L1","NeuralNetTorch_r138_BAG_L1","NeuralNetTorch_r142_BAG_L1","NeuralNetTorch_r153_BAG_L1","NeuralNetTorch_r17_BAG_L1","NeuralNetTorch_r191_BAG_L1","NeuralNetTorch_r22_BAG_L1","NeuralNetTorch_r33_BAG_L1","RandomForest_r10_BAG_L1","RandomForest_r192_BAG_L1","RandomForest_r57_BAG_L1","RandomForest_r68_BAG_L1","RandomForest_r72_BAG_L1","XGBoost_r39_BAG_L1"],"20":["CatBoost_r91_BAG_L1","ExtraTrees_r11_BAG_L1","ExtraTrees_r130_BAG_L1","ExtraTrees_r159_BAG_L1","ExtraTrees_r179_BAG_L1","ExtraTrees_r59_BAG_L1","ExtraTrees_r94_BAG_L1","NeuralNetFastAI_r127_BAG_L1","NeuralNetFastAI_r129_BAG_L1","NeuralNetFastAI_r13_BAG_L1","NeuralNetFastAI_r161_BAG_L1","NeuralNetFastAI_r178_BAG_L1","NeuralNetFastAI_r56_BAG_L1","NeuralNetFastAI_r59_BAG_L1","NeuralNetFastAI_r71_BAG_L1","NeuralNetFastAI_r98_BAG_L1","NeuralNetTorch_r106_BAG_L1","NeuralNetTorch_r12_BAG_L1","NeuralNetTorch_r132_BAG_L1","NeuralNetTorch_r138_BAG_L1","NeuralNetTorch_r142_BAG_L1","NeuralNetTorch_r153_BAG_L1","NeuralNetTorch_r17_BAG_L1","NeuralNetTorch_r191_BAG_L1","NeuralNetTorch_r22_BAG_L1","NeuralNetTorch_r33_BAG_L1","RandomForest_r10_BAG_L1","RandomForest_r192_BAG_L1","RandomForest_r57_BAG_L1","RandomForest_r72_BAG_L1","XGBoost_r39_BAG_L1"],"21":["CatBoost_r91_BAG_L1","ExtraTrees_r11_BAG_L1","ExtraTrees_r159_BAG_L1","ExtraTrees_r179_BAG_L1","ExtraTrees_r190_BAG_L1","ExtraTrees_r51_BAG_L1","ExtraTrees_r52_BAG_L1","ExtraTrees_r59_BAG_L1","ExtraTrees_r94_BAG_L1","NeuralNetFastAI_r127_BAG_L1","NeuralNetFastAI_r129_BAG_L1","NeuralNetFastAI_r13_BAG_L1","NeuralNetFastAI_r161_BAG_L1","NeuralNetFastAI_r178_BAG_L1","NeuralNetFastAI_r56_BAG_L1","NeuralNetFastAI_r59_BAG_L1","NeuralNetFastAI_r71_BAG_L1","NeuralNetFastAI_r98_BAG_L1","NeuralNetTorch_r106_BAG_L1","NeuralNetTorch_r12_BAG_L1","NeuralNetTorch_r132_BAG_L1","NeuralNetTorch_r138_BAG_L1","NeuralNetTorch_r142_BAG_L1","NeuralNetTorch_r153_BAG_L1","NeuralNetTorch_r160_BAG_L1","NeuralNetTorch_r17_BAG_L1","NeuralNetTorch_r191_BAG_L1","NeuralNetTorch_r22_BAG_L1","NeuralNetTorch_r33_BAG_L1","RandomForest_r10_BAG_L1","RandomForest_r192_BAG_L1","RandomForest_r57_BAG_L1","RandomForest_r72_BAG_L1","XGBoost_r39_BAG_L1"],"22":["CatBoost_r91_BAG_L1","ExtraTrees_r159_BAG_L1","ExtraTrees_r179_BAG_L1","ExtraTrees_r59_BAG_L1","ExtraTrees_r94_BAG_L1","NeuralNetFastAI_r127_BAG_L1","NeuralNetFastAI_r129_BAG_L1","NeuralNetFastAI_r13_BAG_L1","NeuralNetFastAI_r161_BAG_L1","NeuralNetFastAI_r178_BAG_L1","NeuralNetFastAI_r56_BAG_L1","NeuralNetFastAI_r59_BAG_L1","NeuralNetFastAI_r71_BAG_L1","NeuralNetFastAI_r98_BAG_L1","NeuralNetTorch_r106_BAG_L1","NeuralNetTorch_r12_BAG_L1","NeuralNetTorch_r132_BAG_L1","NeuralNetTorch_r138_BAG_L1","NeuralNetTorch_r142_BAG_L1","NeuralNetTorch_r153_BAG_L1","NeuralNetTorch_r17_BAG_L1","NeuralNetTorch_r191_BAG_L1","NeuralNetTorch_r22_BAG_L1","NeuralNetTorch_r33_BAG_L1","RandomForest_r104_BAG_L1","RandomForest_r10_BAG_L1","RandomForest_r192_BAG_L1","RandomForest_r57_BAG_L1","RandomForest_r72_BAG_L1","XGBoost_r39_BAG_L1"],"23":["CatBoost_r91_BAG_L1","ExtraTrees_r11_BAG_L1","ExtraTrees_r159_BAG_L1","ExtraTrees_r179_BAG_L1","ExtraTrees_r52_BAG_L1","ExtraTrees_r59_BAG_L1","ExtraTrees_r94_BAG_L1","NeuralNetFastAI_r127_BAG_L1","NeuralNetFastAI_r129_BAG_L1","NeuralNetFastAI_r13_BAG_L1","NeuralNetFastAI_r161_BAG_L1","NeuralNetFastAI_r178_BAG_L1","NeuralNetFastAI_r56_BAG_L1","NeuralNetFastAI_r59_BAG_L1","NeuralNetFastAI_r71_BAG_L1","NeuralNetFastAI_r98_BAG_L1","NeuralNetTorch_r106_BAG_L1","NeuralNetTorch_r12_BAG_L1","NeuralNetTorch_r132_BAG_L1","NeuralNetTorch_r138_BAG_L1","NeuralNetTorch_r142_BAG_L1","NeuralNetTorch_r153_BAG_L1","NeuralNetTorch_r160_BAG_L1","NeuralNetTorch_r17_BAG_L1","NeuralNetTorch_r191_BAG_L1","NeuralNetTorch_r22_BAG_L1","NeuralNetTorch_r33_BAG_L1","RandomForest_r10_BAG_L1","RandomForest_r192_BAG_L1","RandomForest_r57_BAG_L1","RandomForest_r58_BAG_L1","RandomForest_r72_BAG_L1","XGBoost_r39_BAG_L1"],"24":["CatBoost_r91_BAG_L1","ExtraTrees_r159_BAG_L1","ExtraTrees_r179_BAG_L1","ExtraTrees_r59_BAG_L1","ExtraTrees_r94_BAG_L1","NeuralNetFastAI_r127_BAG_L1","NeuralNetFastAI_r129_BAG_L1","NeuralNetFastAI_r13_BAG_L1","NeuralNetFastAI_r161_BAG_L1","NeuralNetFastAI_r178_BAG_L1","NeuralNetFastAI_r56_BAG_L1","NeuralNetFastAI_r59_BAG_L1","NeuralNetFastAI_r71_BAG_L1","NeuralNetFastAI_r98_BAG_L1","NeuralNetTorch_r106_BAG_L1","NeuralNetTorch_r12_BAG_L1","NeuralNetTorch_r132_BAG_L1","NeuralNetTorch_r138_BAG_L1","NeuralNetTorch_r142_BAG_L1","NeuralNetTorch_r153_BAG_L1","NeuralNetTorch_r17_BAG_L1","NeuralNetTorch_r191_BAG_L1","NeuralNetTorch_r22_BAG_L1","NeuralNetTorch_r33_BAG_L1","RandomForest_r10_BAG_L1","RandomForest_r124_BAG_L1","RandomForest_r192_BAG_L1","RandomForest_r57_BAG_L1","RandomForest_r72_BAG_L1","RandomForest_r7_BAG_L1","XGBoost_r39_BAG_L1"],"25":["CatBoost_r91_BAG_L1","ExtraTrees_r11_BAG_L1","ExtraTrees_r159_BAG_L1","ExtraTrees_r179_BAG_L1","ExtraTrees_r200_BAG_L1","ExtraTrees_r52_BAG_L1","ExtraTrees_r59_BAG_L1","ExtraTrees_r94_BAG_L1","NeuralNetFastAI_r127_BAG_L1","NeuralNetFastAI_r129_BAG_L1","NeuralNetFastAI_r13_BAG_L1","NeuralNetFastAI_r161_BAG_L1","NeuralNetFastAI_r178_BAG_L1","NeuralNetFastAI_r56_BAG_L1","NeuralNetFastAI_r59_BAG_L1","NeuralNetFastAI_r71_BAG_L1","NeuralNetFastAI_r98_BAG_L1","NeuralNetTorch_r106_BAG_L1","NeuralNetTorch_r12_BAG_L1","NeuralNetTorch_r132_BAG_L1","NeuralNetTorch_r134_BAG_L1","NeuralNetTorch_r138_BAG_L1","NeuralNetTorch_r142_BAG_L1","NeuralNetTorch_r153_BAG_L1","NeuralNetTorch_r17_BAG_L1","NeuralNetTorch_r191_BAG_L1","NeuralNetTorch_r22_BAG_L1","NeuralNetTorch_r33_BAG_L1","RandomForest_r10_BAG_L1","RandomForest_r192_BAG_L1","RandomForest_r57_BAG_L1","RandomForest_r72_BAG_L1","RandomForest_r7_BAG_L1","XGBoost_r39_BAG_L1"],"26":["CatBoost_r91_BAG_L1","ExtraTrees_r11_BAG_L1","ExtraTrees_r159_BAG_L1","ExtraTrees_r179_BAG_L1","ExtraTrees_r52_BAG_L1","ExtraTrees_r59_BAG_L1","ExtraTrees_r7_BAG_L1","ExtraTrees_r94_BAG_L1","NeuralNetFastAI_r127_BAG_L1","NeuralNetFastAI_r129_BAG_L1","NeuralNetFastAI_r13_BAG_L1","NeuralNetFastAI_r161_BAG_L1","NeuralNetFastAI_r178_BAG_L1","NeuralNetFastAI_r56_BAG_L1","NeuralNetFastAI_r59_BAG_L1","NeuralNetFastAI_r71_BAG_L1","NeuralNetFastAI_r98_BAG_L1","NeuralNetTorch_r106_BAG_L1","NeuralNetTorch_r12_BAG_L1","NeuralNetTorch_r132_BAG_L1","NeuralNetTorch_r138_BAG_L1","NeuralNetTorch_r142_BAG_L1","NeuralNetTorch_r153_BAG_L1","NeuralNetTorch_r17_BAG_L1","NeuralNetTorch_r191_BAG_L1","NeuralNetTorch_r22_BAG_L1","NeuralNetTorch_r33_BAG_L1","RandomForest_r10_BAG_L1","RandomForest_r192_BAG_L1","RandomForest_r57_BAG_L1","RandomForest_r72_BAG_L1","XGBoost_r39_BAG_L1"],"27":["CatBoost_r91_BAG_L1","ExtraTrees_r11_BAG_L1","ExtraTrees_r159_BAG_L1","ExtraTrees_r179_BAG_L1","ExtraTrees_r52_BAG_L1","ExtraTrees_r59_BAG_L1","ExtraTrees_r94_BAG_L1","NeuralNetFastAI_r127_BAG_L1","NeuralNetFastAI_r129_BAG_L1","NeuralNetFastAI_r13_BAG_L1","NeuralNetFastAI_r161_BAG_L1","NeuralNetFastAI_r178_BAG_L1","NeuralNetFastAI_r56_BAG_L1","NeuralNetFastAI_r59_BAG_L1","NeuralNetFastAI_r71_BAG_L1","NeuralNetFastAI_r98_BAG_L1","NeuralNetTorch_r106_BAG_L1","NeuralNetTorch_r12_BAG_L1","NeuralNetTorch_r132_BAG_L1","NeuralNetTorch_r138_BAG_L1","NeuralNetTorch_r142_BAG_L1","NeuralNetTorch_r153_BAG_L1","NeuralNetTorch_r160_BAG_L1","NeuralNetTorch_r17_BAG_L1","NeuralNetTorch_r191_BAG_L1","NeuralNetTorch_r22_BAG_L1","NeuralNetTorch_r33_BAG_L1","RandomForest_r10_BAG_L1","RandomForest_r192_BAG_L1","RandomForest_r57_BAG_L1","RandomForest_r72_BAG_L1","XGBoost_r39_BAG_L1"],"28":["CatBoost_r91_BAG_L1","ExtraTrees_r159_BAG_L1","ExtraTrees_r179_BAG_L1","ExtraTrees_r59_BAG_L1","ExtraTrees_r94_BAG_L1","NeuralNetFastAI_r127_BAG_L1","NeuralNetFastAI_r129_BAG_L1","NeuralNetFastAI_r13_BAG_L1","NeuralNetFastAI_r161_BAG_L1","NeuralNetFastAI_r178_BAG_L1","NeuralNetFastAI_r56_BAG_L1","NeuralNetFastAI_r59_BAG_L1","NeuralNetFastAI_r71_BAG_L1","NeuralNetFastAI_r98_BAG_L1","NeuralNetTorch_r106_BAG_L1","NeuralNetTorch_r12_BAG_L1","NeuralNetTorch_r132_BAG_L1","NeuralNetTorch_r138_BAG_L1","NeuralNetTorch_r142_BAG_L1","NeuralNetTorch_r153_BAG_L1","NeuralNetTorch_r17_BAG_L1","NeuralNetTorch_r191_BAG_L1","NeuralNetTorch_r22_BAG_L1","NeuralNetTorch_r33_BAG_L1","RandomForest_r10_BAG_L1","RandomForest_r192_BAG_L1","RandomForest_r57_BAG_L1","RandomForest_r72_BAG_L1","RandomForest_r7_BAG_L1","XGBoost_r39_BAG_L1"],"29":["CatBoost_r91_BAG_L1","ExtraTrees_r11_BAG_L1","ExtraTrees_r159_BAG_L1","ExtraTrees_r179_BAG_L1","ExtraTrees_r51_BAG_L1","ExtraTrees_r52_BAG_L1","ExtraTrees_r59_BAG_L1","ExtraTrees_r94_BAG_L1","NeuralNetFastAI_r127_BAG_L1","NeuralNetFastAI_r129_BAG_L1","NeuralNetFastAI_r13_BAG_L1","NeuralNetFastAI_r161_BAG_L1","NeuralNetFastAI_r178_BAG_L1","NeuralNetFastAI_r56_BAG_L1","NeuralNetFastAI_r59_BAG_L1","NeuralNetFastAI_r71_BAG_L1","NeuralNetFastAI_r98_BAG_L1","NeuralNetTorch_r106_BAG_L1","NeuralNetTorch_r12_BAG_L1","NeuralNetTorch_r132_BAG_L1","NeuralNetTorch_r138_BAG_L1","NeuralNetTorch_r142_BAG_L1","NeuralNetTorch_r153_BAG_L1","NeuralNetTorch_r160_BAG_L1","NeuralNetTorch_r17_BAG_L1","NeuralNetTorch_r191_BAG_L1","NeuralNetTorch_r22_BAG_L1","NeuralNetTorch_r33_BAG_L1","RandomForest_r10_BAG_L1","RandomForest_r192_BAG_L1","RandomForest_r57_BAG_L1","RandomForest_r72_BAG_L1","XGBoost_r39_BAG_L1"],"30":["CatBoost_r91_BAG_L1","ExtraTrees_r11_BAG_L1","ExtraTrees_r159_BAG_L1","ExtraTrees_r179_BAG_L1","ExtraTrees_r52_BAG_L1","ExtraTrees_r59_BAG_L1","ExtraTrees_r94_BAG_L1","NeuralNetFastAI_r127_BAG_L1","NeuralNetFastAI_r129_BAG_L1","NeuralNetFastAI_r13_BAG_L1","NeuralNetFastAI_r161_BAG_L1","NeuralNetFastAI_r178_BAG_L1","NeuralNetFastAI_r56_BAG_L1","NeuralNetFastAI_r59_BAG_L1","NeuralNetFastAI_r71_BAG_L1","NeuralNetFastAI_r98_BAG_L1","NeuralNetTorch_r106_BAG_L1","NeuralNetTorch_r12_BAG_L1","NeuralNetTorch_r132_BAG_L1","NeuralNetTorch_r138_BAG_L1","NeuralNetTorch_r142_BAG_L1","NeuralNetTorch_r153_BAG_L1","NeuralNetTorch_r160_BAG_L1","NeuralNetTorch_r17_BAG_L1","NeuralNetTorch_r191_BAG_L1","NeuralNetTorch_r22_BAG_L1","NeuralNetTorch_r33_BAG_L1","RandomForest_r10_BAG_L1","RandomForest_r192_BAG_L1","RandomForest_r57_BAG_L1","RandomForest_r72_BAG_L1","XGBoost_r39_BAG_L1"],"31":["CatBoost_r91_BAG_L1","ExtraTrees_r11_BAG_L1","ExtraTrees_r128_BAG_L1","ExtraTrees_r159_BAG_L1","ExtraTrees_r179_BAG_L1","ExtraTrees_r52_BAG_L1","ExtraTrees_r59_BAG_L1","ExtraTrees_r94_BAG_L1","NeuralNetFastAI_r127_BAG_L1","NeuralNetFastAI_r129_BAG_L1","NeuralNetFastAI_r13_BAG_L1","NeuralNetFastAI_r161_BAG_L1","NeuralNetFastAI_r178_BAG_L1","NeuralNetFastAI_r56_BAG_L1","NeuralNetFastAI_r59_BAG_L1","NeuralNetFastAI_r71_BAG_L1","NeuralNetFastAI_r98_BAG_L1","NeuralNetTorch_r106_BAG_L1","NeuralNetTorch_r12_BAG_L1","NeuralNetTorch_r132_BAG_L1","NeuralNetTorch_r134_BAG_L1","NeuralNetTorch_r138_BAG_L1","NeuralNetTorch_r142_BAG_L1","NeuralNetTorch_r153_BAG_L1","NeuralNetTorch_r17_BAG_L1","NeuralNetTorch_r191_BAG_L1","NeuralNetTorch_r22_BAG_L1","NeuralNetTorch_r33_BAG_L1","RandomForest_r10_BAG_L1","RandomForest_r192_BAG_L1","RandomForest_r57_BAG_L1","RandomForest_r72_BAG_L1","RandomForest_r7_BAG_L1","XGBoost_r39_BAG_L1"],"32":["CatBoost_r91_BAG_L1","ExtraTrees_r11_BAG_L1","ExtraTrees_r159_BAG_L1","ExtraTrees_r179_BAG_L1","ExtraTrees_r52_BAG_L1","ExtraTrees_r59_BAG_L1","ExtraTrees_r94_BAG_L1","NeuralNetFastAI_r127_BAG_L1","NeuralNetFastAI_r129_BAG_L1","NeuralNetFastAI_r13_BAG_L1","NeuralNetFastAI_r161_BAG_L1","NeuralNetFastAI_r178_BAG_L1","NeuralNetFastAI_r56_BAG_L1","NeuralNetFastAI_r59_BAG_L1","NeuralNetFastAI_r71_BAG_L1","NeuralNetFastAI_r98_BAG_L1","NeuralNetTorch_r106_BAG_L1","NeuralNetTorch_r12_BAG_L1","NeuralNetTorch_r132_BAG_L1","NeuralNetTorch_r138_BAG_L1","NeuralNetTorch_r142_BAG_L1","NeuralNetTorch_r153_BAG_L1","NeuralNetTorch_r17_BAG_L1","NeuralNetTorch_r191_BAG_L1","NeuralNetTorch_r22_BAG_L1","NeuralNetTorch_r33_BAG_L1","RandomForest_r10_BAG_L1","RandomForest_r192_BAG_L1","RandomForest_r57_BAG_L1","RandomForest_r72_BAG_L1","XGBoost_r39_BAG_L1"],"33":["CatBoost_r91_BAG_L1","ExtraTrees_r11_BAG_L1","ExtraTrees_r159_BAG_L1","ExtraTrees_r179_BAG_L1","ExtraTrees_r52_BAG_L1","ExtraTrees_r59_BAG_L1","ExtraTrees_r94_BAG_L1","NeuralNetFastAI_r127_BAG_L1","NeuralNetFastAI_r129_BAG_L1","NeuralNetFastAI_r13_BAG_L1","NeuralNetFastAI_r161_BAG_L1","NeuralNetFastAI_r178_BAG_L1","NeuralNetFastAI_r56_BAG_L1","NeuralNetFastAI_r59_BAG_L1","NeuralNetFastAI_r71_BAG_L1","NeuralNetFastAI_r98_BAG_L1","NeuralNetTorch_r106_BAG_L1","NeuralNetTorch_r12_BAG_L1","NeuralNetTorch_r132_BAG_L1","NeuralNetTorch_r138_BAG_L1","NeuralNetTorch_r142_BAG_L1","NeuralNetTorch_r153_BAG_L1","NeuralNetTorch_r17_BAG_L1","NeuralNetTorch_r191_BAG_L1","NeuralNetTorch_r22_BAG_L1","NeuralNetTorch_r33_BAG_L1","RandomForest_r10_BAG_L1","RandomForest_r192_BAG_L1","RandomForest_r57_BAG_L1","RandomForest_r72_BAG_L1","XGBoost_r39_BAG_L1"],"34":["CatBoost_r91_BAG_L1","ExtraTrees_r11_BAG_L1","ExtraTrees_r159_BAG_L1","ExtraTrees_r179_BAG_L1","ExtraTrees_r52_BAG_L1","ExtraTrees_r53_BAG_L1","ExtraTrees_r59_BAG_L1","ExtraTrees_r94_BAG_L1","NeuralNetFastAI_r127_BAG_L1","NeuralNetFastAI_r129_BAG_L1","NeuralNetFastAI_r13_BAG_L1","NeuralNetFastAI_r161_BAG_L1","NeuralNetFastAI_r178_BAG_L1","NeuralNetFastAI_r56_BAG_L1","NeuralNetFastAI_r59_BAG_L1","NeuralNetFastAI_r71_BAG_L1","NeuralNetFastAI_r98_BAG_L1","NeuralNetTorch_r106_BAG_L1","NeuralNetTorch_r12_BAG_L1","NeuralNetTorch_r132_BAG_L1","NeuralNetTorch_r138_BAG_L1","NeuralNetTorch_r142_BAG_L1","NeuralNetTorch_r153_BAG_L1","NeuralNetTorch_r17_BAG_L1","NeuralNetTorch_r191_BAG_L1","NeuralNetTorch_r22_BAG_L1","NeuralNetTorch_r33_BAG_L1","RandomForest_r10_BAG_L1","RandomForest_r192_BAG_L1","RandomForest_r57_BAG_L1","RandomForest_r72_BAG_L1","XGBoost_r39_BAG_L1"],"35":["CatBoost_r91_BAG_L1","ExtraTrees_r11_BAG_L1","ExtraTrees_r159_BAG_L1","ExtraTrees_r179_BAG_L1","ExtraTrees_r186_BAG_L1","ExtraTrees_r52_BAG_L1","ExtraTrees_r59_BAG_L1","ExtraTrees_r94_BAG_L1","NeuralNetFastAI_r127_BAG_L1","NeuralNetFastAI_r129_BAG_L1","NeuralNetFastAI_r13_BAG_L1","NeuralNetFastAI_r161_BAG_L1","NeuralNetFastAI_r178_BAG_L1","NeuralNetFastAI_r56_BAG_L1","NeuralNetFastAI_r59_BAG_L1","NeuralNetFastAI_r71_BAG_L1","NeuralNetFastAI_r98_BAG_L1","NeuralNetTorch_r106_BAG_L1","NeuralNetTorch_r12_BAG_L1","NeuralNetTorch_r132_BAG_L1","NeuralNetTorch_r138_BAG_L1","NeuralNetTorch_r142_BAG_L1","NeuralNetTorch_r153_BAG_L1","NeuralNetTorch_r17_BAG_L1","NeuralNetTorch_r191_BAG_L1","NeuralNetTorch_r22_BAG_L1","NeuralNetTorch_r33_BAG_L1","RandomForest_r10_BAG_L1","RandomForest_r192_BAG_L1","RandomForest_r57_BAG_L1","RandomForest_r72_BAG_L1","XGBoost_r39_BAG_L1"],"36":["CatBoost_r91_BAG_L1","ExtraTrees_r11_BAG_L1","ExtraTrees_r159_BAG_L1","ExtraTrees_r179_BAG_L1","ExtraTrees_r52_BAG_L1","ExtraTrees_r59_BAG_L1","ExtraTrees_r94_BAG_L1","NeuralNetFastAI_r127_BAG_L1","NeuralNetFastAI_r129_BAG_L1","NeuralNetFastAI_r13_BAG_L1","NeuralNetFastAI_r161_BAG_L1","NeuralNetFastAI_r178_BAG_L1","NeuralNetFastAI_r56_BAG_L1","NeuralNetFastAI_r59_BAG_L1","NeuralNetFastAI_r71_BAG_L1","NeuralNetFastAI_r98_BAG_L1","NeuralNetTorch_r106_BAG_L1","NeuralNetTorch_r12_BAG_L1","NeuralNetTorch_r132_BAG_L1","NeuralNetTorch_r138_BAG_L1","NeuralNetTorch_r142_BAG_L1","NeuralNetTorch_r153_BAG_L1","NeuralNetTorch_r17_BAG_L1","NeuralNetTorch_r191_BAG_L1","NeuralNetTorch_r22_BAG_L1","NeuralNetTorch_r33_BAG_L1","RandomForest_r10_BAG_L1","RandomForest_r192_BAG_L1","RandomForest_r57_BAG_L1","RandomForest_r72_BAG_L1","RandomForest_r75_BAG_L1","XGBoost_r39_BAG_L1"],"37":["CatBoost_r91_BAG_L1","ExtraTrees_r11_BAG_L1","ExtraTrees_r159_BAG_L1","ExtraTrees_r179_BAG_L1","ExtraTrees_r52_BAG_L1","ExtraTrees_r59_BAG_L1","ExtraTrees_r94_BAG_L1","NeuralNetFastAI_r127_BAG_L1","NeuralNetFastAI_r129_BAG_L1","NeuralNetFastAI_r13_BAG_L1","NeuralNetFastAI_r161_BAG_L1","NeuralNetFastAI_r178_BAG_L1","NeuralNetFastAI_r56_BAG_L1","NeuralNetFastAI_r59_BAG_L1","NeuralNetFastAI_r71_BAG_L1","NeuralNetFastAI_r98_BAG_L1","NeuralNetTorch_r106_BAG_L1","NeuralNetTorch_r12_BAG_L1","NeuralNetTorch_r132_BAG_L1","NeuralNetTorch_r138_BAG_L1","NeuralNetTorch_r142_BAG_L1","NeuralNetTorch_r153_BAG_L1","NeuralNetTorch_r17_BAG_L1","NeuralNetTorch_r191_BAG_L1","NeuralNetTorch_r22_BAG_L1","NeuralNetTorch_r33_BAG_L1","RandomForest_r10_BAG_L1","RandomForest_r192_BAG_L1","RandomForest_r57_BAG_L1","RandomForest_r68_BAG_L1","RandomForest_r72_BAG_L1","XGBoost_r39_BAG_L1"],"38":["CatBoost_r91_BAG_L1","ExtraTrees_r11_BAG_L1","ExtraTrees_r159_BAG_L1","ExtraTrees_r179_BAG_L1","ExtraTrees_r52_BAG_L1","ExtraTrees_r59_BAG_L1","ExtraTrees_r94_BAG_L1","NeuralNetFastAI_r127_BAG_L1","NeuralNetFastAI_r129_BAG_L1","NeuralNetFastAI_r13_BAG_L1","NeuralNetFastAI_r161_BAG_L1","NeuralNetFastAI_r178_BAG_L1","NeuralNetFastAI_r56_BAG_L1","NeuralNetFastAI_r59_BAG_L1","NeuralNetFastAI_r71_BAG_L1","NeuralNetFastAI_r98_BAG_L1","NeuralNetTorch_r106_BAG_L1","NeuralNetTorch_r12_BAG_L1","NeuralNetTorch_r132_BAG_L1","NeuralNetTorch_r138_BAG_L1","NeuralNetTorch_r142_BAG_L1","NeuralNetTorch_r153_BAG_L1","NeuralNetTorch_r17_BAG_L1","NeuralNetTorch_r189_BAG_L1","NeuralNetTorch_r191_BAG_L1","NeuralNetTorch_r22_BAG_L1","NeuralNetTorch_r33_BAG_L1","RandomForest_r10_BAG_L1","RandomForest_r192_BAG_L1","RandomForest_r57_BAG_L1","RandomForest_r72_BAG_L1","XGBoost_r39_BAG_L1"],"39":["CatBoost_r91_BAG_L1","ExtraTrees_r11_BAG_L1","ExtraTrees_r159_BAG_L1","ExtraTrees_r179_BAG_L1","ExtraTrees_r52_BAG_L1","ExtraTrees_r59_BAG_L1","ExtraTrees_r87_BAG_L1","ExtraTrees_r94_BAG_L1","NeuralNetFastAI_r127_BAG_L1","NeuralNetFastAI_r129_BAG_L1","NeuralNetFastAI_r13_BAG_L1","NeuralNetFastAI_r161_BAG_L1","NeuralNetFastAI_r178_BAG_L1","NeuralNetFastAI_r56_BAG_L1","NeuralNetFastAI_r59_BAG_L1","NeuralNetFastAI_r71_BAG_L1","NeuralNetFastAI_r98_BAG_L1","NeuralNetTorch_r106_BAG_L1","NeuralNetTorch_r12_BAG_L1","NeuralNetTorch_r132_BAG_L1","NeuralNetTorch_r138_BAG_L1","NeuralNetTorch_r142_BAG_L1","NeuralNetTorch_r153_BAG_L1","NeuralNetTorch_r17_BAG_L1","NeuralNetTorch_r191_BAG_L1","NeuralNetTorch_r22_BAG_L1","NeuralNetTorch_r33_BAG_L1","RandomForest_r10_BAG_L1","RandomForest_r192_BAG_L1","RandomForest_r57_BAG_L1","RandomForest_r72_BAG_L1","XGBoost_r39_BAG_L1"],"40":["CatBoost_r91_BAG_L1","ExtraTrees_r11_BAG_L1","ExtraTrees_r159_BAG_L1","ExtraTrees_r179_BAG_L1","ExtraTrees_r52_BAG_L1","ExtraTrees_r53_BAG_L1","ExtraTrees_r59_BAG_L1","ExtraTrees_r94_BAG_L1","NeuralNetFastAI_r127_BAG_L1","NeuralNetFastAI_r129_BAG_L1","NeuralNetFastAI_r13_BAG_L1","NeuralNetFastAI_r161_BAG_L1","NeuralNetFastAI_r178_BAG_L1","NeuralNetFastAI_r56_BAG_L1","NeuralNetFastAI_r59_BAG_L1","NeuralNetFastAI_r71_BAG_L1","NeuralNetFastAI_r98_BAG_L1","NeuralNetTorch_r106_BAG_L1","NeuralNetTorch_r12_BAG_L1","NeuralNetTorch_r132_BAG_L1","NeuralNetTorch_r134_BAG_L1","NeuralNetTorch_r138_BAG_L1","NeuralNetTorch_r142_BAG_L1","NeuralNetTorch_r153_BAG_L1","NeuralNetTorch_r17_BAG_L1","NeuralNetTorch_r191_BAG_L1","NeuralNetTorch_r22_BAG_L1","NeuralNetTorch_r33_BAG_L1","RandomForest_r104_BAG_L1","RandomForest_r10_BAG_L1","RandomForest_r192_BAG_L1","RandomForest_r57_BAG_L1","RandomForest_r72_BAG_L1","RandomForest_r7_BAG_L1","XGBoost_r39_BAG_L1"],"41":["CatBoost_r91_BAG_L1","ExtraTrees_r11_BAG_L1","ExtraTrees_r159_BAG_L1","ExtraTrees_r179_BAG_L1","ExtraTrees_r52_BAG_L1","ExtraTrees_r59_BAG_L1","ExtraTrees_r94_BAG_L1","NeuralNetFastAI_r127_BAG_L1","NeuralNetFastAI_r129_BAG_L1","NeuralNetFastAI_r13_BAG_L1","NeuralNetFastAI_r161_BAG_L1","NeuralNetFastAI_r178_BAG_L1","NeuralNetFastAI_r56_BAG_L1","NeuralNetFastAI_r59_BAG_L1","NeuralNetFastAI_r71_BAG_L1","NeuralNetFastAI_r98_BAG_L1","NeuralNetTorch_r106_BAG_L1","NeuralNetTorch_r12_BAG_L1","NeuralNetTorch_r132_BAG_L1","NeuralNetTorch_r138_BAG_L1","NeuralNetTorch_r142_BAG_L1","NeuralNetTorch_r153_BAG_L1","NeuralNetTorch_r17_BAG_L1","NeuralNetTorch_r189_BAG_L1","NeuralNetTorch_r191_BAG_L1","NeuralNetTorch_r22_BAG_L1","NeuralNetTorch_r33_BAG_L1","RandomForest_r10_BAG_L1","RandomForest_r192_BAG_L1","RandomForest_r57_BAG_L1","RandomForest_r72_BAG_L1","RandomForest_r7_BAG_L1","XGBoost_r39_BAG_L1"],"42":["CatBoost_r91_BAG_L1","ExtraTrees_r11_BAG_L1","ExtraTrees_r159_BAG_L1","ExtraTrees_r179_BAG_L1","ExtraTrees_r59_BAG_L1","ExtraTrees_r94_BAG_L1","NeuralNetFastAI_r127_BAG_L1","NeuralNetFastAI_r129_BAG_L1","NeuralNetFastAI_r13_BAG_L1","NeuralNetFastAI_r161_BAG_L1","NeuralNetFastAI_r178_BAG_L1","NeuralNetFastAI_r56_BAG_L1","NeuralNetFastAI_r59_BAG_L1","NeuralNetFastAI_r71_BAG_L1","NeuralNetFastAI_r98_BAG_L1","NeuralNetTorch_r106_BAG_L1","NeuralNetTorch_r12_BAG_L1","NeuralNetTorch_r132_BAG_L1","NeuralNetTorch_r138_BAG_L1","NeuralNetTorch_r142_BAG_L1","NeuralNetTorch_r153_BAG_L1","NeuralNetTorch_r160_BAG_L1","NeuralNetTorch_r17_BAG_L1","NeuralNetTorch_r191_BAG_L1","NeuralNetTorch_r22_BAG_L1","NeuralNetTorch_r33_BAG_L1","RandomForest_r10_BAG_L1","RandomForest_r192_BAG_L1","RandomForest_r57_BAG_L1","RandomForest_r72_BAG_L1","XGBoost_r39_BAG_L1"],"43":["CatBoost_r91_BAG_L1","ExtraTrees_r11_BAG_L1","ExtraTrees_r159_BAG_L1","ExtraTrees_r179_BAG_L1","ExtraTrees_r52_BAG_L1","ExtraTrees_r59_BAG_L1","ExtraTrees_r90_BAG_L1","ExtraTrees_r94_BAG_L1","NeuralNetFastAI_r127_BAG_L1","NeuralNetFastAI_r129_BAG_L1","NeuralNetFastAI_r13_BAG_L1","NeuralNetFastAI_r161_BAG_L1","NeuralNetFastAI_r178_BAG_L1","NeuralNetFastAI_r56_BAG_L1","NeuralNetFastAI_r59_BAG_L1","NeuralNetFastAI_r71_BAG_L1","NeuralNetFastAI_r98_BAG_L1","NeuralNetTorch_r106_BAG_L1","NeuralNetTorch_r12_BAG_L1","NeuralNetTorch_r132_BAG_L1","NeuralNetTorch_r138_BAG_L1","NeuralNetTorch_r142_BAG_L1","NeuralNetTorch_r153_BAG_L1","NeuralNetTorch_r17_BAG_L1","NeuralNetTorch_r191_BAG_L1","NeuralNetTorch_r22_BAG_L1","NeuralNetTorch_r33_BAG_L1","RandomForest_r10_BAG_L1","RandomForest_r192_BAG_L1","RandomForest_r57_BAG_L1","RandomForest_r72_BAG_L1","XGBoost_r39_BAG_L1"],"44":["CatBoost_r91_BAG_L1","ExtraTrees_r11_BAG_L1","ExtraTrees_r159_BAG_L1","ExtraTrees_r179_BAG_L1","ExtraTrees_r52_BAG_L1","ExtraTrees_r59_BAG_L1","ExtraTrees_r90_BAG_L1","ExtraTrees_r94_BAG_L1","NeuralNetFastAI_r127_BAG_L1","NeuralNetFastAI_r129_BAG_L1","NeuralNetFastAI_r13_BAG_L1","NeuralNetFastAI_r161_BAG_L1","NeuralNetFastAI_r178_BAG_L1","NeuralNetFastAI_r56_BAG_L1","NeuralNetFastAI_r59_BAG_L1","NeuralNetFastAI_r71_BAG_L1","NeuralNetFastAI_r98_BAG_L1","NeuralNetTorch_r106_BAG_L1","NeuralNetTorch_r12_BAG_L1","NeuralNetTorch_r132_BAG_L1","NeuralNetTorch_r138_BAG_L1","NeuralNetTorch_r142_BAG_L1","NeuralNetTorch_r153_BAG_L1","NeuralNetTorch_r17_BAG_L1","NeuralNetTorch_r191_BAG_L1","NeuralNetTorch_r22_BAG_L1","NeuralNetTorch_r33_BAG_L1","RandomForest_r10_BAG_L1","RandomForest_r192_BAG_L1","RandomForest_r57_BAG_L1","RandomForest_r72_BAG_L1","RandomForest_r7_BAG_L1","XGBoost_r39_BAG_L1"],"45":["CatBoost_r91_BAG_L1","ExtraTrees_r11_BAG_L1","ExtraTrees_r159_BAG_L1","ExtraTrees_r179_BAG_L1","ExtraTrees_r52_BAG_L1","ExtraTrees_r59_BAG_L1","ExtraTrees_r94_BAG_L1","NeuralNetFastAI_r127_BAG_L1","NeuralNetFastAI_r129_BAG_L1","NeuralNetFastAI_r13_BAG_L1","NeuralNetFastAI_r161_BAG_L1","NeuralNetFastAI_r178_BAG_L1","NeuralNetFastAI_r56_BAG_L1","NeuralNetFastAI_r59_BAG_L1","NeuralNetFastAI_r71_BAG_L1","NeuralNetFastAI_r98_BAG_L1","NeuralNetTorch_r106_BAG_L1","NeuralNetTorch_r12_BAG_L1","NeuralNetTorch_r132_BAG_L1","NeuralNetTorch_r138_BAG_L1","NeuralNetTorch_r142_BAG_L1","NeuralNetTorch_r153_BAG_L1","NeuralNetTorch_r17_BAG_L1","NeuralNetTorch_r191_BAG_L1","NeuralNetTorch_r22_BAG_L1","NeuralNetTorch_r33_BAG_L1","RandomForest_r10_BAG_L1","RandomForest_r124_BAG_L1","RandomForest_r192_BAG_L1","RandomForest_r57_BAG_L1","RandomForest_r72_BAG_L1","XGBoost_r39_BAG_L1"],"46":["CatBoost_r91_BAG_L1","ExtraTrees_r11_BAG_L1","ExtraTrees_r159_BAG_L1","ExtraTrees_r179_BAG_L1","ExtraTrees_r53_BAG_L1","ExtraTrees_r59_BAG_L1","ExtraTrees_r90_BAG_L1","ExtraTrees_r94_BAG_L1","NeuralNetFastAI_r127_BAG_L1","NeuralNetFastAI_r129_BAG_L1","NeuralNetFastAI_r13_BAG_L1","NeuralNetFastAI_r161_BAG_L1","NeuralNetFastAI_r178_BAG_L1","NeuralNetFastAI_r56_BAG_L1","NeuralNetFastAI_r59_BAG_L1","NeuralNetFastAI_r71_BAG_L1","NeuralNetFastAI_r98_BAG_L1","NeuralNetTorch_r106_BAG_L1","NeuralNetTorch_r12_BAG_L1","NeuralNetTorch_r132_BAG_L1","NeuralNetTorch_r138_BAG_L1","NeuralNetTorch_r142_BAG_L1","NeuralNetTorch_r153_BAG_L1","NeuralNetTorch_r17_BAG_L1","NeuralNetTorch_r191_BAG_L1","NeuralNetTorch_r22_BAG_L1","NeuralNetTorch_r33_BAG_L1","RandomForest_r10_BAG_L1","RandomForest_r192_BAG_L1","RandomForest_r57_BAG_L1","RandomForest_r72_BAG_L1","XGBoost_r39_BAG_L1"],"47":["CatBoost_r91_BAG_L1","ExtraTrees_r11_BAG_L1","ExtraTrees_r159_BAG_L1","ExtraTrees_r179_BAG_L1","ExtraTrees_r52_BAG_L1","ExtraTrees_r59_BAG_L1","ExtraTrees_r94_BAG_L1","NeuralNetFastAI_r127_BAG_L1","NeuralNetFastAI_r129_BAG_L1","NeuralNetFastAI_r13_BAG_L1","NeuralNetFastAI_r161_BAG_L1","NeuralNetFastAI_r178_BAG_L1","NeuralNetFastAI_r56_BAG_L1","NeuralNetFastAI_r59_BAG_L1","NeuralNetFastAI_r71_BAG_L1","NeuralNetFastAI_r98_BAG_L1","NeuralNetTorch_r106_BAG_L1","NeuralNetTorch_r12_BAG_L1","NeuralNetTorch_r132_BAG_L1","NeuralNetTorch_r138_BAG_L1","NeuralNetTorch_r142_BAG_L1","NeuralNetTorch_r153_BAG_L1","NeuralNetTorch_r17_BAG_L1","NeuralNetTorch_r191_BAG_L1","NeuralNetTorch_r22_BAG_L1","NeuralNetTorch_r33_BAG_L1","RandomForest_r10_BAG_L1","RandomForest_r124_BAG_L1","RandomForest_r192_BAG_L1","RandomForest_r57_BAG_L1","RandomForest_r72_BAG_L1","RandomForest_r7_BAG_L1","XGBoost_r39_BAG_L1"],"48":["CatBoost_r91_BAG_L1","ExtraTrees_r159_BAG_L1","ExtraTrees_r179_BAG_L1","ExtraTrees_r59_BAG_L1","ExtraTrees_r94_BAG_L1","NeuralNetFastAI_r127_BAG_L1","NeuralNetFastAI_r129_BAG_L1","NeuralNetFastAI_r13_BAG_L1","NeuralNetFastAI_r161_BAG_L1","NeuralNetFastAI_r178_BAG_L1","NeuralNetFastAI_r56_BAG_L1","NeuralNetFastAI_r59_BAG_L1","NeuralNetFastAI_r71_BAG_L1","NeuralNetFastAI_r98_BAG_L1","NeuralNetTorch_r106_BAG_L1","NeuralNetTorch_r12_BAG_L1","NeuralNetTorch_r132_BAG_L1","NeuralNetTorch_r138_BAG_L1","NeuralNetTorch_r142_BAG_L1","NeuralNetTorch_r153_BAG_L1","NeuralNetTorch_r17_BAG_L1","NeuralNetTorch_r191_BAG_L1","NeuralNetTorch_r22_BAG_L1","NeuralNetTorch_r33_BAG_L1","RandomForest_r10_BAG_L1","RandomForest_r192_BAG_L1","RandomForest_r57_BAG_L1","RandomForest_r72_BAG_L1","XGBoost_r39_BAG_L1"]},"weights":{"0":[0.0294117647,0.0294117647,0.0294117647,0.0294117647,0.0294117647,0.0294117647,0.0294117647,0.0294117647,0.0294117647,0.0294117647,0.0294117647,0.0294117647,0.0294117647,0.0294117647,0.0294117647,0.0294117647,0.0294117647,0.0294117647,0.0588235294,0.0294117647,0.0588235294,0.0294117647,0.0294117647,0.0294117647,0.0294117647,0.0294117647,0.0294117647,0.0294117647,0.0294117647,0.0294117647,0.0294117647,0.0294117647],"1":[0.0263157895,0.0263157895,0.0263157895,0.0263157895,0.0263157895,0.0263157895,0.0263157895,0.0526315789,0.0263157895,0.0263157895,0.0263157895,0.0263157895,0.0263157895,0.0263157895,0.0263157895,0.0263157895,0.0263157895,0.0263157895,0.0263157895,0.0526315789,0.0263157895,0.0263157895,0.0526315789,0.0263157895,0.0263157895,0.0263157895,0.0263157895,0.0263157895,0.0263157895,0.0263157895,0.0263157895,0.0263157895,0.0263157895,0.0263157895,0.0263157895],"2":[0.0277777778,0.0277777778,0.0277777778,0.0277777778,0.0277777778,0.0277777778,0.0555555556,0.0277777778,0.0277777778,0.0277777778,0.0277777778,0.0277777778,0.0277777778,0.0277777778,0.0277777778,0.0277777778,0.0277777778,0.0277777778,0.0555555556,0.0277777778,0.0277777778,0.0555555556,0.0277777778,0.0277777778,0.0277777778,0.0277777778,0.0277777778,0.0277777778,0.0277777778,0.0277777778,0.0277777778,0.0277777778,0.0277777778],"3":[0.0285714286,0.0285714286,0.0285714286,0.0285714286,0.0285714286,0.0285714286,0.0285714286,0.0285714286,0.0285714286,0.0285714286,0.0285714286,0.0285714286,0.0285714286,0.0285714286,0.0285714286,0.0285714286,0.0285714286,0.0285714286,0.0285714286,0.0571428571,0.0285714286,0.0571428571,0.0285714286,0.0285714286,0.0285714286,0.0285714286,0.0285714286,0.0285714286,0.0285714286,0.0285714286,0.0285714286,0.0285714286,0.0285714286],"4":[0.027027027,0.027027027,0.027027027,0.027027027,0.027027027,0.027027027,0.027027027,0.0540540541,0.027027027,0.027027027,0.027027027,0.027027027,0.027027027,0.027027027,0.027027027,0.027027027,0.027027027,0.027027027,0.027027027,0.0540540541,0.027027027,0.027027027,0.0540540541,0.027027027,0.027027027,0.027027027,0.027027027,0.027027027,0.027027027,0.027027027,0.027027027,0.027027027,0.027027027,0.027027027],"5":[0.0344827586,0.0344827586,0.0344827586,0.0344827586,0.0344827586,0.0344827586,0.0344827586,0.0344827586,0.0344827586,0.0344827586,0.0344827586,0.0344827586,0.0344827586,0.0344827586,0.0689655172,0.0344827586,0.0689655172,0.0344827586,0.0344827586,0.0344827586,0.0344827586,0.0344827586,0.0344827586,0.0344827586,0.0344827586,0.0344827586,0.0344827586],"6":[0.03125,0.03125,0.03125,0.03125,0.03125,0.03125,0.03125,0.03125,0.03125,0.03125,0.03125,0.03125,0.03125,0.03125,0.03125,0.03125,0.03125,0.0625,0.03125,0.0625,0.03125,0.03125,0.03125,0.03125,0.03125,0.03125,0.03125,0.03125,0.03125,0.03125],"7":[0.0285714286,0.0285714286,0.0285714286,0.0285714286,0.0285714286,0.0285714286,0.0285714286,0.0571428571,0.0285714286,0.0285714286,0.0285714286,0.0285714286,0.0285714286,0.0285714286,0.0285714286,0.0285714286,0.0285714286,0.0285714286,0.0285714286,0.0571428571,0.0285714286,0.0571428571,0.0285714286,0.0285714286,0.0285714286,0.0285714286,0.0285714286,0.0285714286,0.0285714286,0.0285714286,0.0285714286,0.0285714286],"8":[0.03125,0.03125,0.03125,0.03125,0.03125,0.03125,0.03125,0.03125,0.03125,0.03125,0.03125,0.03125,0.03125,0.03125,0.03125,0.03125,0.03125,0.0625,0.03125,0.0625,0.03125,0.03125,0.03125,0.03125,0.03125,0.03125,0.03125,0.03125,0.03125,0.03125],"9":[0.0294117647,0.0294117647,0.0294117647,0.0294117647,0.0294117647,0.0294117647,0.0294117647,0.0294117647,0.0294117647,0.0294117647,0.0294117647,0.0294117647,0.0294117647,0.0294117647,0.0294117647,0.0294117647,0.0294117647,0.0294117647,0.0588235294,0.0294117647,0.0588235294,0.0294117647,0.0294117647,0.0294117647,0.0294117647,0.0294117647,0.0294117647,0.0294117647,0.0294117647,0.0294117647,0.0294117647,0.0294117647],"10":[0.0303030303,0.0303030303,0.0303030303,0.0303030303,0.0303030303,0.0303030303,0.0303030303,0.0303030303,0.0303030303,0.0303030303,0.0303030303,0.0303030303,0.0303030303,0.0303030303,0.0303030303,0.0303030303,0.0303030303,0.0606060606,0.0303030303,0.0606060606,0.0303030303,0.0303030303,0.0303030303,0.0303030303,0.0303030303,0.0303030303,0.0303030303,0.0303030303,0.0303030303,0.0303030303,0.0303030303],"11":[0.0243902439,0.0243902439,0.0243902439,0.0243902439,0.0243902439,0.0243902439,0.0243902439,0.0243902439,0.0243902439,0.0243902439,0.0243902439,0.0243902439,0.0243902439,0.0243902439,0.0243902439,0.0243902439,0.0243902439,0.0243902439,0.0243902439,0.0243902439,0.0243902439,0.0487804878,0.0243902439,0.0487804878,0.0243902439,0.0243902439,0.0243902439,0.0243902439,0.0243902439,0.0243902439,0.0243902439,0.0243902439,0.0243902439,0.0243902439,0.0243902439,0.0243902439,0.0243902439,0.0243902439,0.0243902439],"12":[0.027027027,0.027027027,0.027027027,0.027027027,0.027027027,0.027027027,0.0540540541,0.027027027,0.027027027,0.027027027,0.027027027,0.027027027,0.027027027,0.027027027,0.027027027,0.027027027,0.027027027,0.027027027,0.0540540541,0.027027027,0.027027027,0.0540540541,0.027027027,0.027027027,0.027027027,0.027027027,0.027027027,0.027027027,0.027027027,0.027027027,0.027027027,0.027027027,0.027027027,0.027027027],"13":[0.0303030303,0.0303030303,0.0303030303,0.0303030303,0.0303030303,0.0303030303,0.0303030303,0.0303030303,0.0303030303,0.0303030303,0.0303030303,0.0303030303,0.0303030303,0.0303030303,0.0303030303,0.0303030303,0.0303030303,0.0303030303,0.0606060606,0.0303030303,0.0606060606,0.0303030303,0.0303030303,0.0303030303,0.0303030303,0.0303030303,0.0303030303,0.0303030303,0.0303030303,0.0303030303,0.0303030303],"14":[0.03125,0.03125,0.03125,0.03125,0.03125,0.03125,0.03125,0.03125,0.03125,0.03125,0.03125,0.03125,0.03125,0.03125,0.03125,0.03125,0.03125,0.0625,0.03125,0.0625,0.03125,0.03125,0.03125,0.03125,0.03125,0.03125,0.03125,0.03125,0.03125,0.03125],"15":[0.0277777778,0.0277777778,0.0277777778,0.0277777778,0.0277777778,0.0277777778,0.0277777778,0.0277777778,0.0555555556,0.0277777778,0.0277777778,0.0277777778,0.0277777778,0.0277777778,0.0277777778,0.0277777778,0.0277777778,0.0277777778,0.0277777778,0.0277777778,0.0555555556,0.0277777778,0.0555555556,0.0277777778,0.0277777778,0.0277777778,0.0277777778,0.0277777778,0.0277777778,0.0277777778,0.0277777778,0.0277777778,0.0277777778],"16":[0.0263157895,0.0263157895,0.0263157895,0.0263157895,0.0263157895,0.0263157895,0.0263157895,0.0263157895,0.0263157895,0.0263157895,0.0263157895,0.0263157895,0.0263157895,0.0263157895,0.0263157895,0.0263157895,0.0263157895,0.0263157895,0.0263157895,0.0263157895,0.0526315789,0.0263157895,0.0526315789,0.0263157895,0.0263157895,0.0263157895,0.0263157895,0.0263157895,0.0263157895,0.0263157895,0.0263157895,0.0263157895,0.0263157895,0.0263157895,0.0263157895,0.0263157895],"17":[0.0322580645,0.0322580645,0.0322580645,0.0322580645,0.0322580645,0.0322580645,0.0322580645,0.0322580645,0.0322580645,0.0322580645,0.0322580645,0.0322580645,0.0322580645,0.0322580645,0.0322580645,0.064516129,0.0322580645,0.064516129,0.0322580645,0.0322580645,0.0322580645,0.0322580645,0.0322580645,0.0322580645,0.0322580645,0.0322580645,0.0322580645,0.0322580645,0.0322580645],"18":[0.0285714286,0.0285714286,0.0285714286,0.0285714286,0.0285714286,0.0285714286,0.0285714286,0.0285714286,0.0285714286,0.0285714286,0.0285714286,0.0285714286,0.0285714286,0.0285714286,0.0285714286,0.0285714286,0.0285714286,0.0285714286,0.0285714286,0.0285714286,0.0571428571,0.0285714286,0.0571428571,0.0285714286,0.0285714286,0.0285714286,0.0285714286,0.0285714286,0.0285714286,0.0285714286,0.0285714286,0.0285714286,0.0285714286],"19":[0.0285714286,0.0285714286,0.0285714286,0.0285714286,0.0285714286,0.0285714286,0.0571428571,0.0285714286,0.0285714286,0.0285714286,0.0285714286,0.0285714286,0.0285714286,0.0285714286,0.0285714286,0.0285714286,0.0285714286,0.0285714286,0.0571428571,0.0285714286,0.0571428571,0.0285714286,0.0285714286,0.0285714286,0.0285714286,0.0285714286,0.0285714286,0.0285714286,0.0285714286,0.0285714286,0.0285714286,0.0285714286],"20":[0.0303030303,0.0303030303,0.0303030303,0.0303030303,0.0303030303,0.0303030303,0.0303030303,0.0303030303,0.0303030303,0.0303030303,0.0303030303,0.0303030303,0.0303030303,0.0303030303,0.0303030303,0.0303030303,0.0303030303,0.0303030303,0.0606060606,0.0303030303,0.0606060606,0.0303030303,0.0303030303,0.0303030303,0.0303030303,0.0303030303,0.0303030303,0.0303030303,0.0303030303,0.0303030303,0.0303030303],"21":[0.027027027,0.027027027,0.027027027,0.027027027,0.027027027,0.027027027,0.027027027,0.027027027,0.0540540541,0.027027027,0.027027027,0.027027027,0.027027027,0.027027027,0.027027027,0.027027027,0.027027027,0.027027027,0.027027027,0.027027027,0.0540540541,0.027027027,0.0540540541,0.027027027,0.027027027,0.027027027,0.027027027,0.027027027,0.027027027,0.027027027,0.027027027,0.027027027,0.027027027,0.027027027],"22":[0.03125,0.03125,0.03125,0.03125,0.03125,0.03125,0.03125,0.03125,0.03125,0.03125,0.03125,0.03125,0.03125,0.03125,0.03125,0.03125,0.0625,0.03125,0.0625,0.03125,0.03125,0.03125,0.03125,0.03125,0.03125,0.03125,0.03125,0.03125,0.03125,0.03125],"23":[0.0285714286,0.0285714286,0.0285714286,0.0285714286,0.0285714286,0.0285714286,0.0285714286,0.0285714286,0.0285714286,0.0285714286,0.0285714286,0.0285714286,0.0285714286,0.0285714286,0.0285714286,0.0285714286,0.0285714286,0.0285714286,0.0571428571,0.0285714286,0.0571428571,0.0285714286,0.0285714286,0.0285714286,0.0285714286,0.0285714286,0.0285714286,0.0285714286,0.0285714286,0.0285714286,0.0285714286,0.0285714286,0.0285714286],"24":[0.0303030303,0.0303030303,0.0303030303,0.0303030303,0.0303030303,0.0303030303,0.0303030303,0.0303030303,0.0303030303,0.0303030303,0.0303030303,0.0303030303,0.0303030303,0.0303030303,0.0303030303,0.0303030303,0.0606060606,0.0303030303,0.0606060606,0.0303030303,0.0303030303,0.0303030303,0.0303030303,0.0303030303,0.0303030303,0.0303030303,0.0303030303,0.0303030303,0.0303030303,0.0303030303,0.0303030303],"25":[0.027027027,0.027027027,0.027027027,0.027027027,0.027027027,0.027027027,0.027027027,0.0540540541,0.027027027,0.027027027,0.027027027,0.027027027,0.027027027,0.027027027,0.027027027,0.027027027,0.027027027,0.027027027,0.027027027,0.0540540541,0.027027027,0.027027027,0.0540540541,0.027027027,0.027027027,0.027027027,0.027027027,0.027027027,0.027027027,0.027027027,0.027027027,0.027027027,0.027027027,0.027027027],"26":[0.0294117647,0.0294117647,0.0294117647,0.0294117647,0.0294117647,0.0294117647,0.0294117647,0.0294117647,0.0294117647,0.0294117647,0.0294117647,0.0294117647,0.0294117647,0.0294117647,0.0294117647,0.0294117647,0.0294117647,0.0294117647,0.0294117647,0.0588235294,0.0294117647,0.0588235294,0.0294117647,0.0294117647,0.0294117647,0.0294117647,0.0294117647,0.0294117647,0.0294117647,0.0294117647,0.0294117647,0.0294117647],"27":[0.0294117647,0.0294117647,0.0294117647,0.0294117647,0.0294117647,0.0294117647,0.0294117647,0.0294117647,0.0294117647,0.0294117647,0.0294117647,0.0294117647,0.0294117647,0.0294117647,0.0294117647,0.0294117647,0.0294117647,0.0294117647,0.0588235294,0.0294117647,0.0588235294,0.0294117647,0.0294117647,0.0294117647,0.0294117647,0.0294117647,0.0294117647,0.0294117647,0.0294117647,0.0294117647,0.0294117647,0.0294117647],"28":[0.03125,0.03125,0.03125,0.03125,0.03125,0.03125,0.03125,0.03125,0.03125,0.03125,0.03125,0.03125,0.03125,0.03125,0.03125,0.03125,0.0625,0.03125,0.0625,0.03125,0.03125,0.03125,0.03125,0.03125,0.03125,0.03125,0.03125,0.03125,0.03125,0.03125],"29":[0.0285714286,0.0285714286,0.0285714286,0.0285714286,0.0285714286,0.0285714286,0.0285714286,0.0285714286,0.0285714286,0.0285714286,0.0285714286,0.0285714286,0.0285714286,0.0285714286,0.0285714286,0.0285714286,0.0285714286,0.0285714286,0.0285714286,0.0571428571,0.0285714286,0.0571428571,0.0285714286,0.0285714286,0.0285714286,0.0285714286,0.0285714286,0.0285714286,0.0285714286,0.0285714286,0.0285714286,0.0285714286,0.0285714286],"30":[0.0285714286,0.0285714286,0.0285714286,0.0285714286,0.0285714286,0.0285714286,0.0571428571,0.0285714286,0.0285714286,0.0285714286,0.0285714286,0.0285714286,0.0285714286,0.0285714286,0.0285714286,0.0285714286,0.0285714286,0.0285714286,0.0571428571,0.0285714286,0.0571428571,0.0285714286,0.0285714286,0.0285714286,0.0285714286,0.0285714286,0.0285714286,0.0285714286,0.0285714286,0.0285714286,0.0285714286,0.0285714286],"31":[0.027027027,0.027027027,0.027027027,0.027027027,0.027027027,0.027027027,0.027027027,0.0540540541,0.027027027,0.027027027,0.027027027,0.027027027,0.027027027,0.027027027,0.027027027,0.027027027,0.027027027,0.027027027,0.027027027,0.0540540541,0.027027027,0.027027027,0.0540540541,0.027027027,0.027027027,0.027027027,0.027027027,0.027027027,0.027027027,0.027027027,0.027027027,0.027027027,0.027027027,0.027027027],"32":[0.0294117647,0.0294117647,0.0294117647,0.0294117647,0.0294117647,0.0294117647,0.0588235294,0.0294117647,0.0294117647,0.0294117647,0.0294117647,0.0294117647,0.0294117647,0.0294117647,0.0294117647,0.0294117647,0.0294117647,0.0294117647,0.0588235294,0.0294117647,0.0588235294,0.0294117647,0.0294117647,0.0294117647,0.0294117647,0.0294117647,0.0294117647,0.0294117647,0.0294117647,0.0294117647,0.0294117647],"33":[0.0303030303,0.0303030303,0.0303030303,0.0303030303,0.0303030303,0.0303030303,0.0303030303,0.0303030303,0.0303030303,0.0303030303,0.0303030303,0.0303030303,0.0303030303,0.0303030303,0.0303030303,0.0303030303,0.0303030303,0.0303030303,0.0606060606,0.0303030303,0.0606060606,0.0303030303,0.0303030303,0.0303030303,0.0303030303,0.0303030303,0.0303030303,0.0303030303,0.0303030303,0.0303030303,0.0303030303],"34":[0.0294117647,0.0294117647,0.0294117647,0.0294117647,0.0294117647,0.0294117647,0.0294117647,0.0294117647,0.0294117647,0.0294117647,0.0294117647,0.0294117647,0.0294117647,0.0294117647,0.0294117647,0.0294117647,0.0294117647,0.0294117647,0.0294117647,0.0588235294,0.0294117647,0.0588235294,0.0294117647,0.0294117647,0.0294117647,0.0294117647,0.0294117647,0.0294117647,0.0294117647,0.0294117647,0.0294117647,0.0294117647],"35":[0.0294117647,0.0294117647,0.0294117647,0.0294117647,0.0294117647,0.0294117647,0.0294117647,0.0294117647,0.0294117647,0.0294117647,0.0294117647,0.0294117647,0.0294117647,0.0294117647,0.0294117647,0.0294117647,0.0294117647,0.0294117647,0.0294117647,0.0588235294,0.0294117647,0.0588235294,0.0294117647,0.0294117647,0.0294117647,0.0294117647,0.0294117647,0.0294117647,0.0294117647,0.0294117647,0.0294117647,0.0294117647],"36":[0.0285714286,0.0285714286,0.0285714286,0.0285714286,0.0285714286,0.0285714286,0.0571428571,0.0285714286,0.0285714286,0.0285714286,0.0285714286,0.0285714286,0.0285714286,0.0285714286,0.0285714286,0.0285714286,0.0285714286,0.0285714286,0.0571428571,0.0285714286,0.0571428571,0.0285714286,0.0285714286,0.0285714286,0.0285714286,0.0285714286,0.0285714286,0.0285714286,0.0285714286,0.0285714286,0.0285714286,0.0285714286],"37":[0.0294117647,0.0294117647,0.0294117647,0.0294117647,0.0294117647,0.0294117647,0.0294117647,0.0294117647,0.0294117647,0.0294117647,0.0294117647,0.0294117647,0.0294117647,0.0294117647,0.0294117647,0.0294117647,0.0294117647,0.0294117647,0.0588235294,0.0294117647,0.0588235294,0.0294117647,0.0294117647,0.0294117647,0.0294117647,0.0294117647,0.0294117647,0.0294117647,0.0294117647,0.0294117647,0.0294117647,0.0294117647],"38":[0.0285714286,0.0285714286,0.0285714286,0.0285714286,0.0285714286,0.0285714286,0.0571428571,0.0285714286,0.0285714286,0.0285714286,0.0285714286,0.0285714286,0.0285714286,0.0285714286,0.0285714286,0.0285714286,0.0285714286,0.0285714286,0.0571428571,0.0285714286,0.0571428571,0.0285714286,0.0285714286,0.0285714286,0.0285714286,0.0285714286,0.0285714286,0.0285714286,0.0285714286,0.0285714286,0.0285714286,0.0285714286],"39":[0.0285714286,0.0285714286,0.0285714286,0.0285714286,0.0285714286,0.0285714286,0.0285714286,0.0571428571,0.0285714286,0.0285714286,0.0285714286,0.0285714286,0.0285714286,0.0285714286,0.0285714286,0.0285714286,0.0285714286,0.0285714286,0.0285714286,0.0571428571,0.0285714286,0.0571428571,0.0285714286,0.0285714286,0.0285714286,0.0285714286,0.0285714286,0.0285714286,0.0285714286,0.0285714286,0.0285714286,0.0285714286],"40":[0.0263157895,0.0263157895,0.0263157895,0.0263157895,0.0263157895,0.0263157895,0.0263157895,0.0526315789,0.0263157895,0.0263157895,0.0263157895,0.0263157895,0.0263157895,0.0263157895,0.0263157895,0.0263157895,0.0263157895,0.0263157895,0.0263157895,0.0526315789,0.0263157895,0.0263157895,0.0526315789,0.0263157895,0.0263157895,0.0263157895,0.0263157895,0.0263157895,0.0263157895,0.0263157895,0.0263157895,0.0263157895,0.0263157895,0.0263157895,0.0263157895],"41":[0.0277777778,0.0277777778,0.0277777778,0.0277777778,0.0277777778,0.0277777778,0.0555555556,0.0277777778,0.0277777778,0.0277777778,0.0277777778,0.0277777778,0.0277777778,0.0277777778,0.0277777778,0.0277777778,0.0277777778,0.0277777778,0.0555555556,0.0277777778,0.0555555556,0.0277777778,0.0277777778,0.0277777778,0.0277777778,0.0277777778,0.0277777778,0.0277777778,0.0277777778,0.0277777778,0.0277777778,0.0277777778,0.0277777778],"42":[0.0303030303,0.0303030303,0.0303030303,0.0303030303,0.0303030303,0.0303030303,0.0303030303,0.0303030303,0.0303030303,0.0303030303,0.0303030303,0.0303030303,0.0303030303,0.0303030303,0.0303030303,0.0303030303,0.0303030303,0.0606060606,0.0303030303,0.0606060606,0.0303030303,0.0303030303,0.0303030303,0.0303030303,0.0303030303,0.0303030303,0.0303030303,0.0303030303,0.0303030303,0.0303030303,0.0303030303],"43":[0.0285714286,0.0285714286,0.0285714286,0.0285714286,0.0285714286,0.0285714286,0.0285714286,0.0571428571,0.0285714286,0.0285714286,0.0285714286,0.0285714286,0.0285714286,0.0285714286,0.0285714286,0.0285714286,0.0285714286,0.0285714286,0.0285714286,0.0571428571,0.0285714286,0.0571428571,0.0285714286,0.0285714286,0.0285714286,0.0285714286,0.0285714286,0.0285714286,0.0285714286,0.0285714286,0.0285714286,0.0285714286],"44":[0.0277777778,0.0277777778,0.0277777778,0.0277777778,0.0277777778,0.0277777778,0.0277777778,0.0555555556,0.0277777778,0.0277777778,0.0277777778,0.0277777778,0.0277777778,0.0277777778,0.0277777778,0.0277777778,0.0277777778,0.0277777778,0.0277777778,0.0555555556,0.0277777778,0.0555555556,0.0277777778,0.0277777778,0.0277777778,0.0277777778,0.0277777778,0.0277777778,0.0277777778,0.0277777778,0.0277777778,0.0277777778,0.0277777778],"45":[0.0294117647,0.0294117647,0.0294117647,0.0294117647,0.0294117647,0.0294117647,0.0294117647,0.0294117647,0.0294117647,0.0294117647,0.0294117647,0.0294117647,0.0294117647,0.0294117647,0.0294117647,0.0294117647,0.0294117647,0.0294117647,0.0588235294,0.0294117647,0.0588235294,0.0294117647,0.0294117647,0.0294117647,0.0294117647,0.0294117647,0.0294117647,0.0294117647,0.0294117647,0.0294117647,0.0294117647,0.0294117647],"46":[0.0294117647,0.0294117647,0.0294117647,0.0294117647,0.0294117647,0.0294117647,0.0294117647,0.0294117647,0.0294117647,0.0294117647,0.0294117647,0.0294117647,0.0294117647,0.0294117647,0.0294117647,0.0294117647,0.0294117647,0.0294117647,0.0294117647,0.0588235294,0.0294117647,0.0588235294,0.0294117647,0.0294117647,0.0294117647,0.0294117647,0.0294117647,0.0294117647,0.0294117647,0.0294117647,0.0294117647,0.0294117647],"47":[0.0285714286,0.0285714286,0.0285714286,0.0285714286,0.0285714286,0.0285714286,0.0285714286,0.0285714286,0.0285714286,0.0285714286,0.0285714286,0.0285714286,0.0285714286,0.0285714286,0.0285714286,0.0285714286,0.0285714286,0.0285714286,0.0571428571,0.0285714286,0.0571428571,0.0285714286,0.0285714286,0.0285714286,0.0285714286,0.0285714286,0.0285714286,0.0285714286,0.0285714286,0.0285714286,0.0285714286,0.0285714286,0.0285714286],"48":[0.0322580645,0.0322580645,0.0322580645,0.0322580645,0.0322580645,0.0322580645,0.0322580645,0.0322580645,0.0322580645,0.0322580645,0.0322580645,0.0322580645,0.0322580645,0.0322580645,0.0322580645,0.0322580645,0.064516129,0.0322580645,0.064516129,0.0322580645,0.0322580645,0.0322580645,0.0322580645,0.0322580645,0.0322580645,0.0322580645,0.0322580645,0.0322580645,0.0322580645]},"meta":{"0":33,"1":32,"2":34,"3":34,"4":34,"5":35,"6":41,"7":35,"8":35,"9":35,"10":33,"11":36,"12":35,"13":32,"14":35,"15":36,"16":37,"17":34,"18":38,"19":31,"20":35,"21":33,"22":37,"23":38,"24":37,"25":37,"26":34,"27":37,"28":33,"29":32,"30":33,"31":38,"32":36,"33":29,"34":32,"35":36,"36":34,"37":34,"38":35,"39":35,"40":34,"41":32,"42":34,"43":33,"44":34,"45":35,"46":35,"47":31,"48":35},"task":{"0":"359957_1","1":"359957_1","2":"359957_1","3":"359957_1","4":"359957_1","5":"359957_1","6":"359957_1","7":"359957_1","8":"359957_1","9":"359957_1","10":"359957_1","11":"359957_1","12":"359957_1","13":"359957_1","14":"359957_1","15":"359957_1","16":"359957_1","17":"359957_1","18":"359957_1","19":"359957_1","20":"359957_1","21":"359957_1","22":"359957_1","23":"359957_1","24":"359957_1","25":"359957_1","26":"359957_1","27":"359957_1","28":"359957_1","29":"359957_1","30":"359957_1","31":"359957_1","32":"359957_1","33":"359957_1","34":"359957_1","35":"359957_1","36":"359957_1","37":"359957_1","38":"359957_1","39":"359957_1","40":"359957_1","41":"359957_1","42":"359957_1","43":"359957_1","44":"359957_1","45":"359957_1","46":"359957_1","47":"359957_1","48":"359957_1"},"dataset":{"0":"cnae-9","1":"cnae-9","2":"cnae-9","3":"cnae-9","4":"cnae-9","5":"cnae-9","6":"cnae-9","7":"cnae-9","8":"cnae-9","9":"cnae-9","10":"cnae-9","11":"cnae-9","12":"cnae-9","13":"cnae-9","14":"cnae-9","15":"cnae-9","16":"cnae-9","17":"cnae-9","18":"cnae-9","19":"cnae-9","20":"cnae-9","21":"cnae-9","22":"cnae-9","23":"cnae-9","24":"cnae-9","25":"cnae-9","26":"cnae-9","27":"cnae-9","28":"cnae-9","29":"cnae-9","30":"cnae-9","31":"cnae-9","32":"cnae-9","33":"cnae-9","34":"cnae-9","35":"cnae-9","36":"cnae-9","37":"cnae-9","38":"cnae-9","39":"cnae-9","40":"cnae-9","41":"cnae-9","42":"cnae-9","43":"cnae-9","44":"cnae-9","45":"cnae-9","46":"cnae-9","47":"cnae-9","48":"cnae-9"},"fold":{"0":1,"1":1,"2":1,"3":1,"4":1,"5":1,"6":1,"7":1,"8":1,"9":1,"10":1,"11":1,"12":1,"13":1,"14":1,"15":1,"16":1,"17":1,"18":1,"19":1,"20":1,"21":1,"22":1,"23":1,"24":1,"25":1,"26":1,"27":1,"28":1,"29":1,"30":1,"31":1,"32":1,"33":1,"34":1,"35":1,"36":1,"37":1,"38":1,"39":1,"40":1,"41":1,"42":1,"43":1,"44":1,"45":1,"46":1,"47":1,"48":1},"method":{"0":"QO","1":"QO","2":"QO","3":"QO","4":"QO","5":"QO","6":"QO","7":"QO","8":"QO","9":"QO","10":"QO","11":"QO","12":"QO","13":"QO","14":"QO","15":"QO","16":"QO","17":"QO","18":"QO","19":"QO","20":"QO","21":"QO","22":"QO","23":"QO","24":"QO","25":"QO","26":"QO","27":"QO","28":"QO","29":"QO","30":"QO","31":"QO","32":"QO","33":"QO","34":"QO","35":"QO","36":"QO","37":"QO","38":"QO","39":"QO","40":"QO","41":"QO","42":"QO","43":"QO","44":"QO","45":"QO","46":"QO","47":"QO","48":"QO"}}