{"name":{"0":"QO_0","1":"QO_1","2":"QO_2","3":"QO_3","4":"QO_4","5":"QO_5","6":"QO_6","7":"QO_7","8":"QO_8","9":"QO_9","10":"QO_10","11":"QO_11","12":"QO_12","13":"QO_13","14":"QO_14","15":"QO_15","16":"QO_16","17":"QO_17","18":"QO_18","19":"QO_19","20":"QO_20","21":"QO_21","22":"QO_22","23":"QO_23","24":"QO_24","25":"QO_25","26":"QO_26","27":"QO_27","28":"QO_28","29":"QO_29","30":"QO_30","31":"QO_31","32":"QO_32","33":"QO_33","34":"QO_34","35":"QO_35","36":"QO_36","37":"QO_37","38":"QO_38","39":"QO_39","40":"QO_40","41":"QO_41","42":"QO_42","43":"QO_43","44":"QO_44","45":"QO_45","46":"QO_46","47":"QO_47","48":"QO_48"},"roc_auc_val":{"0":0.9707938293,"1":0.9706532219,"2":0.9708741764,"3":0.9708942632,"4":0.969930098,"5":0.9707938293,"6":0.9708942632,"7":0.9710348706,"8":0.9700907922,"9":0.9708540897,"10":0.9708942632,"11":0.9708741764,"12":0.9708942632,"13":0.9703519203,"14":0.9707737426,"15":0.9708540897,"16":0.9708139161,"17":0.9703920938,"18":0.9709746103,"19":0.9709746103,"20":0.9707737426,"21":0.9707938293,"22":0.9708540897,"23":0.97029166,"24":0.9708139161,"25":0.9709545235,"26":0.9709545235,"27":0.9704925277,"28":0.9708139161,"29":0.9708139161,"30":0.9707938293,"31":0.9707134822,"32":0.970733569,"33":0.9705126145,"34":0.9708340029,"35":0.9709344368,"36":0.9709746103,"37":0.9699903583,"38":0.970733569,"39":0.9707938293,"40":0.9707737426,"41":0.9704523542,"42":0.9708540897,"43":0.9708340029,"44":0.9706331351,"45":0.9708139161,"46":0.9708942632,"47":0.9699903583,"48":0.9708139161},"roc_auc_test":{"0":0.9448051948,"1":0.9464285714,"2":0.9448051948,"3":0.9448051948,"4":0.9448051948,"5":0.9448051948,"6":0.9448051948,"7":0.9448051948,"8":0.9448051948,"9":0.9448051948,"10":0.9448051948,"11":0.9448051948,"12":0.9464285714,"13":0.9448051948,"14":0.9464285714,"15":0.9448051948,"16":0.9448051948,"17":0.9448051948,"18":0.9448051948,"19":0.9448051948,"20":0.9448051948,"21":0.9448051948,"22":0.9448051948,"23":0.9448051948,"24":0.9448051948,"25":0.9448051948,"26":0.9448051948,"27":0.9448051948,"28":0.9448051948,"29":0.9448051948,"30":0.9448051948,"31":0.9448051948,"32":0.9448051948,"33":0.9448051948,"34":0.9448051948,"35":0.9448051948,"36":0.9448051948,"37":0.9448051948,"38":0.9448051948,"39":0.9448051948,"40":0.9448051948,"41":0.9448051948,"42":0.9448051948,"43":0.9448051948,"44":0.9464285714,"45":0.9448051948,"46":0.9448051948,"47":0.9448051948,"48":0.9464285714},"models_used":{"0":["CatBoost_r114_BAG_L1","CatBoost_r121_BAG_L1","CatBoost_r130_BAG_L1","CatBoost_r136_BAG_L1","CatBoost_r139_BAG_L1","CatBoost_r141_BAG_L1","CatBoost_r172_BAG_L1","CatBoost_r183_BAG_L1","CatBoost_r193_BAG_L1","CatBoost_r199_BAG_L1","CatBoost_r1_BAG_L1","CatBoost_r28_BAG_L1","CatBoost_r49_BAG_L1","CatBoost_r61_BAG_L1","CatBoost_r73_BAG_L1","CatBoost_r87_BAG_L1","ExtraTrees_r128_BAG_L1","ExtraTrees_r155_BAG_L1","ExtraTrees_r48_BAG_L1","ExtraTrees_r90_BAG_L1","LightGBM_r102_BAG_L1","LightGBM_r109_BAG_L1","LightGBM_r126_BAG_L1","LightGBM_r148_BAG_L1","LightGBM_r193_BAG_L1","LightGBM_r48_BAG_L1","NeuralNetFastAI_r143_BAG_L1","NeuralNetFastAI_r96_BAG_L1","NeuralNetFastAI_r9_BAG_L1","NeuralNetTorch_r160_BAG_L1","NeuralNetTorch_r31_BAG_L1","XGBoost_r103_BAG_L1","XGBoost_r151_BAG_L1","XGBoost_r185_BAG_L1","XGBoost_r2_BAG_L1","XGBoost_r92_BAG_L1"],"1":["CatBoost_r114_BAG_L1","CatBoost_r121_BAG_L1","CatBoost_r130_BAG_L1","CatBoost_r136_BAG_L1","CatBoost_r139_BAG_L1","CatBoost_r141_BAG_L1","CatBoost_r172_BAG_L1","CatBoost_r183_BAG_L1","CatBoost_r193_BAG_L1","CatBoost_r199_BAG_L1","CatBoost_r1_BAG_L1","CatBoost_r28_BAG_L1","CatBoost_r49_BAG_L1","CatBoost_r61_BAG_L1","CatBoost_r73_BAG_L1","CatBoost_r87_BAG_L1","ExtraTrees_r128_BAG_L1","ExtraTrees_r155_BAG_L1","ExtraTrees_r48_BAG_L1","LightGBM_r102_BAG_L1","LightGBM_r109_BAG_L1","LightGBM_r126_BAG_L1","LightGBM_r148_BAG_L1","LightGBM_r193_BAG_L1","LightGBM_r48_BAG_L1","NeuralNetFastAI_r143_BAG_L1","NeuralNetFastAI_r95_BAG_L1","NeuralNetFastAI_r96_BAG_L1","NeuralNetFastAI_r9_BAG_L1","NeuralNetTorch_r160_BAG_L1","NeuralNetTorch_r189_BAG_L1","NeuralNetTorch_r31_BAG_L1","XGBoost_r103_BAG_L1","XGBoost_r151_BAG_L1","XGBoost_r185_BAG_L1","XGBoost_r2_BAG_L1","XGBoost_r92_BAG_L1"],"2":["CatBoost_r114_BAG_L1","CatBoost_r117_BAG_L1","CatBoost_r121_BAG_L1","CatBoost_r130_BAG_L1","CatBoost_r136_BAG_L1","CatBoost_r139_BAG_L1","CatBoost_r141_BAG_L1","CatBoost_r172_BAG_L1","CatBoost_r183_BAG_L1","CatBoost_r193_BAG_L1","CatBoost_r199_BAG_L1","CatBoost_r1_BAG_L1","CatBoost_r27_BAG_L1","CatBoost_r28_BAG_L1","CatBoost_r49_BAG_L1","CatBoost_r61_BAG_L1","CatBoost_r6_BAG_L1","CatBoost_r73_BAG_L1","CatBoost_r87_BAG_L1","ExtraTrees_r128_BAG_L1","ExtraTrees_r155_BAG_L1","ExtraTrees_r48_BAG_L1","LightGBM_r102_BAG_L1","LightGBM_r109_BAG_L1","LightGBM_r126_BAG_L1","LightGBM_r148_BAG_L1","LightGBM_r193_BAG_L1","LightGBM_r48_BAG_L1","NeuralNetFastAI_r143_BAG_L1","NeuralNetFastAI_r96_BAG_L1","NeuralNetFastAI_r9_BAG_L1","NeuralNetTorch_r160_BAG_L1","NeuralNetTorch_r31_BAG_L1","XGBoost_r103_BAG_L1","XGBoost_r151_BAG_L1","XGBoost_r185_BAG_L1","XGBoost_r2_BAG_L1","XGBoost_r92_BAG_L1"],"3":["CatBoost_r114_BAG_L1","CatBoost_r121_BAG_L1","CatBoost_r130_BAG_L1","CatBoost_r136_BAG_L1","CatBoost_r139_BAG_L1","CatBoost_r141_BAG_L1","CatBoost_r172_BAG_L1","CatBoost_r183_BAG_L1","CatBoost_r193_BAG_L1","CatBoost_r199_BAG_L1","CatBoost_r1_BAG_L1","CatBoost_r28_BAG_L1","CatBoost_r49_BAG_L1","CatBoost_r61_BAG_L1","CatBoost_r73_BAG_L1","CatBoost_r87_BAG_L1","ExtraTrees_r128_BAG_L1","ExtraTrees_r155_BAG_L1","ExtraTrees_r48_BAG_L1","LightGBM_r102_BAG_L1","LightGBM_r109_BAG_L1","LightGBM_r126_BAG_L1","LightGBM_r148_BAG_L1","LightGBM_r193_BAG_L1","LightGBM_r48_BAG_L1","NeuralNetFastAI_r143_BAG_L1","NeuralNetFastAI_r96_BAG_L1","NeuralNetFastAI_r9_BAG_L1","NeuralNetTorch_r160_BAG_L1","NeuralNetTorch_r31_BAG_L1","XGBoost_r103_BAG_L1","XGBoost_r151_BAG_L1","XGBoost_r185_BAG_L1","XGBoost_r2_BAG_L1","XGBoost_r92_BAG_L1"],"4":["CatBoost_r114_BAG_L1","CatBoost_r117_BAG_L1","CatBoost_r121_BAG_L1","CatBoost_r130_BAG_L1","CatBoost_r136_BAG_L1","CatBoost_r139_BAG_L1","CatBoost_r141_BAG_L1","CatBoost_r172_BAG_L1","CatBoost_r183_BAG_L1","CatBoost_r193_BAG_L1","CatBoost_r199_BAG_L1","CatBoost_r1_BAG_L1","CatBoost_r28_BAG_L1","CatBoost_r49_BAG_L1","CatBoost_r61_BAG_L1","CatBoost_r6_BAG_L1","CatBoost_r73_BAG_L1","CatBoost_r87_BAG_L1","ExtraTrees_r128_BAG_L1","ExtraTrees_r155_BAG_L1","ExtraTrees_r48_BAG_L1","LightGBM_r102_BAG_L1","LightGBM_r109_BAG_L1","LightGBM_r126_BAG_L1","LightGBM_r148_BAG_L1","LightGBM_r193_BAG_L1","LightGBM_r31_BAG_L1","LightGBM_r48_BAG_L1","NeuralNetFastAI_r143_BAG_L1","NeuralNetFastAI_r96_BAG_L1","NeuralNetFastAI_r9_BAG_L1","NeuralNetTorch_r108_BAG_L1","NeuralNetTorch_r160_BAG_L1","NeuralNetTorch_r31_BAG_L1","XGBoost_r103_BAG_L1","XGBoost_r151_BAG_L1","XGBoost_r185_BAG_L1","XGBoost_r2_BAG_L1","XGBoost_r92_BAG_L1"],"5":["CatBoost_r114_BAG_L1","CatBoost_r121_BAG_L1","CatBoost_r130_BAG_L1","CatBoost_r136_BAG_L1","CatBoost_r139_BAG_L1","CatBoost_r141_BAG_L1","CatBoost_r172_BAG_L1","CatBoost_r183_BAG_L1","CatBoost_r193_BAG_L1","CatBoost_r199_BAG_L1","CatBoost_r1_BAG_L1","CatBoost_r28_BAG_L1","CatBoost_r49_BAG_L1","CatBoost_r61_BAG_L1","CatBoost_r73_BAG_L1","CatBoost_r87_BAG_L1","ExtraTrees_r128_BAG_L1","ExtraTrees_r155_BAG_L1","ExtraTrees_r192_BAG_L1","ExtraTrees_r48_BAG_L1","LightGBM_r102_BAG_L1","LightGBM_r109_BAG_L1","LightGBM_r126_BAG_L1","LightGBM_r148_BAG_L1","LightGBM_r193_BAG_L1","LightGBM_r48_BAG_L1","NeuralNetFastAI_r143_BAG_L1","NeuralNetFastAI_r96_BAG_L1","NeuralNetFastAI_r9_BAG_L1","NeuralNetTorch_r160_BAG_L1","NeuralNetTorch_r31_BAG_L1","XGBoost_r103_BAG_L1","XGBoost_r151_BAG_L1","XGBoost_r185_BAG_L1","XGBoost_r2_BAG_L1","XGBoost_r92_BAG_L1"],"6":["CatBoost_r114_BAG_L1","CatBoost_r117_BAG_L1","CatBoost_r121_BAG_L1","CatBoost_r130_BAG_L1","CatBoost_r136_BAG_L1","CatBoost_r139_BAG_L1","CatBoost_r141_BAG_L1","CatBoost_r172_BAG_L1","CatBoost_r183_BAG_L1","CatBoost_r193_BAG_L1","CatBoost_r199_BAG_L1","CatBoost_r1_BAG_L1","CatBoost_r28_BAG_L1","CatBoost_r49_BAG_L1","CatBoost_r61_BAG_L1","CatBoost_r6_BAG_L1","CatBoost_r73_BAG_L1","CatBoost_r87_BAG_L1","ExtraTrees_r128_BAG_L1","ExtraTrees_r155_BAG_L1","ExtraTrees_r39_BAG_L1","ExtraTrees_r48_BAG_L1","LightGBM_r102_BAG_L1","LightGBM_r109_BAG_L1","LightGBM_r126_BAG_L1","LightGBM_r148_BAG_L1","LightGBM_r193_BAG_L1","LightGBM_r48_BAG_L1","NeuralNetFastAI_r143_BAG_L1","NeuralNetFastAI_r96_BAG_L1","NeuralNetFastAI_r9_BAG_L1","NeuralNetTorch_r160_BAG_L1","NeuralNetTorch_r31_BAG_L1","XGBoost_r103_BAG_L1","XGBoost_r151_BAG_L1","XGBoost_r185_BAG_L1","XGBoost_r2_BAG_L1","XGBoost_r92_BAG_L1"],"7":["CatBoost_r114_BAG_L1","CatBoost_r117_BAG_L1","CatBoost_r121_BAG_L1","CatBoost_r130_BAG_L1","CatBoost_r136_BAG_L1","CatBoost_r139_BAG_L1","CatBoost_r141_BAG_L1","CatBoost_r172_BAG_L1","CatBoost_r183_BAG_L1","CatBoost_r193_BAG_L1","CatBoost_r199_BAG_L1","CatBoost_r1_BAG_L1","CatBoost_r28_BAG_L1","CatBoost_r49_BAG_L1","CatBoost_r61_BAG_L1","CatBoost_r6_BAG_L1","CatBoost_r73_BAG_L1","CatBoost_r87_BAG_L1","ExtraTrees_r128_BAG_L1","ExtraTrees_r155_BAG_L1","ExtraTrees_r48_BAG_L1","LightGBM_r102_BAG_L1","LightGBM_r109_BAG_L1","LightGBM_r126_BAG_L1","LightGBM_r148_BAG_L1","LightGBM_r193_BAG_L1","LightGBM_r48_BAG_L1","NeuralNetFastAI_r143_BAG_L1","NeuralNetFastAI_r96_BAG_L1","NeuralNetFastAI_r9_BAG_L1","NeuralNetTorch_r160_BAG_L1","NeuralNetTorch_r31_BAG_L1","XGBoost_r103_BAG_L1","XGBoost_r151_BAG_L1","XGBoost_r185_BAG_L1","XGBoost_r2_BAG_L1","XGBoost_r92_BAG_L1"],"8":["CatBoost_r114_BAG_L1","CatBoost_r117_BAG_L1","CatBoost_r121_BAG_L1","CatBoost_r130_BAG_L1","CatBoost_r136_BAG_L1","CatBoost_r139_BAG_L1","CatBoost_r141_BAG_L1","CatBoost_r172_BAG_L1","CatBoost_r183_BAG_L1","CatBoost_r193_BAG_L1","CatBoost_r199_BAG_L1","CatBoost_r1_BAG_L1","CatBoost_r28_BAG_L1","CatBoost_r49_BAG_L1","CatBoost_r61_BAG_L1","CatBoost_r6_BAG_L1","CatBoost_r73_BAG_L1","CatBoost_r87_BAG_L1","ExtraTrees_r128_BAG_L1","ExtraTrees_r155_BAG_L1","ExtraTrees_r48_BAG_L1","LightGBM_r102_BAG_L1","LightGBM_r109_BAG_L1","LightGBM_r126_BAG_L1","LightGBM_r148_BAG_L1","LightGBM_r193_BAG_L1","LightGBM_r48_BAG_L1","LightGBM_r91_BAG_L1","NeuralNetFastAI_r143_BAG_L1","NeuralNetFastAI_r96_BAG_L1","NeuralNetFastAI_r9_BAG_L1","NeuralNetTorch_r123_BAG_L1","NeuralNetTorch_r160_BAG_L1","NeuralNetTorch_r31_BAG_L1","XGBoost_r103_BAG_L1","XGBoost_r151_BAG_L1","XGBoost_r185_BAG_L1","XGBoost_r2_BAG_L1","XGBoost_r92_BAG_L1"],"9":["CatBoost_r114_BAG_L1","CatBoost_r117_BAG_L1","CatBoost_r121_BAG_L1","CatBoost_r130_BAG_L1","CatBoost_r136_BAG_L1","CatBoost_r139_BAG_L1","CatBoost_r141_BAG_L1","CatBoost_r172_BAG_L1","CatBoost_r183_BAG_L1","CatBoost_r193_BAG_L1","CatBoost_r199_BAG_L1","CatBoost_r1_BAG_L1","CatBoost_r28_BAG_L1","CatBoost_r49_BAG_L1","CatBoost_r61_BAG_L1","CatBoost_r6_BAG_L1","CatBoost_r73_BAG_L1","CatBoost_r87_BAG_L1","ExtraTrees_r128_BAG_L1","ExtraTrees_r155_BAG_L1","ExtraTrees_r48_BAG_L1","LightGBM_r102_BAG_L1","LightGBM_r109_BAG_L1","LightGBM_r126_BAG_L1","LightGBM_r148_BAG_L1","LightGBM_r193_BAG_L1","LightGBM_r48_BAG_L1","NeuralNetFastAI_r143_BAG_L1","NeuralNetFastAI_r96_BAG_L1","NeuralNetFastAI_r9_BAG_L1","NeuralNetTorch_r160_BAG_L1","NeuralNetTorch_r31_BAG_L1","RandomForest_r142_BAG_L1","XGBoost_r103_BAG_L1","XGBoost_r151_BAG_L1","XGBoost_r185_BAG_L1","XGBoost_r2_BAG_L1","XGBoost_r92_BAG_L1"],"10":["CatBoost_r114_BAG_L1","CatBoost_r117_BAG_L1","CatBoost_r121_BAG_L1","CatBoost_r130_BAG_L1","CatBoost_r136_BAG_L1","CatBoost_r139_BAG_L1","CatBoost_r141_BAG_L1","CatBoost_r172_BAG_L1","CatBoost_r183_BAG_L1","CatBoost_r193_BAG_L1","CatBoost_r199_BAG_L1","CatBoost_r1_BAG_L1","CatBoost_r28_BAG_L1","CatBoost_r49_BAG_L1","CatBoost_r61_BAG_L1","CatBoost_r73_BAG_L1","CatBoost_r87_BAG_L1","ExtraTrees_r128_BAG_L1","ExtraTrees_r155_BAG_L1","ExtraTrees_r48_BAG_L1","LightGBM_r102_BAG_L1","LightGBM_r109_BAG_L1","LightGBM_r126_BAG_L1","LightGBM_r148_BAG_L1","LightGBM_r193_BAG_L1","LightGBM_r48_BAG_L1","NeuralNetFastAI_r143_BAG_L1","NeuralNetFastAI_r96_BAG_L1","NeuralNetFastAI_r9_BAG_L1","NeuralNetTorch_r160_BAG_L1","NeuralNetTorch_r31_BAG_L1","XGBoost_r103_BAG_L1","XGBoost_r151_BAG_L1","XGBoost_r185_BAG_L1","XGBoost_r2_BAG_L1","XGBoost_r92_BAG_L1"],"11":["CatBoost_r114_BAG_L1","CatBoost_r117_BAG_L1","CatBoost_r121_BAG_L1","CatBoost_r130_BAG_L1","CatBoost_r136_BAG_L1","CatBoost_r139_BAG_L1","CatBoost_r141_BAG_L1","CatBoost_r172_BAG_L1","CatBoost_r183_BAG_L1","CatBoost_r193_BAG_L1","CatBoost_r199_BAG_L1","CatBoost_r1_BAG_L1","CatBoost_r28_BAG_L1","CatBoost_r49_BAG_L1","CatBoost_r61_BAG_L1","CatBoost_r73_BAG_L1","CatBoost_r87_BAG_L1","ExtraTrees_r128_BAG_L1","ExtraTrees_r155_BAG_L1","ExtraTrees_r48_BAG_L1","LightGBM_r102_BAG_L1","LightGBM_r109_BAG_L1","LightGBM_r126_BAG_L1","LightGBM_r148_BAG_L1","LightGBM_r193_BAG_L1","LightGBM_r31_BAG_L1","LightGBM_r48_BAG_L1","NeuralNetFastAI_r143_BAG_L1","NeuralNetFastAI_r96_BAG_L1","NeuralNetFastAI_r9_BAG_L1","NeuralNetTorch_r160_BAG_L1","NeuralNetTorch_r31_BAG_L1","XGBoost_r103_BAG_L1","XGBoost_r151_BAG_L1","XGBoost_r185_BAG_L1","XGBoost_r2_BAG_L1","XGBoost_r92_BAG_L1"],"12":["CatBoost_r114_BAG_L1","CatBoost_r117_BAG_L1","CatBoost_r121_BAG_L1","CatBoost_r130_BAG_L1","CatBoost_r136_BAG_L1","CatBoost_r139_BAG_L1","CatBoost_r141_BAG_L1","CatBoost_r172_BAG_L1","CatBoost_r183_BAG_L1","CatBoost_r193_BAG_L1","CatBoost_r199_BAG_L1","CatBoost_r1_BAG_L1","CatBoost_r28_BAG_L1","CatBoost_r49_BAG_L1","CatBoost_r61_BAG_L1","CatBoost_r73_BAG_L1","CatBoost_r87_BAG_L1","ExtraTrees_r128_BAG_L1","ExtraTrees_r155_BAG_L1","ExtraTrees_r48_BAG_L1","LightGBM_r102_BAG_L1","LightGBM_r109_BAG_L1","LightGBM_r126_BAG_L1","LightGBM_r148_BAG_L1","LightGBM_r193_BAG_L1","LightGBM_r39_BAG_L1","LightGBM_r48_BAG_L1","NeuralNetFastAI_r143_BAG_L1","NeuralNetFastAI_r96_BAG_L1","NeuralNetFastAI_r9_BAG_L1","NeuralNetTorch_r160_BAG_L1","NeuralNetTorch_r31_BAG_L1","XGBoost_r103_BAG_L1","XGBoost_r151_BAG_L1","XGBoost_r185_BAG_L1","XGBoost_r2_BAG_L1","XGBoost_r92_BAG_L1"],"13":["CatBoost_r114_BAG_L1","CatBoost_r121_BAG_L1","CatBoost_r130_BAG_L1","CatBoost_r136_BAG_L1","CatBoost_r139_BAG_L1","CatBoost_r141_BAG_L1","CatBoost_r172_BAG_L1","CatBoost_r183_BAG_L1","CatBoost_r193_BAG_L1","CatBoost_r199_BAG_L1","CatBoost_r1_BAG_L1","CatBoost_r28_BAG_L1","CatBoost_r49_BAG_L1","CatBoost_r61_BAG_L1","CatBoost_r73_BAG_L1","CatBoost_r87_BAG_L1","ExtraTrees_r128_BAG_L1","ExtraTrees_r155_BAG_L1","ExtraTrees_r48_BAG_L1","LightGBM_r102_BAG_L1","LightGBM_r109_BAG_L1","LightGBM_r126_BAG_L1","LightGBM_r148_BAG_L1","LightGBM_r193_BAG_L1","LightGBM_r48_BAG_L1","NeuralNetFastAI_r143_BAG_L1","NeuralNetFastAI_r94_BAG_L1","NeuralNetFastAI_r96_BAG_L1","NeuralNetFastAI_r9_BAG_L1","NeuralNetTorch_r160_BAG_L1","NeuralNetTorch_r31_BAG_L1","RandomForest_r70_BAG_L1","XGBoost_r103_BAG_L1","XGBoost_r151_BAG_L1","XGBoost_r185_BAG_L1","XGBoost_r2_BAG_L1","XGBoost_r92_BAG_L1"],"14":["CatBoost_r114_BAG_L1","CatBoost_r121_BAG_L1","CatBoost_r130_BAG_L1","CatBoost_r136_BAG_L1","CatBoost_r139_BAG_L1","CatBoost_r141_BAG_L1","CatBoost_r172_BAG_L1","CatBoost_r183_BAG_L1","CatBoost_r193_BAG_L1","CatBoost_r199_BAG_L1","CatBoost_r1_BAG_L1","CatBoost_r28_BAG_L1","CatBoost_r49_BAG_L1","CatBoost_r61_BAG_L1","CatBoost_r73_BAG_L1","CatBoost_r87_BAG_L1","ExtraTrees_r128_BAG_L1","ExtraTrees_r155_BAG_L1","ExtraTrees_r48_BAG_L1","LightGBM_r102_BAG_L1","LightGBM_r109_BAG_L1","LightGBM_r126_BAG_L1","LightGBM_r148_BAG_L1","LightGBM_r193_BAG_L1","LightGBM_r48_BAG_L1","NeuralNetFastAI_r143_BAG_L1","NeuralNetFastAI_r96_BAG_L1","NeuralNetFastAI_r9_BAG_L1","NeuralNetTorch_r160_BAG_L1","NeuralNetTorch_r31_BAG_L1","XGBoost_r103_BAG_L1","XGBoost_r151_BAG_L1","XGBoost_r185_BAG_L1","XGBoost_r2_BAG_L1","XGBoost_r51_BAG_L1","XGBoost_r92_BAG_L1"],"15":["CatBoost_r114_BAG_L1","CatBoost_r117_BAG_L1","CatBoost_r121_BAG_L1","CatBoost_r130_BAG_L1","CatBoost_r136_BAG_L1","CatBoost_r139_BAG_L1","CatBoost_r141_BAG_L1","CatBoost_r172_BAG_L1","CatBoost_r183_BAG_L1","CatBoost_r193_BAG_L1","CatBoost_r199_BAG_L1","CatBoost_r1_BAG_L1","CatBoost_r28_BAG_L1","CatBoost_r49_BAG_L1","CatBoost_r61_BAG_L1","CatBoost_r73_BAG_L1","CatBoost_r87_BAG_L1","ExtraTrees_r128_BAG_L1","ExtraTrees_r155_BAG_L1","ExtraTrees_r48_BAG_L1","LightGBM_r102_BAG_L1","LightGBM_r109_BAG_L1","LightGBM_r126_BAG_L1","LightGBM_r148_BAG_L1","LightGBM_r193_BAG_L1","LightGBM_r48_BAG_L1","NeuralNetFastAI_r143_BAG_L1","NeuralNetFastAI_r96_BAG_L1","NeuralNetFastAI_r9_BAG_L1","NeuralNetTorch_r160_BAG_L1","NeuralNetTorch_r31_BAG_L1","RandomForest_r141_BAG_L1","XGBoost_r103_BAG_L1","XGBoost_r151_BAG_L1","XGBoost_r185_BAG_L1","XGBoost_r2_BAG_L1","XGBoost_r92_BAG_L1"],"16":["CatBoost_r114_BAG_L1","CatBoost_r117_BAG_L1","CatBoost_r121_BAG_L1","CatBoost_r130_BAG_L1","CatBoost_r136_BAG_L1","CatBoost_r139_BAG_L1","CatBoost_r141_BAG_L1","CatBoost_r172_BAG_L1","CatBoost_r183_BAG_L1","CatBoost_r193_BAG_L1","CatBoost_r199_BAG_L1","CatBoost_r1_BAG_L1","CatBoost_r28_BAG_L1","CatBoost_r49_BAG_L1","CatBoost_r61_BAG_L1","CatBoost_r73_BAG_L1","CatBoost_r87_BAG_L1","ExtraTrees_r128_BAG_L1","ExtraTrees_r155_BAG_L1","ExtraTrees_r48_BAG_L1","LightGBM_r102_BAG_L1","LightGBM_r109_BAG_L1","LightGBM_r126_BAG_L1","LightGBM_r148_BAG_L1","LightGBM_r193_BAG_L1","LightGBM_r48_BAG_L1","NeuralNetFastAI_r143_BAG_L1","NeuralNetFastAI_r96_BAG_L1","NeuralNetFastAI_r9_BAG_L1","NeuralNetTorch_r160_BAG_L1","NeuralNetTorch_r31_BAG_L1","XGBoost_r103_BAG_L1","XGBoost_r151_BAG_L1","XGBoost_r185_BAG_L1","XGBoost_r2_BAG_L1","XGBoost_r92_BAG_L1","XGBoost_r99_BAG_L1"],"17":["CatBoost_r114_BAG_L1","CatBoost_r130_BAG_L1","CatBoost_r139_BAG_L1","CatBoost_r141_BAG_L1","CatBoost_r172_BAG_L1","CatBoost_r183_BAG_L1","CatBoost_r193_BAG_L1","CatBoost_r199_BAG_L1","CatBoost_r1_BAG_L1","CatBoost_r49_BAG_L1","CatBoost_r61_BAG_L1","CatBoost_r73_BAG_L1","CatBoost_r87_BAG_L1","ExtraTrees_r128_BAG_L1","ExtraTrees_r48_BAG_L1","ExtraTrees_r58_BAG_L1","LightGBM_r102_BAG_L1","LightGBM_r126_BAG_L1","LightGBM_r148_BAG_L1","LightGBM_r48_BAG_L1","NeuralNetFastAI_r143_BAG_L1","NeuralNetFastAI_r96_BAG_L1","NeuralNetFastAI_r9_BAG_L1","NeuralNetTorch_r160_BAG_L1","XGBoost_r103_BAG_L1","XGBoost_r151_BAG_L1","XGBoost_r2_BAG_L1","XGBoost_r92_BAG_L1"],"18":["CatBoost_r114_BAG_L1","CatBoost_r117_BAG_L1","CatBoost_r121_BAG_L1","CatBoost_r130_BAG_L1","CatBoost_r136_BAG_L1","CatBoost_r139_BAG_L1","CatBoost_r141_BAG_L1","CatBoost_r172_BAG_L1","CatBoost_r183_BAG_L1","CatBoost_r193_BAG_L1","CatBoost_r199_BAG_L1","CatBoost_r1_BAG_L1","CatBoost_r28_BAG_L1","CatBoost_r49_BAG_L1","CatBoost_r61_BAG_L1","CatBoost_r6_BAG_L1","CatBoost_r73_BAG_L1","CatBoost_r87_BAG_L1","ExtraTrees_r128_BAG_L1","ExtraTrees_r155_BAG_L1","ExtraTrees_r48_BAG_L1","LightGBM_r102_BAG_L1","LightGBM_r109_BAG_L1","LightGBM_r126_BAG_L1","LightGBM_r148_BAG_L1","LightGBM_r193_BAG_L1","LightGBM_r48_BAG_L1","LightGBM_r91_BAG_L1","NeuralNetFastAI_r143_BAG_L1","NeuralNetFastAI_r96_BAG_L1","NeuralNetFastAI_r9_BAG_L1","NeuralNetTorch_r160_BAG_L1","NeuralNetTorch_r31_BAG_L1","XGBoost_r103_BAG_L1","XGBoost_r151_BAG_L1","XGBoost_r185_BAG_L1","XGBoost_r2_BAG_L1","XGBoost_r92_BAG_L1"],"19":["CatBoost_r114_BAG_L1","CatBoost_r117_BAG_L1","CatBoost_r121_BAG_L1","CatBoost_r130_BAG_L1","CatBoost_r136_BAG_L1","CatBoost_r139_BAG_L1","CatBoost_r141_BAG_L1","CatBoost_r172_BAG_L1","CatBoost_r183_BAG_L1","CatBoost_r193_BAG_L1","CatBoost_r199_BAG_L1","CatBoost_r1_BAG_L1","CatBoost_r28_BAG_L1","CatBoost_r49_BAG_L1","CatBoost_r61_BAG_L1","CatBoost_r6_BAG_L1","CatBoost_r73_BAG_L1","CatBoost_r87_BAG_L1","ExtraTrees_r128_BAG_L1","ExtraTrees_r155_BAG_L1","ExtraTrees_r48_BAG_L1","ExtraTrees_r94_BAG_L1","LightGBM_r102_BAG_L1","LightGBM_r109_BAG_L1","LightGBM_r126_BAG_L1","LightGBM_r148_BAG_L1","LightGBM_r193_BAG_L1","LightGBM_r48_BAG_L1","NeuralNetFastAI_r143_BAG_L1","NeuralNetFastAI_r96_BAG_L1","NeuralNetFastAI_r9_BAG_L1","NeuralNetTorch_r160_BAG_L1","NeuralNetTorch_r31_BAG_L1","XGBoost_r103_BAG_L1","XGBoost_r151_BAG_L1","XGBoost_r185_BAG_L1","XGBoost_r2_BAG_L1","XGBoost_r92_BAG_L1"],"20":["CatBoost_r114_BAG_L1","CatBoost_r117_BAG_L1","CatBoost_r121_BAG_L1","CatBoost_r130_BAG_L1","CatBoost_r136_BAG_L1","CatBoost_r139_BAG_L1","CatBoost_r141_BAG_L1","CatBoost_r172_BAG_L1","CatBoost_r183_BAG_L1","CatBoost_r193_BAG_L1","CatBoost_r199_BAG_L1","CatBoost_r1_BAG_L1","CatBoost_r28_BAG_L1","CatBoost_r49_BAG_L1","CatBoost_r61_BAG_L1","CatBoost_r73_BAG_L1","CatBoost_r87_BAG_L1","ExtraTrees_r128_BAG_L1","ExtraTrees_r155_BAG_L1","ExtraTrees_r48_BAG_L1","LightGBM_r102_BAG_L1","LightGBM_r109_BAG_L1","LightGBM_r126_BAG_L1","LightGBM_r148_BAG_L1","LightGBM_r193_BAG_L1","LightGBM_r48_BAG_L1","NeuralNetFastAI_r143_BAG_L1","NeuralNetFastAI_r96_BAG_L1","NeuralNetFastAI_r9_BAG_L1","NeuralNetTorch_r160_BAG_L1","NeuralNetTorch_r31_BAG_L1","RandomForest_r110_BAG_L1","XGBoost_r103_BAG_L1","XGBoost_r151_BAG_L1","XGBoost_r185_BAG_L1","XGBoost_r2_BAG_L1","XGBoost_r92_BAG_L1"],"21":["CatBoost_r114_BAG_L1","CatBoost_r121_BAG_L1","CatBoost_r130_BAG_L1","CatBoost_r136_BAG_L1","CatBoost_r139_BAG_L1","CatBoost_r141_BAG_L1","CatBoost_r172_BAG_L1","CatBoost_r183_BAG_L1","CatBoost_r193_BAG_L1","CatBoost_r197_BAG_L1","CatBoost_r199_BAG_L1","CatBoost_r1_BAG_L1","CatBoost_r28_BAG_L1","CatBoost_r49_BAG_L1","CatBoost_r61_BAG_L1","CatBoost_r73_BAG_L1","CatBoost_r87_BAG_L1","ExtraTrees_r128_BAG_L1","ExtraTrees_r155_BAG_L1","ExtraTrees_r48_BAG_L1","ExtraTrees_r88_BAG_L1","LightGBM_r102_BAG_L1","LightGBM_r109_BAG_L1","LightGBM_r126_BAG_L1","LightGBM_r148_BAG_L1","LightGBM_r193_BAG_L1","LightGBM_r48_BAG_L1","NeuralNetFastAI_r143_BAG_L1","NeuralNetFastAI_r96_BAG_L1","NeuralNetFastAI_r9_BAG_L1","NeuralNetTorch_r160_BAG_L1","NeuralNetTorch_r31_BAG_L1","XGBoost_r103_BAG_L1","XGBoost_r151_BAG_L1","XGBoost_r185_BAG_L1","XGBoost_r2_BAG_L1","XGBoost_r92_BAG_L1"],"22":["CatBoost_r114_BAG_L1","CatBoost_r117_BAG_L1","CatBoost_r121_BAG_L1","CatBoost_r130_BAG_L1","CatBoost_r136_BAG_L1","CatBoost_r139_BAG_L1","CatBoost_r141_BAG_L1","CatBoost_r172_BAG_L1","CatBoost_r183_BAG_L1","CatBoost_r193_BAG_L1","CatBoost_r199_BAG_L1","CatBoost_r1_BAG_L1","CatBoost_r28_BAG_L1","CatBoost_r49_BAG_L1","CatBoost_r61_BAG_L1","CatBoost_r73_BAG_L1","CatBoost_r87_BAG_L1","ExtraTrees_r128_BAG_L1","ExtraTrees_r155_BAG_L1","ExtraTrees_r48_BAG_L1","LightGBM_r102_BAG_L1","LightGBM_r109_BAG_L1","LightGBM_r126_BAG_L1","LightGBM_r148_BAG_L1","LightGBM_r193_BAG_L1","LightGBM_r48_BAG_L1","LightGBM_r62_BAG_L1","NeuralNetFastAI_r143_BAG_L1","NeuralNetFastAI_r96_BAG_L1","NeuralNetFastAI_r9_BAG_L1","NeuralNetTorch_r160_BAG_L1","NeuralNetTorch_r31_BAG_L1","XGBoost_r103_BAG_L1","XGBoost_r151_BAG_L1","XGBoost_r185_BAG_L1","XGBoost_r2_BAG_L1","XGBoost_r92_BAG_L1"],"23":["CatBoost_r114_BAG_L1","CatBoost_r121_BAG_L1","CatBoost_r130_BAG_L1","CatBoost_r136_BAG_L1","CatBoost_r139_BAG_L1","CatBoost_r141_BAG_L1","CatBoost_r172_BAG_L1","CatBoost_r183_BAG_L1","CatBoost_r193_BAG_L1","CatBoost_r199_BAG_L1","CatBoost_r1_BAG_L1","CatBoost_r28_BAG_L1","CatBoost_r49_BAG_L1","CatBoost_r61_BAG_L1","CatBoost_r73_BAG_L1","CatBoost_r87_BAG_L1","ExtraTrees_r128_BAG_L1","ExtraTrees_r155_BAG_L1","ExtraTrees_r48_BAG_L1","ExtraTrees_r90_BAG_L1","LightGBM_r102_BAG_L1","LightGBM_r109_BAG_L1","LightGBM_r126_BAG_L1","LightGBM_r148_BAG_L1","LightGBM_r193_BAG_L1","LightGBM_r48_BAG_L1","LightGBM_r91_BAG_L1","NeuralNetFastAI_r143_BAG_L1","NeuralNetFastAI_r65_BAG_L1","NeuralNetFastAI_r96_BAG_L1","NeuralNetFastAI_r9_BAG_L1","NeuralNetTorch_r160_BAG_L1","NeuralNetTorch_r31_BAG_L1","XGBoost_r103_BAG_L1","XGBoost_r151_BAG_L1","XGBoost_r185_BAG_L1","XGBoost_r2_BAG_L1","XGBoost_r92_BAG_L1"],"24":["CatBoost_r114_BAG_L1","CatBoost_r117_BAG_L1","CatBoost_r121_BAG_L1","CatBoost_r130_BAG_L1","CatBoost_r136_BAG_L1","CatBoost_r139_BAG_L1","CatBoost_r141_BAG_L1","CatBoost_r149_BAG_L1","CatBoost_r172_BAG_L1","CatBoost_r183_BAG_L1","CatBoost_r193_BAG_L1","CatBoost_r199_BAG_L1","CatBoost_r1_BAG_L1","CatBoost_r28_BAG_L1","CatBoost_r49_BAG_L1","CatBoost_r61_BAG_L1","CatBoost_r6_BAG_L1","CatBoost_r73_BAG_L1","CatBoost_r87_BAG_L1","ExtraTrees_r128_BAG_L1","ExtraTrees_r155_BAG_L1","ExtraTrees_r48_BAG_L1","LightGBM_r102_BAG_L1","LightGBM_r109_BAG_L1","LightGBM_r126_BAG_L1","LightGBM_r148_BAG_L1","LightGBM_r193_BAG_L1","LightGBM_r48_BAG_L1","NeuralNetFastAI_r143_BAG_L1","NeuralNetFastAI_r96_BAG_L1","NeuralNetFastAI_r9_BAG_L1","NeuralNetTorch_r160_BAG_L1","NeuralNetTorch_r31_BAG_L1","XGBoost_r103_BAG_L1","XGBoost_r151_BAG_L1","XGBoost_r185_BAG_L1","XGBoost_r2_BAG_L1","XGBoost_r92_BAG_L1"],"25":["CatBoost_r114_BAG_L1","CatBoost_r117_BAG_L1","CatBoost_r121_BAG_L1","CatBoost_r130_BAG_L1","CatBoost_r136_BAG_L1","CatBoost_r139_BAG_L1","CatBoost_r141_BAG_L1","CatBoost_r172_BAG_L1","CatBoost_r183_BAG_L1","CatBoost_r193_BAG_L1","CatBoost_r199_BAG_L1","CatBoost_r1_BAG_L1","CatBoost_r28_BAG_L1","CatBoost_r49_BAG_L1","CatBoost_r61_BAG_L1","CatBoost_r6_BAG_L1","CatBoost_r73_BAG_L1","CatBoost_r84_BAG_L1","CatBoost_r87_BAG_L1","ExtraTrees_r128_BAG_L1","ExtraTrees_r155_BAG_L1","ExtraTrees_r48_BAG_L1","LightGBM_r102_BAG_L1","LightGBM_r109_BAG_L1","LightGBM_r126_BAG_L1","LightGBM_r148_BAG_L1","LightGBM_r193_BAG_L1","LightGBM_r48_BAG_L1","NeuralNetFastAI_r143_BAG_L1","NeuralNetFastAI_r96_BAG_L1","NeuralNetFastAI_r9_BAG_L1","NeuralNetTorch_r160_BAG_L1","NeuralNetTorch_r31_BAG_L1","XGBoost_r103_BAG_L1","XGBoost_r151_BAG_L1","XGBoost_r185_BAG_L1","XGBoost_r2_BAG_L1","XGBoost_r92_BAG_L1"],"26":["CatBoost_r114_BAG_L1","CatBoost_r117_BAG_L1","CatBoost_r120_BAG_L1","CatBoost_r121_BAG_L1","CatBoost_r130_BAG_L1","CatBoost_r136_BAG_L1","CatBoost_r139_BAG_L1","CatBoost_r141_BAG_L1","CatBoost_r172_BAG_L1","CatBoost_r183_BAG_L1","CatBoost_r193_BAG_L1","CatBoost_r199_BAG_L1","CatBoost_r1_BAG_L1","CatBoost_r28_BAG_L1","CatBoost_r49_BAG_L1","CatBoost_r61_BAG_L1","CatBoost_r6_BAG_L1","CatBoost_r73_BAG_L1","CatBoost_r87_BAG_L1","ExtraTrees_r128_BAG_L1","ExtraTrees_r155_BAG_L1","ExtraTrees_r48_BAG_L1","LightGBM_r102_BAG_L1","LightGBM_r109_BAG_L1","LightGBM_r126_BAG_L1","LightGBM_r148_BAG_L1","LightGBM_r193_BAG_L1","LightGBM_r48_BAG_L1","NeuralNetFastAI_r143_BAG_L1","NeuralNetFastAI_r96_BAG_L1","NeuralNetFastAI_r9_BAG_L1","NeuralNetTorch_r160_BAG_L1","NeuralNetTorch_r31_BAG_L1","XGBoost_r103_BAG_L1","XGBoost_r151_BAG_L1","XGBoost_r185_BAG_L1","XGBoost_r2_BAG_L1","XGBoost_r92_BAG_L1"],"27":["CatBoost_r114_BAG_L1","CatBoost_r117_BAG_L1","CatBoost_r121_BAG_L1","CatBoost_r130_BAG_L1","CatBoost_r136_BAG_L1","CatBoost_r139_BAG_L1","CatBoost_r141_BAG_L1","CatBoost_r172_BAG_L1","CatBoost_r183_BAG_L1","CatBoost_r193_BAG_L1","CatBoost_r199_BAG_L1","CatBoost_r1_BAG_L1","CatBoost_r28_BAG_L1","CatBoost_r49_BAG_L1","CatBoost_r61_BAG_L1","CatBoost_r6_BAG_L1","CatBoost_r73_BAG_L1","CatBoost_r87_BAG_L1","ExtraTrees_r128_BAG_L1","ExtraTrees_r155_BAG_L1","ExtraTrees_r48_BAG_L1","LightGBM_r102_BAG_L1","LightGBM_r109_BAG_L1","LightGBM_r126_BAG_L1","LightGBM_r148_BAG_L1","LightGBM_r193_BAG_L1","LightGBM_r48_BAG_L1","NeuralNetFastAI_r102_BAG_L1","NeuralNetFastAI_r143_BAG_L1","NeuralNetFastAI_r96_BAG_L1","NeuralNetFastAI_r9_BAG_L1","NeuralNetTorch_r160_BAG_L1","NeuralNetTorch_r31_BAG_L1","XGBoost_r103_BAG_L1","XGBoost_r151_BAG_L1","XGBoost_r185_BAG_L1","XGBoost_r2_BAG_L1","XGBoost_r92_BAG_L1"],"28":["CatBoost_r114_BAG_L1","CatBoost_r117_BAG_L1","CatBoost_r121_BAG_L1","CatBoost_r130_BAG_L1","CatBoost_r136_BAG_L1","CatBoost_r139_BAG_L1","CatBoost_r141_BAG_L1","CatBoost_r172_BAG_L1","CatBoost_r183_BAG_L1","CatBoost_r193_BAG_L1","CatBoost_r199_BAG_L1","CatBoost_r1_BAG_L1","CatBoost_r28_BAG_L1","CatBoost_r49_BAG_L1","CatBoost_r61_BAG_L1","CatBoost_r73_BAG_L1","CatBoost_r87_BAG_L1","ExtraTrees_r128_BAG_L1","ExtraTrees_r155_BAG_L1","ExtraTrees_r48_BAG_L1","ExtraTrees_r94_BAG_L1","LightGBM_r102_BAG_L1","LightGBM_r109_BAG_L1","LightGBM_r126_BAG_L1","LightGBM_r148_BAG_L1","LightGBM_r193_BAG_L1","LightGBM_r48_BAG_L1","NeuralNetFastAI_r143_BAG_L1","NeuralNetFastAI_r96_BAG_L1","NeuralNetFastAI_r9_BAG_L1","NeuralNetTorch_r160_BAG_L1","NeuralNetTorch_r31_BAG_L1","XGBoost_r103_BAG_L1","XGBoost_r151_BAG_L1","XGBoost_r185_BAG_L1","XGBoost_r2_BAG_L1","XGBoost_r92_BAG_L1"],"29":["CatBoost_r114_BAG_L1","CatBoost_r117_BAG_L1","CatBoost_r121_BAG_L1","CatBoost_r130_BAG_L1","CatBoost_r136_BAG_L1","CatBoost_r139_BAG_L1","CatBoost_r141_BAG_L1","CatBoost_r172_BAG_L1","CatBoost_r183_BAG_L1","CatBoost_r193_BAG_L1","CatBoost_r199_BAG_L1","CatBoost_r1_BAG_L1","CatBoost_r28_BAG_L1","CatBoost_r49_BAG_L1","CatBoost_r61_BAG_L1","CatBoost_r6_BAG_L1","CatBoost_r73_BAG_L1","CatBoost_r87_BAG_L1","ExtraTrees_r128_BAG_L1","ExtraTrees_r155_BAG_L1","ExtraTrees_r48_BAG_L1","ExtraTrees_r94_BAG_L1","LightGBM_r102_BAG_L1","LightGBM_r109_BAG_L1","LightGBM_r126_BAG_L1","LightGBM_r148_BAG_L1","LightGBM_r193_BAG_L1","LightGBM_r48_BAG_L1","NeuralNetFastAI_r143_BAG_L1","NeuralNetFastAI_r96_BAG_L1","NeuralNetFastAI_r9_BAG_L1","NeuralNetTorch_r160_BAG_L1","NeuralNetTorch_r31_BAG_L1","RandomForest_r177_BAG_L1","XGBoost_r103_BAG_L1","XGBoost_r151_BAG_L1","XGBoost_r185_BAG_L1","XGBoost_r2_BAG_L1","XGBoost_r92_BAG_L1"],"30":["CatBoost_r114_BAG_L1","CatBoost_r117_BAG_L1","CatBoost_r121_BAG_L1","CatBoost_r130_BAG_L1","CatBoost_r136_BAG_L1","CatBoost_r139_BAG_L1","CatBoost_r141_BAG_L1","CatBoost_r172_BAG_L1","CatBoost_r183_BAG_L1","CatBoost_r193_BAG_L1","CatBoost_r199_BAG_L1","CatBoost_r1_BAG_L1","CatBoost_r28_BAG_L1","CatBoost_r49_BAG_L1","CatBoost_r61_BAG_L1","CatBoost_r73_BAG_L1","CatBoost_r87_BAG_L1","ExtraTrees_r128_BAG_L1","ExtraTrees_r155_BAG_L1","ExtraTrees_r48_BAG_L1","LightGBM_r102_BAG_L1","LightGBM_r109_BAG_L1","LightGBM_r126_BAG_L1","LightGBM_r148_BAG_L1","LightGBM_r193_BAG_L1","LightGBM_r48_BAG_L1","NeuralNetFastAI_r143_BAG_L1","NeuralNetFastAI_r96_BAG_L1","NeuralNetFastAI_r9_BAG_L1","NeuralNetTorch_r160_BAG_L1","NeuralNetTorch_r31_BAG_L1","XGBoost_r103_BAG_L1","XGBoost_r148_BAG_L1","XGBoost_r151_BAG_L1","XGBoost_r185_BAG_L1","XGBoost_r2_BAG_L1","XGBoost_r92_BAG_L1"],"31":["CatBoost_r114_BAG_L1","CatBoost_r117_BAG_L1","CatBoost_r121_BAG_L1","CatBoost_r130_BAG_L1","CatBoost_r136_BAG_L1","CatBoost_r139_BAG_L1","CatBoost_r141_BAG_L1","CatBoost_r172_BAG_L1","CatBoost_r183_BAG_L1","CatBoost_r193_BAG_L1","CatBoost_r199_BAG_L1","CatBoost_r1_BAG_L1","CatBoost_r28_BAG_L1","CatBoost_r49_BAG_L1","CatBoost_r61_BAG_L1","CatBoost_r6_BAG_L1","CatBoost_r73_BAG_L1","CatBoost_r87_BAG_L1","ExtraTrees_r128_BAG_L1","ExtraTrees_r155_BAG_L1","ExtraTrees_r48_BAG_L1","LightGBM_r102_BAG_L1","LightGBM_r109_BAG_L1","LightGBM_r126_BAG_L1","LightGBM_r148_BAG_L1","LightGBM_r193_BAG_L1","LightGBM_r48_BAG_L1","NeuralNetFastAI_r143_BAG_L1","NeuralNetFastAI_r96_BAG_L1","NeuralNetFastAI_r9_BAG_L1","NeuralNetTorch_r160_BAG_L1","NeuralNetTorch_r31_BAG_L1","RandomForest_r185_BAG_L1","XGBoost_r103_BAG_L1","XGBoost_r151_BAG_L1","XGBoost_r185_BAG_L1","XGBoost_r2_BAG_L1","XGBoost_r92_BAG_L1"],"32":["CatBoost_r114_BAG_L1","CatBoost_r117_BAG_L1","CatBoost_r121_BAG_L1","CatBoost_r130_BAG_L1","CatBoost_r136_BAG_L1","CatBoost_r139_BAG_L1","CatBoost_r141_BAG_L1","CatBoost_r172_BAG_L1","CatBoost_r183_BAG_L1","CatBoost_r193_BAG_L1","CatBoost_r199_BAG_L1","CatBoost_r1_BAG_L1","CatBoost_r28_BAG_L1","CatBoost_r49_BAG_L1","CatBoost_r61_BAG_L1","CatBoost_r6_BAG_L1","CatBoost_r73_BAG_L1","CatBoost_r87_BAG_L1","ExtraTrees_r128_BAG_L1","ExtraTrees_r155_BAG_L1","ExtraTrees_r48_BAG_L1","LightGBM_r102_BAG_L1","LightGBM_r109_BAG_L1","LightGBM_r126_BAG_L1","LightGBM_r148_BAG_L1","LightGBM_r193_BAG_L1","LightGBM_r48_BAG_L1","NeuralNetFastAI_r143_BAG_L1","NeuralNetFastAI_r95_BAG_L1","NeuralNetFastAI_r96_BAG_L1","NeuralNetFastAI_r9_BAG_L1","NeuralNetTorch_r160_BAG_L1","NeuralNetTorch_r31_BAG_L1","XGBoost_r103_BAG_L1","XGBoost_r151_BAG_L1","XGBoost_r185_BAG_L1","XGBoost_r2_BAG_L1","XGBoost_r92_BAG_L1"],"33":["CatBoost_r114_BAG_L1","CatBoost_r117_BAG_L1","CatBoost_r121_BAG_L1","CatBoost_r130_BAG_L1","CatBoost_r136_BAG_L1","CatBoost_r139_BAG_L1","CatBoost_r141_BAG_L1","CatBoost_r172_BAG_L1","CatBoost_r183_BAG_L1","CatBoost_r193_BAG_L1","CatBoost_r199_BAG_L1","CatBoost_r1_BAG_L1","CatBoost_r28_BAG_L1","CatBoost_r49_BAG_L1","CatBoost_r61_BAG_L1","CatBoost_r73_BAG_L1","CatBoost_r87_BAG_L1","ExtraTrees_r128_BAG_L1","ExtraTrees_r155_BAG_L1","ExtraTrees_r186_BAG_L1","ExtraTrees_r48_BAG_L1","ExtraTrees_r90_BAG_L1","LightGBM_r102_BAG_L1","LightGBM_r109_BAG_L1","LightGBM_r126_BAG_L1","LightGBM_r148_BAG_L1","LightGBM_r181_BAG_L1","LightGBM_r193_BAG_L1","LightGBM_r48_BAG_L1","NeuralNetFastAI_r143_BAG_L1","NeuralNetFastAI_r96_BAG_L1","NeuralNetFastAI_r9_BAG_L1","NeuralNetTorch_r141_BAG_L1","NeuralNetTorch_r160_BAG_L1","NeuralNetTorch_r31_BAG_L1","XGBoost_r103_BAG_L1","XGBoost_r151_BAG_L1","XGBoost_r185_BAG_L1","XGBoost_r2_BAG_L1","XGBoost_r92_BAG_L1"],"34":["CatBoost_r114_BAG_L1","CatBoost_r117_BAG_L1","CatBoost_r121_BAG_L1","CatBoost_r130_BAG_L1","CatBoost_r136_BAG_L1","CatBoost_r139_BAG_L1","CatBoost_r141_BAG_L1","CatBoost_r172_BAG_L1","CatBoost_r183_BAG_L1","CatBoost_r193_BAG_L1","CatBoost_r199_BAG_L1","CatBoost_r1_BAG_L1","CatBoost_r28_BAG_L1","CatBoost_r49_BAG_L1","CatBoost_r61_BAG_L1","CatBoost_r73_BAG_L1","CatBoost_r87_BAG_L1","ExtraTrees_r128_BAG_L1","ExtraTrees_r155_BAG_L1","ExtraTrees_r48_BAG_L1","ExtraTrees_r94_BAG_L1","LightGBM_r102_BAG_L1","LightGBM_r109_BAG_L1","LightGBM_r126_BAG_L1","LightGBM_r148_BAG_L1","LightGBM_r193_BAG_L1","LightGBM_r48_BAG_L1","NeuralNetFastAI_r143_BAG_L1","NeuralNetFastAI_r96_BAG_L1","NeuralNetFastAI_r9_BAG_L1","NeuralNetTorch_r160_BAG_L1","NeuralNetTorch_r31_BAG_L1","XGBoost_r103_BAG_L1","XGBoost_r151_BAG_L1","XGBoost_r185_BAG_L1","XGBoost_r2_BAG_L1","XGBoost_r55_BAG_L1","XGBoost_r92_BAG_L1"],"35":["CatBoost_r114_BAG_L1","CatBoost_r117_BAG_L1","CatBoost_r118_BAG_L1","CatBoost_r121_BAG_L1","CatBoost_r130_BAG_L1","CatBoost_r136_BAG_L1","CatBoost_r139_BAG_L1","CatBoost_r141_BAG_L1","CatBoost_r172_BAG_L1","CatBoost_r183_BAG_L1","CatBoost_r193_BAG_L1","CatBoost_r199_BAG_L1","CatBoost_r1_BAG_L1","CatBoost_r28_BAG_L1","CatBoost_r49_BAG_L1","CatBoost_r61_BAG_L1","CatBoost_r6_BAG_L1","CatBoost_r73_BAG_L1","CatBoost_r87_BAG_L1","ExtraTrees_r124_BAG_L1","ExtraTrees_r128_BAG_L1","ExtraTrees_r155_BAG_L1","ExtraTrees_r48_BAG_L1","LightGBM_r102_BAG_L1","LightGBM_r109_BAG_L1","LightGBM_r126_BAG_L1","LightGBM_r148_BAG_L1","LightGBM_r193_BAG_L1","LightGBM_r48_BAG_L1","NeuralNetFastAI_r143_BAG_L1","NeuralNetFastAI_r96_BAG_L1","NeuralNetFastAI_r9_BAG_L1","NeuralNetTorch_r160_BAG_L1","NeuralNetTorch_r31_BAG_L1","XGBoost_r103_BAG_L1","XGBoost_r151_BAG_L1","XGBoost_r185_BAG_L1","XGBoost_r2_BAG_L1","XGBoost_r92_BAG_L1"],"36":["CatBoost_r114_BAG_L1","CatBoost_r117_BAG_L1","CatBoost_r121_BAG_L1","CatBoost_r130_BAG_L1","CatBoost_r136_BAG_L1","CatBoost_r139_BAG_L1","CatBoost_r141_BAG_L1","CatBoost_r172_BAG_L1","CatBoost_r183_BAG_L1","CatBoost_r193_BAG_L1","CatBoost_r199_BAG_L1","CatBoost_r1_BAG_L1","CatBoost_r28_BAG_L1","CatBoost_r49_BAG_L1","CatBoost_r61_BAG_L1","CatBoost_r6_BAG_L1","CatBoost_r73_BAG_L1","CatBoost_r87_BAG_L1","ExtraTrees_r128_BAG_L1","ExtraTrees_r155_BAG_L1","ExtraTrees_r48_BAG_L1","LightGBM_r102_BAG_L1","LightGBM_r109_BAG_L1","LightGBM_r126_BAG_L1","LightGBM_r148_BAG_L1","LightGBM_r193_BAG_L1","LightGBM_r48_BAG_L1","NeuralNetFastAI_r143_BAG_L1","NeuralNetFastAI_r96_BAG_L1","NeuralNetFastAI_r9_BAG_L1","NeuralNetTorch_r160_BAG_L1","NeuralNetTorch_r31_BAG_L1","XGBoost_r103_BAG_L1","XGBoost_r151_BAG_L1","XGBoost_r185_BAG_L1","XGBoost_r2_BAG_L1","XGBoost_r92_BAG_L1"],"37":["CatBoost_r114_BAG_L1","CatBoost_r130_BAG_L1","CatBoost_r139_BAG_L1","CatBoost_r141_BAG_L1","CatBoost_r172_BAG_L1","CatBoost_r183_BAG_L1","CatBoost_r193_BAG_L1","CatBoost_r199_BAG_L1","CatBoost_r1_BAG_L1","CatBoost_r49_BAG_L1","CatBoost_r59_BAG_L1","CatBoost_r61_BAG_L1","CatBoost_r73_BAG_L1","CatBoost_r87_BAG_L1","ExtraTrees_r128_BAG_L1","ExtraTrees_r48_BAG_L1","LightGBM_r102_BAG_L1","LightGBM_r126_BAG_L1","LightGBM_r148_BAG_L1","LightGBM_r48_BAG_L1","NeuralNetFastAI_r143_BAG_L1","NeuralNetFastAI_r58_BAG_L1","NeuralNetFastAI_r96_BAG_L1","NeuralNetFastAI_r9_BAG_L1","NeuralNetTorch_r160_BAG_L1","XGBoost_r103_BAG_L1","XGBoost_r151_BAG_L1","XGBoost_r2_BAG_L1","XGBoost_r92_BAG_L1"],"38":["CatBoost_r114_BAG_L1","CatBoost_r117_BAG_L1","CatBoost_r121_BAG_L1","CatBoost_r130_BAG_L1","CatBoost_r136_BAG_L1","CatBoost_r139_BAG_L1","CatBoost_r141_BAG_L1","CatBoost_r172_BAG_L1","CatBoost_r183_BAG_L1","CatBoost_r193_BAG_L1","CatBoost_r199_BAG_L1","CatBoost_r1_BAG_L1","CatBoost_r28_BAG_L1","CatBoost_r49_BAG_L1","CatBoost_r61_BAG_L1","CatBoost_r73_BAG_L1","CatBoost_r87_BAG_L1","ExtraTrees_r128_BAG_L1","ExtraTrees_r155_BAG_L1","ExtraTrees_r48_BAG_L1","ExtraTrees_r94_BAG_L1","LightGBM_r102_BAG_L1","LightGBM_r109_BAG_L1","LightGBM_r126_BAG_L1","LightGBM_r148_BAG_L1","LightGBM_r193_BAG_L1","LightGBM_r31_BAG_L1","LightGBM_r48_BAG_L1","NeuralNetFastAI_r143_BAG_L1","NeuralNetFastAI_r96_BAG_L1","NeuralNetFastAI_r9_BAG_L1","NeuralNetTorch_r160_BAG_L1","NeuralNetTorch_r31_BAG_L1","XGBoost_r103_BAG_L1","XGBoost_r151_BAG_L1","XGBoost_r185_BAG_L1","XGBoost_r2_BAG_L1","XGBoost_r92_BAG_L1"],"39":["CatBoost_r114_BAG_L1","CatBoost_r121_BAG_L1","CatBoost_r130_BAG_L1","CatBoost_r136_BAG_L1","CatBoost_r139_BAG_L1","CatBoost_r141_BAG_L1","CatBoost_r172_BAG_L1","CatBoost_r183_BAG_L1","CatBoost_r193_BAG_L1","CatBoost_r199_BAG_L1","CatBoost_r1_BAG_L1","CatBoost_r28_BAG_L1","CatBoost_r49_BAG_L1","CatBoost_r61_BAG_L1","CatBoost_r73_BAG_L1","CatBoost_r87_BAG_L1","ExtraTrees_r128_BAG_L1","ExtraTrees_r155_BAG_L1","ExtraTrees_r181_BAG_L1","ExtraTrees_r48_BAG_L1","LightGBM_r102_BAG_L1","LightGBM_r109_BAG_L1","LightGBM_r126_BAG_L1","LightGBM_r148_BAG_L1","LightGBM_r193_BAG_L1","LightGBM_r48_BAG_L1","NeuralNetFastAI_r143_BAG_L1","NeuralNetFastAI_r96_BAG_L1","NeuralNetFastAI_r9_BAG_L1","NeuralNetTorch_r160_BAG_L1","NeuralNetTorch_r31_BAG_L1","XGBoost_r103_BAG_L1","XGBoost_r151_BAG_L1","XGBoost_r185_BAG_L1","XGBoost_r2_BAG_L1","XGBoost_r92_BAG_L1"],"40":["CatBoost_r114_BAG_L1","CatBoost_r121_BAG_L1","CatBoost_r130_BAG_L1","CatBoost_r136_BAG_L1","CatBoost_r139_BAG_L1","CatBoost_r141_BAG_L1","CatBoost_r172_BAG_L1","CatBoost_r183_BAG_L1","CatBoost_r193_BAG_L1","CatBoost_r199_BAG_L1","CatBoost_r1_BAG_L1","CatBoost_r28_BAG_L1","CatBoost_r49_BAG_L1","CatBoost_r61_BAG_L1","CatBoost_r73_BAG_L1","CatBoost_r87_BAG_L1","ExtraTrees_r124_BAG_L1","ExtraTrees_r128_BAG_L1","ExtraTrees_r155_BAG_L1","ExtraTrees_r48_BAG_L1","LightGBM_r102_BAG_L1","LightGBM_r109_BAG_L1","LightGBM_r126_BAG_L1","LightGBM_r148_BAG_L1","LightGBM_r193_BAG_L1","LightGBM_r48_BAG_L1","NeuralNetFastAI_r143_BAG_L1","NeuralNetFastAI_r96_BAG_L1","NeuralNetFastAI_r9_BAG_L1","NeuralNetTorch_r160_BAG_L1","NeuralNetTorch_r31_BAG_L1","XGBoost_r103_BAG_L1","XGBoost_r151_BAG_L1","XGBoost_r185_BAG_L1","XGBoost_r2_BAG_L1","XGBoost_r92_BAG_L1"],"41":["CatBoost_r114_BAG_L1","CatBoost_r121_BAG_L1","CatBoost_r130_BAG_L1","CatBoost_r136_BAG_L1","CatBoost_r139_BAG_L1","CatBoost_r141_BAG_L1","CatBoost_r172_BAG_L1","CatBoost_r183_BAG_L1","CatBoost_r193_BAG_L1","CatBoost_r199_BAG_L1","CatBoost_r1_BAG_L1","CatBoost_r28_BAG_L1","CatBoost_r49_BAG_L1","CatBoost_r61_BAG_L1","CatBoost_r73_BAG_L1","CatBoost_r87_BAG_L1","ExtraTrees_r128_BAG_L1","ExtraTrees_r155_BAG_L1","ExtraTrees_r181_BAG_L1","ExtraTrees_r48_BAG_L1","ExtraTrees_r58_BAG_L1","LightGBM_r102_BAG_L1","LightGBM_r109_BAG_L1","LightGBM_r126_BAG_L1","LightGBM_r148_BAG_L1","LightGBM_r193_BAG_L1","LightGBM_r48_BAG_L1","NeuralNetFastAI_r143_BAG_L1","NeuralNetFastAI_r96_BAG_L1","NeuralNetFastAI_r9_BAG_L1","NeuralNetTorch_r128_BAG_L1","NeuralNetTorch_r160_BAG_L1","NeuralNetTorch_r31_BAG_L1","XGBoost_r103_BAG_L1","XGBoost_r151_BAG_L1","XGBoost_r185_BAG_L1","XGBoost_r2_BAG_L1","XGBoost_r51_BAG_L1","XGBoost_r92_BAG_L1"],"42":["CatBoost_r114_BAG_L1","CatBoost_r117_BAG_L1","CatBoost_r121_BAG_L1","CatBoost_r130_BAG_L1","CatBoost_r136_BAG_L1","CatBoost_r139_BAG_L1","CatBoost_r141_BAG_L1","CatBoost_r172_BAG_L1","CatBoost_r183_BAG_L1","CatBoost_r193_BAG_L1","CatBoost_r195_BAG_L1","CatBoost_r199_BAG_L1","CatBoost_r1_BAG_L1","CatBoost_r28_BAG_L1","CatBoost_r49_BAG_L1","CatBoost_r61_BAG_L1","CatBoost_r73_BAG_L1","CatBoost_r87_BAG_L1","CatBoost_r91_BAG_L1","ExtraTrees_r128_BAG_L1","ExtraTrees_r155_BAG_L1","ExtraTrees_r48_BAG_L1","LightGBM_r102_BAG_L1","LightGBM_r109_BAG_L1","LightGBM_r126_BAG_L1","LightGBM_r148_BAG_L1","LightGBM_r193_BAG_L1","LightGBM_r48_BAG_L1","NeuralNetFastAI_r143_BAG_L1","NeuralNetFastAI_r96_BAG_L1","NeuralNetFastAI_r9_BAG_L1","NeuralNetTorch_r160_BAG_L1","NeuralNetTorch_r31_BAG_L1","XGBoost_r103_BAG_L1","XGBoost_r151_BAG_L1","XGBoost_r185_BAG_L1","XGBoost_r2_BAG_L1","XGBoost_r92_BAG_L1"],"43":["CatBoost_r114_BAG_L1","CatBoost_r117_BAG_L1","CatBoost_r121_BAG_L1","CatBoost_r130_BAG_L1","CatBoost_r136_BAG_L1","CatBoost_r139_BAG_L1","CatBoost_r141_BAG_L1","CatBoost_r172_BAG_L1","CatBoost_r183_BAG_L1","CatBoost_r193_BAG_L1","CatBoost_r199_BAG_L1","CatBoost_r1_BAG_L1","CatBoost_r28_BAG_L1","CatBoost_r49_BAG_L1","CatBoost_r61_BAG_L1","CatBoost_r73_BAG_L1","CatBoost_r87_BAG_L1","ExtraTrees_r128_BAG_L1","ExtraTrees_r155_BAG_L1","ExtraTrees_r48_BAG_L1","LightGBM_r102_BAG_L1","LightGBM_r109_BAG_L1","LightGBM_r126_BAG_L1","LightGBM_r148_BAG_L1","LightGBM_r193_BAG_L1","LightGBM_r48_BAG_L1","NeuralNetFastAI_r143_BAG_L1","NeuralNetFastAI_r96_BAG_L1","NeuralNetFastAI_r9_BAG_L1","NeuralNetTorch_r160_BAG_L1","NeuralNetTorch_r31_BAG_L1","XGBoost_r103_BAG_L1","XGBoost_r151_BAG_L1","XGBoost_r185_BAG_L1","XGBoost_r2_BAG_L1","XGBoost_r92_BAG_L1"],"44":["CatBoost_r114_BAG_L1","CatBoost_r121_BAG_L1","CatBoost_r130_BAG_L1","CatBoost_r136_BAG_L1","CatBoost_r139_BAG_L1","CatBoost_r141_BAG_L1","CatBoost_r172_BAG_L1","CatBoost_r183_BAG_L1","CatBoost_r193_BAG_L1","CatBoost_r199_BAG_L1","CatBoost_r1_BAG_L1","CatBoost_r28_BAG_L1","CatBoost_r49_BAG_L1","CatBoost_r61_BAG_L1","CatBoost_r73_BAG_L1","CatBoost_r87_BAG_L1","ExtraTrees_r128_BAG_L1","ExtraTrees_r155_BAG_L1","ExtraTrees_r48_BAG_L1","ExtraTrees_r90_BAG_L1","LightGBM_r102_BAG_L1","LightGBM_r109_BAG_L1","LightGBM_r126_BAG_L1","LightGBM_r148_BAG_L1","LightGBM_r193_BAG_L1","LightGBM_r48_BAG_L1","NeuralNetFastAI_r143_BAG_L1","NeuralNetFastAI_r96_BAG_L1","NeuralNetFastAI_r9_BAG_L1","NeuralNetTorch_r160_BAG_L1","NeuralNetTorch_r31_BAG_L1","XGBoost_r103_BAG_L1","XGBoost_r151_BAG_L1","XGBoost_r185_BAG_L1","XGBoost_r2_BAG_L1","XGBoost_r80_BAG_L1","XGBoost_r92_BAG_L1"],"45":["CatBoost_r114_BAG_L1","CatBoost_r117_BAG_L1","CatBoost_r121_BAG_L1","CatBoost_r130_BAG_L1","CatBoost_r136_BAG_L1","CatBoost_r139_BAG_L1","CatBoost_r141_BAG_L1","CatBoost_r172_BAG_L1","CatBoost_r183_BAG_L1","CatBoost_r193_BAG_L1","CatBoost_r199_BAG_L1","CatBoost_r1_BAG_L1","CatBoost_r28_BAG_L1","CatBoost_r49_BAG_L1","CatBoost_r61_BAG_L1","CatBoost_r73_BAG_L1","CatBoost_r87_BAG_L1","ExtraTrees_r10_BAG_L1","ExtraTrees_r128_BAG_L1","ExtraTrees_r155_BAG_L1","ExtraTrees_r48_BAG_L1","LightGBM_r102_BAG_L1","LightGBM_r109_BAG_L1","LightGBM_r126_BAG_L1","LightGBM_r148_BAG_L1","LightGBM_r193_BAG_L1","LightGBM_r48_BAG_L1","NeuralNetFastAI_r143_BAG_L1","NeuralNetFastAI_r96_BAG_L1","NeuralNetFastAI_r9_BAG_L1","NeuralNetTorch_r160_BAG_L1","NeuralNetTorch_r31_BAG_L1","XGBoost_r103_BAG_L1","XGBoost_r151_BAG_L1","XGBoost_r185_BAG_L1","XGBoost_r2_BAG_L1","XGBoost_r92_BAG_L1"],"46":["CatBoost_r114_BAG_L1","CatBoost_r117_BAG_L1","CatBoost_r121_BAG_L1","CatBoost_r130_BAG_L1","CatBoost_r136_BAG_L1","CatBoost_r139_BAG_L1","CatBoost_r141_BAG_L1","CatBoost_r172_BAG_L1","CatBoost_r183_BAG_L1","CatBoost_r193_BAG_L1","CatBoost_r199_BAG_L1","CatBoost_r1_BAG_L1","CatBoost_r28_BAG_L1","CatBoost_r49_BAG_L1","CatBoost_r61_BAG_L1","CatBoost_r6_BAG_L1","CatBoost_r73_BAG_L1","CatBoost_r87_BAG_L1","ExtraTrees_r128_BAG_L1","ExtraTrees_r155_BAG_L1","ExtraTrees_r187_BAG_L1","ExtraTrees_r48_BAG_L1","LightGBM_r102_BAG_L1","LightGBM_r109_BAG_L1","LightGBM_r126_BAG_L1","LightGBM_r148_BAG_L1","LightGBM_r193_BAG_L1","LightGBM_r48_BAG_L1","NeuralNetFastAI_r143_BAG_L1","NeuralNetFastAI_r96_BAG_L1","NeuralNetFastAI_r9_BAG_L1","NeuralNetTorch_r160_BAG_L1","NeuralNetTorch_r31_BAG_L1","XGBoost_r103_BAG_L1","XGBoost_r151_BAG_L1","XGBoost_r185_BAG_L1","XGBoost_r2_BAG_L1","XGBoost_r92_BAG_L1"],"47":["CatBoost_r114_BAG_L1","CatBoost_r121_BAG_L1","CatBoost_r130_BAG_L1","CatBoost_r136_BAG_L1","CatBoost_r139_BAG_L1","CatBoost_r141_BAG_L1","CatBoost_r172_BAG_L1","CatBoost_r183_BAG_L1","CatBoost_r193_BAG_L1","CatBoost_r199_BAG_L1","CatBoost_r1_BAG_L1","CatBoost_r28_BAG_L1","CatBoost_r49_BAG_L1","CatBoost_r61_BAG_L1","CatBoost_r73_BAG_L1","CatBoost_r87_BAG_L1","ExtraTrees_r128_BAG_L1","ExtraTrees_r155_BAG_L1","ExtraTrees_r186_BAG_L1","ExtraTrees_r48_BAG_L1","ExtraTrees_r90_BAG_L1","LightGBM_r102_BAG_L1","LightGBM_r109_BAG_L1","LightGBM_r126_BAG_L1","LightGBM_r148_BAG_L1","LightGBM_r193_BAG_L1","LightGBM_r48_BAG_L1","NeuralNetFastAI_r143_BAG_L1","NeuralNetFastAI_r96_BAG_L1","NeuralNetFastAI_r9_BAG_L1","NeuralNetTorch_r141_BAG_L1","NeuralNetTorch_r160_BAG_L1","NeuralNetTorch_r31_BAG_L1","NeuralNetTorch_r75_BAG_L1","XGBoost_r103_BAG_L1","XGBoost_r151_BAG_L1","XGBoost_r185_BAG_L1","XGBoost_r2_BAG_L1","XGBoost_r92_BAG_L1"],"48":["CatBoost_r114_BAG_L1","CatBoost_r121_BAG_L1","CatBoost_r130_BAG_L1","CatBoost_r136_BAG_L1","CatBoost_r139_BAG_L1","CatBoost_r141_BAG_L1","CatBoost_r172_BAG_L1","CatBoost_r183_BAG_L1","CatBoost_r193_BAG_L1","CatBoost_r199_BAG_L1","CatBoost_r1_BAG_L1","CatBoost_r28_BAG_L1","CatBoost_r49_BAG_L1","CatBoost_r61_BAG_L1","CatBoost_r73_BAG_L1","CatBoost_r87_BAG_L1","ExtraTrees_r128_BAG_L1","ExtraTrees_r155_BAG_L1","ExtraTrees_r48_BAG_L1","LightGBM_r102_BAG_L1","LightGBM_r109_BAG_L1","LightGBM_r126_BAG_L1","LightGBM_r148_BAG_L1","LightGBM_r193_BAG_L1","LightGBM_r48_BAG_L1","LightGBM_r91_BAG_L1","NeuralNetFastAI_r143_BAG_L1","NeuralNetFastAI_r96_BAG_L1","NeuralNetFastAI_r9_BAG_L1","NeuralNetTorch_r160_BAG_L1","NeuralNetTorch_r31_BAG_L1","XGBoost_r103_BAG_L1","XGBoost_r151_BAG_L1","XGBoost_r185_BAG_L1","XGBoost_r2_BAG_L1","XGBoost_r92_BAG_L1"]},"weights":{"0":[0.0277777778,0.0277777778,0.0277777778,0.0277777778,0.0277777778,0.0277777778,0.0277777778,0.0277777778,0.0277777778,0.0277777778,0.0277777778,0.0277777778,0.0277777778,0.0277777778,0.0277777778,0.0277777778,0.0277777778,0.0277777778,0.0277777778,0.0277777778,0.0277777778,0.0277777778,0.0277777778,0.0277777778,0.0277777778,0.0277777778,0.0277777778,0.0277777778,0.0277777778,0.0277777778,0.0277777778,0.0277777778,0.0277777778,0.0277777778,0.0277777778,0.0277777778],"1":[0.027027027,0.027027027,0.027027027,0.027027027,0.027027027,0.027027027,0.027027027,0.027027027,0.027027027,0.027027027,0.027027027,0.027027027,0.027027027,0.027027027,0.027027027,0.027027027,0.027027027,0.027027027,0.027027027,0.027027027,0.027027027,0.027027027,0.027027027,0.027027027,0.027027027,0.027027027,0.027027027,0.027027027,0.027027027,0.027027027,0.027027027,0.027027027,0.027027027,0.027027027,0.027027027,0.027027027,0.027027027],"2":[0.0263157895,0.0263157895,0.0263157895,0.0263157895,0.0263157895,0.0263157895,0.0263157895,0.0263157895,0.0263157895,0.0263157895,0.0263157895,0.0263157895,0.0263157895,0.0263157895,0.0263157895,0.0263157895,0.0263157895,0.0263157895,0.0263157895,0.0263157895,0.0263157895,0.0263157895,0.0263157895,0.0263157895,0.0263157895,0.0263157895,0.0263157895,0.0263157895,0.0263157895,0.0263157895,0.0263157895,0.0263157895,0.0263157895,0.0263157895,0.0263157895,0.0263157895,0.0263157895,0.0263157895],"3":[0.0285714286,0.0285714286,0.0285714286,0.0285714286,0.0285714286,0.0285714286,0.0285714286,0.0285714286,0.0285714286,0.0285714286,0.0285714286,0.0285714286,0.0285714286,0.0285714286,0.0285714286,0.0285714286,0.0285714286,0.0285714286,0.0285714286,0.0285714286,0.0285714286,0.0285714286,0.0285714286,0.0285714286,0.0285714286,0.0285714286,0.0285714286,0.0285714286,0.0285714286,0.0285714286,0.0285714286,0.0285714286,0.0285714286,0.0285714286,0.0285714286],"4":[0.0256410256,0.0256410256,0.0256410256,0.0256410256,0.0256410256,0.0256410256,0.0256410256,0.0256410256,0.0256410256,0.0256410256,0.0256410256,0.0256410256,0.0256410256,0.0256410256,0.0256410256,0.0256410256,0.0256410256,0.0256410256,0.0256410256,0.0256410256,0.0256410256,0.0256410256,0.0256410256,0.0256410256,0.0256410256,0.0256410256,0.0256410256,0.0256410256,0.0256410256,0.0256410256,0.0256410256,0.0256410256,0.0256410256,0.0256410256,0.0256410256,0.0256410256,0.0256410256,0.0256410256,0.0256410256],"5":[0.0277777778,0.0277777778,0.0277777778,0.0277777778,0.0277777778,0.0277777778,0.0277777778,0.0277777778,0.0277777778,0.0277777778,0.0277777778,0.0277777778,0.0277777778,0.0277777778,0.0277777778,0.0277777778,0.0277777778,0.0277777778,0.0277777778,0.0277777778,0.0277777778,0.0277777778,0.0277777778,0.0277777778,0.0277777778,0.0277777778,0.0277777778,0.0277777778,0.0277777778,0.0277777778,0.0277777778,0.0277777778,0.0277777778,0.0277777778,0.0277777778,0.0277777778],"6":[0.0263157895,0.0263157895,0.0263157895,0.0263157895,0.0263157895,0.0263157895,0.0263157895,0.0263157895,0.0263157895,0.0263157895,0.0263157895,0.0263157895,0.0263157895,0.0263157895,0.0263157895,0.0263157895,0.0263157895,0.0263157895,0.0263157895,0.0263157895,0.0263157895,0.0263157895,0.0263157895,0.0263157895,0.0263157895,0.0263157895,0.0263157895,0.0263157895,0.0263157895,0.0263157895,0.0263157895,0.0263157895,0.0263157895,0.0263157895,0.0263157895,0.0263157895,0.0263157895,0.0263157895],"7":[0.027027027,0.027027027,0.027027027,0.027027027,0.027027027,0.027027027,0.027027027,0.027027027,0.027027027,0.027027027,0.027027027,0.027027027,0.027027027,0.027027027,0.027027027,0.027027027,0.027027027,0.027027027,0.027027027,0.027027027,0.027027027,0.027027027,0.027027027,0.027027027,0.027027027,0.027027027,0.027027027,0.027027027,0.027027027,0.027027027,0.027027027,0.027027027,0.027027027,0.027027027,0.027027027,0.027027027,0.027027027],"8":[0.0256410256,0.0256410256,0.0256410256,0.0256410256,0.0256410256,0.0256410256,0.0256410256,0.0256410256,0.0256410256,0.0256410256,0.0256410256,0.0256410256,0.0256410256,0.0256410256,0.0256410256,0.0256410256,0.0256410256,0.0256410256,0.0256410256,0.0256410256,0.0256410256,0.0256410256,0.0256410256,0.0256410256,0.0256410256,0.0256410256,0.0256410256,0.0256410256,0.0256410256,0.0256410256,0.0256410256,0.0256410256,0.0256410256,0.0256410256,0.0256410256,0.0256410256,0.0256410256,0.0256410256,0.0256410256],"9":[0.0263157895,0.0263157895,0.0263157895,0.0263157895,0.0263157895,0.0263157895,0.0263157895,0.0263157895,0.0263157895,0.0263157895,0.0263157895,0.0263157895,0.0263157895,0.0263157895,0.0263157895,0.0263157895,0.0263157895,0.0263157895,0.0263157895,0.0263157895,0.0263157895,0.0263157895,0.0263157895,0.0263157895,0.0263157895,0.0263157895,0.0263157895,0.0263157895,0.0263157895,0.0263157895,0.0263157895,0.0263157895,0.0263157895,0.0263157895,0.0263157895,0.0263157895,0.0263157895,0.0263157895],"10":[0.0277777778,0.0277777778,0.0277777778,0.0277777778,0.0277777778,0.0277777778,0.0277777778,0.0277777778,0.0277777778,0.0277777778,0.0277777778,0.0277777778,0.0277777778,0.0277777778,0.0277777778,0.0277777778,0.0277777778,0.0277777778,0.0277777778,0.0277777778,0.0277777778,0.0277777778,0.0277777778,0.0277777778,0.0277777778,0.0277777778,0.0277777778,0.0277777778,0.0277777778,0.0277777778,0.0277777778,0.0277777778,0.0277777778,0.0277777778,0.0277777778,0.0277777778],"11":[0.027027027,0.027027027,0.027027027,0.027027027,0.027027027,0.027027027,0.027027027,0.027027027,0.027027027,0.027027027,0.027027027,0.027027027,0.027027027,0.027027027,0.027027027,0.027027027,0.027027027,0.027027027,0.027027027,0.027027027,0.027027027,0.027027027,0.027027027,0.027027027,0.027027027,0.027027027,0.027027027,0.027027027,0.027027027,0.027027027,0.027027027,0.027027027,0.027027027,0.027027027,0.027027027,0.027027027,0.027027027],"12":[0.027027027,0.027027027,0.027027027,0.027027027,0.027027027,0.027027027,0.027027027,0.027027027,0.027027027,0.027027027,0.027027027,0.027027027,0.027027027,0.027027027,0.027027027,0.027027027,0.027027027,0.027027027,0.027027027,0.027027027,0.027027027,0.027027027,0.027027027,0.027027027,0.027027027,0.027027027,0.027027027,0.027027027,0.027027027,0.027027027,0.027027027,0.027027027,0.027027027,0.027027027,0.027027027,0.027027027,0.027027027],"13":[0.0263157895,0.0263157895,0.0263157895,0.0263157895,0.0263157895,0.0263157895,0.0263157895,0.0526315789,0.0263157895,0.0263157895,0.0263157895,0.0263157895,0.0263157895,0.0263157895,0.0263157895,0.0263157895,0.0263157895,0.0263157895,0.0263157895,0.0263157895,0.0263157895,0.0263157895,0.0263157895,0.0263157895,0.0263157895,0.0263157895,0.0263157895,0.0263157895,0.0263157895,0.0263157895,0.0263157895,0.0263157895,0.0263157895,0.0263157895,0.0263157895,0.0263157895,0.0263157895],"14":[0.0277777778,0.0277777778,0.0277777778,0.0277777778,0.0277777778,0.0277777778,0.0277777778,0.0277777778,0.0277777778,0.0277777778,0.0277777778,0.0277777778,0.0277777778,0.0277777778,0.0277777778,0.0277777778,0.0277777778,0.0277777778,0.0277777778,0.0277777778,0.0277777778,0.0277777778,0.0277777778,0.0277777778,0.0277777778,0.0277777778,0.0277777778,0.0277777778,0.0277777778,0.0277777778,0.0277777778,0.0277777778,0.0277777778,0.0277777778,0.0277777778,0.0277777778],"15":[0.027027027,0.027027027,0.027027027,0.027027027,0.027027027,0.027027027,0.027027027,0.027027027,0.027027027,0.027027027,0.027027027,0.027027027,0.027027027,0.027027027,0.027027027,0.027027027,0.027027027,0.027027027,0.027027027,0.027027027,0.027027027,0.027027027,0.027027027,0.027027027,0.027027027,0.027027027,0.027027027,0.027027027,0.027027027,0.027027027,0.027027027,0.027027027,0.027027027,0.027027027,0.027027027,0.027027027,0.027027027],"16":[0.027027027,0.027027027,0.027027027,0.027027027,0.027027027,0.027027027,0.027027027,0.027027027,0.027027027,0.027027027,0.027027027,0.027027027,0.027027027,0.027027027,0.027027027,0.027027027,0.027027027,0.027027027,0.027027027,0.027027027,0.027027027,0.027027027,0.027027027,0.027027027,0.027027027,0.027027027,0.027027027,0.027027027,0.027027027,0.027027027,0.027027027,0.027027027,0.027027027,0.027027027,0.027027027,0.027027027,0.027027027],"17":[0.0689655172,0.0344827586,0.0344827586,0.0344827586,0.0344827586,0.0344827586,0.0344827586,0.0344827586,0.0344827586,0.0344827586,0.0344827586,0.0344827586,0.0344827586,0.0344827586,0.0344827586,0.0344827586,0.0344827586,0.0344827586,0.0344827586,0.0344827586,0.0344827586,0.0344827586,0.0344827586,0.0344827586,0.0344827586,0.0344827586,0.0344827586,0.0344827586],"18":[0.0263157895,0.0263157895,0.0263157895,0.0263157895,0.0263157895,0.0263157895,0.0263157895,0.0263157895,0.0263157895,0.0263157895,0.0263157895,0.0263157895,0.0263157895,0.0263157895,0.0263157895,0.0263157895,0.0263157895,0.0263157895,0.0263157895,0.0263157895,0.0263157895,0.0263157895,0.0263157895,0.0263157895,0.0263157895,0.0263157895,0.0263157895,0.0263157895,0.0263157895,0.0263157895,0.0263157895,0.0263157895,0.0263157895,0.0263157895,0.0263157895,0.0263157895,0.0263157895,0.0263157895],"19":[0.0263157895,0.0263157895,0.0263157895,0.0263157895,0.0263157895,0.0263157895,0.0263157895,0.0263157895,0.0263157895,0.0263157895,0.0263157895,0.0263157895,0.0263157895,0.0263157895,0.0263157895,0.0263157895,0.0263157895,0.0263157895,0.0263157895,0.0263157895,0.0263157895,0.0263157895,0.0263157895,0.0263157895,0.0263157895,0.0263157895,0.0263157895,0.0263157895,0.0263157895,0.0263157895,0.0263157895,0.0263157895,0.0263157895,0.0263157895,0.0263157895,0.0263157895,0.0263157895,0.0263157895],"20":[0.027027027,0.027027027,0.027027027,0.027027027,0.027027027,0.027027027,0.027027027,0.027027027,0.027027027,0.027027027,0.027027027,0.027027027,0.027027027,0.027027027,0.027027027,0.027027027,0.027027027,0.027027027,0.027027027,0.027027027,0.027027027,0.027027027,0.027027027,0.027027027,0.027027027,0.027027027,0.027027027,0.027027027,0.027027027,0.027027027,0.027027027,0.027027027,0.027027027,0.027027027,0.027027027,0.027027027,0.027027027],"21":[0.027027027,0.027027027,0.027027027,0.027027027,0.027027027,0.027027027,0.027027027,0.027027027,0.027027027,0.027027027,0.027027027,0.027027027,0.027027027,0.027027027,0.027027027,0.027027027,0.027027027,0.027027027,0.027027027,0.027027027,0.027027027,0.027027027,0.027027027,0.027027027,0.027027027,0.027027027,0.027027027,0.027027027,0.027027027,0.027027027,0.027027027,0.027027027,0.027027027,0.027027027,0.027027027,0.027027027,0.027027027],"22":[0.027027027,0.027027027,0.027027027,0.027027027,0.027027027,0.027027027,0.027027027,0.027027027,0.027027027,0.027027027,0.027027027,0.027027027,0.027027027,0.027027027,0.027027027,0.027027027,0.027027027,0.027027027,0.027027027,0.027027027,0.027027027,0.027027027,0.027027027,0.027027027,0.027027027,0.027027027,0.027027027,0.027027027,0.027027027,0.027027027,0.027027027,0.027027027,0.027027027,0.027027027,0.027027027,0.027027027,0.027027027],"23":[0.0263157895,0.0263157895,0.0263157895,0.0263157895,0.0263157895,0.0263157895,0.0263157895,0.0263157895,0.0263157895,0.0263157895,0.0263157895,0.0263157895,0.0263157895,0.0263157895,0.0263157895,0.0263157895,0.0263157895,0.0263157895,0.0263157895,0.0263157895,0.0263157895,0.0263157895,0.0263157895,0.0263157895,0.0263157895,0.0263157895,0.0263157895,0.0263157895,0.0263157895,0.0263157895,0.0263157895,0.0263157895,0.0263157895,0.0263157895,0.0263157895,0.0263157895,0.0263157895,0.0263157895],"24":[0.0263157895,0.0263157895,0.0263157895,0.0263157895,0.0263157895,0.0263157895,0.0263157895,0.0263157895,0.0263157895,0.0263157895,0.0263157895,0.0263157895,0.0263157895,0.0263157895,0.0263157895,0.0263157895,0.0263157895,0.0263157895,0.0263157895,0.0263157895,0.0263157895,0.0263157895,0.0263157895,0.0263157895,0.0263157895,0.0263157895,0.0263157895,0.0263157895,0.0263157895,0.0263157895,0.0263157895,0.0263157895,0.0263157895,0.0263157895,0.0263157895,0.0263157895,0.0263157895,0.0263157895],"25":[0.0263157895,0.0263157895,0.0263157895,0.0263157895,0.0263157895,0.0263157895,0.0263157895,0.0263157895,0.0263157895,0.0263157895,0.0263157895,0.0263157895,0.0263157895,0.0263157895,0.0263157895,0.0263157895,0.0263157895,0.0263157895,0.0263157895,0.0263157895,0.0263157895,0.0263157895,0.0263157895,0.0263157895,0.0263157895,0.0263157895,0.0263157895,0.0263157895,0.0263157895,0.0263157895,0.0263157895,0.0263157895,0.0263157895,0.0263157895,0.0263157895,0.0263157895,0.0263157895,0.0263157895],"26":[0.0263157895,0.0263157895,0.0263157895,0.0263157895,0.0263157895,0.0263157895,0.0263157895,0.0263157895,0.0263157895,0.0263157895,0.0263157895,0.0263157895,0.0263157895,0.0263157895,0.0263157895,0.0263157895,0.0263157895,0.0263157895,0.0263157895,0.0263157895,0.0263157895,0.0263157895,0.0263157895,0.0263157895,0.0263157895,0.0263157895,0.0263157895,0.0263157895,0.0263157895,0.0263157895,0.0263157895,0.0263157895,0.0263157895,0.0263157895,0.0263157895,0.0263157895,0.0263157895,0.0263157895],"27":[0.0263157895,0.0263157895,0.0263157895,0.0263157895,0.0263157895,0.0263157895,0.0263157895,0.0263157895,0.0263157895,0.0263157895,0.0263157895,0.0263157895,0.0263157895,0.0263157895,0.0263157895,0.0263157895,0.0263157895,0.0263157895,0.0263157895,0.0263157895,0.0263157895,0.0263157895,0.0263157895,0.0263157895,0.0263157895,0.0263157895,0.0263157895,0.0263157895,0.0263157895,0.0263157895,0.0263157895,0.0263157895,0.0263157895,0.0263157895,0.0263157895,0.0263157895,0.0263157895,0.0263157895],"28":[0.027027027,0.027027027,0.027027027,0.027027027,0.027027027,0.027027027,0.027027027,0.027027027,0.027027027,0.027027027,0.027027027,0.027027027,0.027027027,0.027027027,0.027027027,0.027027027,0.027027027,0.027027027,0.027027027,0.027027027,0.027027027,0.027027027,0.027027027,0.027027027,0.027027027,0.027027027,0.027027027,0.027027027,0.027027027,0.027027027,0.027027027,0.027027027,0.027027027,0.027027027,0.027027027,0.027027027,0.027027027],"29":[0.0256410256,0.0256410256,0.0256410256,0.0256410256,0.0256410256,0.0256410256,0.0256410256,0.0256410256,0.0256410256,0.0256410256,0.0256410256,0.0256410256,0.0256410256,0.0256410256,0.0256410256,0.0256410256,0.0256410256,0.0256410256,0.0256410256,0.0256410256,0.0256410256,0.0256410256,0.0256410256,0.0256410256,0.0256410256,0.0256410256,0.0256410256,0.0256410256,0.0256410256,0.0256410256,0.0256410256,0.0256410256,0.0256410256,0.0256410256,0.0256410256,0.0256410256,0.0256410256,0.0256410256,0.0256410256],"30":[0.0263157895,0.0263157895,0.0263157895,0.0263157895,0.0263157895,0.0263157895,0.0263157895,0.0263157895,0.0263157895,0.0263157895,0.0263157895,0.0263157895,0.0263157895,0.0263157895,0.0263157895,0.0263157895,0.0263157895,0.0526315789,0.0263157895,0.0263157895,0.0263157895,0.0263157895,0.0263157895,0.0263157895,0.0263157895,0.0263157895,0.0263157895,0.0263157895,0.0263157895,0.0263157895,0.0263157895,0.0263157895,0.0263157895,0.0263157895,0.0263157895,0.0263157895,0.0263157895],"31":[0.0256410256,0.0256410256,0.0256410256,0.0256410256,0.0256410256,0.0256410256,0.0256410256,0.0256410256,0.0256410256,0.0256410256,0.0256410256,0.0256410256,0.0256410256,0.0256410256,0.0256410256,0.0256410256,0.0256410256,0.0256410256,0.0256410256,0.0512820513,0.0256410256,0.0256410256,0.0256410256,0.0256410256,0.0256410256,0.0256410256,0.0256410256,0.0256410256,0.0256410256,0.0256410256,0.0256410256,0.0256410256,0.0256410256,0.0256410256,0.0256410256,0.0256410256,0.0256410256,0.0256410256],"32":[0.0263157895,0.0263157895,0.0263157895,0.0263157895,0.0263157895,0.0263157895,0.0263157895,0.0263157895,0.0263157895,0.0263157895,0.0263157895,0.0263157895,0.0263157895,0.0263157895,0.0263157895,0.0263157895,0.0263157895,0.0263157895,0.0263157895,0.0263157895,0.0263157895,0.0263157895,0.0263157895,0.0263157895,0.0263157895,0.0263157895,0.0263157895,0.0263157895,0.0263157895,0.0263157895,0.0263157895,0.0263157895,0.0263157895,0.0263157895,0.0263157895,0.0263157895,0.0263157895,0.0263157895],"33":[0.025,0.025,0.025,0.025,0.025,0.025,0.025,0.025,0.025,0.025,0.025,0.025,0.025,0.025,0.025,0.025,0.025,0.025,0.025,0.025,0.025,0.025,0.025,0.025,0.025,0.025,0.025,0.025,0.025,0.025,0.025,0.025,0.025,0.025,0.025,0.025,0.025,0.025,0.025,0.025],"34":[0.0263157895,0.0263157895,0.0263157895,0.0263157895,0.0263157895,0.0263157895,0.0263157895,0.0263157895,0.0263157895,0.0263157895,0.0263157895,0.0263157895,0.0263157895,0.0263157895,0.0263157895,0.0263157895,0.0263157895,0.0263157895,0.0263157895,0.0263157895,0.0263157895,0.0263157895,0.0263157895,0.0263157895,0.0263157895,0.0263157895,0.0263157895,0.0263157895,0.0263157895,0.0263157895,0.0263157895,0.0263157895,0.0263157895,0.0263157895,0.0263157895,0.0263157895,0.0263157895,0.0263157895],"35":[0.0256410256,0.0256410256,0.0256410256,0.0256410256,0.0256410256,0.0256410256,0.0256410256,0.0256410256,0.0256410256,0.0256410256,0.0256410256,0.0256410256,0.0256410256,0.0256410256,0.0256410256,0.0256410256,0.0256410256,0.0256410256,0.0256410256,0.0256410256,0.0256410256,0.0256410256,0.0256410256,0.0256410256,0.0256410256,0.0256410256,0.0256410256,0.0256410256,0.0256410256,0.0256410256,0.0256410256,0.0256410256,0.0256410256,0.0256410256,0.0256410256,0.0256410256,0.0256410256,0.0256410256,0.0256410256],"36":[0.0263157895,0.0263157895,0.0263157895,0.0263157895,0.0263157895,0.0263157895,0.0263157895,0.0263157895,0.0263157895,0.0263157895,0.0263157895,0.0263157895,0.0263157895,0.0263157895,0.0263157895,0.0263157895,0.0263157895,0.0263157895,0.0526315789,0.0263157895,0.0263157895,0.0263157895,0.0263157895,0.0263157895,0.0263157895,0.0263157895,0.0263157895,0.0263157895,0.0263157895,0.0263157895,0.0263157895,0.0263157895,0.0263157895,0.0263157895,0.0263157895,0.0263157895,0.0263157895],"37":[0.0344827586,0.0344827586,0.0344827586,0.0344827586,0.0344827586,0.0344827586,0.0344827586,0.0344827586,0.0344827586,0.0344827586,0.0344827586,0.0344827586,0.0344827586,0.0344827586,0.0344827586,0.0344827586,0.0344827586,0.0344827586,0.0344827586,0.0344827586,0.0344827586,0.0344827586,0.0344827586,0.0344827586,0.0344827586,0.0344827586,0.0344827586,0.0344827586,0.0344827586],"38":[0.0263157895,0.0263157895,0.0263157895,0.0263157895,0.0263157895,0.0263157895,0.0263157895,0.0263157895,0.0263157895,0.0263157895,0.0263157895,0.0263157895,0.0263157895,0.0263157895,0.0263157895,0.0263157895,0.0263157895,0.0263157895,0.0263157895,0.0263157895,0.0263157895,0.0263157895,0.0263157895,0.0263157895,0.0263157895,0.0263157895,0.0263157895,0.0263157895,0.0263157895,0.0263157895,0.0263157895,0.0263157895,0.0263157895,0.0263157895,0.0263157895,0.0263157895,0.0263157895,0.0263157895],"39":[0.0277777778,0.0277777778,0.0277777778,0.0277777778,0.0277777778,0.0277777778,0.0277777778,0.0277777778,0.0277777778,0.0277777778,0.0277777778,0.0277777778,0.0277777778,0.0277777778,0.0277777778,0.0277777778,0.0277777778,0.0277777778,0.0277777778,0.0277777778,0.0277777778,0.0277777778,0.0277777778,0.0277777778,0.0277777778,0.0277777778,0.0277777778,0.0277777778,0.0277777778,0.0277777778,0.0277777778,0.0277777778,0.0277777778,0.0277777778,0.0277777778,0.0277777778],"40":[0.0277777778,0.0277777778,0.0277777778,0.0277777778,0.0277777778,0.0277777778,0.0277777778,0.0277777778,0.0277777778,0.0277777778,0.0277777778,0.0277777778,0.0277777778,0.0277777778,0.0277777778,0.0277777778,0.0277777778,0.0277777778,0.0277777778,0.0277777778,0.0277777778,0.0277777778,0.0277777778,0.0277777778,0.0277777778,0.0277777778,0.0277777778,0.0277777778,0.0277777778,0.0277777778,0.0277777778,0.0277777778,0.0277777778,0.0277777778,0.0277777778,0.0277777778],"41":[0.0256410256,0.0256410256,0.0256410256,0.0256410256,0.0256410256,0.0256410256,0.0256410256,0.0256410256,0.0256410256,0.0256410256,0.0256410256,0.0256410256,0.0256410256,0.0256410256,0.0256410256,0.0256410256,0.0256410256,0.0256410256,0.0256410256,0.0256410256,0.0256410256,0.0256410256,0.0256410256,0.0256410256,0.0256410256,0.0256410256,0.0256410256,0.0256410256,0.0256410256,0.0256410256,0.0256410256,0.0256410256,0.0256410256,0.0256410256,0.0256410256,0.0256410256,0.0256410256,0.0256410256,0.0256410256],"42":[0.0263157895,0.0263157895,0.0263157895,0.0263157895,0.0263157895,0.0263157895,0.0263157895,0.0263157895,0.0263157895,0.0263157895,0.0263157895,0.0263157895,0.0263157895,0.0263157895,0.0263157895,0.0263157895,0.0263157895,0.0263157895,0.0263157895,0.0263157895,0.0263157895,0.0263157895,0.0263157895,0.0263157895,0.0263157895,0.0263157895,0.0263157895,0.0263157895,0.0263157895,0.0263157895,0.0263157895,0.0263157895,0.0263157895,0.0263157895,0.0263157895,0.0263157895,0.0263157895,0.0263157895],"43":[0.027027027,0.027027027,0.027027027,0.027027027,0.027027027,0.027027027,0.027027027,0.027027027,0.027027027,0.027027027,0.027027027,0.027027027,0.027027027,0.027027027,0.027027027,0.027027027,0.027027027,0.027027027,0.0540540541,0.027027027,0.027027027,0.027027027,0.027027027,0.027027027,0.027027027,0.027027027,0.027027027,0.027027027,0.027027027,0.027027027,0.027027027,0.027027027,0.027027027,0.027027027,0.027027027,0.027027027],"44":[0.027027027,0.027027027,0.027027027,0.027027027,0.027027027,0.027027027,0.027027027,0.027027027,0.027027027,0.027027027,0.027027027,0.027027027,0.027027027,0.027027027,0.027027027,0.027027027,0.027027027,0.027027027,0.027027027,0.027027027,0.027027027,0.027027027,0.027027027,0.027027027,0.027027027,0.027027027,0.027027027,0.027027027,0.027027027,0.027027027,0.027027027,0.027027027,0.027027027,0.027027027,0.027027027,0.027027027,0.027027027],"45":[0.027027027,0.027027027,0.027027027,0.027027027,0.027027027,0.027027027,0.027027027,0.027027027,0.027027027,0.027027027,0.027027027,0.027027027,0.027027027,0.027027027,0.027027027,0.027027027,0.027027027,0.027027027,0.027027027,0.027027027,0.027027027,0.027027027,0.027027027,0.027027027,0.027027027,0.027027027,0.027027027,0.027027027,0.027027027,0.027027027,0.027027027,0.027027027,0.027027027,0.027027027,0.027027027,0.027027027,0.027027027],"46":[0.0263157895,0.0263157895,0.0263157895,0.0263157895,0.0263157895,0.0263157895,0.0263157895,0.0263157895,0.0263157895,0.0263157895,0.0263157895,0.0263157895,0.0263157895,0.0263157895,0.0263157895,0.0263157895,0.0263157895,0.0263157895,0.0263157895,0.0263157895,0.0263157895,0.0263157895,0.0263157895,0.0263157895,0.0263157895,0.0263157895,0.0263157895,0.0263157895,0.0263157895,0.0263157895,0.0263157895,0.0263157895,0.0263157895,0.0263157895,0.0263157895,0.0263157895,0.0263157895,0.0263157895],"47":[0.0256410256,0.0256410256,0.0256410256,0.0256410256,0.0256410256,0.0256410256,0.0256410256,0.0256410256,0.0256410256,0.0256410256,0.0256410256,0.0256410256,0.0256410256,0.0256410256,0.0256410256,0.0256410256,0.0256410256,0.0256410256,0.0256410256,0.0256410256,0.0256410256,0.0256410256,0.0256410256,0.0256410256,0.0256410256,0.0256410256,0.0256410256,0.0256410256,0.0256410256,0.0256410256,0.0256410256,0.0256410256,0.0256410256,0.0256410256,0.0256410256,0.0256410256,0.0256410256,0.0256410256,0.0256410256],"48":[0.0277777778,0.0277777778,0.0277777778,0.0277777778,0.0277777778,0.0277777778,0.0277777778,0.0277777778,0.0277777778,0.0277777778,0.0277777778,0.0277777778,0.0277777778,0.0277777778,0.0277777778,0.0277777778,0.0277777778,0.0277777778,0.0277777778,0.0277777778,0.0277777778,0.0277777778,0.0277777778,0.0277777778,0.0277777778,0.0277777778,0.0277777778,0.0277777778,0.0277777778,0.0277777778,0.0277777778,0.0277777778,0.0277777778,0.0277777778,0.0277777778,0.0277777778]},"meta":{"0":36,"1":37,"2":37,"3":39,"4":35,"5":38,"6":36,"7":37,"8":38,"9":38,"10":37,"11":38,"12":39,"13":38,"14":38,"15":29,"16":37,"17":38,"18":39,"19":37,"20":38,"21":37,"22":38,"23":38,"24":38,"25":37,"26":40,"27":38,"28":38,"29":36,"30":37,"31":38,"32":29,"33":36,"34":38,"35":39,"36":36,"37":36,"38":39,"39":38,"40":39,"41":38,"42":37,"43":37,"44":39,"45":36,"46":37,"47":38,"48":37},"task":{"0":"3800_0","1":"3800_0","2":"3800_0","3":"3800_0","4":"3800_0","5":"3800_0","6":"3800_0","7":"3800_0","8":"3800_0","9":"3800_0","10":"3800_0","11":"3800_0","12":"3800_0","13":"3800_0","14":"3800_0","15":"3800_0","16":"3800_0","17":"3800_0","18":"3800_0","19":"3800_0","20":"3800_0","21":"3800_0","22":"3800_0","23":"3800_0","24":"3800_0","25":"3800_0","26":"3800_0","27":"3800_0","28":"3800_0","29":"3800_0","30":"3800_0","31":"3800_0","32":"3800_0","33":"3800_0","34":"3800_0","35":"3800_0","36":"3800_0","37":"3800_0","38":"3800_0","39":"3800_0","40":"3800_0","41":"3800_0","42":"3800_0","43":"3800_0","44":"3800_0","45":"3800_0","46":"3800_0","47":"3800_0","48":"3800_0"},"dataset":{"0":"fri_c3_500_50","1":"fri_c3_500_50","2":"fri_c3_500_50","3":"fri_c3_500_50","4":"fri_c3_500_50","5":"fri_c3_500_50","6":"fri_c3_500_50","7":"fri_c3_500_50","8":"fri_c3_500_50","9":"fri_c3_500_50","10":"fri_c3_500_50","11":"fri_c3_500_50","12":"fri_c3_500_50","13":"fri_c3_500_50","14":"fri_c3_500_50","15":"fri_c3_500_50","16":"fri_c3_500_50","17":"fri_c3_500_50","18":"fri_c3_500_50","19":"fri_c3_500_50","20":"fri_c3_500_50","21":"fri_c3_500_50","22":"fri_c3_500_50","23":"fri_c3_500_50","24":"fri_c3_500_50","25":"fri_c3_500_50","26":"fri_c3_500_50","27":"fri_c3_500_50","28":"fri_c3_500_50","29":"fri_c3_500_50","30":"fri_c3_500_50","31":"fri_c3_500_50","32":"fri_c3_500_50","33":"fri_c3_500_50","34":"fri_c3_500_50","35":"fri_c3_500_50","36":"fri_c3_500_50","37":"fri_c3_500_50","38":"fri_c3_500_50","39":"fri_c3_500_50","40":"fri_c3_500_50","41":"fri_c3_500_50","42":"fri_c3_500_50","43":"fri_c3_500_50","44":"fri_c3_500_50","45":"fri_c3_500_50","46":"fri_c3_500_50","47":"fri_c3_500_50","48":"fri_c3_500_50"},"fold":{"0":0,"1":0,"2":0,"3":0,"4":0,"5":0,"6":0,"7":0,"8":0,"9":0,"10":0,"11":0,"12":0,"13":0,"14":0,"15":0,"16":0,"17":0,"18":0,"19":0,"20":0,"21":0,"22":0,"23":0,"24":0,"25":0,"26":0,"27":0,"28":0,"29":0,"30":0,"31":0,"32":0,"33":0,"34":0,"35":0,"36":0,"37":0,"38":0,"39":0,"40":0,"41":0,"42":0,"43":0,"44":0,"45":0,"46":0,"47":0,"48":0},"method":{"0":"QO","1":"QO","2":"QO","3":"QO","4":"QO","5":"QO","6":"QO","7":"QO","8":"QO","9":"QO","10":"QO","11":"QO","12":"QO","13":"QO","14":"QO","15":"QO","16":"QO","17":"QO","18":"QO","19":"QO","20":"QO","21":"QO","22":"QO","23":"QO","24":"QO","25":"QO","26":"QO","27":"QO","28":"QO","29":"QO","30":"QO","31":"QO","32":"QO","33":"QO","34":"QO","35":"QO","36":"QO","37":"QO","38":"QO","39":"QO","40":"QO","41":"QO","42":"QO","43":"QO","44":"QO","45":"QO","46":"QO","47":"QO","48":"QO"}}