{"name":{"0":"QO_0","1":"QO_1","2":"QO_2","3":"QO_3","4":"QO_4","5":"QO_5","6":"QO_6","7":"QO_7","8":"QO_8","9":"QO_9","10":"QO_10","11":"QO_11","12":"QO_12","13":"QO_13","14":"QO_14","15":"QO_15","16":"QO_16","17":"QO_17","18":"QO_18","19":"QO_19","20":"QO_20","21":"QO_21","22":"QO_22","23":"QO_23","24":"QO_24","25":"QO_25","26":"QO_26","27":"QO_27","28":"QO_28","29":"QO_29","30":"QO_30","31":"QO_31","32":"QO_32","33":"QO_33","34":"QO_34","35":"QO_35","36":"QO_36","37":"QO_37","38":"QO_38","39":"QO_39","40":"QO_40","41":"QO_41","42":"QO_42","43":"QO_43","44":"QO_44","45":"QO_45","46":"QO_46","47":"QO_47","48":"QO_48"},"roc_auc_val":{"0":0.9852095844,"1":0.9852194611,"2":0.9852688448,"3":0.9852540297,"4":0.9852737832,"5":0.985204646,"6":0.9852935367,"7":0.9852490913,"8":0.9852145228,"9":0.9852243995,"10":0.985204646,"11":0.9852243995,"12":0.985204646,"13":0.9852836599,"14":0.9852145228,"15":0.9852490913,"16":0.9852243995,"17":0.9852194611,"18":0.9852935367,"19":0.9852095844,"20":0.9852639064,"21":0.9852095844,"22":0.985244153,"23":0.9851997076,"24":0.985204646,"25":0.985244153,"26":0.9852589681,"27":0.9852342762,"28":0.9852737832,"29":0.9852737832,"30":0.9852392146,"31":0.9852145228,"32":0.9852243995,"33":0.9852935367,"34":0.9852589681,"35":0.9852145228,"36":0.9853626738,"37":0.9851997076,"38":0.9852243995,"39":0.9852095844,"40":0.9851997076,"41":0.9852935367,"42":0.9852737832,"43":0.9852490913,"44":0.9852787216,"45":0.9852589681,"46":0.9852095844,"47":0.9852145228,"48":0.985298475},"roc_auc_test":{"0":0.9743897559,"1":0.974789916,"2":0.974789916,"3":0.974789916,"4":0.974789916,"5":0.9739895958,"6":0.974789916,"7":0.974789916,"8":0.974789916,"9":0.974789916,"10":0.9755902361,"11":0.974789916,"12":0.974789916,"13":0.974789916,"14":0.9739895958,"15":0.974789916,"16":0.9743897559,"17":0.974789916,"18":0.974789916,"19":0.974789916,"20":0.9743897559,"21":0.975190076,"22":0.974789916,"23":0.9743897559,"24":0.974789916,"25":0.975190076,"26":0.974789916,"27":0.9739895958,"28":0.974789916,"29":0.974789916,"30":0.9739895958,"31":0.974789916,"32":0.975190076,"33":0.974789916,"34":0.974789916,"35":0.9743897559,"36":0.975190076,"37":0.974789916,"38":0.974789916,"39":0.9739895958,"40":0.9739895958,"41":0.974789916,"42":0.974789916,"43":0.974789916,"44":0.9743897559,"45":0.975190076,"46":0.9743897559,"47":0.974789916,"48":0.974789916},"models_used":{"0":["ExtraTrees_r114_BAG_L1","ExtraTrees_r79_BAG_L1","NeuralNetFastAI_r109_BAG_L1","NeuralNetFastAI_r138_BAG_L1","NeuralNetFastAI_r163_BAG_L1","NeuralNetFastAI_r191_BAG_L1","NeuralNetFastAI_r46_BAG_L1","NeuralNetTorch_r115_BAG_L1","NeuralNetTorch_r117_BAG_L1","NeuralNetTorch_r125_BAG_L1","NeuralNetTorch_r126_BAG_L1","NeuralNetTorch_r139_BAG_L1","NeuralNetTorch_r141_BAG_L1","NeuralNetTorch_r176_BAG_L1","NeuralNetTorch_r185_BAG_L1","NeuralNetTorch_r197_BAG_L1","NeuralNetTorch_r30_BAG_L1","NeuralNetTorch_r34_BAG_L1","NeuralNetTorch_r41_BAG_L1","NeuralNetTorch_r47_BAG_L1","NeuralNetTorch_r57_BAG_L1","NeuralNetTorch_r83_BAG_L1","NeuralNetTorch_r87_BAG_L1","NeuralNetTorch_r88_BAG_L1"],"1":["ExtraTrees_r114_BAG_L1","NeuralNetFastAI_r109_BAG_L1","NeuralNetFastAI_r124_BAG_L1","NeuralNetFastAI_r138_BAG_L1","NeuralNetFastAI_r163_BAG_L1","NeuralNetFastAI_r191_BAG_L1","NeuralNetFastAI_r46_BAG_L1","NeuralNetTorch_r115_BAG_L1","NeuralNetTorch_r117_BAG_L1","NeuralNetTorch_r125_BAG_L1","NeuralNetTorch_r126_BAG_L1","NeuralNetTorch_r139_BAG_L1","NeuralNetTorch_r141_BAG_L1","NeuralNetTorch_r197_BAG_L1","NeuralNetTorch_r30_BAG_L1","NeuralNetTorch_r34_BAG_L1","NeuralNetTorch_r41_BAG_L1","NeuralNetTorch_r47_BAG_L1","NeuralNetTorch_r57_BAG_L1","NeuralNetTorch_r83_BAG_L1","NeuralNetTorch_r87_BAG_L1","NeuralNetTorch_r88_BAG_L1"],"2":["ExtraTrees_r114_BAG_L1","NeuralNetFastAI_r109_BAG_L1","NeuralNetFastAI_r138_BAG_L1","NeuralNetFastAI_r146_BAG_L1","NeuralNetFastAI_r163_BAG_L1","NeuralNetFastAI_r191_BAG_L1","NeuralNetFastAI_r46_BAG_L1","NeuralNetTorch_r115_BAG_L1","NeuralNetTorch_r117_BAG_L1","NeuralNetTorch_r125_BAG_L1","NeuralNetTorch_r126_BAG_L1","NeuralNetTorch_r135_BAG_L1","NeuralNetTorch_r139_BAG_L1","NeuralNetTorch_r141_BAG_L1","NeuralNetTorch_r146_BAG_L1","NeuralNetTorch_r197_BAG_L1","NeuralNetTorch_r30_BAG_L1","NeuralNetTorch_r34_BAG_L1","NeuralNetTorch_r41_BAG_L1","NeuralNetTorch_r47_BAG_L1","NeuralNetTorch_r4_BAG_L1","NeuralNetTorch_r57_BAG_L1","NeuralNetTorch_r66_BAG_L1","NeuralNetTorch_r83_BAG_L1","NeuralNetTorch_r87_BAG_L1","NeuralNetTorch_r88_BAG_L1"],"3":["ExtraTrees_r114_BAG_L1","NeuralNetFastAI_r109_BAG_L1","NeuralNetFastAI_r138_BAG_L1","NeuralNetFastAI_r146_BAG_L1","NeuralNetFastAI_r163_BAG_L1","NeuralNetFastAI_r191_BAG_L1","NeuralNetFastAI_r46_BAG_L1","NeuralNetTorch_r115_BAG_L1","NeuralNetTorch_r117_BAG_L1","NeuralNetTorch_r125_BAG_L1","NeuralNetTorch_r126_BAG_L1","NeuralNetTorch_r135_BAG_L1","NeuralNetTorch_r139_BAG_L1","NeuralNetTorch_r141_BAG_L1","NeuralNetTorch_r197_BAG_L1","NeuralNetTorch_r1_BAG_L1","NeuralNetTorch_r30_BAG_L1","NeuralNetTorch_r34_BAG_L1","NeuralNetTorch_r41_BAG_L1","NeuralNetTorch_r47_BAG_L1","NeuralNetTorch_r4_BAG_L1","NeuralNetTorch_r57_BAG_L1","NeuralNetTorch_r66_BAG_L1","NeuralNetTorch_r83_BAG_L1","NeuralNetTorch_r87_BAG_L1","NeuralNetTorch_r88_BAG_L1"],"4":["ExtraTrees_r114_BAG_L1","ExtraTrees_r138_BAG_L1","NeuralNetFastAI_r109_BAG_L1","NeuralNetFastAI_r138_BAG_L1","NeuralNetFastAI_r146_BAG_L1","NeuralNetFastAI_r163_BAG_L1","NeuralNetFastAI_r191_BAG_L1","NeuralNetFastAI_r46_BAG_L1","NeuralNetTorch_r115_BAG_L1","NeuralNetTorch_r117_BAG_L1","NeuralNetTorch_r125_BAG_L1","NeuralNetTorch_r126_BAG_L1","NeuralNetTorch_r135_BAG_L1","NeuralNetTorch_r139_BAG_L1","NeuralNetTorch_r141_BAG_L1","NeuralNetTorch_r197_BAG_L1","NeuralNetTorch_r1_BAG_L1","NeuralNetTorch_r30_BAG_L1","NeuralNetTorch_r34_BAG_L1","NeuralNetTorch_r41_BAG_L1","NeuralNetTorch_r47_BAG_L1","NeuralNetTorch_r4_BAG_L1","NeuralNetTorch_r57_BAG_L1","NeuralNetTorch_r66_BAG_L1","NeuralNetTorch_r83_BAG_L1","NeuralNetTorch_r87_BAG_L1","NeuralNetTorch_r88_BAG_L1"],"5":["ExtraTrees_r114_BAG_L1","NeuralNetFastAI_r109_BAG_L1","NeuralNetFastAI_r134_BAG_L1","NeuralNetFastAI_r138_BAG_L1","NeuralNetFastAI_r146_BAG_L1","NeuralNetFastAI_r163_BAG_L1","NeuralNetFastAI_r191_BAG_L1","NeuralNetFastAI_r46_BAG_L1","NeuralNetFastAI_r63_BAG_L1","NeuralNetTorch_r115_BAG_L1","NeuralNetTorch_r117_BAG_L1","NeuralNetTorch_r125_BAG_L1","NeuralNetTorch_r126_BAG_L1","NeuralNetTorch_r135_BAG_L1","NeuralNetTorch_r139_BAG_L1","NeuralNetTorch_r141_BAG_L1","NeuralNetTorch_r197_BAG_L1","NeuralNetTorch_r30_BAG_L1","NeuralNetTorch_r34_BAG_L1","NeuralNetTorch_r41_BAG_L1","NeuralNetTorch_r47_BAG_L1","NeuralNetTorch_r4_BAG_L1","NeuralNetTorch_r57_BAG_L1","NeuralNetTorch_r66_BAG_L1","NeuralNetTorch_r83_BAG_L1","NeuralNetTorch_r87_BAG_L1","NeuralNetTorch_r88_BAG_L1"],"6":["ExtraTrees_r114_BAG_L1","ExtraTrees_r155_BAG_L1","NeuralNetFastAI_r109_BAG_L1","NeuralNetFastAI_r138_BAG_L1","NeuralNetFastAI_r146_BAG_L1","NeuralNetFastAI_r163_BAG_L1","NeuralNetFastAI_r191_BAG_L1","NeuralNetFastAI_r46_BAG_L1","NeuralNetTorch_r115_BAG_L1","NeuralNetTorch_r117_BAG_L1","NeuralNetTorch_r125_BAG_L1","NeuralNetTorch_r126_BAG_L1","NeuralNetTorch_r135_BAG_L1","NeuralNetTorch_r139_BAG_L1","NeuralNetTorch_r141_BAG_L1","NeuralNetTorch_r197_BAG_L1","NeuralNetTorch_r1_BAG_L1","NeuralNetTorch_r30_BAG_L1","NeuralNetTorch_r34_BAG_L1","NeuralNetTorch_r41_BAG_L1","NeuralNetTorch_r47_BAG_L1","NeuralNetTorch_r4_BAG_L1","NeuralNetTorch_r57_BAG_L1","NeuralNetTorch_r66_BAG_L1","NeuralNetTorch_r83_BAG_L1","NeuralNetTorch_r87_BAG_L1","NeuralNetTorch_r88_BAG_L1"],"7":["ExtraTrees_r114_BAG_L1","NeuralNetFastAI_r109_BAG_L1","NeuralNetFastAI_r138_BAG_L1","NeuralNetFastAI_r163_BAG_L1","NeuralNetFastAI_r191_BAG_L1","NeuralNetFastAI_r46_BAG_L1","NeuralNetTorch_r115_BAG_L1","NeuralNetTorch_r117_BAG_L1","NeuralNetTorch_r125_BAG_L1","NeuralNetTorch_r126_BAG_L1","NeuralNetTorch_r139_BAG_L1","NeuralNetTorch_r141_BAG_L1","NeuralNetTorch_r176_BAG_L1","NeuralNetTorch_r185_BAG_L1","NeuralNetTorch_r197_BAG_L1","NeuralNetTorch_r30_BAG_L1","NeuralNetTorch_r34_BAG_L1","NeuralNetTorch_r41_BAG_L1","NeuralNetTorch_r47_BAG_L1","NeuralNetTorch_r57_BAG_L1","NeuralNetTorch_r83_BAG_L1","NeuralNetTorch_r87_BAG_L1","NeuralNetTorch_r88_BAG_L1"],"8":["ExtraTrees_r100_BAG_L1","ExtraTrees_r114_BAG_L1","NeuralNetFastAI_r109_BAG_L1","NeuralNetFastAI_r138_BAG_L1","NeuralNetFastAI_r146_BAG_L1","NeuralNetFastAI_r163_BAG_L1","NeuralNetFastAI_r191_BAG_L1","NeuralNetFastAI_r46_BAG_L1","NeuralNetTorch_r115_BAG_L1","NeuralNetTorch_r117_BAG_L1","NeuralNetTorch_r125_BAG_L1","NeuralNetTorch_r126_BAG_L1","NeuralNetTorch_r135_BAG_L1","NeuralNetTorch_r139_BAG_L1","NeuralNetTorch_r141_BAG_L1","NeuralNetTorch_r197_BAG_L1","NeuralNetTorch_r1_BAG_L1","NeuralNetTorch_r30_BAG_L1","NeuralNetTorch_r34_BAG_L1","NeuralNetTorch_r41_BAG_L1","NeuralNetTorch_r47_BAG_L1","NeuralNetTorch_r4_BAG_L1","NeuralNetTorch_r57_BAG_L1","NeuralNetTorch_r66_BAG_L1","NeuralNetTorch_r83_BAG_L1","NeuralNetTorch_r87_BAG_L1","NeuralNetTorch_r88_BAG_L1"],"9":["ExtraTrees_r114_BAG_L1","NeuralNetFastAI_r109_BAG_L1","NeuralNetFastAI_r138_BAG_L1","NeuralNetFastAI_r146_BAG_L1","NeuralNetFastAI_r163_BAG_L1","NeuralNetFastAI_r191_BAG_L1","NeuralNetFastAI_r46_BAG_L1","NeuralNetTorch_r115_BAG_L1","NeuralNetTorch_r117_BAG_L1","NeuralNetTorch_r125_BAG_L1","NeuralNetTorch_r126_BAG_L1","NeuralNetTorch_r135_BAG_L1","NeuralNetTorch_r139_BAG_L1","NeuralNetTorch_r141_BAG_L1","NeuralNetTorch_r197_BAG_L1","NeuralNetTorch_r1_BAG_L1","NeuralNetTorch_r22_BAG_L1","NeuralNetTorch_r30_BAG_L1","NeuralNetTorch_r34_BAG_L1","NeuralNetTorch_r41_BAG_L1","NeuralNetTorch_r47_BAG_L1","NeuralNetTorch_r4_BAG_L1","NeuralNetTorch_r57_BAG_L1","NeuralNetTorch_r66_BAG_L1","NeuralNetTorch_r83_BAG_L1","NeuralNetTorch_r87_BAG_L1","NeuralNetTorch_r88_BAG_L1"],"10":["ExtraTrees_r114_BAG_L1","ExtraTrees_r94_BAG_L1","NeuralNetFastAI_r109_BAG_L1","NeuralNetFastAI_r138_BAG_L1","NeuralNetFastAI_r146_BAG_L1","NeuralNetFastAI_r163_BAG_L1","NeuralNetFastAI_r191_BAG_L1","NeuralNetFastAI_r46_BAG_L1","NeuralNetTorch_r115_BAG_L1","NeuralNetTorch_r117_BAG_L1","NeuralNetTorch_r125_BAG_L1","NeuralNetTorch_r126_BAG_L1","NeuralNetTorch_r135_BAG_L1","NeuralNetTorch_r139_BAG_L1","NeuralNetTorch_r141_BAG_L1","NeuralNetTorch_r197_BAG_L1","NeuralNetTorch_r30_BAG_L1","NeuralNetTorch_r34_BAG_L1","NeuralNetTorch_r41_BAG_L1","NeuralNetTorch_r47_BAG_L1","NeuralNetTorch_r4_BAG_L1","NeuralNetTorch_r57_BAG_L1","NeuralNetTorch_r66_BAG_L1","NeuralNetTorch_r83_BAG_L1","NeuralNetTorch_r87_BAG_L1","NeuralNetTorch_r88_BAG_L1","NeuralNetTorch_r95_BAG_L1"],"11":["ExtraTrees_r114_BAG_L1","NeuralNetFastAI_r109_BAG_L1","NeuralNetFastAI_r138_BAG_L1","NeuralNetFastAI_r146_BAG_L1","NeuralNetFastAI_r163_BAG_L1","NeuralNetFastAI_r191_BAG_L1","NeuralNetFastAI_r46_BAG_L1","NeuralNetTorch_r115_BAG_L1","NeuralNetTorch_r117_BAG_L1","NeuralNetTorch_r125_BAG_L1","NeuralNetTorch_r126_BAG_L1","NeuralNetTorch_r135_BAG_L1","NeuralNetTorch_r139_BAG_L1","NeuralNetTorch_r141_BAG_L1","NeuralNetTorch_r197_BAG_L1","NeuralNetTorch_r30_BAG_L1","NeuralNetTorch_r34_BAG_L1","NeuralNetTorch_r41_BAG_L1","NeuralNetTorch_r47_BAG_L1","NeuralNetTorch_r4_BAG_L1","NeuralNetTorch_r57_BAG_L1","NeuralNetTorch_r66_BAG_L1","NeuralNetTorch_r83_BAG_L1","NeuralNetTorch_r87_BAG_L1","NeuralNetTorch_r88_BAG_L1"],"12":["ExtraTrees_r114_BAG_L1","NeuralNetFastAI_r109_BAG_L1","NeuralNetFastAI_r138_BAG_L1","NeuralNetFastAI_r146_BAG_L1","NeuralNetFastAI_r163_BAG_L1","NeuralNetFastAI_r191_BAG_L1","NeuralNetFastAI_r46_BAG_L1","NeuralNetFastAI_r85_BAG_L1","NeuralNetTorch_r115_BAG_L1","NeuralNetTorch_r117_BAG_L1","NeuralNetTorch_r125_BAG_L1","NeuralNetTorch_r126_BAG_L1","NeuralNetTorch_r135_BAG_L1","NeuralNetTorch_r139_BAG_L1","NeuralNetTorch_r141_BAG_L1","NeuralNetTorch_r197_BAG_L1","NeuralNetTorch_r1_BAG_L1","NeuralNetTorch_r30_BAG_L1","NeuralNetTorch_r34_BAG_L1","NeuralNetTorch_r41_BAG_L1","NeuralNetTorch_r47_BAG_L1","NeuralNetTorch_r4_BAG_L1","NeuralNetTorch_r57_BAG_L1","NeuralNetTorch_r66_BAG_L1","NeuralNetTorch_r83_BAG_L1","NeuralNetTorch_r87_BAG_L1","NeuralNetTorch_r88_BAG_L1"],"13":["ExtraTrees_r114_BAG_L1","NeuralNetFastAI_r109_BAG_L1","NeuralNetFastAI_r138_BAG_L1","NeuralNetFastAI_r146_BAG_L1","NeuralNetFastAI_r163_BAG_L1","NeuralNetFastAI_r191_BAG_L1","NeuralNetFastAI_r46_BAG_L1","NeuralNetTorch_r115_BAG_L1","NeuralNetTorch_r117_BAG_L1","NeuralNetTorch_r125_BAG_L1","NeuralNetTorch_r126_BAG_L1","NeuralNetTorch_r135_BAG_L1","NeuralNetTorch_r139_BAG_L1","NeuralNetTorch_r141_BAG_L1","NeuralNetTorch_r176_BAG_L1","NeuralNetTorch_r197_BAG_L1","NeuralNetTorch_r30_BAG_L1","NeuralNetTorch_r34_BAG_L1","NeuralNetTorch_r41_BAG_L1","NeuralNetTorch_r47_BAG_L1","NeuralNetTorch_r4_BAG_L1","NeuralNetTorch_r57_BAG_L1","NeuralNetTorch_r66_BAG_L1","NeuralNetTorch_r83_BAG_L1","NeuralNetTorch_r87_BAG_L1","NeuralNetTorch_r88_BAG_L1"],"14":["ExtraTrees_r114_BAG_L1","ExtraTrees_r79_BAG_L1","NeuralNetFastAI_r109_BAG_L1","NeuralNetFastAI_r138_BAG_L1","NeuralNetFastAI_r163_BAG_L1","NeuralNetFastAI_r191_BAG_L1","NeuralNetFastAI_r46_BAG_L1","NeuralNetTorch_r115_BAG_L1","NeuralNetTorch_r117_BAG_L1","NeuralNetTorch_r125_BAG_L1","NeuralNetTorch_r126_BAG_L1","NeuralNetTorch_r139_BAG_L1","NeuralNetTorch_r141_BAG_L1","NeuralNetTorch_r197_BAG_L1","NeuralNetTorch_r30_BAG_L1","NeuralNetTorch_r34_BAG_L1","NeuralNetTorch_r41_BAG_L1","NeuralNetTorch_r47_BAG_L1","NeuralNetTorch_r57_BAG_L1","NeuralNetTorch_r83_BAG_L1","NeuralNetTorch_r87_BAG_L1","NeuralNetTorch_r88_BAG_L1"],"15":["ExtraTrees_r114_BAG_L1","NeuralNetFastAI_r109_BAG_L1","NeuralNetFastAI_r138_BAG_L1","NeuralNetFastAI_r163_BAG_L1","NeuralNetFastAI_r191_BAG_L1","NeuralNetFastAI_r46_BAG_L1","NeuralNetTorch_r115_BAG_L1","NeuralNetTorch_r117_BAG_L1","NeuralNetTorch_r125_BAG_L1","NeuralNetTorch_r126_BAG_L1","NeuralNetTorch_r139_BAG_L1","NeuralNetTorch_r141_BAG_L1","NeuralNetTorch_r197_BAG_L1","NeuralNetTorch_r30_BAG_L1","NeuralNetTorch_r34_BAG_L1","NeuralNetTorch_r41_BAG_L1","NeuralNetTorch_r47_BAG_L1","NeuralNetTorch_r57_BAG_L1","NeuralNetTorch_r66_BAG_L1","NeuralNetTorch_r83_BAG_L1","NeuralNetTorch_r87_BAG_L1","NeuralNetTorch_r88_BAG_L1"],"16":["ExtraTrees_r114_BAG_L1","NeuralNetFastAI_r109_BAG_L1","NeuralNetFastAI_r128_BAG_L1","NeuralNetFastAI_r138_BAG_L1","NeuralNetFastAI_r163_BAG_L1","NeuralNetFastAI_r191_BAG_L1","NeuralNetFastAI_r46_BAG_L1","NeuralNetTorch_r115_BAG_L1","NeuralNetTorch_r117_BAG_L1","NeuralNetTorch_r125_BAG_L1","NeuralNetTorch_r126_BAG_L1","NeuralNetTorch_r139_BAG_L1","NeuralNetTorch_r141_BAG_L1","NeuralNetTorch_r197_BAG_L1","NeuralNetTorch_r30_BAG_L1","NeuralNetTorch_r34_BAG_L1","NeuralNetTorch_r41_BAG_L1","NeuralNetTorch_r47_BAG_L1","NeuralNetTorch_r57_BAG_L1","NeuralNetTorch_r83_BAG_L1","NeuralNetTorch_r87_BAG_L1","NeuralNetTorch_r88_BAG_L1"],"17":["ExtraTrees_r114_BAG_L1","ExtraTrees_r57_BAG_L1","NeuralNetFastAI_r109_BAG_L1","NeuralNetFastAI_r138_BAG_L1","NeuralNetFastAI_r146_BAG_L1","NeuralNetFastAI_r163_BAG_L1","NeuralNetFastAI_r191_BAG_L1","NeuralNetFastAI_r46_BAG_L1","NeuralNetTorch_r115_BAG_L1","NeuralNetTorch_r117_BAG_L1","NeuralNetTorch_r125_BAG_L1","NeuralNetTorch_r126_BAG_L1","NeuralNetTorch_r135_BAG_L1","NeuralNetTorch_r139_BAG_L1","NeuralNetTorch_r141_BAG_L1","NeuralNetTorch_r197_BAG_L1","NeuralNetTorch_r1_BAG_L1","NeuralNetTorch_r30_BAG_L1","NeuralNetTorch_r34_BAG_L1","NeuralNetTorch_r41_BAG_L1","NeuralNetTorch_r47_BAG_L1","NeuralNetTorch_r4_BAG_L1","NeuralNetTorch_r57_BAG_L1","NeuralNetTorch_r66_BAG_L1","NeuralNetTorch_r83_BAG_L1","NeuralNetTorch_r87_BAG_L1","NeuralNetTorch_r88_BAG_L1"],"18":["ExtraTrees_r114_BAG_L1","ExtraTrees_r79_BAG_L1","NeuralNetFastAI_r109_BAG_L1","NeuralNetFastAI_r138_BAG_L1","NeuralNetFastAI_r146_BAG_L1","NeuralNetFastAI_r163_BAG_L1","NeuralNetFastAI_r191_BAG_L1","NeuralNetFastAI_r46_BAG_L1","NeuralNetTorch_r115_BAG_L1","NeuralNetTorch_r117_BAG_L1","NeuralNetTorch_r125_BAG_L1","NeuralNetTorch_r126_BAG_L1","NeuralNetTorch_r135_BAG_L1","NeuralNetTorch_r139_BAG_L1","NeuralNetTorch_r141_BAG_L1","NeuralNetTorch_r197_BAG_L1","NeuralNetTorch_r1_BAG_L1","NeuralNetTorch_r30_BAG_L1","NeuralNetTorch_r34_BAG_L1","NeuralNetTorch_r41_BAG_L1","NeuralNetTorch_r47_BAG_L1","NeuralNetTorch_r4_BAG_L1","NeuralNetTorch_r57_BAG_L1","NeuralNetTorch_r66_BAG_L1","NeuralNetTorch_r83_BAG_L1","NeuralNetTorch_r87_BAG_L1","NeuralNetTorch_r88_BAG_L1"],"19":["ExtraTrees_r100_BAG_L1","ExtraTrees_r114_BAG_L1","NeuralNetFastAI_r109_BAG_L1","NeuralNetFastAI_r138_BAG_L1","NeuralNetFastAI_r146_BAG_L1","NeuralNetFastAI_r163_BAG_L1","NeuralNetFastAI_r191_BAG_L1","NeuralNetFastAI_r46_BAG_L1","NeuralNetTorch_r115_BAG_L1","NeuralNetTorch_r117_BAG_L1","NeuralNetTorch_r125_BAG_L1","NeuralNetTorch_r126_BAG_L1","NeuralNetTorch_r135_BAG_L1","NeuralNetTorch_r139_BAG_L1","NeuralNetTorch_r141_BAG_L1","NeuralNetTorch_r197_BAG_L1","NeuralNetTorch_r30_BAG_L1","NeuralNetTorch_r34_BAG_L1","NeuralNetTorch_r41_BAG_L1","NeuralNetTorch_r47_BAG_L1","NeuralNetTorch_r4_BAG_L1","NeuralNetTorch_r57_BAG_L1","NeuralNetTorch_r66_BAG_L1","NeuralNetTorch_r83_BAG_L1","NeuralNetTorch_r87_BAG_L1","NeuralNetTorch_r88_BAG_L1"],"20":["ExtraTrees_r114_BAG_L1","NeuralNetFastAI_r109_BAG_L1","NeuralNetFastAI_r138_BAG_L1","NeuralNetFastAI_r163_BAG_L1","NeuralNetFastAI_r191_BAG_L1","NeuralNetFastAI_r46_BAG_L1","NeuralNetTorch_r115_BAG_L1","NeuralNetTorch_r117_BAG_L1","NeuralNetTorch_r125_BAG_L1","NeuralNetTorch_r126_BAG_L1","NeuralNetTorch_r139_BAG_L1","NeuralNetTorch_r141_BAG_L1","NeuralNetTorch_r185_BAG_L1","NeuralNetTorch_r197_BAG_L1","NeuralNetTorch_r30_BAG_L1","NeuralNetTorch_r34_BAG_L1","NeuralNetTorch_r41_BAG_L1","NeuralNetTorch_r47_BAG_L1","NeuralNetTorch_r57_BAG_L1","NeuralNetTorch_r83_BAG_L1","NeuralNetTorch_r87_BAG_L1","NeuralNetTorch_r88_BAG_L1"],"21":["ExtraTrees_r114_BAG_L1","NeuralNetFastAI_r109_BAG_L1","NeuralNetFastAI_r138_BAG_L1","NeuralNetFastAI_r146_BAG_L1","NeuralNetFastAI_r163_BAG_L1","NeuralNetFastAI_r191_BAG_L1","NeuralNetFastAI_r46_BAG_L1","NeuralNetTorch_r115_BAG_L1","NeuralNetTorch_r117_BAG_L1","NeuralNetTorch_r125_BAG_L1","NeuralNetTorch_r126_BAG_L1","NeuralNetTorch_r135_BAG_L1","NeuralNetTorch_r139_BAG_L1","NeuralNetTorch_r141_BAG_L1","NeuralNetTorch_r197_BAG_L1","NeuralNetTorch_r1_BAG_L1","NeuralNetTorch_r30_BAG_L1","NeuralNetTorch_r34_BAG_L1","NeuralNetTorch_r41_BAG_L1","NeuralNetTorch_r47_BAG_L1","NeuralNetTorch_r4_BAG_L1","NeuralNetTorch_r57_BAG_L1","NeuralNetTorch_r83_BAG_L1","NeuralNetTorch_r87_BAG_L1","NeuralNetTorch_r88_BAG_L1"],"22":["ExtraTrees_r114_BAG_L1","NeuralNetFastAI_r109_BAG_L1","NeuralNetFastAI_r138_BAG_L1","NeuralNetFastAI_r146_BAG_L1","NeuralNetFastAI_r163_BAG_L1","NeuralNetFastAI_r191_BAG_L1","NeuralNetFastAI_r46_BAG_L1","NeuralNetTorch_r115_BAG_L1","NeuralNetTorch_r117_BAG_L1","NeuralNetTorch_r125_BAG_L1","NeuralNetTorch_r126_BAG_L1","NeuralNetTorch_r135_BAG_L1","NeuralNetTorch_r139_BAG_L1","NeuralNetTorch_r141_BAG_L1","NeuralNetTorch_r146_BAG_L1","NeuralNetTorch_r197_BAG_L1","NeuralNetTorch_r1_BAG_L1","NeuralNetTorch_r30_BAG_L1","NeuralNetTorch_r34_BAG_L1","NeuralNetTorch_r41_BAG_L1","NeuralNetTorch_r47_BAG_L1","NeuralNetTorch_r4_BAG_L1","NeuralNetTorch_r57_BAG_L1","NeuralNetTorch_r66_BAG_L1","NeuralNetTorch_r83_BAG_L1","NeuralNetTorch_r87_BAG_L1","NeuralNetTorch_r88_BAG_L1"],"23":["ExtraTrees_r114_BAG_L1","ExtraTrees_r51_BAG_L1","NeuralNetFastAI_r109_BAG_L1","NeuralNetFastAI_r138_BAG_L1","NeuralNetFastAI_r163_BAG_L1","NeuralNetFastAI_r191_BAG_L1","NeuralNetFastAI_r46_BAG_L1","NeuralNetTorch_r115_BAG_L1","NeuralNetTorch_r117_BAG_L1","NeuralNetTorch_r125_BAG_L1","NeuralNetTorch_r126_BAG_L1","NeuralNetTorch_r139_BAG_L1","NeuralNetTorch_r141_BAG_L1","NeuralNetTorch_r197_BAG_L1","NeuralNetTorch_r30_BAG_L1","NeuralNetTorch_r34_BAG_L1","NeuralNetTorch_r41_BAG_L1","NeuralNetTorch_r47_BAG_L1","NeuralNetTorch_r57_BAG_L1","NeuralNetTorch_r83_BAG_L1","NeuralNetTorch_r87_BAG_L1","NeuralNetTorch_r88_BAG_L1"],"24":["ExtraTrees_r114_BAG_L1","NeuralNetFastAI_r109_BAG_L1","NeuralNetFastAI_r138_BAG_L1","NeuralNetFastAI_r146_BAG_L1","NeuralNetFastAI_r163_BAG_L1","NeuralNetFastAI_r191_BAG_L1","NeuralNetFastAI_r46_BAG_L1","NeuralNetFastAI_r91_BAG_L1","NeuralNetTorch_r115_BAG_L1","NeuralNetTorch_r117_BAG_L1","NeuralNetTorch_r125_BAG_L1","NeuralNetTorch_r126_BAG_L1","NeuralNetTorch_r135_BAG_L1","NeuralNetTorch_r139_BAG_L1","NeuralNetTorch_r141_BAG_L1","NeuralNetTorch_r197_BAG_L1","NeuralNetTorch_r1_BAG_L1","NeuralNetTorch_r30_BAG_L1","NeuralNetTorch_r34_BAG_L1","NeuralNetTorch_r41_BAG_L1","NeuralNetTorch_r47_BAG_L1","NeuralNetTorch_r4_BAG_L1","NeuralNetTorch_r57_BAG_L1","NeuralNetTorch_r66_BAG_L1","NeuralNetTorch_r83_BAG_L1","NeuralNetTorch_r87_BAG_L1","NeuralNetTorch_r88_BAG_L1"],"25":["ExtraTrees_r114_BAG_L1","ExtraTrees_r94_BAG_L1","NeuralNetFastAI_r109_BAG_L1","NeuralNetFastAI_r138_BAG_L1","NeuralNetFastAI_r146_BAG_L1","NeuralNetFastAI_r163_BAG_L1","NeuralNetFastAI_r191_BAG_L1","NeuralNetFastAI_r46_BAG_L1","NeuralNetTorch_r115_BAG_L1","NeuralNetTorch_r117_BAG_L1","NeuralNetTorch_r125_BAG_L1","NeuralNetTorch_r126_BAG_L1","NeuralNetTorch_r135_BAG_L1","NeuralNetTorch_r139_BAG_L1","NeuralNetTorch_r141_BAG_L1","NeuralNetTorch_r197_BAG_L1","NeuralNetTorch_r30_BAG_L1","NeuralNetTorch_r34_BAG_L1","NeuralNetTorch_r41_BAG_L1","NeuralNetTorch_r47_BAG_L1","NeuralNetTorch_r4_BAG_L1","NeuralNetTorch_r57_BAG_L1","NeuralNetTorch_r66_BAG_L1","NeuralNetTorch_r83_BAG_L1","NeuralNetTorch_r87_BAG_L1","NeuralNetTorch_r88_BAG_L1","NeuralNetTorch_r95_BAG_L1"],"26":["ExtraTrees_r114_BAG_L1","NeuralNetFastAI_r109_BAG_L1","NeuralNetFastAI_r138_BAG_L1","NeuralNetFastAI_r146_BAG_L1","NeuralNetFastAI_r163_BAG_L1","NeuralNetFastAI_r191_BAG_L1","NeuralNetFastAI_r46_BAG_L1","NeuralNetTorch_r115_BAG_L1","NeuralNetTorch_r117_BAG_L1","NeuralNetTorch_r125_BAG_L1","NeuralNetTorch_r126_BAG_L1","NeuralNetTorch_r135_BAG_L1","NeuralNetTorch_r139_BAG_L1","NeuralNetTorch_r141_BAG_L1","NeuralNetTorch_r176_BAG_L1","NeuralNetTorch_r197_BAG_L1","NeuralNetTorch_r1_BAG_L1","NeuralNetTorch_r30_BAG_L1","NeuralNetTorch_r34_BAG_L1","NeuralNetTorch_r41_BAG_L1","NeuralNetTorch_r47_BAG_L1","NeuralNetTorch_r4_BAG_L1","NeuralNetTorch_r57_BAG_L1","NeuralNetTorch_r66_BAG_L1","NeuralNetTorch_r83_BAG_L1","NeuralNetTorch_r87_BAG_L1","NeuralNetTorch_r88_BAG_L1"],"27":["ExtraTrees_r114_BAG_L1","NeuralNetFastAI_r109_BAG_L1","NeuralNetFastAI_r134_BAG_L1","NeuralNetFastAI_r138_BAG_L1","NeuralNetFastAI_r163_BAG_L1","NeuralNetFastAI_r191_BAG_L1","NeuralNetFastAI_r46_BAG_L1","NeuralNetFastAI_r63_BAG_L1","NeuralNetTorch_r115_BAG_L1","NeuralNetTorch_r117_BAG_L1","NeuralNetTorch_r125_BAG_L1","NeuralNetTorch_r126_BAG_L1","NeuralNetTorch_r139_BAG_L1","NeuralNetTorch_r141_BAG_L1","NeuralNetTorch_r197_BAG_L1","NeuralNetTorch_r30_BAG_L1","NeuralNetTorch_r34_BAG_L1","NeuralNetTorch_r41_BAG_L1","NeuralNetTorch_r47_BAG_L1","NeuralNetTorch_r57_BAG_L1","NeuralNetTorch_r83_BAG_L1","NeuralNetTorch_r87_BAG_L1","NeuralNetTorch_r88_BAG_L1"],"28":["ExtraTrees_r114_BAG_L1","ExtraTrees_r124_BAG_L1","NeuralNetFastAI_r109_BAG_L1","NeuralNetFastAI_r138_BAG_L1","NeuralNetFastAI_r146_BAG_L1","NeuralNetFastAI_r163_BAG_L1","NeuralNetFastAI_r191_BAG_L1","NeuralNetFastAI_r46_BAG_L1","NeuralNetTorch_r115_BAG_L1","NeuralNetTorch_r117_BAG_L1","NeuralNetTorch_r125_BAG_L1","NeuralNetTorch_r126_BAG_L1","NeuralNetTorch_r135_BAG_L1","NeuralNetTorch_r139_BAG_L1","NeuralNetTorch_r141_BAG_L1","NeuralNetTorch_r197_BAG_L1","NeuralNetTorch_r1_BAG_L1","NeuralNetTorch_r30_BAG_L1","NeuralNetTorch_r34_BAG_L1","NeuralNetTorch_r41_BAG_L1","NeuralNetTorch_r47_BAG_L1","NeuralNetTorch_r4_BAG_L1","NeuralNetTorch_r57_BAG_L1","NeuralNetTorch_r66_BAG_L1","NeuralNetTorch_r83_BAG_L1","NeuralNetTorch_r87_BAG_L1","NeuralNetTorch_r88_BAG_L1"],"29":["ExtraTrees_r114_BAG_L1","NeuralNetFastAI_r109_BAG_L1","NeuralNetFastAI_r120_BAG_L1","NeuralNetFastAI_r138_BAG_L1","NeuralNetFastAI_r163_BAG_L1","NeuralNetFastAI_r191_BAG_L1","NeuralNetFastAI_r46_BAG_L1","NeuralNetTorch_r115_BAG_L1","NeuralNetTorch_r117_BAG_L1","NeuralNetTorch_r125_BAG_L1","NeuralNetTorch_r126_BAG_L1","NeuralNetTorch_r139_BAG_L1","NeuralNetTorch_r141_BAG_L1","NeuralNetTorch_r197_BAG_L1","NeuralNetTorch_r30_BAG_L1","NeuralNetTorch_r34_BAG_L1","NeuralNetTorch_r41_BAG_L1","NeuralNetTorch_r47_BAG_L1","NeuralNetTorch_r57_BAG_L1","NeuralNetTorch_r83_BAG_L1","NeuralNetTorch_r87_BAG_L1","NeuralNetTorch_r88_BAG_L1"],"30":["ExtraTrees_r114_BAG_L1","NeuralNetFastAI_r109_BAG_L1","NeuralNetFastAI_r138_BAG_L1","NeuralNetFastAI_r163_BAG_L1","NeuralNetFastAI_r191_BAG_L1","NeuralNetFastAI_r46_BAG_L1","NeuralNetTorch_r102_BAG_L1","NeuralNetTorch_r115_BAG_L1","NeuralNetTorch_r117_BAG_L1","NeuralNetTorch_r125_BAG_L1","NeuralNetTorch_r126_BAG_L1","NeuralNetTorch_r139_BAG_L1","NeuralNetTorch_r141_BAG_L1","NeuralNetTorch_r197_BAG_L1","NeuralNetTorch_r30_BAG_L1","NeuralNetTorch_r34_BAG_L1","NeuralNetTorch_r41_BAG_L1","NeuralNetTorch_r47_BAG_L1","NeuralNetTorch_r57_BAG_L1","NeuralNetTorch_r83_BAG_L1","NeuralNetTorch_r87_BAG_L1","NeuralNetTorch_r88_BAG_L1"],"31":["ExtraTrees_r114_BAG_L1","ExtraTrees_r52_BAG_L1","NeuralNetFastAI_r109_BAG_L1","NeuralNetFastAI_r138_BAG_L1","NeuralNetFastAI_r146_BAG_L1","NeuralNetFastAI_r163_BAG_L1","NeuralNetFastAI_r191_BAG_L1","NeuralNetFastAI_r46_BAG_L1","NeuralNetTorch_r115_BAG_L1","NeuralNetTorch_r117_BAG_L1","NeuralNetTorch_r125_BAG_L1","NeuralNetTorch_r126_BAG_L1","NeuralNetTorch_r135_BAG_L1","NeuralNetTorch_r139_BAG_L1","NeuralNetTorch_r141_BAG_L1","NeuralNetTorch_r197_BAG_L1","NeuralNetTorch_r1_BAG_L1","NeuralNetTorch_r30_BAG_L1","NeuralNetTorch_r34_BAG_L1","NeuralNetTorch_r41_BAG_L1","NeuralNetTorch_r47_BAG_L1","NeuralNetTorch_r4_BAG_L1","NeuralNetTorch_r57_BAG_L1","NeuralNetTorch_r66_BAG_L1","NeuralNetTorch_r83_BAG_L1","NeuralNetTorch_r87_BAG_L1","NeuralNetTorch_r88_BAG_L1"],"32":["ExtraTrees_r114_BAG_L1","NeuralNetFastAI_r109_BAG_L1","NeuralNetFastAI_r138_BAG_L1","NeuralNetFastAI_r146_BAG_L1","NeuralNetFastAI_r163_BAG_L1","NeuralNetFastAI_r191_BAG_L1","NeuralNetFastAI_r46_BAG_L1","NeuralNetTorch_r102_BAG_L1","NeuralNetTorch_r115_BAG_L1","NeuralNetTorch_r117_BAG_L1","NeuralNetTorch_r125_BAG_L1","NeuralNetTorch_r126_BAG_L1","NeuralNetTorch_r135_BAG_L1","NeuralNetTorch_r139_BAG_L1","NeuralNetTorch_r141_BAG_L1","NeuralNetTorch_r197_BAG_L1","NeuralNetTorch_r1_BAG_L1","NeuralNetTorch_r30_BAG_L1","NeuralNetTorch_r34_BAG_L1","NeuralNetTorch_r41_BAG_L1","NeuralNetTorch_r47_BAG_L1","NeuralNetTorch_r4_BAG_L1","NeuralNetTorch_r57_BAG_L1","NeuralNetTorch_r66_BAG_L1","NeuralNetTorch_r83_BAG_L1","NeuralNetTorch_r87_BAG_L1","NeuralNetTorch_r88_BAG_L1"],"33":["ExtraTrees_r114_BAG_L1","NeuralNetFastAI_r109_BAG_L1","NeuralNetFastAI_r120_BAG_L1","NeuralNetFastAI_r138_BAG_L1","NeuralNetFastAI_r146_BAG_L1","NeuralNetFastAI_r163_BAG_L1","NeuralNetFastAI_r191_BAG_L1","NeuralNetFastAI_r46_BAG_L1","NeuralNetTorch_r115_BAG_L1","NeuralNetTorch_r117_BAG_L1","NeuralNetTorch_r125_BAG_L1","NeuralNetTorch_r126_BAG_L1","NeuralNetTorch_r135_BAG_L1","NeuralNetTorch_r139_BAG_L1","NeuralNetTorch_r141_BAG_L1","NeuralNetTorch_r197_BAG_L1","NeuralNetTorch_r1_BAG_L1","NeuralNetTorch_r30_BAG_L1","NeuralNetTorch_r34_BAG_L1","NeuralNetTorch_r41_BAG_L1","NeuralNetTorch_r47_BAG_L1","NeuralNetTorch_r4_BAG_L1","NeuralNetTorch_r57_BAG_L1","NeuralNetTorch_r66_BAG_L1","NeuralNetTorch_r83_BAG_L1","NeuralNetTorch_r87_BAG_L1","NeuralNetTorch_r88_BAG_L1"],"34":["ExtraTrees_r114_BAG_L1","NeuralNetFastAI_r109_BAG_L1","NeuralNetFastAI_r138_BAG_L1","NeuralNetFastAI_r163_BAG_L1","NeuralNetFastAI_r191_BAG_L1","NeuralNetFastAI_r46_BAG_L1","NeuralNetTorch_r115_BAG_L1","NeuralNetTorch_r117_BAG_L1","NeuralNetTorch_r125_BAG_L1","NeuralNetTorch_r126_BAG_L1","NeuralNetTorch_r139_BAG_L1","NeuralNetTorch_r141_BAG_L1","NeuralNetTorch_r197_BAG_L1","NeuralNetTorch_r1_BAG_L1","NeuralNetTorch_r30_BAG_L1","NeuralNetTorch_r34_BAG_L1","NeuralNetTorch_r41_BAG_L1","NeuralNetTorch_r47_BAG_L1","NeuralNetTorch_r57_BAG_L1","NeuralNetTorch_r83_BAG_L1","NeuralNetTorch_r87_BAG_L1","NeuralNetTorch_r88_BAG_L1"],"35":["ExtraTrees_r114_BAG_L1","NeuralNetFastAI_r109_BAG_L1","NeuralNetFastAI_r134_BAG_L1","NeuralNetFastAI_r138_BAG_L1","NeuralNetFastAI_r163_BAG_L1","NeuralNetFastAI_r191_BAG_L1","NeuralNetFastAI_r46_BAG_L1","NeuralNetTorch_r102_BAG_L1","NeuralNetTorch_r115_BAG_L1","NeuralNetTorch_r117_BAG_L1","NeuralNetTorch_r125_BAG_L1","NeuralNetTorch_r126_BAG_L1","NeuralNetTorch_r139_BAG_L1","NeuralNetTorch_r141_BAG_L1","NeuralNetTorch_r197_BAG_L1","NeuralNetTorch_r30_BAG_L1","NeuralNetTorch_r34_BAG_L1","NeuralNetTorch_r41_BAG_L1","NeuralNetTorch_r47_BAG_L1","NeuralNetTorch_r57_BAG_L1","NeuralNetTorch_r83_BAG_L1","NeuralNetTorch_r87_BAG_L1","NeuralNetTorch_r88_BAG_L1"],"36":["ExtraTrees_r114_BAG_L1","NeuralNetFastAI_r109_BAG_L1","NeuralNetFastAI_r138_BAG_L1","NeuralNetFastAI_r146_BAG_L1","NeuralNetFastAI_r163_BAG_L1","NeuralNetFastAI_r191_BAG_L1","NeuralNetFastAI_r46_BAG_L1","NeuralNetTorch_r115_BAG_L1","NeuralNetTorch_r117_BAG_L1","NeuralNetTorch_r125_BAG_L1","NeuralNetTorch_r126_BAG_L1","NeuralNetTorch_r135_BAG_L1","NeuralNetTorch_r139_BAG_L1","NeuralNetTorch_r141_BAG_L1","NeuralNetTorch_r197_BAG_L1","NeuralNetTorch_r1_BAG_L1","NeuralNetTorch_r30_BAG_L1","NeuralNetTorch_r34_BAG_L1","NeuralNetTorch_r41_BAG_L1","NeuralNetTorch_r47_BAG_L1","NeuralNetTorch_r4_BAG_L1","NeuralNetTorch_r57_BAG_L1","NeuralNetTorch_r66_BAG_L1","NeuralNetTorch_r83_BAG_L1","NeuralNetTorch_r87_BAG_L1","NeuralNetTorch_r88_BAG_L1"],"37":["ExtraTrees_r114_BAG_L1","ExtraTrees_r96_BAG_L1","NeuralNetFastAI_r109_BAG_L1","NeuralNetFastAI_r138_BAG_L1","NeuralNetFastAI_r146_BAG_L1","NeuralNetFastAI_r163_BAG_L1","NeuralNetFastAI_r191_BAG_L1","NeuralNetFastAI_r46_BAG_L1","NeuralNetTorch_r115_BAG_L1","NeuralNetTorch_r117_BAG_L1","NeuralNetTorch_r125_BAG_L1","NeuralNetTorch_r126_BAG_L1","NeuralNetTorch_r135_BAG_L1","NeuralNetTorch_r139_BAG_L1","NeuralNetTorch_r141_BAG_L1","NeuralNetTorch_r197_BAG_L1","NeuralNetTorch_r1_BAG_L1","NeuralNetTorch_r30_BAG_L1","NeuralNetTorch_r34_BAG_L1","NeuralNetTorch_r41_BAG_L1","NeuralNetTorch_r47_BAG_L1","NeuralNetTorch_r4_BAG_L1","NeuralNetTorch_r57_BAG_L1","NeuralNetTorch_r66_BAG_L1","NeuralNetTorch_r83_BAG_L1","NeuralNetTorch_r87_BAG_L1","NeuralNetTorch_r88_BAG_L1"],"38":["ExtraTrees_r114_BAG_L1","NeuralNetFastAI_r109_BAG_L1","NeuralNetFastAI_r129_BAG_L1","NeuralNetFastAI_r138_BAG_L1","NeuralNetFastAI_r146_BAG_L1","NeuralNetFastAI_r163_BAG_L1","NeuralNetFastAI_r191_BAG_L1","NeuralNetFastAI_r46_BAG_L1","NeuralNetTorch_r115_BAG_L1","NeuralNetTorch_r117_BAG_L1","NeuralNetTorch_r125_BAG_L1","NeuralNetTorch_r126_BAG_L1","NeuralNetTorch_r135_BAG_L1","NeuralNetTorch_r139_BAG_L1","NeuralNetTorch_r141_BAG_L1","NeuralNetTorch_r197_BAG_L1","NeuralNetTorch_r1_BAG_L1","NeuralNetTorch_r30_BAG_L1","NeuralNetTorch_r34_BAG_L1","NeuralNetTorch_r41_BAG_L1","NeuralNetTorch_r47_BAG_L1","NeuralNetTorch_r4_BAG_L1","NeuralNetTorch_r57_BAG_L1","NeuralNetTorch_r66_BAG_L1","NeuralNetTorch_r83_BAG_L1","NeuralNetTorch_r87_BAG_L1","NeuralNetTorch_r88_BAG_L1"],"39":["ExtraTrees_r114_BAG_L1","NeuralNetFastAI_r109_BAG_L1","NeuralNetFastAI_r138_BAG_L1","NeuralNetFastAI_r163_BAG_L1","NeuralNetFastAI_r191_BAG_L1","NeuralNetFastAI_r46_BAG_L1","NeuralNetTorch_r115_BAG_L1","NeuralNetTorch_r117_BAG_L1","NeuralNetTorch_r125_BAG_L1","NeuralNetTorch_r126_BAG_L1","NeuralNetTorch_r139_BAG_L1","NeuralNetTorch_r141_BAG_L1","NeuralNetTorch_r197_BAG_L1","NeuralNetTorch_r30_BAG_L1","NeuralNetTorch_r34_BAG_L1","NeuralNetTorch_r41_BAG_L1","NeuralNetTorch_r47_BAG_L1","NeuralNetTorch_r57_BAG_L1","NeuralNetTorch_r83_BAG_L1","NeuralNetTorch_r87_BAG_L1","NeuralNetTorch_r88_BAG_L1"],"40":["ExtraTrees_r114_BAG_L1","NeuralNetFastAI_r109_BAG_L1","NeuralNetFastAI_r134_BAG_L1","NeuralNetFastAI_r138_BAG_L1","NeuralNetFastAI_r163_BAG_L1","NeuralNetFastAI_r191_BAG_L1","NeuralNetFastAI_r46_BAG_L1","NeuralNetTorch_r115_BAG_L1","NeuralNetTorch_r117_BAG_L1","NeuralNetTorch_r125_BAG_L1","NeuralNetTorch_r126_BAG_L1","NeuralNetTorch_r139_BAG_L1","NeuralNetTorch_r141_BAG_L1","NeuralNetTorch_r197_BAG_L1","NeuralNetTorch_r30_BAG_L1","NeuralNetTorch_r34_BAG_L1","NeuralNetTorch_r41_BAG_L1","NeuralNetTorch_r47_BAG_L1","NeuralNetTorch_r57_BAG_L1","NeuralNetTorch_r83_BAG_L1","NeuralNetTorch_r87_BAG_L1","NeuralNetTorch_r88_BAG_L1"],"41":["ExtraTrees_r114_BAG_L1","NeuralNetFastAI_r109_BAG_L1","NeuralNetFastAI_r138_BAG_L1","NeuralNetFastAI_r146_BAG_L1","NeuralNetFastAI_r163_BAG_L1","NeuralNetFastAI_r191_BAG_L1","NeuralNetFastAI_r46_BAG_L1","NeuralNetTorch_r115_BAG_L1","NeuralNetTorch_r117_BAG_L1","NeuralNetTorch_r125_BAG_L1","NeuralNetTorch_r126_BAG_L1","NeuralNetTorch_r135_BAG_L1","NeuralNetTorch_r139_BAG_L1","NeuralNetTorch_r141_BAG_L1","NeuralNetTorch_r197_BAG_L1","NeuralNetTorch_r1_BAG_L1","NeuralNetTorch_r30_BAG_L1","NeuralNetTorch_r34_BAG_L1","NeuralNetTorch_r41_BAG_L1","NeuralNetTorch_r47_BAG_L1","NeuralNetTorch_r4_BAG_L1","NeuralNetTorch_r57_BAG_L1","NeuralNetTorch_r66_BAG_L1","NeuralNetTorch_r83_BAG_L1","NeuralNetTorch_r87_BAG_L1","NeuralNetTorch_r88_BAG_L1"],"42":["ExtraTrees_r114_BAG_L1","ExtraTrees_r51_BAG_L1","NeuralNetFastAI_r109_BAG_L1","NeuralNetFastAI_r138_BAG_L1","NeuralNetFastAI_r146_BAG_L1","NeuralNetFastAI_r163_BAG_L1","NeuralNetFastAI_r191_BAG_L1","NeuralNetFastAI_r46_BAG_L1","NeuralNetTorch_r115_BAG_L1","NeuralNetTorch_r117_BAG_L1","NeuralNetTorch_r125_BAG_L1","NeuralNetTorch_r126_BAG_L1","NeuralNetTorch_r135_BAG_L1","NeuralNetTorch_r139_BAG_L1","NeuralNetTorch_r141_BAG_L1","NeuralNetTorch_r197_BAG_L1","NeuralNetTorch_r1_BAG_L1","NeuralNetTorch_r30_BAG_L1","NeuralNetTorch_r34_BAG_L1","NeuralNetTorch_r41_BAG_L1","NeuralNetTorch_r47_BAG_L1","NeuralNetTorch_r4_BAG_L1","NeuralNetTorch_r57_BAG_L1","NeuralNetTorch_r66_BAG_L1","NeuralNetTorch_r83_BAG_L1","NeuralNetTorch_r87_BAG_L1","NeuralNetTorch_r88_BAG_L1"],"43":["ExtraTrees_r106_BAG_L1","ExtraTrees_r114_BAG_L1","NeuralNetFastAI_r109_BAG_L1","NeuralNetFastAI_r138_BAG_L1","NeuralNetFastAI_r146_BAG_L1","NeuralNetFastAI_r163_BAG_L1","NeuralNetFastAI_r191_BAG_L1","NeuralNetFastAI_r46_BAG_L1","NeuralNetTorch_r115_BAG_L1","NeuralNetTorch_r117_BAG_L1","NeuralNetTorch_r125_BAG_L1","NeuralNetTorch_r126_BAG_L1","NeuralNetTorch_r135_BAG_L1","NeuralNetTorch_r139_BAG_L1","NeuralNetTorch_r141_BAG_L1","NeuralNetTorch_r197_BAG_L1","NeuralNetTorch_r30_BAG_L1","NeuralNetTorch_r34_BAG_L1","NeuralNetTorch_r41_BAG_L1","NeuralNetTorch_r47_BAG_L1","NeuralNetTorch_r4_BAG_L1","NeuralNetTorch_r57_BAG_L1","NeuralNetTorch_r66_BAG_L1","NeuralNetTorch_r83_BAG_L1","NeuralNetTorch_r87_BAG_L1","NeuralNetTorch_r88_BAG_L1"],"44":["ExtraTrees_r114_BAG_L1","NeuralNetFastAI_r109_BAG_L1","NeuralNetFastAI_r138_BAG_L1","NeuralNetFastAI_r163_BAG_L1","NeuralNetFastAI_r191_BAG_L1","NeuralNetFastAI_r46_BAG_L1","NeuralNetTorch_r115_BAG_L1","NeuralNetTorch_r117_BAG_L1","NeuralNetTorch_r125_BAG_L1","NeuralNetTorch_r126_BAG_L1","NeuralNetTorch_r139_BAG_L1","NeuralNetTorch_r141_BAG_L1","NeuralNetTorch_r197_BAG_L1","NeuralNetTorch_r30_BAG_L1","NeuralNetTorch_r34_BAG_L1","NeuralNetTorch_r41_BAG_L1","NeuralNetTorch_r47_BAG_L1","NeuralNetTorch_r57_BAG_L1","NeuralNetTorch_r83_BAG_L1","NeuralNetTorch_r87_BAG_L1","NeuralNetTorch_r88_BAG_L1"],"45":["ExtraTrees_r114_BAG_L1","NeuralNetFastAI_r109_BAG_L1","NeuralNetFastAI_r138_BAG_L1","NeuralNetFastAI_r163_BAG_L1","NeuralNetFastAI_r191_BAG_L1","NeuralNetFastAI_r46_BAG_L1","NeuralNetTorch_c2_BAG_L1","NeuralNetTorch_r115_BAG_L1","NeuralNetTorch_r117_BAG_L1","NeuralNetTorch_r125_BAG_L1","NeuralNetTorch_r126_BAG_L1","NeuralNetTorch_r139_BAG_L1","NeuralNetTorch_r141_BAG_L1","NeuralNetTorch_r197_BAG_L1","NeuralNetTorch_r30_BAG_L1","NeuralNetTorch_r34_BAG_L1","NeuralNetTorch_r41_BAG_L1","NeuralNetTorch_r47_BAG_L1","NeuralNetTorch_r57_BAG_L1","NeuralNetTorch_r83_BAG_L1","NeuralNetTorch_r87_BAG_L1","NeuralNetTorch_r88_BAG_L1"],"46":["ExtraTrees_r114_BAG_L1","ExtraTrees_r138_BAG_L1","NeuralNetFastAI_r109_BAG_L1","NeuralNetFastAI_r120_BAG_L1","NeuralNetFastAI_r138_BAG_L1","NeuralNetFastAI_r163_BAG_L1","NeuralNetFastAI_r191_BAG_L1","NeuralNetFastAI_r46_BAG_L1","NeuralNetTorch_r115_BAG_L1","NeuralNetTorch_r117_BAG_L1","NeuralNetTorch_r125_BAG_L1","NeuralNetTorch_r126_BAG_L1","NeuralNetTorch_r139_BAG_L1","NeuralNetTorch_r141_BAG_L1","NeuralNetTorch_r197_BAG_L1","NeuralNetTorch_r30_BAG_L1","NeuralNetTorch_r34_BAG_L1","NeuralNetTorch_r41_BAG_L1","NeuralNetTorch_r47_BAG_L1","NeuralNetTorch_r57_BAG_L1","NeuralNetTorch_r83_BAG_L1","NeuralNetTorch_r87_BAG_L1","NeuralNetTorch_r88_BAG_L1"],"47":["ExtraTrees_r114_BAG_L1","NeuralNetFastAI_r109_BAG_L1","NeuralNetFastAI_r138_BAG_L1","NeuralNetFastAI_r163_BAG_L1","NeuralNetFastAI_r191_BAG_L1","NeuralNetFastAI_r46_BAG_L1","NeuralNetTorch_r115_BAG_L1","NeuralNetTorch_r117_BAG_L1","NeuralNetTorch_r125_BAG_L1","NeuralNetTorch_r126_BAG_L1","NeuralNetTorch_r139_BAG_L1","NeuralNetTorch_r141_BAG_L1","NeuralNetTorch_r176_BAG_L1","NeuralNetTorch_r197_BAG_L1","NeuralNetTorch_r30_BAG_L1","NeuralNetTorch_r34_BAG_L1","NeuralNetTorch_r41_BAG_L1","NeuralNetTorch_r47_BAG_L1","NeuralNetTorch_r57_BAG_L1","NeuralNetTorch_r83_BAG_L1","NeuralNetTorch_r87_BAG_L1","NeuralNetTorch_r88_BAG_L1"],"48":["ExtraTrees_r114_BAG_L1","NeuralNetFastAI_r109_BAG_L1","NeuralNetFastAI_r138_BAG_L1","NeuralNetFastAI_r146_BAG_L1","NeuralNetFastAI_r163_BAG_L1","NeuralNetFastAI_r191_BAG_L1","NeuralNetFastAI_r46_BAG_L1","NeuralNetTorch_r115_BAG_L1","NeuralNetTorch_r117_BAG_L1","NeuralNetTorch_r125_BAG_L1","NeuralNetTorch_r126_BAG_L1","NeuralNetTorch_r135_BAG_L1","NeuralNetTorch_r139_BAG_L1","NeuralNetTorch_r141_BAG_L1","NeuralNetTorch_r197_BAG_L1","NeuralNetTorch_r30_BAG_L1","NeuralNetTorch_r34_BAG_L1","NeuralNetTorch_r41_BAG_L1","NeuralNetTorch_r47_BAG_L1","NeuralNetTorch_r4_BAG_L1","NeuralNetTorch_r57_BAG_L1","NeuralNetTorch_r66_BAG_L1","NeuralNetTorch_r83_BAG_L1","NeuralNetTorch_r87_BAG_L1","NeuralNetTorch_r88_BAG_L1"]},"weights":{"0":[0.037037037,0.037037037,0.0740740741,0.037037037,0.037037037,0.037037037,0.037037037,0.037037037,0.0740740741,0.037037037,0.037037037,0.037037037,0.037037037,0.037037037,0.037037037,0.037037037,0.037037037,0.0740740741,0.037037037,0.037037037,0.037037037,0.037037037,0.037037037,0.037037037],"1":[0.04,0.08,0.04,0.04,0.04,0.04,0.04,0.04,0.08,0.04,0.04,0.04,0.04,0.04,0.04,0.08,0.04,0.04,0.04,0.04,0.04,0.04],"2":[0.0344827586,0.0689655172,0.0344827586,0.0344827586,0.0344827586,0.0344827586,0.0344827586,0.0344827586,0.0689655172,0.0344827586,0.0344827586,0.0344827586,0.0344827586,0.0344827586,0.0344827586,0.0344827586,0.0344827586,0.0689655172,0.0344827586,0.0344827586,0.0344827586,0.0344827586,0.0344827586,0.0344827586,0.0344827586,0.0344827586],"3":[0.0333333333,0.0666666667,0.0333333333,0.0333333333,0.0333333333,0.0333333333,0.0333333333,0.0333333333,0.0666666667,0.0333333333,0.0333333333,0.0333333333,0.0333333333,0.0333333333,0.0333333333,0.0333333333,0.0333333333,0.0666666667,0.0333333333,0.0333333333,0.0333333333,0.0666666667,0.0333333333,0.0333333333,0.0333333333,0.0333333333],"4":[0.0333333333,0.0333333333,0.0666666667,0.0333333333,0.0333333333,0.0333333333,0.0333333333,0.0333333333,0.0333333333,0.0666666667,0.0333333333,0.0333333333,0.0333333333,0.0333333333,0.0333333333,0.0333333333,0.0333333333,0.0333333333,0.0666666667,0.0333333333,0.0333333333,0.0333333333,0.0333333333,0.0333333333,0.0333333333,0.0333333333,0.0333333333],"5":[0.0333333333,0.0666666667,0.0333333333,0.0333333333,0.0333333333,0.0333333333,0.0333333333,0.0333333333,0.0333333333,0.0333333333,0.0666666667,0.0333333333,0.0333333333,0.0333333333,0.0333333333,0.0333333333,0.0333333333,0.0333333333,0.0666666667,0.0333333333,0.0333333333,0.0333333333,0.0333333333,0.0333333333,0.0333333333,0.0333333333,0.0333333333],"6":[0.0333333333,0.0333333333,0.0666666667,0.0333333333,0.0333333333,0.0333333333,0.0333333333,0.0333333333,0.0333333333,0.0666666667,0.0333333333,0.0333333333,0.0333333333,0.0333333333,0.0333333333,0.0333333333,0.0333333333,0.0333333333,0.0666666667,0.0333333333,0.0333333333,0.0333333333,0.0333333333,0.0333333333,0.0333333333,0.0333333333,0.0333333333],"7":[0.0384615385,0.0769230769,0.0384615385,0.0384615385,0.0384615385,0.0384615385,0.0384615385,0.0769230769,0.0384615385,0.0384615385,0.0384615385,0.0384615385,0.0384615385,0.0384615385,0.0384615385,0.0384615385,0.0769230769,0.0384615385,0.0384615385,0.0384615385,0.0384615385,0.0384615385,0.0384615385],"8":[0.0333333333,0.0333333333,0.0666666667,0.0333333333,0.0333333333,0.0333333333,0.0333333333,0.0333333333,0.0333333333,0.0666666667,0.0333333333,0.0333333333,0.0333333333,0.0333333333,0.0333333333,0.0333333333,0.0333333333,0.0333333333,0.0666666667,0.0333333333,0.0333333333,0.0333333333,0.0333333333,0.0333333333,0.0333333333,0.0333333333,0.0333333333],"9":[0.0333333333,0.0666666667,0.0333333333,0.0333333333,0.0333333333,0.0333333333,0.0333333333,0.0333333333,0.0666666667,0.0333333333,0.0333333333,0.0333333333,0.0333333333,0.0333333333,0.0333333333,0.0333333333,0.0333333333,0.0333333333,0.0666666667,0.0333333333,0.0333333333,0.0333333333,0.0333333333,0.0333333333,0.0333333333,0.0333333333,0.0333333333],"10":[0.03125,0.03125,0.0625,0.03125,0.03125,0.03125,0.0625,0.03125,0.0625,0.0625,0.03125,0.03125,0.03125,0.03125,0.03125,0.03125,0.03125,0.0625,0.03125,0.03125,0.03125,0.03125,0.03125,0.03125,0.03125,0.03125,0.03125],"11":[0.0344827586,0.0689655172,0.0344827586,0.0344827586,0.0344827586,0.0344827586,0.0344827586,0.0344827586,0.0689655172,0.0344827586,0.0689655172,0.0344827586,0.0344827586,0.0344827586,0.0344827586,0.0344827586,0.0689655172,0.0344827586,0.0344827586,0.0344827586,0.0344827586,0.0344827586,0.0344827586,0.0344827586,0.0344827586],"12":[0.0333333333,0.0666666667,0.0333333333,0.0333333333,0.0333333333,0.0333333333,0.0333333333,0.0333333333,0.0333333333,0.0666666667,0.0333333333,0.0333333333,0.0333333333,0.0333333333,0.0333333333,0.0333333333,0.0333333333,0.0333333333,0.0666666667,0.0333333333,0.0333333333,0.0333333333,0.0333333333,0.0333333333,0.0333333333,0.0333333333,0.0333333333],"13":[0.0344827586,0.0689655172,0.0344827586,0.0344827586,0.0344827586,0.0344827586,0.0344827586,0.0344827586,0.0689655172,0.0344827586,0.0344827586,0.0344827586,0.0344827586,0.0344827586,0.0344827586,0.0344827586,0.0344827586,0.0689655172,0.0344827586,0.0344827586,0.0344827586,0.0344827586,0.0344827586,0.0344827586,0.0344827586,0.0344827586],"14":[0.04,0.04,0.08,0.04,0.04,0.04,0.04,0.04,0.08,0.04,0.04,0.04,0.04,0.04,0.04,0.08,0.04,0.04,0.04,0.04,0.04,0.04],"15":[0.04,0.08,0.04,0.04,0.04,0.04,0.04,0.08,0.04,0.04,0.04,0.04,0.04,0.04,0.08,0.04,0.04,0.04,0.04,0.04,0.04,0.04],"16":[0.04,0.08,0.04,0.04,0.04,0.04,0.04,0.04,0.08,0.04,0.04,0.04,0.04,0.04,0.04,0.08,0.04,0.04,0.04,0.04,0.04,0.04],"17":[0.0333333333,0.0333333333,0.0666666667,0.0333333333,0.0333333333,0.0333333333,0.0333333333,0.0333333333,0.0333333333,0.0666666667,0.0333333333,0.0333333333,0.0333333333,0.0333333333,0.0333333333,0.0333333333,0.0333333333,0.0333333333,0.0666666667,0.0333333333,0.0333333333,0.0333333333,0.0333333333,0.0333333333,0.0333333333,0.0333333333,0.0333333333],"18":[0.0333333333,0.0333333333,0.0666666667,0.0333333333,0.0333333333,0.0333333333,0.0333333333,0.0333333333,0.0333333333,0.0666666667,0.0333333333,0.0333333333,0.0333333333,0.0333333333,0.0333333333,0.0333333333,0.0333333333,0.0333333333,0.0666666667,0.0333333333,0.0333333333,0.0333333333,0.0333333333,0.0333333333,0.0333333333,0.0333333333,0.0333333333],"19":[0.0344827586,0.0344827586,0.0689655172,0.0344827586,0.0344827586,0.0344827586,0.0344827586,0.0344827586,0.0344827586,0.0689655172,0.0344827586,0.0344827586,0.0344827586,0.0344827586,0.0344827586,0.0344827586,0.0344827586,0.0689655172,0.0344827586,0.0344827586,0.0344827586,0.0344827586,0.0344827586,0.0344827586,0.0344827586,0.0344827586],"20":[0.04,0.08,0.04,0.04,0.04,0.04,0.04,0.08,0.04,0.04,0.04,0.04,0.04,0.04,0.04,0.08,0.04,0.04,0.04,0.04,0.04,0.04],"21":[0.0357142857,0.0714285714,0.0357142857,0.0357142857,0.0357142857,0.0357142857,0.0357142857,0.0357142857,0.0714285714,0.0357142857,0.0357142857,0.0357142857,0.0357142857,0.0357142857,0.0357142857,0.0357142857,0.0357142857,0.0714285714,0.0357142857,0.0357142857,0.0357142857,0.0357142857,0.0357142857,0.0357142857,0.0357142857],"22":[0.0333333333,0.0666666667,0.0333333333,0.0333333333,0.0333333333,0.0333333333,0.0333333333,0.0333333333,0.0666666667,0.0333333333,0.0333333333,0.0333333333,0.0333333333,0.0333333333,0.0333333333,0.0333333333,0.0333333333,0.0333333333,0.0666666667,0.0333333333,0.0333333333,0.0333333333,0.0333333333,0.0333333333,0.0333333333,0.0333333333,0.0333333333],"23":[0.04,0.04,0.08,0.04,0.04,0.04,0.04,0.04,0.08,0.04,0.04,0.04,0.04,0.04,0.04,0.08,0.04,0.04,0.04,0.04,0.04,0.04],"24":[0.0333333333,0.0666666667,0.0333333333,0.0333333333,0.0333333333,0.0333333333,0.0333333333,0.0333333333,0.0333333333,0.0666666667,0.0333333333,0.0333333333,0.0333333333,0.0333333333,0.0333333333,0.0333333333,0.0333333333,0.0333333333,0.0666666667,0.0333333333,0.0333333333,0.0333333333,0.0333333333,0.0333333333,0.0333333333,0.0333333333,0.0333333333],"25":[0.0322580645,0.0322580645,0.064516129,0.0322580645,0.0322580645,0.0322580645,0.0322580645,0.0322580645,0.064516129,0.064516129,0.0322580645,0.0322580645,0.0322580645,0.0322580645,0.0322580645,0.0322580645,0.0322580645,0.064516129,0.0322580645,0.0322580645,0.0322580645,0.0322580645,0.0322580645,0.0322580645,0.0322580645,0.0322580645,0.0322580645],"26":[0.0333333333,0.0666666667,0.0333333333,0.0333333333,0.0333333333,0.0333333333,0.0333333333,0.0333333333,0.0666666667,0.0333333333,0.0333333333,0.0333333333,0.0333333333,0.0333333333,0.0333333333,0.0333333333,0.0333333333,0.0333333333,0.0666666667,0.0333333333,0.0333333333,0.0333333333,0.0333333333,0.0333333333,0.0333333333,0.0333333333,0.0333333333],"27":[0.0384615385,0.0769230769,0.0384615385,0.0384615385,0.0384615385,0.0384615385,0.0384615385,0.0384615385,0.0384615385,0.0769230769,0.0384615385,0.0384615385,0.0384615385,0.0384615385,0.0384615385,0.0384615385,0.0769230769,0.0384615385,0.0384615385,0.0384615385,0.0384615385,0.0384615385,0.0384615385],"28":[0.0333333333,0.0333333333,0.0666666667,0.0333333333,0.0333333333,0.0333333333,0.0333333333,0.0333333333,0.0333333333,0.0666666667,0.0333333333,0.0333333333,0.0333333333,0.0333333333,0.0333333333,0.0333333333,0.0333333333,0.0333333333,0.0666666667,0.0333333333,0.0333333333,0.0333333333,0.0333333333,0.0333333333,0.0333333333,0.0333333333,0.0333333333],"29":[0.04,0.08,0.04,0.04,0.04,0.04,0.04,0.04,0.08,0.04,0.04,0.04,0.04,0.04,0.04,0.08,0.04,0.04,0.04,0.04,0.04,0.04],"30":[0.04,0.08,0.04,0.04,0.04,0.04,0.04,0.04,0.08,0.04,0.04,0.04,0.04,0.04,0.04,0.08,0.04,0.04,0.04,0.04,0.04,0.04],"31":[0.0333333333,0.0333333333,0.0666666667,0.0333333333,0.0333333333,0.0333333333,0.0333333333,0.0333333333,0.0333333333,0.0666666667,0.0333333333,0.0333333333,0.0333333333,0.0333333333,0.0333333333,0.0333333333,0.0333333333,0.0333333333,0.0666666667,0.0333333333,0.0333333333,0.0333333333,0.0333333333,0.0333333333,0.0333333333,0.0333333333,0.0333333333],"32":[0.0333333333,0.0666666667,0.0333333333,0.0333333333,0.0333333333,0.0333333333,0.0333333333,0.0333333333,0.0333333333,0.0666666667,0.0333333333,0.0333333333,0.0333333333,0.0333333333,0.0333333333,0.0333333333,0.0333333333,0.0333333333,0.0666666667,0.0333333333,0.0333333333,0.0333333333,0.0333333333,0.0333333333,0.0333333333,0.0333333333,0.0333333333],"33":[0.0322580645,0.064516129,0.0322580645,0.0322580645,0.0322580645,0.0322580645,0.0322580645,0.0322580645,0.0322580645,0.064516129,0.0322580645,0.0322580645,0.0322580645,0.0322580645,0.0322580645,0.0322580645,0.0322580645,0.0322580645,0.064516129,0.0322580645,0.0322580645,0.0322580645,0.064516129,0.0322580645,0.0322580645,0.0322580645,0.0322580645],"34":[0.04,0.08,0.04,0.04,0.04,0.04,0.04,0.08,0.04,0.04,0.04,0.04,0.04,0.04,0.04,0.08,0.04,0.04,0.04,0.04,0.04,0.04],"35":[0.0384615385,0.0769230769,0.0384615385,0.0384615385,0.0384615385,0.0384615385,0.0384615385,0.0384615385,0.0384615385,0.0769230769,0.0384615385,0.0384615385,0.0384615385,0.0384615385,0.0384615385,0.0384615385,0.0769230769,0.0384615385,0.0384615385,0.0384615385,0.0384615385,0.0384615385,0.0384615385],"36":[0.0344827586,0.0689655172,0.0344827586,0.0344827586,0.0344827586,0.0344827586,0.0344827586,0.0344827586,0.0689655172,0.0344827586,0.0344827586,0.0344827586,0.0344827586,0.0344827586,0.0344827586,0.0344827586,0.0344827586,0.0689655172,0.0344827586,0.0344827586,0.0344827586,0.0344827586,0.0344827586,0.0344827586,0.0344827586,0.0344827586],"37":[0.0333333333,0.0333333333,0.0666666667,0.0333333333,0.0333333333,0.0333333333,0.0333333333,0.0333333333,0.0333333333,0.0666666667,0.0333333333,0.0333333333,0.0333333333,0.0333333333,0.0333333333,0.0333333333,0.0333333333,0.0333333333,0.0666666667,0.0333333333,0.0333333333,0.0333333333,0.0333333333,0.0333333333,0.0333333333,0.0333333333,0.0333333333],"38":[0.0333333333,0.0666666667,0.0333333333,0.0333333333,0.0333333333,0.0333333333,0.0333333333,0.0333333333,0.0333333333,0.0666666667,0.0333333333,0.0333333333,0.0333333333,0.0333333333,0.0333333333,0.0333333333,0.0333333333,0.0333333333,0.0666666667,0.0333333333,0.0333333333,0.0333333333,0.0333333333,0.0333333333,0.0333333333,0.0333333333,0.0333333333],"39":[0.04,0.08,0.04,0.04,0.04,0.04,0.04,0.08,0.04,0.04,0.04,0.04,0.04,0.04,0.08,0.04,0.04,0.08,0.04,0.04,0.04],"40":[0.04,0.08,0.04,0.04,0.04,0.04,0.04,0.04,0.08,0.04,0.04,0.04,0.04,0.04,0.04,0.08,0.04,0.04,0.04,0.04,0.04,0.04],"41":[0.0333333333,0.1,0.0333333333,0.0333333333,0.0333333333,0.0333333333,0.0333333333,0.0333333333,0.0666666667,0.0333333333,0.0333333333,0.0333333333,0.0333333333,0.0333333333,0.0333333333,0.0333333333,0.0333333333,0.0666666667,0.0333333333,0.0333333333,0.0333333333,0.0333333333,0.0333333333,0.0333333333,0.0333333333,0.0333333333],"42":[0.0333333333,0.0333333333,0.0666666667,0.0333333333,0.0333333333,0.0333333333,0.0333333333,0.0333333333,0.0333333333,0.0666666667,0.0333333333,0.0333333333,0.0333333333,0.0333333333,0.0333333333,0.0333333333,0.0333333333,0.0333333333,0.0666666667,0.0333333333,0.0333333333,0.0333333333,0.0333333333,0.0333333333,0.0333333333,0.0333333333,0.0333333333],"43":[0.0344827586,0.0344827586,0.0689655172,0.0344827586,0.0344827586,0.0344827586,0.0344827586,0.0344827586,0.0344827586,0.0689655172,0.0344827586,0.0344827586,0.0344827586,0.0344827586,0.0344827586,0.0344827586,0.0344827586,0.0689655172,0.0344827586,0.0344827586,0.0344827586,0.0344827586,0.0344827586,0.0344827586,0.0344827586,0.0344827586],"44":[0.0416666667,0.0833333333,0.0416666667,0.0416666667,0.0416666667,0.0416666667,0.0416666667,0.0833333333,0.0416666667,0.0416666667,0.0416666667,0.0416666667,0.0416666667,0.0416666667,0.0833333333,0.0416666667,0.0416666667,0.0416666667,0.0416666667,0.0416666667,0.0416666667],"45":[0.04,0.08,0.04,0.04,0.04,0.04,0.04,0.04,0.08,0.04,0.04,0.04,0.04,0.04,0.04,0.08,0.04,0.04,0.04,0.04,0.04,0.04],"46":[0.0384615385,0.0384615385,0.0769230769,0.0384615385,0.0384615385,0.0384615385,0.0384615385,0.0384615385,0.0384615385,0.0769230769,0.0384615385,0.0384615385,0.0384615385,0.0384615385,0.0384615385,0.0384615385,0.0769230769,0.0384615385,0.0384615385,0.0384615385,0.0384615385,0.0384615385,0.0384615385],"47":[0.04,0.08,0.04,0.04,0.04,0.04,0.04,0.08,0.04,0.04,0.04,0.04,0.04,0.04,0.04,0.08,0.04,0.04,0.04,0.04,0.04,0.04],"48":[0.0357142857,0.0714285714,0.0357142857,0.0357142857,0.0357142857,0.0357142857,0.0357142857,0.0357142857,0.0714285714,0.0357142857,0.0357142857,0.0357142857,0.0357142857,0.0357142857,0.0357142857,0.0357142857,0.0714285714,0.0357142857,0.0357142857,0.0357142857,0.0357142857,0.0357142857,0.0357142857,0.0357142857,0.0357142857]},"meta":{"0":30,"1":31,"2":30,"3":30,"4":25,"5":30,"6":25,"7":30,"8":25,"9":30,"10":30,"11":25,"12":28,"13":25,"14":29,"15":30,"16":30,"17":30,"18":26,"19":25,"20":29,"21":30,"22":30,"23":24,"24":30,"25":30,"26":25,"27":30,"28":25,"29":30,"30":25,"31":27,"32":31,"33":30,"34":25,"35":26,"36":29,"37":32,"38":26,"39":29,"40":25,"41":25,"42":25,"43":28,"44":30,"45":29,"46":29,"47":30,"48":26},"task":{"0":"3664_2","1":"3664_2","2":"3664_2","3":"3664_2","4":"3664_2","5":"3664_2","6":"3664_2","7":"3664_2","8":"3664_2","9":"3664_2","10":"3664_2","11":"3664_2","12":"3664_2","13":"3664_2","14":"3664_2","15":"3664_2","16":"3664_2","17":"3664_2","18":"3664_2","19":"3664_2","20":"3664_2","21":"3664_2","22":"3664_2","23":"3664_2","24":"3664_2","25":"3664_2","26":"3664_2","27":"3664_2","28":"3664_2","29":"3664_2","30":"3664_2","31":"3664_2","32":"3664_2","33":"3664_2","34":"3664_2","35":"3664_2","36":"3664_2","37":"3664_2","38":"3664_2","39":"3664_2","40":"3664_2","41":"3664_2","42":"3664_2","43":"3664_2","44":"3664_2","45":"3664_2","46":"3664_2","47":"3664_2","48":"3664_2"},"dataset":{"0":"fri_c0_1000_5","1":"fri_c0_1000_5","2":"fri_c0_1000_5","3":"fri_c0_1000_5","4":"fri_c0_1000_5","5":"fri_c0_1000_5","6":"fri_c0_1000_5","7":"fri_c0_1000_5","8":"fri_c0_1000_5","9":"fri_c0_1000_5","10":"fri_c0_1000_5","11":"fri_c0_1000_5","12":"fri_c0_1000_5","13":"fri_c0_1000_5","14":"fri_c0_1000_5","15":"fri_c0_1000_5","16":"fri_c0_1000_5","17":"fri_c0_1000_5","18":"fri_c0_1000_5","19":"fri_c0_1000_5","20":"fri_c0_1000_5","21":"fri_c0_1000_5","22":"fri_c0_1000_5","23":"fri_c0_1000_5","24":"fri_c0_1000_5","25":"fri_c0_1000_5","26":"fri_c0_1000_5","27":"fri_c0_1000_5","28":"fri_c0_1000_5","29":"fri_c0_1000_5","30":"fri_c0_1000_5","31":"fri_c0_1000_5","32":"fri_c0_1000_5","33":"fri_c0_1000_5","34":"fri_c0_1000_5","35":"fri_c0_1000_5","36":"fri_c0_1000_5","37":"fri_c0_1000_5","38":"fri_c0_1000_5","39":"fri_c0_1000_5","40":"fri_c0_1000_5","41":"fri_c0_1000_5","42":"fri_c0_1000_5","43":"fri_c0_1000_5","44":"fri_c0_1000_5","45":"fri_c0_1000_5","46":"fri_c0_1000_5","47":"fri_c0_1000_5","48":"fri_c0_1000_5"},"fold":{"0":2,"1":2,"2":2,"3":2,"4":2,"5":2,"6":2,"7":2,"8":2,"9":2,"10":2,"11":2,"12":2,"13":2,"14":2,"15":2,"16":2,"17":2,"18":2,"19":2,"20":2,"21":2,"22":2,"23":2,"24":2,"25":2,"26":2,"27":2,"28":2,"29":2,"30":2,"31":2,"32":2,"33":2,"34":2,"35":2,"36":2,"37":2,"38":2,"39":2,"40":2,"41":2,"42":2,"43":2,"44":2,"45":2,"46":2,"47":2,"48":2},"method":{"0":"QO","1":"QO","2":"QO","3":"QO","4":"QO","5":"QO","6":"QO","7":"QO","8":"QO","9":"QO","10":"QO","11":"QO","12":"QO","13":"QO","14":"QO","15":"QO","16":"QO","17":"QO","18":"QO","19":"QO","20":"QO","21":"QO","22":"QO","23":"QO","24":"QO","25":"QO","26":"QO","27":"QO","28":"QO","29":"QO","30":"QO","31":"QO","32":"QO","33":"QO","34":"QO","35":"QO","36":"QO","37":"QO","38":"QO","39":"QO","40":"QO","41":"QO","42":"QO","43":"QO","44":"QO","45":"QO","46":"QO","47":"QO","48":"QO"}}