{"name":{"0":"QO_0","1":"QO_1","2":"QO_2","3":"QO_3","4":"QO_4","5":"QO_5","6":"QO_6","7":"QO_7","8":"QO_8","9":"QO_9","10":"QO_10","11":"QO_11","12":"QO_12","13":"QO_13","14":"QO_14","15":"QO_15","16":"QO_16","17":"QO_17","18":"QO_18","19":"QO_19","20":"QO_20","21":"QO_21","22":"QO_22","23":"QO_23","24":"QO_24","25":"QO_25","26":"QO_26","27":"QO_27","28":"QO_28","29":"QO_29","30":"QO_30","31":"QO_31","32":"QO_32","33":"QO_33","34":"QO_34","35":"QO_35","36":"QO_36","37":"QO_37","38":"QO_38","39":"QO_39","40":"QO_40","41":"QO_41","42":"QO_42","43":"QO_43","44":"QO_44","45":"QO_45","46":"QO_46","47":"QO_47","48":"QO_48"},"roc_auc_val":{"0":0.8614218093,"1":0.8616760168,"2":0.8615766713,"3":0.8614890136,"4":0.8615036232,"5":0.8614948574,"6":0.8614773259,"7":0.8615474521,"8":0.8617636746,"9":0.8614773259,"10":0.8614393408,"11":0.8615591398,"12":0.8617110799,"13":0.861471482,"14":0.861433497,"15":0.8614364189,"16":0.8614802478,"17":0.8614919355,"18":0.8617812062,"19":0.8615269986,"20":0.861433497,"21":0.8615766713,"22":0.8616321879,"23":0.861471482,"24":0.8615007013,"25":0.861433497,"26":0.8614919355,"27":0.8615065451,"28":0.8614568724,"29":0.8614218093,"30":0.8615153109,"31":0.8614860916,"32":0.8614890136,"33":0.8614802478,"34":0.8614685601,"35":0.8615269986,"36":0.8615328424,"37":0.861433497,"38":0.8614247312,"39":0.861512389,"40":0.8617607527,"41":0.8615474521,"42":0.8617402992,"43":0.8616380318,"44":0.8614481066,"45":0.8614276531,"46":0.8614831697,"47":0.8615591398,"48":0.8616993922},"roc_auc_test":{"0":0.8285104364,"1":0.8304079696,"2":0.8280360531,"3":0.8282732448,"4":0.8270872865,"5":0.8282732448,"6":0.8280360531,"7":0.8282732448,"8":0.8280360531,"9":0.8289848197,"10":0.8304079696,"11":0.829459203,"12":0.8304079696,"13":0.8292220114,"14":0.8282732448,"15":0.8289848197,"16":0.8282732448,"17":0.829459203,"18":0.8296963947,"19":0.8296963947,"20":0.8285104364,"21":0.8280360531,"22":0.8287476281,"23":0.829459203,"24":0.8304079696,"25":0.8287476281,"26":0.8292220114,"27":0.829459203,"28":0.8292220114,"29":0.8292220114,"30":0.8282732448,"31":0.8289848197,"32":0.8308823529,"33":0.8299335863,"34":0.8308823529,"35":0.8289848197,"36":0.8285104364,"37":0.8282732448,"38":0.8296963947,"39":0.8289848197,"40":0.8285104364,"41":0.8306451613,"42":0.8275616698,"43":0.8287476281,"44":0.829459203,"45":0.8289848197,"46":0.8287476281,"47":0.8287476281,"48":0.8273244782},"models_used":{"0":["CatBoost_r143_BAG_L1","CatBoost_r22_BAG_L1","CatBoost_r38_BAG_L1","CatBoost_r41_BAG_L1","CatBoost_r42_BAG_L1","CatBoost_r75_BAG_L1","CatBoost_r84_BAG_L1","FTTransformer_c2_BAG_L1","KNeighbors_r38_BAG_L1","NeuralNetFastAI_r127_BAG_L1","NeuralNetFastAI_r135_BAG_L1","NeuralNetFastAI_r162_BAG_L1","NeuralNetFastAI_r165_BAG_L1","NeuralNetFastAI_r196_BAG_L1","NeuralNetFastAI_r3_BAG_L1","NeuralNetFastAI_r63_BAG_L1","NeuralNetFastAI_r98_BAG_L1","NeuralNetTorch_r102_BAG_L1","NeuralNetTorch_r103_BAG_L1","NeuralNetTorch_r11_BAG_L1","NeuralNetTorch_r126_BAG_L1","NeuralNetTorch_r127_BAG_L1","NeuralNetTorch_r128_BAG_L1","NeuralNetTorch_r130_BAG_L1","NeuralNetTorch_r140_BAG_L1","NeuralNetTorch_r148_BAG_L1","NeuralNetTorch_r15_BAG_L1","NeuralNetTorch_r31_BAG_L1","NeuralNetTorch_r41_BAG_L1","NeuralNetTorch_r42_BAG_L1","NeuralNetTorch_r47_BAG_L1","NeuralNetTorch_r65_BAG_L1","NeuralNetTorch_r74_BAG_L1","NeuralNetTorch_r86_BAG_L1","NeuralNetTorch_r97_BAG_L1","RandomForest_r115_BAG_L1"],"1":["CatBoost_r143_BAG_L1","CatBoost_r22_BAG_L1","CatBoost_r41_BAG_L1","CatBoost_r42_BAG_L1","CatBoost_r75_BAG_L1","CatBoost_r84_BAG_L1","FTTransformer_c2_BAG_L1","KNeighbors_r38_BAG_L1","NeuralNetFastAI_r100_BAG_L1","NeuralNetFastAI_r127_BAG_L1","NeuralNetFastAI_r135_BAG_L1","NeuralNetFastAI_r162_BAG_L1","NeuralNetFastAI_r165_BAG_L1","NeuralNetFastAI_r196_BAG_L1","NeuralNetFastAI_r3_BAG_L1","NeuralNetFastAI_r63_BAG_L1","NeuralNetFastAI_r98_BAG_L1","NeuralNetTorch_r102_BAG_L1","NeuralNetTorch_r103_BAG_L1","NeuralNetTorch_r113_BAG_L1","NeuralNetTorch_r11_BAG_L1","NeuralNetTorch_r126_BAG_L1","NeuralNetTorch_r127_BAG_L1","NeuralNetTorch_r128_BAG_L1","NeuralNetTorch_r130_BAG_L1","NeuralNetTorch_r140_BAG_L1","NeuralNetTorch_r145_BAG_L1","NeuralNetTorch_r148_BAG_L1","NeuralNetTorch_r15_BAG_L1","NeuralNetTorch_r31_BAG_L1","NeuralNetTorch_r41_BAG_L1","NeuralNetTorch_r42_BAG_L1","NeuralNetTorch_r47_BAG_L1","NeuralNetTorch_r65_BAG_L1","NeuralNetTorch_r74_BAG_L1","NeuralNetTorch_r86_BAG_L1","NeuralNetTorch_r97_BAG_L1","RandomForest_r115_BAG_L1"],"2":["CatBoost_r143_BAG_L1","CatBoost_r22_BAG_L1","CatBoost_r41_BAG_L1","CatBoost_r42_BAG_L1","CatBoost_r75_BAG_L1","CatBoost_r84_BAG_L1","FTTransformer_c2_BAG_L1","KNeighbors_r38_BAG_L1","NeuralNetFastAI_r127_BAG_L1","NeuralNetFastAI_r135_BAG_L1","NeuralNetFastAI_r162_BAG_L1","NeuralNetFastAI_r165_BAG_L1","NeuralNetFastAI_r196_BAG_L1","NeuralNetFastAI_r3_BAG_L1","NeuralNetFastAI_r63_BAG_L1","NeuralNetFastAI_r98_BAG_L1","NeuralNetTorch_r102_BAG_L1","NeuralNetTorch_r103_BAG_L1","NeuralNetTorch_r11_BAG_L1","NeuralNetTorch_r126_BAG_L1","NeuralNetTorch_r127_BAG_L1","NeuralNetTorch_r128_BAG_L1","NeuralNetTorch_r130_BAG_L1","NeuralNetTorch_r140_BAG_L1","NeuralNetTorch_r148_BAG_L1","NeuralNetTorch_r15_BAG_L1","NeuralNetTorch_r31_BAG_L1","NeuralNetTorch_r41_BAG_L1","NeuralNetTorch_r42_BAG_L1","NeuralNetTorch_r47_BAG_L1","NeuralNetTorch_r65_BAG_L1","NeuralNetTorch_r74_BAG_L1","NeuralNetTorch_r86_BAG_L1","NeuralNetTorch_r97_BAG_L1","RandomForest_r115_BAG_L1","RandomForest_r4_BAG_L1"],"3":["CatBoost_r143_BAG_L1","CatBoost_r22_BAG_L1","CatBoost_r41_BAG_L1","CatBoost_r42_BAG_L1","CatBoost_r75_BAG_L1","CatBoost_r84_BAG_L1","ExtraTrees_r99_BAG_L1","FTTransformer_c2_BAG_L1","KNeighbors_r38_BAG_L1","NeuralNetFastAI_r127_BAG_L1","NeuralNetFastAI_r135_BAG_L1","NeuralNetFastAI_r162_BAG_L1","NeuralNetFastAI_r165_BAG_L1","NeuralNetFastAI_r196_BAG_L1","NeuralNetFastAI_r3_BAG_L1","NeuralNetFastAI_r63_BAG_L1","NeuralNetFastAI_r98_BAG_L1","NeuralNetTorch_r102_BAG_L1","NeuralNetTorch_r103_BAG_L1","NeuralNetTorch_r11_BAG_L1","NeuralNetTorch_r126_BAG_L1","NeuralNetTorch_r127_BAG_L1","NeuralNetTorch_r128_BAG_L1","NeuralNetTorch_r130_BAG_L1","NeuralNetTorch_r140_BAG_L1","NeuralNetTorch_r148_BAG_L1","NeuralNetTorch_r15_BAG_L1","NeuralNetTorch_r165_BAG_L1","NeuralNetTorch_r31_BAG_L1","NeuralNetTorch_r41_BAG_L1","NeuralNetTorch_r42_BAG_L1","NeuralNetTorch_r47_BAG_L1","NeuralNetTorch_r65_BAG_L1","NeuralNetTorch_r74_BAG_L1","NeuralNetTorch_r86_BAG_L1","NeuralNetTorch_r97_BAG_L1","RandomForest_r115_BAG_L1"],"4":["CatBoost_r143_BAG_L1","CatBoost_r22_BAG_L1","CatBoost_r41_BAG_L1","CatBoost_r42_BAG_L1","CatBoost_r84_BAG_L1","FTTransformer_c2_BAG_L1","KNeighbors_c2_BAG_L1","KNeighbors_r38_BAG_L1","NeuralNetFastAI_r127_BAG_L1","NeuralNetFastAI_r135_BAG_L1","NeuralNetFastAI_r162_BAG_L1","NeuralNetFastAI_r165_BAG_L1","NeuralNetFastAI_r196_BAG_L1","NeuralNetFastAI_r3_BAG_L1","NeuralNetFastAI_r98_BAG_L1","NeuralNetTorch_r102_BAG_L1","NeuralNetTorch_r103_BAG_L1","NeuralNetTorch_r11_BAG_L1","NeuralNetTorch_r126_BAG_L1","NeuralNetTorch_r127_BAG_L1","NeuralNetTorch_r128_BAG_L1","NeuralNetTorch_r130_BAG_L1","NeuralNetTorch_r140_BAG_L1","NeuralNetTorch_r148_BAG_L1","NeuralNetTorch_r15_BAG_L1","NeuralNetTorch_r31_BAG_L1","NeuralNetTorch_r41_BAG_L1","NeuralNetTorch_r42_BAG_L1","NeuralNetTorch_r47_BAG_L1","NeuralNetTorch_r65_BAG_L1","NeuralNetTorch_r74_BAG_L1","NeuralNetTorch_r86_BAG_L1","NeuralNetTorch_r97_BAG_L1","RandomForest_r115_BAG_L1"],"5":["CatBoost_r143_BAG_L1","CatBoost_r22_BAG_L1","CatBoost_r41_BAG_L1","CatBoost_r42_BAG_L1","CatBoost_r75_BAG_L1","CatBoost_r84_BAG_L1","ExtraTrees_r138_BAG_L1","FTTransformer_c2_BAG_L1","KNeighbors_r38_BAG_L1","NeuralNetFastAI_r100_BAG_L1","NeuralNetFastAI_r127_BAG_L1","NeuralNetFastAI_r135_BAG_L1","NeuralNetFastAI_r162_BAG_L1","NeuralNetFastAI_r165_BAG_L1","NeuralNetFastAI_r196_BAG_L1","NeuralNetFastAI_r3_BAG_L1","NeuralNetFastAI_r63_BAG_L1","NeuralNetFastAI_r98_BAG_L1","NeuralNetTorch_r102_BAG_L1","NeuralNetTorch_r103_BAG_L1","NeuralNetTorch_r11_BAG_L1","NeuralNetTorch_r126_BAG_L1","NeuralNetTorch_r127_BAG_L1","NeuralNetTorch_r128_BAG_L1","NeuralNetTorch_r130_BAG_L1","NeuralNetTorch_r140_BAG_L1","NeuralNetTorch_r148_BAG_L1","NeuralNetTorch_r15_BAG_L1","NeuralNetTorch_r31_BAG_L1","NeuralNetTorch_r41_BAG_L1","NeuralNetTorch_r42_BAG_L1","NeuralNetTorch_r47_BAG_L1","NeuralNetTorch_r65_BAG_L1","NeuralNetTorch_r74_BAG_L1","NeuralNetTorch_r86_BAG_L1","NeuralNetTorch_r97_BAG_L1","RandomForest_r115_BAG_L1"],"6":["CatBoost_r143_BAG_L1","CatBoost_r22_BAG_L1","CatBoost_r41_BAG_L1","CatBoost_r42_BAG_L1","CatBoost_r84_BAG_L1","FTTransformer_c2_BAG_L1","KNeighbors_r38_BAG_L1","NeuralNetFastAI_r127_BAG_L1","NeuralNetFastAI_r135_BAG_L1","NeuralNetFastAI_r162_BAG_L1","NeuralNetFastAI_r165_BAG_L1","NeuralNetFastAI_r196_BAG_L1","NeuralNetFastAI_r3_BAG_L1","NeuralNetFastAI_r98_BAG_L1","NeuralNetTorch_r102_BAG_L1","NeuralNetTorch_r103_BAG_L1","NeuralNetTorch_r113_BAG_L1","NeuralNetTorch_r11_BAG_L1","NeuralNetTorch_r126_BAG_L1","NeuralNetTorch_r127_BAG_L1","NeuralNetTorch_r128_BAG_L1","NeuralNetTorch_r130_BAG_L1","NeuralNetTorch_r140_BAG_L1","NeuralNetTorch_r145_BAG_L1","NeuralNetTorch_r148_BAG_L1","NeuralNetTorch_r15_BAG_L1","NeuralNetTorch_r31_BAG_L1","NeuralNetTorch_r41_BAG_L1","NeuralNetTorch_r42_BAG_L1","NeuralNetTorch_r47_BAG_L1","NeuralNetTorch_r65_BAG_L1","NeuralNetTorch_r74_BAG_L1","NeuralNetTorch_r86_BAG_L1","NeuralNetTorch_r97_BAG_L1","RandomForest_r115_BAG_L1"],"7":["CatBoost_r143_BAG_L1","CatBoost_r22_BAG_L1","CatBoost_r41_BAG_L1","CatBoost_r42_BAG_L1","CatBoost_r84_BAG_L1","ExtraTrees_r75_BAG_L1","FTTransformer_c2_BAG_L1","KNeighbors_r38_BAG_L1","NeuralNetFastAI_r127_BAG_L1","NeuralNetFastAI_r135_BAG_L1","NeuralNetFastAI_r162_BAG_L1","NeuralNetFastAI_r165_BAG_L1","NeuralNetFastAI_r196_BAG_L1","NeuralNetFastAI_r3_BAG_L1","NeuralNetFastAI_r98_BAG_L1","NeuralNetTorch_r102_BAG_L1","NeuralNetTorch_r103_BAG_L1","NeuralNetTorch_r11_BAG_L1","NeuralNetTorch_r126_BAG_L1","NeuralNetTorch_r127_BAG_L1","NeuralNetTorch_r128_BAG_L1","NeuralNetTorch_r130_BAG_L1","NeuralNetTorch_r140_BAG_L1","NeuralNetTorch_r148_BAG_L1","NeuralNetTorch_r15_BAG_L1","NeuralNetTorch_r31_BAG_L1","NeuralNetTorch_r41_BAG_L1","NeuralNetTorch_r42_BAG_L1","NeuralNetTorch_r47_BAG_L1","NeuralNetTorch_r65_BAG_L1","NeuralNetTorch_r74_BAG_L1","NeuralNetTorch_r86_BAG_L1","NeuralNetTorch_r97_BAG_L1","RandomForest_r115_BAG_L1"],"8":["CatBoost_r143_BAG_L1","CatBoost_r22_BAG_L1","CatBoost_r41_BAG_L1","CatBoost_r42_BAG_L1","CatBoost_r75_BAG_L1","CatBoost_r84_BAG_L1","FTTransformer_c2_BAG_L1","KNeighbors_r38_BAG_L1","NeuralNetFastAI_r127_BAG_L1","NeuralNetFastAI_r135_BAG_L1","NeuralNetFastAI_r162_BAG_L1","NeuralNetFastAI_r165_BAG_L1","NeuralNetFastAI_r196_BAG_L1","NeuralNetFastAI_r3_BAG_L1","NeuralNetFastAI_r63_BAG_L1","NeuralNetFastAI_r98_BAG_L1","NeuralNetTorch_r102_BAG_L1","NeuralNetTorch_r103_BAG_L1","NeuralNetTorch_r11_BAG_L1","NeuralNetTorch_r126_BAG_L1","NeuralNetTorch_r127_BAG_L1","NeuralNetTorch_r128_BAG_L1","NeuralNetTorch_r130_BAG_L1","NeuralNetTorch_r140_BAG_L1","NeuralNetTorch_r148_BAG_L1","NeuralNetTorch_r15_BAG_L1","NeuralNetTorch_r31_BAG_L1","NeuralNetTorch_r41_BAG_L1","NeuralNetTorch_r42_BAG_L1","NeuralNetTorch_r47_BAG_L1","NeuralNetTorch_r65_BAG_L1","NeuralNetTorch_r74_BAG_L1","NeuralNetTorch_r86_BAG_L1","NeuralNetTorch_r97_BAG_L1","RandomForest_r115_BAG_L1"],"9":["CatBoost_r143_BAG_L1","CatBoost_r22_BAG_L1","CatBoost_r41_BAG_L1","CatBoost_r42_BAG_L1","CatBoost_r75_BAG_L1","CatBoost_r84_BAG_L1","FTTransformer_c2_BAG_L1","KNeighbors_r38_BAG_L1","NeuralNetFastAI_r127_BAG_L1","NeuralNetFastAI_r135_BAG_L1","NeuralNetFastAI_r162_BAG_L1","NeuralNetFastAI_r165_BAG_L1","NeuralNetFastAI_r196_BAG_L1","NeuralNetFastAI_r3_BAG_L1","NeuralNetFastAI_r63_BAG_L1","NeuralNetFastAI_r94_BAG_L1","NeuralNetFastAI_r98_BAG_L1","NeuralNetTorch_r102_BAG_L1","NeuralNetTorch_r103_BAG_L1","NeuralNetTorch_r11_BAG_L1","NeuralNetTorch_r126_BAG_L1","NeuralNetTorch_r127_BAG_L1","NeuralNetTorch_r128_BAG_L1","NeuralNetTorch_r130_BAG_L1","NeuralNetTorch_r140_BAG_L1","NeuralNetTorch_r148_BAG_L1","NeuralNetTorch_r15_BAG_L1","NeuralNetTorch_r31_BAG_L1","NeuralNetTorch_r41_BAG_L1","NeuralNetTorch_r42_BAG_L1","NeuralNetTorch_r47_BAG_L1","NeuralNetTorch_r65_BAG_L1","NeuralNetTorch_r74_BAG_L1","NeuralNetTorch_r86_BAG_L1","NeuralNetTorch_r97_BAG_L1","RandomForest_r115_BAG_L1"],"10":["CatBoost_r143_BAG_L1","CatBoost_r22_BAG_L1","CatBoost_r41_BAG_L1","CatBoost_r42_BAG_L1","CatBoost_r75_BAG_L1","CatBoost_r84_BAG_L1","FTTransformer_c2_BAG_L1","KNeighbors_r38_BAG_L1","LightGBM_r145_BAG_L1","NeuralNetFastAI_r127_BAG_L1","NeuralNetFastAI_r135_BAG_L1","NeuralNetFastAI_r162_BAG_L1","NeuralNetFastAI_r165_BAG_L1","NeuralNetFastAI_r196_BAG_L1","NeuralNetFastAI_r3_BAG_L1","NeuralNetFastAI_r63_BAG_L1","NeuralNetFastAI_r98_BAG_L1","NeuralNetTorch_r102_BAG_L1","NeuralNetTorch_r103_BAG_L1","NeuralNetTorch_r11_BAG_L1","NeuralNetTorch_r126_BAG_L1","NeuralNetTorch_r127_BAG_L1","NeuralNetTorch_r128_BAG_L1","NeuralNetTorch_r130_BAG_L1","NeuralNetTorch_r140_BAG_L1","NeuralNetTorch_r148_BAG_L1","NeuralNetTorch_r15_BAG_L1","NeuralNetTorch_r31_BAG_L1","NeuralNetTorch_r41_BAG_L1","NeuralNetTorch_r42_BAG_L1","NeuralNetTorch_r47_BAG_L1","NeuralNetTorch_r65_BAG_L1","NeuralNetTorch_r74_BAG_L1","NeuralNetTorch_r86_BAG_L1","NeuralNetTorch_r97_BAG_L1","RandomForest_r115_BAG_L1"],"11":["CatBoost_r143_BAG_L1","CatBoost_r22_BAG_L1","CatBoost_r41_BAG_L1","CatBoost_r42_BAG_L1","CatBoost_r75_BAG_L1","CatBoost_r84_BAG_L1","FTTransformer_c2_BAG_L1","KNeighbors_r38_BAG_L1","NeuralNetFastAI_r127_BAG_L1","NeuralNetFastAI_r135_BAG_L1","NeuralNetFastAI_r162_BAG_L1","NeuralNetFastAI_r165_BAG_L1","NeuralNetFastAI_r196_BAG_L1","NeuralNetFastAI_r3_BAG_L1","NeuralNetFastAI_r63_BAG_L1","NeuralNetFastAI_r98_BAG_L1","NeuralNetTorch_r102_BAG_L1","NeuralNetTorch_r103_BAG_L1","NeuralNetTorch_r11_BAG_L1","NeuralNetTorch_r126_BAG_L1","NeuralNetTorch_r127_BAG_L1","NeuralNetTorch_r128_BAG_L1","NeuralNetTorch_r130_BAG_L1","NeuralNetTorch_r140_BAG_L1","NeuralNetTorch_r148_BAG_L1","NeuralNetTorch_r15_BAG_L1","NeuralNetTorch_r31_BAG_L1","NeuralNetTorch_r41_BAG_L1","NeuralNetTorch_r42_BAG_L1","NeuralNetTorch_r47_BAG_L1","NeuralNetTorch_r65_BAG_L1","NeuralNetTorch_r74_BAG_L1","NeuralNetTorch_r86_BAG_L1","NeuralNetTorch_r97_BAG_L1","RandomForest_r105_BAG_L1","RandomForest_r115_BAG_L1"],"12":["CatBoost_r143_BAG_L1","CatBoost_r22_BAG_L1","CatBoost_r41_BAG_L1","CatBoost_r42_BAG_L1","CatBoost_r75_BAG_L1","CatBoost_r84_BAG_L1","FTTransformer_c2_BAG_L1","KNeighbors_r38_BAG_L1","NeuralNetFastAI_r127_BAG_L1","NeuralNetFastAI_r12_BAG_L1","NeuralNetFastAI_r135_BAG_L1","NeuralNetFastAI_r162_BAG_L1","NeuralNetFastAI_r165_BAG_L1","NeuralNetFastAI_r196_BAG_L1","NeuralNetFastAI_r3_BAG_L1","NeuralNetFastAI_r63_BAG_L1","NeuralNetFastAI_r98_BAG_L1","NeuralNetTorch_r102_BAG_L1","NeuralNetTorch_r103_BAG_L1","NeuralNetTorch_r11_BAG_L1","NeuralNetTorch_r126_BAG_L1","NeuralNetTorch_r127_BAG_L1","NeuralNetTorch_r128_BAG_L1","NeuralNetTorch_r130_BAG_L1","NeuralNetTorch_r140_BAG_L1","NeuralNetTorch_r148_BAG_L1","NeuralNetTorch_r15_BAG_L1","NeuralNetTorch_r31_BAG_L1","NeuralNetTorch_r41_BAG_L1","NeuralNetTorch_r42_BAG_L1","NeuralNetTorch_r47_BAG_L1","NeuralNetTorch_r65_BAG_L1","NeuralNetTorch_r74_BAG_L1","NeuralNetTorch_r86_BAG_L1","NeuralNetTorch_r97_BAG_L1","RandomForest_r115_BAG_L1"],"13":["CatBoost_r143_BAG_L1","CatBoost_r180_BAG_L1","CatBoost_r22_BAG_L1","CatBoost_r41_BAG_L1","CatBoost_r42_BAG_L1","CatBoost_r84_BAG_L1","FTTransformer_c2_BAG_L1","KNeighbors_r38_BAG_L1","NeuralNetFastAI_r127_BAG_L1","NeuralNetFastAI_r135_BAG_L1","NeuralNetFastAI_r162_BAG_L1","NeuralNetFastAI_r165_BAG_L1","NeuralNetFastAI_r196_BAG_L1","NeuralNetFastAI_r3_BAG_L1","NeuralNetFastAI_r98_BAG_L1","NeuralNetTorch_r102_BAG_L1","NeuralNetTorch_r103_BAG_L1","NeuralNetTorch_r11_BAG_L1","NeuralNetTorch_r126_BAG_L1","NeuralNetTorch_r127_BAG_L1","NeuralNetTorch_r128_BAG_L1","NeuralNetTorch_r130_BAG_L1","NeuralNetTorch_r140_BAG_L1","NeuralNetTorch_r148_BAG_L1","NeuralNetTorch_r15_BAG_L1","NeuralNetTorch_r31_BAG_L1","NeuralNetTorch_r41_BAG_L1","NeuralNetTorch_r42_BAG_L1","NeuralNetTorch_r47_BAG_L1","NeuralNetTorch_r65_BAG_L1","NeuralNetTorch_r74_BAG_L1","NeuralNetTorch_r86_BAG_L1","NeuralNetTorch_r97_BAG_L1","RandomForest_r115_BAG_L1"],"14":["CatBoost_r143_BAG_L1","CatBoost_r22_BAG_L1","CatBoost_r41_BAG_L1","CatBoost_r42_BAG_L1","CatBoost_r75_BAG_L1","CatBoost_r84_BAG_L1","ExtraTrees_r51_BAG_L1","FTTransformer_c2_BAG_L1","KNeighbors_r38_BAG_L1","NeuralNetFastAI_r127_BAG_L1","NeuralNetFastAI_r135_BAG_L1","NeuralNetFastAI_r162_BAG_L1","NeuralNetFastAI_r165_BAG_L1","NeuralNetFastAI_r196_BAG_L1","NeuralNetFastAI_r3_BAG_L1","NeuralNetFastAI_r63_BAG_L1","NeuralNetFastAI_r98_BAG_L1","NeuralNetTorch_r102_BAG_L1","NeuralNetTorch_r103_BAG_L1","NeuralNetTorch_r11_BAG_L1","NeuralNetTorch_r126_BAG_L1","NeuralNetTorch_r127_BAG_L1","NeuralNetTorch_r128_BAG_L1","NeuralNetTorch_r130_BAG_L1","NeuralNetTorch_r140_BAG_L1","NeuralNetTorch_r148_BAG_L1","NeuralNetTorch_r15_BAG_L1","NeuralNetTorch_r31_BAG_L1","NeuralNetTorch_r41_BAG_L1","NeuralNetTorch_r42_BAG_L1","NeuralNetTorch_r47_BAG_L1","NeuralNetTorch_r65_BAG_L1","NeuralNetTorch_r74_BAG_L1","NeuralNetTorch_r86_BAG_L1","NeuralNetTorch_r97_BAG_L1","RandomForest_r115_BAG_L1"],"15":["CatBoost_r143_BAG_L1","CatBoost_r22_BAG_L1","CatBoost_r41_BAG_L1","CatBoost_r42_BAG_L1","CatBoost_r4_BAG_L1","CatBoost_r84_BAG_L1","FTTransformer_c2_BAG_L1","KNeighbors_r38_BAG_L1","NeuralNetFastAI_r127_BAG_L1","NeuralNetFastAI_r135_BAG_L1","NeuralNetFastAI_r162_BAG_L1","NeuralNetFastAI_r165_BAG_L1","NeuralNetFastAI_r196_BAG_L1","NeuralNetFastAI_r3_BAG_L1","NeuralNetFastAI_r98_BAG_L1","NeuralNetTorch_r102_BAG_L1","NeuralNetTorch_r103_BAG_L1","NeuralNetTorch_r11_BAG_L1","NeuralNetTorch_r126_BAG_L1","NeuralNetTorch_r127_BAG_L1","NeuralNetTorch_r128_BAG_L1","NeuralNetTorch_r130_BAG_L1","NeuralNetTorch_r140_BAG_L1","NeuralNetTorch_r148_BAG_L1","NeuralNetTorch_r15_BAG_L1","NeuralNetTorch_r31_BAG_L1","NeuralNetTorch_r41_BAG_L1","NeuralNetTorch_r42_BAG_L1","NeuralNetTorch_r47_BAG_L1","NeuralNetTorch_r65_BAG_L1","NeuralNetTorch_r74_BAG_L1","NeuralNetTorch_r86_BAG_L1","NeuralNetTorch_r97_BAG_L1","RandomForest_r115_BAG_L1"],"16":["CatBoost_r12_BAG_L1","CatBoost_r143_BAG_L1","CatBoost_r22_BAG_L1","CatBoost_r41_BAG_L1","CatBoost_r42_BAG_L1","CatBoost_r75_BAG_L1","CatBoost_r84_BAG_L1","FTTransformer_c2_BAG_L1","KNeighbors_r38_BAG_L1","NeuralNetFastAI_r127_BAG_L1","NeuralNetFastAI_r135_BAG_L1","NeuralNetFastAI_r162_BAG_L1","NeuralNetFastAI_r165_BAG_L1","NeuralNetFastAI_r196_BAG_L1","NeuralNetFastAI_r3_BAG_L1","NeuralNetFastAI_r63_BAG_L1","NeuralNetFastAI_r98_BAG_L1","NeuralNetTorch_r102_BAG_L1","NeuralNetTorch_r103_BAG_L1","NeuralNetTorch_r11_BAG_L1","NeuralNetTorch_r126_BAG_L1","NeuralNetTorch_r127_BAG_L1","NeuralNetTorch_r128_BAG_L1","NeuralNetTorch_r130_BAG_L1","NeuralNetTorch_r140_BAG_L1","NeuralNetTorch_r148_BAG_L1","NeuralNetTorch_r15_BAG_L1","NeuralNetTorch_r31_BAG_L1","NeuralNetTorch_r41_BAG_L1","NeuralNetTorch_r42_BAG_L1","NeuralNetTorch_r47_BAG_L1","NeuralNetTorch_r65_BAG_L1","NeuralNetTorch_r74_BAG_L1","NeuralNetTorch_r86_BAG_L1","NeuralNetTorch_r97_BAG_L1","RandomForest_r115_BAG_L1"],"17":["CatBoost_r143_BAG_L1","CatBoost_r22_BAG_L1","CatBoost_r41_BAG_L1","CatBoost_r42_BAG_L1","CatBoost_r84_BAG_L1","FTTransformer_c2_BAG_L1","KNeighbors_r38_BAG_L1","NeuralNetFastAI_r100_BAG_L1","NeuralNetFastAI_r127_BAG_L1","NeuralNetFastAI_r135_BAG_L1","NeuralNetFastAI_r162_BAG_L1","NeuralNetFastAI_r165_BAG_L1","NeuralNetFastAI_r196_BAG_L1","NeuralNetFastAI_r3_BAG_L1","NeuralNetFastAI_r98_BAG_L1","NeuralNetTorch_r102_BAG_L1","NeuralNetTorch_r103_BAG_L1","NeuralNetTorch_r113_BAG_L1","NeuralNetTorch_r11_BAG_L1","NeuralNetTorch_r126_BAG_L1","NeuralNetTorch_r127_BAG_L1","NeuralNetTorch_r128_BAG_L1","NeuralNetTorch_r130_BAG_L1","NeuralNetTorch_r140_BAG_L1","NeuralNetTorch_r145_BAG_L1","NeuralNetTorch_r148_BAG_L1","NeuralNetTorch_r15_BAG_L1","NeuralNetTorch_r31_BAG_L1","NeuralNetTorch_r41_BAG_L1","NeuralNetTorch_r42_BAG_L1","NeuralNetTorch_r47_BAG_L1","NeuralNetTorch_r65_BAG_L1","NeuralNetTorch_r74_BAG_L1","NeuralNetTorch_r86_BAG_L1","NeuralNetTorch_r97_BAG_L1","RandomForest_r115_BAG_L1"],"18":["CatBoost_r143_BAG_L1","CatBoost_r22_BAG_L1","CatBoost_r41_BAG_L1","CatBoost_r42_BAG_L1","CatBoost_r75_BAG_L1","CatBoost_r84_BAG_L1","FTTransformer_c2_BAG_L1","KNeighbors_r38_BAG_L1","NeuralNetFastAI_r100_BAG_L1","NeuralNetFastAI_r127_BAG_L1","NeuralNetFastAI_r135_BAG_L1","NeuralNetFastAI_r162_BAG_L1","NeuralNetFastAI_r165_BAG_L1","NeuralNetFastAI_r196_BAG_L1","NeuralNetFastAI_r3_BAG_L1","NeuralNetFastAI_r63_BAG_L1","NeuralNetFastAI_r98_BAG_L1","NeuralNetTorch_r102_BAG_L1","NeuralNetTorch_r103_BAG_L1","NeuralNetTorch_r11_BAG_L1","NeuralNetTorch_r126_BAG_L1","NeuralNetTorch_r127_BAG_L1","NeuralNetTorch_r128_BAG_L1","NeuralNetTorch_r130_BAG_L1","NeuralNetTorch_r140_BAG_L1","NeuralNetTorch_r148_BAG_L1","NeuralNetTorch_r15_BAG_L1","NeuralNetTorch_r31_BAG_L1","NeuralNetTorch_r41_BAG_L1","NeuralNetTorch_r42_BAG_L1","NeuralNetTorch_r47_BAG_L1","NeuralNetTorch_r65_BAG_L1","NeuralNetTorch_r74_BAG_L1","NeuralNetTorch_r86_BAG_L1","NeuralNetTorch_r97_BAG_L1","RandomForest_r115_BAG_L1"],"19":["CatBoost_r143_BAG_L1","CatBoost_r22_BAG_L1","CatBoost_r41_BAG_L1","CatBoost_r42_BAG_L1","CatBoost_r84_BAG_L1","FTTransformer_c2_BAG_L1","KNeighbors_r38_BAG_L1","NeuralNetFastAI_r127_BAG_L1","NeuralNetFastAI_r135_BAG_L1","NeuralNetFastAI_r162_BAG_L1","NeuralNetFastAI_r165_BAG_L1","NeuralNetFastAI_r196_BAG_L1","NeuralNetFastAI_r3_BAG_L1","NeuralNetFastAI_r98_BAG_L1","NeuralNetTorch_r102_BAG_L1","NeuralNetTorch_r103_BAG_L1","NeuralNetTorch_r11_BAG_L1","NeuralNetTorch_r126_BAG_L1","NeuralNetTorch_r127_BAG_L1","NeuralNetTorch_r128_BAG_L1","NeuralNetTorch_r130_BAG_L1","NeuralNetTorch_r140_BAG_L1","NeuralNetTorch_r148_BAG_L1","NeuralNetTorch_r15_BAG_L1","NeuralNetTorch_r31_BAG_L1","NeuralNetTorch_r41_BAG_L1","NeuralNetTorch_r42_BAG_L1","NeuralNetTorch_r47_BAG_L1","NeuralNetTorch_r65_BAG_L1","NeuralNetTorch_r74_BAG_L1","NeuralNetTorch_r86_BAG_L1","NeuralNetTorch_r97_BAG_L1","RandomForest_r115_BAG_L1","RandomForest_r175_BAG_L1"],"20":["CatBoost_r131_BAG_L1","CatBoost_r143_BAG_L1","CatBoost_r22_BAG_L1","CatBoost_r41_BAG_L1","CatBoost_r42_BAG_L1","CatBoost_r75_BAG_L1","CatBoost_r84_BAG_L1","FTTransformer_c2_BAG_L1","KNeighbors_r38_BAG_L1","NeuralNetFastAI_r127_BAG_L1","NeuralNetFastAI_r135_BAG_L1","NeuralNetFastAI_r162_BAG_L1","NeuralNetFastAI_r165_BAG_L1","NeuralNetFastAI_r196_BAG_L1","NeuralNetFastAI_r3_BAG_L1","NeuralNetFastAI_r63_BAG_L1","NeuralNetFastAI_r98_BAG_L1","NeuralNetTorch_r102_BAG_L1","NeuralNetTorch_r103_BAG_L1","NeuralNetTorch_r11_BAG_L1","NeuralNetTorch_r126_BAG_L1","NeuralNetTorch_r127_BAG_L1","NeuralNetTorch_r128_BAG_L1","NeuralNetTorch_r130_BAG_L1","NeuralNetTorch_r140_BAG_L1","NeuralNetTorch_r148_BAG_L1","NeuralNetTorch_r15_BAG_L1","NeuralNetTorch_r31_BAG_L1","NeuralNetTorch_r41_BAG_L1","NeuralNetTorch_r42_BAG_L1","NeuralNetTorch_r47_BAG_L1","NeuralNetTorch_r65_BAG_L1","NeuralNetTorch_r74_BAG_L1","NeuralNetTorch_r86_BAG_L1","NeuralNetTorch_r97_BAG_L1","RandomForest_r115_BAG_L1"],"21":["CatBoost_r143_BAG_L1","CatBoost_r22_BAG_L1","CatBoost_r41_BAG_L1","CatBoost_r42_BAG_L1","CatBoost_r75_BAG_L1","CatBoost_r84_BAG_L1","FTTransformer_c2_BAG_L1","KNeighbors_r38_BAG_L1","NeuralNetFastAI_r127_BAG_L1","NeuralNetFastAI_r135_BAG_L1","NeuralNetFastAI_r162_BAG_L1","NeuralNetFastAI_r165_BAG_L1","NeuralNetFastAI_r196_BAG_L1","NeuralNetFastAI_r3_BAG_L1","NeuralNetFastAI_r63_BAG_L1","NeuralNetFastAI_r98_BAG_L1","NeuralNetTorch_r102_BAG_L1","NeuralNetTorch_r103_BAG_L1","NeuralNetTorch_r11_BAG_L1","NeuralNetTorch_r126_BAG_L1","NeuralNetTorch_r127_BAG_L1","NeuralNetTorch_r128_BAG_L1","NeuralNetTorch_r130_BAG_L1","NeuralNetTorch_r140_BAG_L1","NeuralNetTorch_r148_BAG_L1","NeuralNetTorch_r15_BAG_L1","NeuralNetTorch_r31_BAG_L1","NeuralNetTorch_r41_BAG_L1","NeuralNetTorch_r42_BAG_L1","NeuralNetTorch_r47_BAG_L1","NeuralNetTorch_r65_BAG_L1","NeuralNetTorch_r74_BAG_L1","NeuralNetTorch_r86_BAG_L1","NeuralNetTorch_r97_BAG_L1","RandomForest_r115_BAG_L1","RandomForest_r63_BAG_L1"],"22":["CatBoost_r143_BAG_L1","CatBoost_r22_BAG_L1","CatBoost_r41_BAG_L1","CatBoost_r42_BAG_L1","CatBoost_r75_BAG_L1","CatBoost_r84_BAG_L1","ExtraTrees_r75_BAG_L1","FTTransformer_c2_BAG_L1","KNeighbors_r38_BAG_L1","NeuralNetFastAI_r127_BAG_L1","NeuralNetFastAI_r135_BAG_L1","NeuralNetFastAI_r162_BAG_L1","NeuralNetFastAI_r165_BAG_L1","NeuralNetFastAI_r196_BAG_L1","NeuralNetFastAI_r3_BAG_L1","NeuralNetFastAI_r63_BAG_L1","NeuralNetFastAI_r98_BAG_L1","NeuralNetTorch_r102_BAG_L1","NeuralNetTorch_r103_BAG_L1","NeuralNetTorch_r11_BAG_L1","NeuralNetTorch_r126_BAG_L1","NeuralNetTorch_r127_BAG_L1","NeuralNetTorch_r128_BAG_L1","NeuralNetTorch_r130_BAG_L1","NeuralNetTorch_r140_BAG_L1","NeuralNetTorch_r148_BAG_L1","NeuralNetTorch_r15_BAG_L1","NeuralNetTorch_r31_BAG_L1","NeuralNetTorch_r41_BAG_L1","NeuralNetTorch_r42_BAG_L1","NeuralNetTorch_r47_BAG_L1","NeuralNetTorch_r65_BAG_L1","NeuralNetTorch_r74_BAG_L1","NeuralNetTorch_r86_BAG_L1","NeuralNetTorch_r97_BAG_L1","RandomForest_r115_BAG_L1"],"23":["CatBoost_r143_BAG_L1","CatBoost_r22_BAG_L1","CatBoost_r41_BAG_L1","CatBoost_r42_BAG_L1","CatBoost_r59_BAG_L1","CatBoost_r75_BAG_L1","CatBoost_r84_BAG_L1","FTTransformer_c2_BAG_L1","KNeighbors_r38_BAG_L1","NeuralNetFastAI_r127_BAG_L1","NeuralNetFastAI_r135_BAG_L1","NeuralNetFastAI_r162_BAG_L1","NeuralNetFastAI_r165_BAG_L1","NeuralNetFastAI_r196_BAG_L1","NeuralNetFastAI_r3_BAG_L1","NeuralNetFastAI_r63_BAG_L1","NeuralNetFastAI_r98_BAG_L1","NeuralNetTorch_r102_BAG_L1","NeuralNetTorch_r103_BAG_L1","NeuralNetTorch_r11_BAG_L1","NeuralNetTorch_r126_BAG_L1","NeuralNetTorch_r127_BAG_L1","NeuralNetTorch_r128_BAG_L1","NeuralNetTorch_r130_BAG_L1","NeuralNetTorch_r140_BAG_L1","NeuralNetTorch_r148_BAG_L1","NeuralNetTorch_r15_BAG_L1","NeuralNetTorch_r31_BAG_L1","NeuralNetTorch_r41_BAG_L1","NeuralNetTorch_r42_BAG_L1","NeuralNetTorch_r47_BAG_L1","NeuralNetTorch_r65_BAG_L1","NeuralNetTorch_r74_BAG_L1","NeuralNetTorch_r86_BAG_L1","NeuralNetTorch_r97_BAG_L1","RandomForest_r115_BAG_L1"],"24":["CatBoost_r143_BAG_L1","CatBoost_r22_BAG_L1","CatBoost_r41_BAG_L1","CatBoost_r42_BAG_L1","CatBoost_r75_BAG_L1","CatBoost_r84_BAG_L1","FTTransformer_c2_BAG_L1","KNeighbors_r38_BAG_L1","NeuralNetFastAI_r100_BAG_L1","NeuralNetFastAI_r127_BAG_L1","NeuralNetFastAI_r135_BAG_L1","NeuralNetFastAI_r162_BAG_L1","NeuralNetFastAI_r165_BAG_L1","NeuralNetFastAI_r196_BAG_L1","NeuralNetFastAI_r3_BAG_L1","NeuralNetFastAI_r63_BAG_L1","NeuralNetFastAI_r95_BAG_L1","NeuralNetFastAI_r98_BAG_L1","NeuralNetTorch_r102_BAG_L1","NeuralNetTorch_r103_BAG_L1","NeuralNetTorch_r11_BAG_L1","NeuralNetTorch_r126_BAG_L1","NeuralNetTorch_r127_BAG_L1","NeuralNetTorch_r128_BAG_L1","NeuralNetTorch_r130_BAG_L1","NeuralNetTorch_r140_BAG_L1","NeuralNetTorch_r148_BAG_L1","NeuralNetTorch_r15_BAG_L1","NeuralNetTorch_r31_BAG_L1","NeuralNetTorch_r41_BAG_L1","NeuralNetTorch_r42_BAG_L1","NeuralNetTorch_r47_BAG_L1","NeuralNetTorch_r65_BAG_L1","NeuralNetTorch_r74_BAG_L1","NeuralNetTorch_r86_BAG_L1","NeuralNetTorch_r97_BAG_L1","RandomForest_r115_BAG_L1"],"25":["CatBoost_r143_BAG_L1","CatBoost_r22_BAG_L1","CatBoost_r41_BAG_L1","CatBoost_r42_BAG_L1","CatBoost_r75_BAG_L1","CatBoost_r84_BAG_L1","ExtraTrees_r75_BAG_L1","FTTransformer_c2_BAG_L1","KNeighbors_r38_BAG_L1","NeuralNetFastAI_r127_BAG_L1","NeuralNetFastAI_r135_BAG_L1","NeuralNetFastAI_r162_BAG_L1","NeuralNetFastAI_r165_BAG_L1","NeuralNetFastAI_r187_BAG_L1","NeuralNetFastAI_r196_BAG_L1","NeuralNetFastAI_r3_BAG_L1","NeuralNetFastAI_r63_BAG_L1","NeuralNetFastAI_r98_BAG_L1","NeuralNetTorch_r102_BAG_L1","NeuralNetTorch_r103_BAG_L1","NeuralNetTorch_r11_BAG_L1","NeuralNetTorch_r126_BAG_L1","NeuralNetTorch_r127_BAG_L1","NeuralNetTorch_r128_BAG_L1","NeuralNetTorch_r130_BAG_L1","NeuralNetTorch_r140_BAG_L1","NeuralNetTorch_r148_BAG_L1","NeuralNetTorch_r15_BAG_L1","NeuralNetTorch_r31_BAG_L1","NeuralNetTorch_r41_BAG_L1","NeuralNetTorch_r42_BAG_L1","NeuralNetTorch_r47_BAG_L1","NeuralNetTorch_r65_BAG_L1","NeuralNetTorch_r74_BAG_L1","NeuralNetTorch_r86_BAG_L1","NeuralNetTorch_r97_BAG_L1","RandomForest_r115_BAG_L1"],"26":["CatBoost_r143_BAG_L1","CatBoost_r22_BAG_L1","CatBoost_r41_BAG_L1","CatBoost_r42_BAG_L1","CatBoost_r75_BAG_L1","CatBoost_r84_BAG_L1","FTTransformer_c2_BAG_L1","KNeighbors_r38_BAG_L1","NeuralNetFastAI_r127_BAG_L1","NeuralNetFastAI_r135_BAG_L1","NeuralNetFastAI_r162_BAG_L1","NeuralNetFastAI_r165_BAG_L1","NeuralNetFastAI_r196_BAG_L1","NeuralNetFastAI_r3_BAG_L1","NeuralNetFastAI_r63_BAG_L1","NeuralNetFastAI_r98_BAG_L1","NeuralNetTorch_r102_BAG_L1","NeuralNetTorch_r103_BAG_L1","NeuralNetTorch_r11_BAG_L1","NeuralNetTorch_r126_BAG_L1","NeuralNetTorch_r127_BAG_L1","NeuralNetTorch_r128_BAG_L1","NeuralNetTorch_r130_BAG_L1","NeuralNetTorch_r140_BAG_L1","NeuralNetTorch_r148_BAG_L1","NeuralNetTorch_r15_BAG_L1","NeuralNetTorch_r31_BAG_L1","NeuralNetTorch_r41_BAG_L1","NeuralNetTorch_r42_BAG_L1","NeuralNetTorch_r47_BAG_L1","NeuralNetTorch_r65_BAG_L1","NeuralNetTorch_r74_BAG_L1","NeuralNetTorch_r86_BAG_L1","NeuralNetTorch_r97_BAG_L1","RandomForest_r115_BAG_L1","RandomForest_r88_BAG_L1"],"27":["CatBoost_r143_BAG_L1","CatBoost_r22_BAG_L1","CatBoost_r41_BAG_L1","CatBoost_r42_BAG_L1","CatBoost_r61_BAG_L1","CatBoost_r84_BAG_L1","FTTransformer_c2_BAG_L1","KNeighbors_r38_BAG_L1","NeuralNetFastAI_r127_BAG_L1","NeuralNetFastAI_r135_BAG_L1","NeuralNetFastAI_r162_BAG_L1","NeuralNetFastAI_r165_BAG_L1","NeuralNetFastAI_r196_BAG_L1","NeuralNetFastAI_r3_BAG_L1","NeuralNetFastAI_r98_BAG_L1","NeuralNetTorch_r102_BAG_L1","NeuralNetTorch_r103_BAG_L1","NeuralNetTorch_r11_BAG_L1","NeuralNetTorch_r126_BAG_L1","NeuralNetTorch_r127_BAG_L1","NeuralNetTorch_r128_BAG_L1","NeuralNetTorch_r130_BAG_L1","NeuralNetTorch_r140_BAG_L1","NeuralNetTorch_r148_BAG_L1","NeuralNetTorch_r15_BAG_L1","NeuralNetTorch_r31_BAG_L1","NeuralNetTorch_r41_BAG_L1","NeuralNetTorch_r42_BAG_L1","NeuralNetTorch_r47_BAG_L1","NeuralNetTorch_r65_BAG_L1","NeuralNetTorch_r74_BAG_L1","NeuralNetTorch_r86_BAG_L1","NeuralNetTorch_r97_BAG_L1","RandomForest_r115_BAG_L1"],"28":["CatBoost_r143_BAG_L1","CatBoost_r22_BAG_L1","CatBoost_r41_BAG_L1","CatBoost_r42_BAG_L1","CatBoost_r75_BAG_L1","CatBoost_r84_BAG_L1","FTTransformer_c2_BAG_L1","KNeighbors_r38_BAG_L1","NeuralNetFastAI_r127_BAG_L1","NeuralNetFastAI_r135_BAG_L1","NeuralNetFastAI_r162_BAG_L1","NeuralNetFastAI_r165_BAG_L1","NeuralNetFastAI_r196_BAG_L1","NeuralNetFastAI_r3_BAG_L1","NeuralNetFastAI_r63_BAG_L1","NeuralNetFastAI_r98_BAG_L1","NeuralNetTorch_r102_BAG_L1","NeuralNetTorch_r103_BAG_L1","NeuralNetTorch_r11_BAG_L1","NeuralNetTorch_r126_BAG_L1","NeuralNetTorch_r127_BAG_L1","NeuralNetTorch_r128_BAG_L1","NeuralNetTorch_r130_BAG_L1","NeuralNetTorch_r140_BAG_L1","NeuralNetTorch_r148_BAG_L1","NeuralNetTorch_r15_BAG_L1","NeuralNetTorch_r31_BAG_L1","NeuralNetTorch_r41_BAG_L1","NeuralNetTorch_r42_BAG_L1","NeuralNetTorch_r47_BAG_L1","NeuralNetTorch_r65_BAG_L1","NeuralNetTorch_r74_BAG_L1","NeuralNetTorch_r86_BAG_L1","NeuralNetTorch_r97_BAG_L1","RandomForest_r115_BAG_L1","XGBoost_r116_BAG_L1"],"29":["CatBoost_r143_BAG_L1","CatBoost_r22_BAG_L1","CatBoost_r41_BAG_L1","CatBoost_r42_BAG_L1","CatBoost_r75_BAG_L1","CatBoost_r84_BAG_L1","FTTransformer_c2_BAG_L1","KNeighbors_r38_BAG_L1","NeuralNetFastAI_r127_BAG_L1","NeuralNetFastAI_r135_BAG_L1","NeuralNetFastAI_r150_BAG_L1","NeuralNetFastAI_r162_BAG_L1","NeuralNetFastAI_r165_BAG_L1","NeuralNetFastAI_r196_BAG_L1","NeuralNetFastAI_r3_BAG_L1","NeuralNetFastAI_r63_BAG_L1","NeuralNetFastAI_r98_BAG_L1","NeuralNetTorch_r102_BAG_L1","NeuralNetTorch_r103_BAG_L1","NeuralNetTorch_r11_BAG_L1","NeuralNetTorch_r126_BAG_L1","NeuralNetTorch_r127_BAG_L1","NeuralNetTorch_r128_BAG_L1","NeuralNetTorch_r130_BAG_L1","NeuralNetTorch_r140_BAG_L1","NeuralNetTorch_r148_BAG_L1","NeuralNetTorch_r15_BAG_L1","NeuralNetTorch_r31_BAG_L1","NeuralNetTorch_r41_BAG_L1","NeuralNetTorch_r42_BAG_L1","NeuralNetTorch_r47_BAG_L1","NeuralNetTorch_r65_BAG_L1","NeuralNetTorch_r74_BAG_L1","NeuralNetTorch_r86_BAG_L1","NeuralNetTorch_r97_BAG_L1","RandomForest_r115_BAG_L1"],"30":["CatBoost_r143_BAG_L1","CatBoost_r22_BAG_L1","CatBoost_r41_BAG_L1","CatBoost_r42_BAG_L1","CatBoost_r75_BAG_L1","CatBoost_r84_BAG_L1","ExtraTrees_r14_BAG_L1","FTTransformer_c2_BAG_L1","KNeighbors_r38_BAG_L1","NeuralNetFastAI_r127_BAG_L1","NeuralNetFastAI_r135_BAG_L1","NeuralNetFastAI_r162_BAG_L1","NeuralNetFastAI_r165_BAG_L1","NeuralNetFastAI_r196_BAG_L1","NeuralNetFastAI_r3_BAG_L1","NeuralNetFastAI_r63_BAG_L1","NeuralNetFastAI_r98_BAG_L1","NeuralNetTorch_r102_BAG_L1","NeuralNetTorch_r103_BAG_L1","NeuralNetTorch_r11_BAG_L1","NeuralNetTorch_r126_BAG_L1","NeuralNetTorch_r127_BAG_L1","NeuralNetTorch_r128_BAG_L1","NeuralNetTorch_r130_BAG_L1","NeuralNetTorch_r140_BAG_L1","NeuralNetTorch_r148_BAG_L1","NeuralNetTorch_r15_BAG_L1","NeuralNetTorch_r31_BAG_L1","NeuralNetTorch_r41_BAG_L1","NeuralNetTorch_r42_BAG_L1","NeuralNetTorch_r47_BAG_L1","NeuralNetTorch_r65_BAG_L1","NeuralNetTorch_r74_BAG_L1","NeuralNetTorch_r86_BAG_L1","NeuralNetTorch_r97_BAG_L1","RandomForest_r115_BAG_L1"],"31":["CatBoost_r143_BAG_L1","CatBoost_r22_BAG_L1","CatBoost_r41_BAG_L1","CatBoost_r42_BAG_L1","CatBoost_r75_BAG_L1","CatBoost_r84_BAG_L1","FTTransformer_c2_BAG_L1","KNeighbors_r38_BAG_L1","NeuralNetFastAI_r127_BAG_L1","NeuralNetFastAI_r135_BAG_L1","NeuralNetFastAI_r162_BAG_L1","NeuralNetFastAI_r165_BAG_L1","NeuralNetFastAI_r196_BAG_L1","NeuralNetFastAI_r3_BAG_L1","NeuralNetFastAI_r63_BAG_L1","NeuralNetFastAI_r98_BAG_L1","NeuralNetTorch_r102_BAG_L1","NeuralNetTorch_r103_BAG_L1","NeuralNetTorch_r11_BAG_L1","NeuralNetTorch_r126_BAG_L1","NeuralNetTorch_r127_BAG_L1","NeuralNetTorch_r128_BAG_L1","NeuralNetTorch_r130_BAG_L1","NeuralNetTorch_r140_BAG_L1","NeuralNetTorch_r148_BAG_L1","NeuralNetTorch_r15_BAG_L1","NeuralNetTorch_r31_BAG_L1","NeuralNetTorch_r41_BAG_L1","NeuralNetTorch_r42_BAG_L1","NeuralNetTorch_r47_BAG_L1","NeuralNetTorch_r65_BAG_L1","NeuralNetTorch_r74_BAG_L1","NeuralNetTorch_r86_BAG_L1","NeuralNetTorch_r97_BAG_L1","RandomForest_r115_BAG_L1","RandomForest_r179_BAG_L1"],"32":["CatBoost_r143_BAG_L1","CatBoost_r22_BAG_L1","CatBoost_r41_BAG_L1","CatBoost_r42_BAG_L1","CatBoost_r75_BAG_L1","CatBoost_r84_BAG_L1","CatBoost_r96_BAG_L1","FTTransformer_c2_BAG_L1","KNeighbors_r38_BAG_L1","NeuralNetFastAI_r100_BAG_L1","NeuralNetFastAI_r127_BAG_L1","NeuralNetFastAI_r135_BAG_L1","NeuralNetFastAI_r162_BAG_L1","NeuralNetFastAI_r165_BAG_L1","NeuralNetFastAI_r196_BAG_L1","NeuralNetFastAI_r3_BAG_L1","NeuralNetFastAI_r63_BAG_L1","NeuralNetFastAI_r98_BAG_L1","NeuralNetTorch_r102_BAG_L1","NeuralNetTorch_r103_BAG_L1","NeuralNetTorch_r11_BAG_L1","NeuralNetTorch_r126_BAG_L1","NeuralNetTorch_r127_BAG_L1","NeuralNetTorch_r128_BAG_L1","NeuralNetTorch_r130_BAG_L1","NeuralNetTorch_r140_BAG_L1","NeuralNetTorch_r148_BAG_L1","NeuralNetTorch_r15_BAG_L1","NeuralNetTorch_r31_BAG_L1","NeuralNetTorch_r41_BAG_L1","NeuralNetTorch_r42_BAG_L1","NeuralNetTorch_r47_BAG_L1","NeuralNetTorch_r65_BAG_L1","NeuralNetTorch_r74_BAG_L1","NeuralNetTorch_r86_BAG_L1","NeuralNetTorch_r97_BAG_L1","RandomForest_r115_BAG_L1"],"33":["CatBoost_r143_BAG_L1","CatBoost_r22_BAG_L1","CatBoost_r41_BAG_L1","CatBoost_r42_BAG_L1","CatBoost_r75_BAG_L1","CatBoost_r84_BAG_L1","FTTransformer_c2_BAG_L1","KNeighbors_r38_BAG_L1","NeuralNetFastAI_r127_BAG_L1","NeuralNetFastAI_r135_BAG_L1","NeuralNetFastAI_r162_BAG_L1","NeuralNetFastAI_r165_BAG_L1","NeuralNetFastAI_r196_BAG_L1","NeuralNetFastAI_r3_BAG_L1","NeuralNetFastAI_r63_BAG_L1","NeuralNetFastAI_r98_BAG_L1","NeuralNetTorch_r102_BAG_L1","NeuralNetTorch_r103_BAG_L1","NeuralNetTorch_r11_BAG_L1","NeuralNetTorch_r126_BAG_L1","NeuralNetTorch_r127_BAG_L1","NeuralNetTorch_r128_BAG_L1","NeuralNetTorch_r130_BAG_L1","NeuralNetTorch_r140_BAG_L1","NeuralNetTorch_r148_BAG_L1","NeuralNetTorch_r15_BAG_L1","NeuralNetTorch_r31_BAG_L1","NeuralNetTorch_r41_BAG_L1","NeuralNetTorch_r42_BAG_L1","NeuralNetTorch_r47_BAG_L1","NeuralNetTorch_r65_BAG_L1","NeuralNetTorch_r74_BAG_L1","NeuralNetTorch_r86_BAG_L1","NeuralNetTorch_r96_BAG_L1","NeuralNetTorch_r97_BAG_L1","RandomForest_r115_BAG_L1"],"34":["CatBoost_r143_BAG_L1","CatBoost_r179_BAG_L1","CatBoost_r22_BAG_L1","CatBoost_r41_BAG_L1","CatBoost_r42_BAG_L1","CatBoost_r75_BAG_L1","CatBoost_r84_BAG_L1","FTTransformer_c2_BAG_L1","KNeighbors_r38_BAG_L1","NeuralNetFastAI_r100_BAG_L1","NeuralNetFastAI_r127_BAG_L1","NeuralNetFastAI_r135_BAG_L1","NeuralNetFastAI_r162_BAG_L1","NeuralNetFastAI_r165_BAG_L1","NeuralNetFastAI_r196_BAG_L1","NeuralNetFastAI_r3_BAG_L1","NeuralNetFastAI_r63_BAG_L1","NeuralNetFastAI_r98_BAG_L1","NeuralNetTorch_r102_BAG_L1","NeuralNetTorch_r103_BAG_L1","NeuralNetTorch_r11_BAG_L1","NeuralNetTorch_r126_BAG_L1","NeuralNetTorch_r127_BAG_L1","NeuralNetTorch_r128_BAG_L1","NeuralNetTorch_r130_BAG_L1","NeuralNetTorch_r140_BAG_L1","NeuralNetTorch_r148_BAG_L1","NeuralNetTorch_r15_BAG_L1","NeuralNetTorch_r31_BAG_L1","NeuralNetTorch_r41_BAG_L1","NeuralNetTorch_r42_BAG_L1","NeuralNetTorch_r47_BAG_L1","NeuralNetTorch_r65_BAG_L1","NeuralNetTorch_r74_BAG_L1","NeuralNetTorch_r86_BAG_L1","NeuralNetTorch_r97_BAG_L1","RandomForest_r115_BAG_L1"],"35":["CatBoost_r143_BAG_L1","CatBoost_r22_BAG_L1","CatBoost_r41_BAG_L1","CatBoost_r42_BAG_L1","CatBoost_r75_BAG_L1","CatBoost_r84_BAG_L1","FTTransformer_c2_BAG_L1","KNeighbors_r38_BAG_L1","NeuralNetFastAI_r127_BAG_L1","NeuralNetFastAI_r135_BAG_L1","NeuralNetFastAI_r162_BAG_L1","NeuralNetFastAI_r165_BAG_L1","NeuralNetFastAI_r196_BAG_L1","NeuralNetFastAI_r3_BAG_L1","NeuralNetFastAI_r63_BAG_L1","NeuralNetFastAI_r98_BAG_L1","NeuralNetTorch_r102_BAG_L1","NeuralNetTorch_r103_BAG_L1","NeuralNetTorch_r11_BAG_L1","NeuralNetTorch_r126_BAG_L1","NeuralNetTorch_r127_BAG_L1","NeuralNetTorch_r128_BAG_L1","NeuralNetTorch_r130_BAG_L1","NeuralNetTorch_r140_BAG_L1","NeuralNetTorch_r148_BAG_L1","NeuralNetTorch_r15_BAG_L1","NeuralNetTorch_r31_BAG_L1","NeuralNetTorch_r41_BAG_L1","NeuralNetTorch_r42_BAG_L1","NeuralNetTorch_r47_BAG_L1","NeuralNetTorch_r65_BAG_L1","NeuralNetTorch_r74_BAG_L1","NeuralNetTorch_r86_BAG_L1","NeuralNetTorch_r97_BAG_L1","RandomForest_r115_BAG_L1","RandomForest_r88_BAG_L1"],"36":["CatBoost_r143_BAG_L1","CatBoost_r22_BAG_L1","CatBoost_r41_BAG_L1","CatBoost_r42_BAG_L1","CatBoost_r75_BAG_L1","CatBoost_r84_BAG_L1","ExtraTrees_r51_BAG_L1","FTTransformer_c2_BAG_L1","KNeighbors_r38_BAG_L1","NeuralNetFastAI_r127_BAG_L1","NeuralNetFastAI_r135_BAG_L1","NeuralNetFastAI_r162_BAG_L1","NeuralNetFastAI_r165_BAG_L1","NeuralNetFastAI_r196_BAG_L1","NeuralNetFastAI_r3_BAG_L1","NeuralNetFastAI_r63_BAG_L1","NeuralNetFastAI_r98_BAG_L1","NeuralNetTorch_r102_BAG_L1","NeuralNetTorch_r103_BAG_L1","NeuralNetTorch_r11_BAG_L1","NeuralNetTorch_r126_BAG_L1","NeuralNetTorch_r127_BAG_L1","NeuralNetTorch_r128_BAG_L1","NeuralNetTorch_r130_BAG_L1","NeuralNetTorch_r140_BAG_L1","NeuralNetTorch_r148_BAG_L1","NeuralNetTorch_r15_BAG_L1","NeuralNetTorch_r31_BAG_L1","NeuralNetTorch_r41_BAG_L1","NeuralNetTorch_r42_BAG_L1","NeuralNetTorch_r47_BAG_L1","NeuralNetTorch_r65_BAG_L1","NeuralNetTorch_r74_BAG_L1","NeuralNetTorch_r86_BAG_L1","NeuralNetTorch_r97_BAG_L1","RandomForest_r115_BAG_L1"],"37":["CatBoost_r143_BAG_L1","CatBoost_r22_BAG_L1","CatBoost_r41_BAG_L1","CatBoost_r42_BAG_L1","CatBoost_r75_BAG_L1","CatBoost_r84_BAG_L1","ExtraTrees_r77_BAG_L1","FTTransformer_c2_BAG_L1","KNeighbors_r38_BAG_L1","NeuralNetFastAI_r127_BAG_L1","NeuralNetFastAI_r135_BAG_L1","NeuralNetFastAI_r162_BAG_L1","NeuralNetFastAI_r165_BAG_L1","NeuralNetFastAI_r196_BAG_L1","NeuralNetFastAI_r3_BAG_L1","NeuralNetFastAI_r63_BAG_L1","NeuralNetFastAI_r98_BAG_L1","NeuralNetTorch_r102_BAG_L1","NeuralNetTorch_r103_BAG_L1","NeuralNetTorch_r11_BAG_L1","NeuralNetTorch_r126_BAG_L1","NeuralNetTorch_r127_BAG_L1","NeuralNetTorch_r128_BAG_L1","NeuralNetTorch_r130_BAG_L1","NeuralNetTorch_r140_BAG_L1","NeuralNetTorch_r148_BAG_L1","NeuralNetTorch_r15_BAG_L1","NeuralNetTorch_r31_BAG_L1","NeuralNetTorch_r41_BAG_L1","NeuralNetTorch_r42_BAG_L1","NeuralNetTorch_r47_BAG_L1","NeuralNetTorch_r65_BAG_L1","NeuralNetTorch_r74_BAG_L1","NeuralNetTorch_r86_BAG_L1","NeuralNetTorch_r97_BAG_L1","RandomForest_r115_BAG_L1"],"38":["CatBoost_r143_BAG_L1","CatBoost_r22_BAG_L1","CatBoost_r41_BAG_L1","CatBoost_r42_BAG_L1","CatBoost_r75_BAG_L1","CatBoost_r84_BAG_L1","FTTransformer_c2_BAG_L1","KNeighbors_r38_BAG_L1","LightGBM_c2_BAG_L1","NeuralNetFastAI_r127_BAG_L1","NeuralNetFastAI_r135_BAG_L1","NeuralNetFastAI_r162_BAG_L1","NeuralNetFastAI_r165_BAG_L1","NeuralNetFastAI_r196_BAG_L1","NeuralNetFastAI_r3_BAG_L1","NeuralNetFastAI_r63_BAG_L1","NeuralNetFastAI_r98_BAG_L1","NeuralNetTorch_r102_BAG_L1","NeuralNetTorch_r103_BAG_L1","NeuralNetTorch_r11_BAG_L1","NeuralNetTorch_r126_BAG_L1","NeuralNetTorch_r127_BAG_L1","NeuralNetTorch_r128_BAG_L1","NeuralNetTorch_r130_BAG_L1","NeuralNetTorch_r140_BAG_L1","NeuralNetTorch_r148_BAG_L1","NeuralNetTorch_r15_BAG_L1","NeuralNetTorch_r31_BAG_L1","NeuralNetTorch_r41_BAG_L1","NeuralNetTorch_r42_BAG_L1","NeuralNetTorch_r47_BAG_L1","NeuralNetTorch_r65_BAG_L1","NeuralNetTorch_r74_BAG_L1","NeuralNetTorch_r86_BAG_L1","NeuralNetTorch_r97_BAG_L1","RandomForest_r115_BAG_L1"],"39":["CatBoost_r143_BAG_L1","CatBoost_r22_BAG_L1","CatBoost_r41_BAG_L1","CatBoost_r42_BAG_L1","CatBoost_r75_BAG_L1","CatBoost_r84_BAG_L1","ExtraTrees_r49_BAG_L1","FTTransformer_c2_BAG_L1","KNeighbors_r38_BAG_L1","NeuralNetFastAI_r127_BAG_L1","NeuralNetFastAI_r135_BAG_L1","NeuralNetFastAI_r162_BAG_L1","NeuralNetFastAI_r165_BAG_L1","NeuralNetFastAI_r196_BAG_L1","NeuralNetFastAI_r3_BAG_L1","NeuralNetFastAI_r63_BAG_L1","NeuralNetFastAI_r98_BAG_L1","NeuralNetTorch_r102_BAG_L1","NeuralNetTorch_r103_BAG_L1","NeuralNetTorch_r11_BAG_L1","NeuralNetTorch_r126_BAG_L1","NeuralNetTorch_r127_BAG_L1","NeuralNetTorch_r128_BAG_L1","NeuralNetTorch_r130_BAG_L1","NeuralNetTorch_r140_BAG_L1","NeuralNetTorch_r148_BAG_L1","NeuralNetTorch_r15_BAG_L1","NeuralNetTorch_r31_BAG_L1","NeuralNetTorch_r41_BAG_L1","NeuralNetTorch_r42_BAG_L1","NeuralNetTorch_r47_BAG_L1","NeuralNetTorch_r65_BAG_L1","NeuralNetTorch_r74_BAG_L1","NeuralNetTorch_r86_BAG_L1","NeuralNetTorch_r97_BAG_L1","RandomForest_r115_BAG_L1"],"40":["CatBoost_r143_BAG_L1","CatBoost_r22_BAG_L1","CatBoost_r41_BAG_L1","CatBoost_r42_BAG_L1","CatBoost_r75_BAG_L1","CatBoost_r84_BAG_L1","FTTransformer_c2_BAG_L1","KNeighbors_r38_BAG_L1","NeuralNetFastAI_r127_BAG_L1","NeuralNetFastAI_r135_BAG_L1","NeuralNetFastAI_r162_BAG_L1","NeuralNetFastAI_r165_BAG_L1","NeuralNetFastAI_r196_BAG_L1","NeuralNetFastAI_r3_BAG_L1","NeuralNetFastAI_r63_BAG_L1","NeuralNetFastAI_r98_BAG_L1","NeuralNetTorch_r102_BAG_L1","NeuralNetTorch_r103_BAG_L1","NeuralNetTorch_r11_BAG_L1","NeuralNetTorch_r126_BAG_L1","NeuralNetTorch_r127_BAG_L1","NeuralNetTorch_r128_BAG_L1","NeuralNetTorch_r130_BAG_L1","NeuralNetTorch_r140_BAG_L1","NeuralNetTorch_r148_BAG_L1","NeuralNetTorch_r15_BAG_L1","NeuralNetTorch_r31_BAG_L1","NeuralNetTorch_r41_BAG_L1","NeuralNetTorch_r42_BAG_L1","NeuralNetTorch_r47_BAG_L1","NeuralNetTorch_r65_BAG_L1","NeuralNetTorch_r74_BAG_L1","NeuralNetTorch_r86_BAG_L1","NeuralNetTorch_r97_BAG_L1","RandomForest_r115_BAG_L1"],"41":["CatBoost_r143_BAG_L1","CatBoost_r22_BAG_L1","CatBoost_r41_BAG_L1","CatBoost_r42_BAG_L1","CatBoost_r75_BAG_L1","CatBoost_r84_BAG_L1","FTTransformer_c2_BAG_L1","KNeighbors_r38_BAG_L1","NeuralNetFastAI_r100_BAG_L1","NeuralNetFastAI_r127_BAG_L1","NeuralNetFastAI_r135_BAG_L1","NeuralNetFastAI_r162_BAG_L1","NeuralNetFastAI_r165_BAG_L1","NeuralNetFastAI_r196_BAG_L1","NeuralNetFastAI_r3_BAG_L1","NeuralNetFastAI_r63_BAG_L1","NeuralNetFastAI_r98_BAG_L1","NeuralNetTorch_r102_BAG_L1","NeuralNetTorch_r103_BAG_L1","NeuralNetTorch_r113_BAG_L1","NeuralNetTorch_r11_BAG_L1","NeuralNetTorch_r126_BAG_L1","NeuralNetTorch_r127_BAG_L1","NeuralNetTorch_r128_BAG_L1","NeuralNetTorch_r130_BAG_L1","NeuralNetTorch_r140_BAG_L1","NeuralNetTorch_r145_BAG_L1","NeuralNetTorch_r148_BAG_L1","NeuralNetTorch_r15_BAG_L1","NeuralNetTorch_r31_BAG_L1","NeuralNetTorch_r41_BAG_L1","NeuralNetTorch_r42_BAG_L1","NeuralNetTorch_r47_BAG_L1","NeuralNetTorch_r65_BAG_L1","NeuralNetTorch_r74_BAG_L1","NeuralNetTorch_r86_BAG_L1","NeuralNetTorch_r97_BAG_L1","RandomForest_r115_BAG_L1"],"42":["CatBoost_r143_BAG_L1","CatBoost_r22_BAG_L1","CatBoost_r41_BAG_L1","CatBoost_r42_BAG_L1","CatBoost_r75_BAG_L1","CatBoost_r84_BAG_L1","FTTransformer_c2_BAG_L1","KNeighbors_r38_BAG_L1","NeuralNetFastAI_r127_BAG_L1","NeuralNetFastAI_r135_BAG_L1","NeuralNetFastAI_r162_BAG_L1","NeuralNetFastAI_r165_BAG_L1","NeuralNetFastAI_r196_BAG_L1","NeuralNetFastAI_r3_BAG_L1","NeuralNetFastAI_r63_BAG_L1","NeuralNetFastAI_r98_BAG_L1","NeuralNetTorch_r102_BAG_L1","NeuralNetTorch_r103_BAG_L1","NeuralNetTorch_r11_BAG_L1","NeuralNetTorch_r126_BAG_L1","NeuralNetTorch_r127_BAG_L1","NeuralNetTorch_r128_BAG_L1","NeuralNetTorch_r130_BAG_L1","NeuralNetTorch_r140_BAG_L1","NeuralNetTorch_r148_BAG_L1","NeuralNetTorch_r15_BAG_L1","NeuralNetTorch_r165_BAG_L1","NeuralNetTorch_r31_BAG_L1","NeuralNetTorch_r41_BAG_L1","NeuralNetTorch_r42_BAG_L1","NeuralNetTorch_r47_BAG_L1","NeuralNetTorch_r65_BAG_L1","NeuralNetTorch_r74_BAG_L1","NeuralNetTorch_r86_BAG_L1","NeuralNetTorch_r97_BAG_L1","RandomForest_r115_BAG_L1"],"43":["CatBoost_r143_BAG_L1","CatBoost_r22_BAG_L1","CatBoost_r41_BAG_L1","CatBoost_r42_BAG_L1","CatBoost_r84_BAG_L1","FTTransformer_c2_BAG_L1","KNeighbors_r38_BAG_L1","NeuralNetFastAI_r127_BAG_L1","NeuralNetFastAI_r135_BAG_L1","NeuralNetFastAI_r162_BAG_L1","NeuralNetFastAI_r165_BAG_L1","NeuralNetFastAI_r196_BAG_L1","NeuralNetFastAI_r3_BAG_L1","NeuralNetFastAI_r98_BAG_L1","NeuralNetTorch_r102_BAG_L1","NeuralNetTorch_r103_BAG_L1","NeuralNetTorch_r11_BAG_L1","NeuralNetTorch_r126_BAG_L1","NeuralNetTorch_r127_BAG_L1","NeuralNetTorch_r128_BAG_L1","NeuralNetTorch_r130_BAG_L1","NeuralNetTorch_r140_BAG_L1","NeuralNetTorch_r148_BAG_L1","NeuralNetTorch_r15_BAG_L1","NeuralNetTorch_r31_BAG_L1","NeuralNetTorch_r41_BAG_L1","NeuralNetTorch_r42_BAG_L1","NeuralNetTorch_r47_BAG_L1","NeuralNetTorch_r65_BAG_L1","NeuralNetTorch_r74_BAG_L1","NeuralNetTorch_r86_BAG_L1","NeuralNetTorch_r97_BAG_L1","RandomForest_r115_BAG_L1"],"44":["CatBoost_r143_BAG_L1","CatBoost_r187_BAG_L1","CatBoost_r22_BAG_L1","CatBoost_r41_BAG_L1","CatBoost_r42_BAG_L1","CatBoost_r75_BAG_L1","CatBoost_r84_BAG_L1","FTTransformer_c2_BAG_L1","KNeighbors_r38_BAG_L1","NeuralNetFastAI_r127_BAG_L1","NeuralNetFastAI_r135_BAG_L1","NeuralNetFastAI_r162_BAG_L1","NeuralNetFastAI_r165_BAG_L1","NeuralNetFastAI_r196_BAG_L1","NeuralNetFastAI_r3_BAG_L1","NeuralNetFastAI_r63_BAG_L1","NeuralNetFastAI_r98_BAG_L1","NeuralNetTorch_r102_BAG_L1","NeuralNetTorch_r103_BAG_L1","NeuralNetTorch_r11_BAG_L1","NeuralNetTorch_r126_BAG_L1","NeuralNetTorch_r127_BAG_L1","NeuralNetTorch_r128_BAG_L1","NeuralNetTorch_r130_BAG_L1","NeuralNetTorch_r140_BAG_L1","NeuralNetTorch_r148_BAG_L1","NeuralNetTorch_r15_BAG_L1","NeuralNetTorch_r31_BAG_L1","NeuralNetTorch_r41_BAG_L1","NeuralNetTorch_r42_BAG_L1","NeuralNetTorch_r47_BAG_L1","NeuralNetTorch_r65_BAG_L1","NeuralNetTorch_r74_BAG_L1","NeuralNetTorch_r86_BAG_L1","NeuralNetTorch_r97_BAG_L1","RandomForest_r115_BAG_L1"],"45":["CatBoost_r143_BAG_L1","CatBoost_r22_BAG_L1","CatBoost_r41_BAG_L1","CatBoost_r42_BAG_L1","CatBoost_r84_BAG_L1","FTTransformer_c2_BAG_L1","KNeighbors_r38_BAG_L1","NeuralNetFastAI_r127_BAG_L1","NeuralNetFastAI_r135_BAG_L1","NeuralNetFastAI_r162_BAG_L1","NeuralNetFastAI_r165_BAG_L1","NeuralNetFastAI_r196_BAG_L1","NeuralNetFastAI_r32_BAG_L1","NeuralNetFastAI_r3_BAG_L1","NeuralNetFastAI_r98_BAG_L1","NeuralNetTorch_r102_BAG_L1","NeuralNetTorch_r103_BAG_L1","NeuralNetTorch_r11_BAG_L1","NeuralNetTorch_r126_BAG_L1","NeuralNetTorch_r127_BAG_L1","NeuralNetTorch_r128_BAG_L1","NeuralNetTorch_r130_BAG_L1","NeuralNetTorch_r140_BAG_L1","NeuralNetTorch_r148_BAG_L1","NeuralNetTorch_r15_BAG_L1","NeuralNetTorch_r31_BAG_L1","NeuralNetTorch_r41_BAG_L1","NeuralNetTorch_r42_BAG_L1","NeuralNetTorch_r47_BAG_L1","NeuralNetTorch_r65_BAG_L1","NeuralNetTorch_r74_BAG_L1","NeuralNetTorch_r86_BAG_L1","NeuralNetTorch_r97_BAG_L1","RandomForest_r115_BAG_L1"],"46":["CatBoost_r143_BAG_L1","CatBoost_r22_BAG_L1","CatBoost_r41_BAG_L1","CatBoost_r42_BAG_L1","CatBoost_r75_BAG_L1","CatBoost_r84_BAG_L1","ExtraTrees_r8_BAG_L1","FTTransformer_c2_BAG_L1","KNeighbors_r38_BAG_L1","NeuralNetFastAI_r127_BAG_L1","NeuralNetFastAI_r135_BAG_L1","NeuralNetFastAI_r162_BAG_L1","NeuralNetFastAI_r165_BAG_L1","NeuralNetFastAI_r196_BAG_L1","NeuralNetFastAI_r3_BAG_L1","NeuralNetFastAI_r63_BAG_L1","NeuralNetFastAI_r98_BAG_L1","NeuralNetTorch_r102_BAG_L1","NeuralNetTorch_r103_BAG_L1","NeuralNetTorch_r11_BAG_L1","NeuralNetTorch_r126_BAG_L1","NeuralNetTorch_r127_BAG_L1","NeuralNetTorch_r128_BAG_L1","NeuralNetTorch_r130_BAG_L1","NeuralNetTorch_r140_BAG_L1","NeuralNetTorch_r148_BAG_L1","NeuralNetTorch_r15_BAG_L1","NeuralNetTorch_r31_BAG_L1","NeuralNetTorch_r41_BAG_L1","NeuralNetTorch_r42_BAG_L1","NeuralNetTorch_r47_BAG_L1","NeuralNetTorch_r65_BAG_L1","NeuralNetTorch_r74_BAG_L1","NeuralNetTorch_r86_BAG_L1","NeuralNetTorch_r97_BAG_L1","RandomForest_r115_BAG_L1"],"47":["CatBoost_r143_BAG_L1","CatBoost_r22_BAG_L1","CatBoost_r41_BAG_L1","CatBoost_r42_BAG_L1","CatBoost_r75_BAG_L1","CatBoost_r84_BAG_L1","FTTransformer_c2_BAG_L1","KNeighbors_r38_BAG_L1","NeuralNetFastAI_r127_BAG_L1","NeuralNetFastAI_r135_BAG_L1","NeuralNetFastAI_r162_BAG_L1","NeuralNetFastAI_r165_BAG_L1","NeuralNetFastAI_r196_BAG_L1","NeuralNetFastAI_r3_BAG_L1","NeuralNetFastAI_r63_BAG_L1","NeuralNetFastAI_r98_BAG_L1","NeuralNetTorch_r102_BAG_L1","NeuralNetTorch_r103_BAG_L1","NeuralNetTorch_r11_BAG_L1","NeuralNetTorch_r126_BAG_L1","NeuralNetTorch_r127_BAG_L1","NeuralNetTorch_r128_BAG_L1","NeuralNetTorch_r130_BAG_L1","NeuralNetTorch_r140_BAG_L1","NeuralNetTorch_r148_BAG_L1","NeuralNetTorch_r15_BAG_L1","NeuralNetTorch_r31_BAG_L1","NeuralNetTorch_r41_BAG_L1","NeuralNetTorch_r42_BAG_L1","NeuralNetTorch_r47_BAG_L1","NeuralNetTorch_r65_BAG_L1","NeuralNetTorch_r74_BAG_L1","NeuralNetTorch_r86_BAG_L1","NeuralNetTorch_r97_BAG_L1","RandomForest_r115_BAG_L1","RandomForest_r153_BAG_L1"],"48":["CatBoost_r143_BAG_L1","CatBoost_r22_BAG_L1","CatBoost_r41_BAG_L1","CatBoost_r42_BAG_L1","CatBoost_r84_BAG_L1","FTTransformer_c2_BAG_L1","KNeighbors_r38_BAG_L1","NeuralNetFastAI_r127_BAG_L1","NeuralNetFastAI_r135_BAG_L1","NeuralNetFastAI_r162_BAG_L1","NeuralNetFastAI_r165_BAG_L1","NeuralNetFastAI_r196_BAG_L1","NeuralNetFastAI_r3_BAG_L1","NeuralNetFastAI_r98_BAG_L1","NeuralNetTorch_r102_BAG_L1","NeuralNetTorch_r103_BAG_L1","NeuralNetTorch_r113_BAG_L1","NeuralNetTorch_r11_BAG_L1","NeuralNetTorch_r126_BAG_L1","NeuralNetTorch_r127_BAG_L1","NeuralNetTorch_r128_BAG_L1","NeuralNetTorch_r130_BAG_L1","NeuralNetTorch_r140_BAG_L1","NeuralNetTorch_r145_BAG_L1","NeuralNetTorch_r148_BAG_L1","NeuralNetTorch_r15_BAG_L1","NeuralNetTorch_r31_BAG_L1","NeuralNetTorch_r41_BAG_L1","NeuralNetTorch_r42_BAG_L1","NeuralNetTorch_r47_BAG_L1","NeuralNetTorch_r65_BAG_L1","NeuralNetTorch_r74_BAG_L1","NeuralNetTorch_r86_BAG_L1","NeuralNetTorch_r97_BAG_L1","RandomForest_r115_BAG_L1"]},"weights":{"0":[0.025,0.025,0.025,0.025,0.025,0.025,0.025,0.025,0.025,0.025,0.025,0.05,0.025,0.025,0.025,0.025,0.05,0.025,0.025,0.025,0.025,0.025,0.025,0.025,0.025,0.025,0.025,0.025,0.05,0.025,0.05,0.025,0.025,0.025,0.025,0.025],"1":[0.0238095238,0.0238095238,0.0238095238,0.0238095238,0.0238095238,0.0238095238,0.0238095238,0.0238095238,0.0238095238,0.0238095238,0.0238095238,0.0476190476,0.0238095238,0.0238095238,0.0238095238,0.0238095238,0.0476190476,0.0238095238,0.0238095238,0.0238095238,0.0238095238,0.0238095238,0.0238095238,0.0238095238,0.0238095238,0.0238095238,0.0238095238,0.0238095238,0.0238095238,0.0238095238,0.0476190476,0.0238095238,0.0476190476,0.0238095238,0.0238095238,0.0238095238,0.0238095238,0.0238095238],"2":[0.025,0.025,0.025,0.025,0.025,0.025,0.025,0.025,0.025,0.025,0.05,0.025,0.025,0.025,0.025,0.05,0.025,0.025,0.025,0.025,0.025,0.025,0.025,0.025,0.025,0.025,0.025,0.05,0.025,0.05,0.025,0.025,0.025,0.025,0.025,0.025],"3":[0.025,0.025,0.025,0.025,0.025,0.025,0.025,0.025,0.025,0.025,0.025,0.05,0.025,0.025,0.025,0.025,0.05,0.025,0.025,0.025,0.025,0.025,0.025,0.025,0.025,0.025,0.025,0.025,0.025,0.05,0.025,0.025,0.025,0.025,0.025,0.025,0.025],"4":[0.027027027,0.027027027,0.027027027,0.027027027,0.027027027,0.027027027,0.027027027,0.027027027,0.027027027,0.027027027,0.0540540541,0.027027027,0.027027027,0.027027027,0.0540540541,0.027027027,0.027027027,0.027027027,0.027027027,0.027027027,0.027027027,0.027027027,0.027027027,0.027027027,0.027027027,0.027027027,0.0540540541,0.027027027,0.027027027,0.027027027,0.027027027,0.027027027,0.027027027,0.027027027],"5":[0.0243902439,0.0243902439,0.0243902439,0.0243902439,0.0243902439,0.0243902439,0.0243902439,0.0243902439,0.0243902439,0.0243902439,0.0243902439,0.0243902439,0.0487804878,0.0243902439,0.0243902439,0.0243902439,0.0243902439,0.0487804878,0.0243902439,0.0243902439,0.0243902439,0.0243902439,0.0243902439,0.0243902439,0.0243902439,0.0243902439,0.0243902439,0.0243902439,0.0243902439,0.0487804878,0.0243902439,0.0487804878,0.0243902439,0.0243902439,0.0243902439,0.0243902439,0.0243902439],"6":[0.0263157895,0.0263157895,0.0263157895,0.0263157895,0.0263157895,0.0263157895,0.0263157895,0.0263157895,0.0263157895,0.0526315789,0.0263157895,0.0263157895,0.0263157895,0.0526315789,0.0263157895,0.0263157895,0.0263157895,0.0263157895,0.0263157895,0.0263157895,0.0263157895,0.0263157895,0.0263157895,0.0263157895,0.0263157895,0.0263157895,0.0263157895,0.0526315789,0.0263157895,0.0263157895,0.0263157895,0.0263157895,0.0263157895,0.0263157895,0.0263157895],"7":[0.0263157895,0.0263157895,0.0263157895,0.0263157895,0.0263157895,0.0263157895,0.0263157895,0.0263157895,0.0263157895,0.0263157895,0.0526315789,0.0263157895,0.0263157895,0.0263157895,0.0526315789,0.0263157895,0.0263157895,0.0263157895,0.0263157895,0.0263157895,0.0263157895,0.0263157895,0.0263157895,0.0263157895,0.0263157895,0.0263157895,0.0526315789,0.0526315789,0.0263157895,0.0263157895,0.0263157895,0.0263157895,0.0263157895,0.0263157895],"8":[0.0256410256,0.0256410256,0.0256410256,0.0256410256,0.0256410256,0.0256410256,0.0256410256,0.0256410256,0.0256410256,0.0256410256,0.0512820513,0.0256410256,0.0256410256,0.0256410256,0.0256410256,0.0512820513,0.0256410256,0.0256410256,0.0256410256,0.0256410256,0.0256410256,0.0256410256,0.0256410256,0.0256410256,0.0256410256,0.0256410256,0.0256410256,0.0512820513,0.0256410256,0.0512820513,0.0256410256,0.0256410256,0.0256410256,0.0256410256,0.0256410256],"9":[0.025,0.025,0.025,0.025,0.025,0.025,0.025,0.025,0.025,0.025,0.05,0.025,0.025,0.025,0.025,0.025,0.05,0.025,0.025,0.025,0.025,0.025,0.025,0.025,0.025,0.025,0.025,0.025,0.05,0.025,0.05,0.025,0.025,0.025,0.025,0.025],"10":[0.0256410256,0.0256410256,0.0256410256,0.0256410256,0.0256410256,0.0256410256,0.0256410256,0.0256410256,0.0256410256,0.0256410256,0.0256410256,0.0512820513,0.0256410256,0.0256410256,0.0256410256,0.0256410256,0.0512820513,0.0256410256,0.0256410256,0.0256410256,0.0256410256,0.0256410256,0.0256410256,0.0256410256,0.0256410256,0.0256410256,0.0256410256,0.0256410256,0.0512820513,0.0256410256,0.0256410256,0.0256410256,0.0256410256,0.0256410256,0.0256410256,0.0256410256],"11":[0.025,0.025,0.025,0.025,0.025,0.025,0.025,0.025,0.025,0.025,0.05,0.025,0.025,0.025,0.025,0.05,0.025,0.025,0.025,0.025,0.025,0.025,0.025,0.025,0.025,0.025,0.025,0.05,0.025,0.05,0.025,0.025,0.025,0.025,0.025,0.025],"12":[0.0256410256,0.0256410256,0.0256410256,0.0256410256,0.0256410256,0.0256410256,0.0256410256,0.0256410256,0.0256410256,0.0256410256,0.0256410256,0.0512820513,0.0256410256,0.0256410256,0.0256410256,0.0256410256,0.0512820513,0.0256410256,0.0256410256,0.0256410256,0.0256410256,0.0256410256,0.0256410256,0.0256410256,0.0256410256,0.0256410256,0.0256410256,0.0256410256,0.0512820513,0.0256410256,0.0256410256,0.0256410256,0.0256410256,0.0256410256,0.0256410256,0.0256410256],"13":[0.027027027,0.027027027,0.027027027,0.027027027,0.027027027,0.027027027,0.027027027,0.027027027,0.027027027,0.027027027,0.0540540541,0.027027027,0.027027027,0.027027027,0.0540540541,0.027027027,0.027027027,0.027027027,0.027027027,0.027027027,0.027027027,0.027027027,0.027027027,0.027027027,0.027027027,0.027027027,0.0540540541,0.027027027,0.027027027,0.027027027,0.027027027,0.027027027,0.027027027,0.027027027],"14":[0.0256410256,0.0256410256,0.0256410256,0.0256410256,0.0256410256,0.0256410256,0.0256410256,0.0256410256,0.0256410256,0.0256410256,0.0256410256,0.0512820513,0.0256410256,0.0256410256,0.0256410256,0.0256410256,0.0512820513,0.0256410256,0.0256410256,0.0256410256,0.0256410256,0.0256410256,0.0256410256,0.0256410256,0.0256410256,0.0256410256,0.0256410256,0.0256410256,0.0512820513,0.0256410256,0.0256410256,0.0256410256,0.0256410256,0.0256410256,0.0256410256,0.0256410256],"15":[0.027027027,0.027027027,0.027027027,0.027027027,0.027027027,0.027027027,0.027027027,0.027027027,0.027027027,0.027027027,0.0540540541,0.027027027,0.027027027,0.027027027,0.0540540541,0.027027027,0.027027027,0.027027027,0.027027027,0.027027027,0.027027027,0.027027027,0.027027027,0.027027027,0.027027027,0.027027027,0.0540540541,0.027027027,0.027027027,0.027027027,0.027027027,0.027027027,0.027027027,0.027027027],"16":[0.025,0.025,0.025,0.025,0.025,0.025,0.025,0.025,0.025,0.025,0.025,0.05,0.025,0.025,0.025,0.025,0.05,0.025,0.025,0.025,0.025,0.025,0.025,0.025,0.025,0.025,0.025,0.025,0.05,0.025,0.05,0.025,0.025,0.025,0.025,0.025],"17":[0.0256410256,0.0256410256,0.0256410256,0.0256410256,0.0256410256,0.0256410256,0.0256410256,0.0256410256,0.0256410256,0.0256410256,0.0512820513,0.0256410256,0.0256410256,0.0256410256,0.0512820513,0.0256410256,0.0256410256,0.0256410256,0.0256410256,0.0256410256,0.0256410256,0.0256410256,0.0256410256,0.0256410256,0.0256410256,0.0256410256,0.0256410256,0.0256410256,0.0512820513,0.0256410256,0.0256410256,0.0256410256,0.0256410256,0.0256410256,0.0256410256,0.0256410256],"18":[0.025,0.025,0.025,0.025,0.025,0.025,0.025,0.025,0.025,0.025,0.025,0.05,0.025,0.025,0.025,0.025,0.05,0.025,0.025,0.025,0.025,0.025,0.025,0.025,0.025,0.025,0.025,0.025,0.05,0.025,0.05,0.025,0.025,0.025,0.025,0.025],"19":[0.027027027,0.027027027,0.027027027,0.027027027,0.027027027,0.027027027,0.027027027,0.027027027,0.027027027,0.0540540541,0.027027027,0.027027027,0.027027027,0.0540540541,0.027027027,0.027027027,0.027027027,0.027027027,0.027027027,0.027027027,0.027027027,0.027027027,0.027027027,0.027027027,0.027027027,0.0540540541,0.027027027,0.027027027,0.027027027,0.027027027,0.027027027,0.027027027,0.027027027,0.027027027],"20":[0.0256410256,0.0256410256,0.0256410256,0.0256410256,0.0256410256,0.0256410256,0.0256410256,0.0256410256,0.0256410256,0.0256410256,0.0256410256,0.0512820513,0.0256410256,0.0256410256,0.0256410256,0.0256410256,0.0512820513,0.0256410256,0.0256410256,0.0256410256,0.0256410256,0.0256410256,0.0256410256,0.0256410256,0.0256410256,0.0256410256,0.0256410256,0.0256410256,0.0512820513,0.0256410256,0.0256410256,0.0256410256,0.0256410256,0.0256410256,0.0256410256,0.0256410256],"21":[0.025,0.025,0.025,0.025,0.025,0.025,0.025,0.025,0.025,0.025,0.05,0.025,0.025,0.025,0.025,0.05,0.025,0.025,0.025,0.025,0.025,0.025,0.025,0.025,0.025,0.025,0.025,0.05,0.025,0.05,0.025,0.025,0.025,0.025,0.025,0.025],"22":[0.025,0.025,0.025,0.025,0.025,0.025,0.025,0.025,0.025,0.025,0.025,0.05,0.025,0.025,0.025,0.025,0.05,0.025,0.025,0.025,0.025,0.025,0.025,0.025,0.025,0.025,0.025,0.025,0.05,0.05,0.025,0.025,0.025,0.025,0.025,0.025],"23":[0.0256410256,0.0256410256,0.0256410256,0.0256410256,0.0256410256,0.0256410256,0.0256410256,0.0256410256,0.0256410256,0.0256410256,0.0256410256,0.0512820513,0.0256410256,0.0256410256,0.0256410256,0.0256410256,0.0512820513,0.0256410256,0.0256410256,0.0256410256,0.0256410256,0.0256410256,0.0256410256,0.0256410256,0.0256410256,0.0256410256,0.0256410256,0.0256410256,0.0512820513,0.0256410256,0.0256410256,0.0256410256,0.0256410256,0.0256410256,0.0256410256,0.0256410256],"24":[0.0243902439,0.0243902439,0.0243902439,0.0243902439,0.0243902439,0.0243902439,0.0243902439,0.0243902439,0.0243902439,0.0243902439,0.0243902439,0.0487804878,0.0243902439,0.0243902439,0.0243902439,0.0243902439,0.0243902439,0.0487804878,0.0243902439,0.0243902439,0.0243902439,0.0243902439,0.0243902439,0.0243902439,0.0243902439,0.0243902439,0.0243902439,0.0243902439,0.0243902439,0.0487804878,0.0243902439,0.0487804878,0.0243902439,0.0243902439,0.0243902439,0.0243902439,0.0243902439],"25":[0.0243902439,0.0243902439,0.0243902439,0.0243902439,0.0243902439,0.0243902439,0.0243902439,0.0243902439,0.0243902439,0.0243902439,0.0243902439,0.0487804878,0.0243902439,0.0243902439,0.0243902439,0.0243902439,0.0243902439,0.0487804878,0.0243902439,0.0243902439,0.0243902439,0.0243902439,0.0243902439,0.0243902439,0.0243902439,0.0243902439,0.0243902439,0.0243902439,0.0243902439,0.0487804878,0.0487804878,0.0243902439,0.0243902439,0.0243902439,0.0243902439,0.0243902439,0.0243902439],"26":[0.0256410256,0.0256410256,0.0256410256,0.0256410256,0.0256410256,0.0256410256,0.0256410256,0.0256410256,0.0256410256,0.0256410256,0.0512820513,0.0256410256,0.0256410256,0.0256410256,0.0256410256,0.0512820513,0.0256410256,0.0256410256,0.0256410256,0.0256410256,0.0256410256,0.0256410256,0.0256410256,0.0256410256,0.0256410256,0.0256410256,0.0256410256,0.0512820513,0.0256410256,0.0256410256,0.0256410256,0.0256410256,0.0256410256,0.0256410256,0.0256410256,0.0256410256],"27":[0.027027027,0.027027027,0.027027027,0.027027027,0.027027027,0.027027027,0.027027027,0.027027027,0.027027027,0.027027027,0.0540540541,0.027027027,0.027027027,0.027027027,0.0540540541,0.027027027,0.027027027,0.027027027,0.027027027,0.027027027,0.027027027,0.027027027,0.027027027,0.027027027,0.027027027,0.027027027,0.0540540541,0.027027027,0.027027027,0.027027027,0.027027027,0.027027027,0.027027027,0.027027027],"28":[0.025,0.025,0.025,0.025,0.025,0.025,0.025,0.025,0.025,0.025,0.05,0.025,0.025,0.025,0.025,0.05,0.025,0.025,0.025,0.025,0.025,0.025,0.025,0.025,0.025,0.025,0.025,0.05,0.025,0.05,0.025,0.025,0.025,0.025,0.025,0.025],"29":[0.0256410256,0.0256410256,0.0256410256,0.0256410256,0.0256410256,0.0256410256,0.0256410256,0.0256410256,0.0256410256,0.0256410256,0.0256410256,0.0512820513,0.0256410256,0.0256410256,0.0256410256,0.0256410256,0.0512820513,0.0256410256,0.0256410256,0.0256410256,0.0256410256,0.0256410256,0.0256410256,0.0256410256,0.0256410256,0.0256410256,0.0256410256,0.0256410256,0.0512820513,0.0256410256,0.0256410256,0.0256410256,0.0256410256,0.0256410256,0.0256410256,0.0256410256],"30":[0.025,0.025,0.025,0.025,0.025,0.025,0.025,0.025,0.025,0.025,0.025,0.05,0.025,0.025,0.025,0.025,0.05,0.025,0.025,0.025,0.025,0.025,0.025,0.025,0.025,0.025,0.025,0.025,0.05,0.025,0.05,0.025,0.025,0.025,0.025,0.025],"31":[0.0256410256,0.0256410256,0.0256410256,0.0256410256,0.0256410256,0.0256410256,0.0256410256,0.0256410256,0.0256410256,0.0256410256,0.0512820513,0.0256410256,0.0256410256,0.0256410256,0.0256410256,0.0512820513,0.0256410256,0.0256410256,0.0256410256,0.0256410256,0.0256410256,0.0256410256,0.0256410256,0.0256410256,0.0256410256,0.0256410256,0.0256410256,0.0512820513,0.0256410256,0.0256410256,0.0256410256,0.0256410256,0.0256410256,0.0256410256,0.0256410256,0.0256410256],"32":[0.0243902439,0.0243902439,0.0243902439,0.0243902439,0.0243902439,0.0243902439,0.0243902439,0.0243902439,0.0243902439,0.0243902439,0.0243902439,0.0243902439,0.0487804878,0.0243902439,0.0243902439,0.0243902439,0.0243902439,0.0487804878,0.0243902439,0.0243902439,0.0243902439,0.0243902439,0.0243902439,0.0243902439,0.0243902439,0.0243902439,0.0243902439,0.0243902439,0.0243902439,0.0487804878,0.0243902439,0.0487804878,0.0243902439,0.0243902439,0.0243902439,0.0243902439,0.0243902439],"33":[0.0256410256,0.0256410256,0.0256410256,0.0256410256,0.0256410256,0.0256410256,0.0256410256,0.0256410256,0.0256410256,0.0256410256,0.0512820513,0.0256410256,0.0256410256,0.0256410256,0.0256410256,0.0512820513,0.0256410256,0.0256410256,0.0256410256,0.0256410256,0.0256410256,0.0256410256,0.0256410256,0.0256410256,0.0256410256,0.0256410256,0.0256410256,0.0512820513,0.0256410256,0.0256410256,0.0256410256,0.0256410256,0.0256410256,0.0256410256,0.0256410256,0.0256410256],"34":[0.0243902439,0.0243902439,0.0243902439,0.0243902439,0.0243902439,0.0243902439,0.0243902439,0.0243902439,0.0243902439,0.0243902439,0.0243902439,0.0243902439,0.0487804878,0.0243902439,0.0243902439,0.0243902439,0.0243902439,0.0487804878,0.0243902439,0.0243902439,0.0243902439,0.0243902439,0.0243902439,0.0243902439,0.0243902439,0.0243902439,0.0243902439,0.0243902439,0.0243902439,0.0487804878,0.0243902439,0.0487804878,0.0243902439,0.0243902439,0.0243902439,0.0243902439,0.0243902439],"35":[0.025,0.025,0.025,0.025,0.025,0.025,0.025,0.025,0.025,0.025,0.05,0.025,0.025,0.025,0.025,0.05,0.025,0.025,0.025,0.025,0.025,0.025,0.025,0.025,0.025,0.025,0.025,0.05,0.025,0.025,0.025,0.025,0.025,0.05,0.025,0.025],"36":[0.025,0.025,0.025,0.025,0.025,0.025,0.025,0.025,0.025,0.025,0.025,0.05,0.025,0.025,0.025,0.025,0.05,0.025,0.025,0.025,0.025,0.025,0.025,0.025,0.025,0.025,0.025,0.025,0.05,0.025,0.05,0.025,0.025,0.025,0.025,0.025],"37":[0.0256410256,0.0256410256,0.0256410256,0.0256410256,0.0256410256,0.0256410256,0.0256410256,0.0256410256,0.0256410256,0.0256410256,0.0256410256,0.0512820513,0.0256410256,0.0256410256,0.0256410256,0.0256410256,0.0512820513,0.0256410256,0.0256410256,0.0256410256,0.0256410256,0.0256410256,0.0256410256,0.0256410256,0.0256410256,0.0256410256,0.0256410256,0.0256410256,0.0512820513,0.0256410256,0.0256410256,0.0256410256,0.0256410256,0.0256410256,0.0256410256,0.0256410256],"38":[0.0256410256,0.0256410256,0.0256410256,0.0256410256,0.0256410256,0.0256410256,0.0256410256,0.0256410256,0.0256410256,0.0256410256,0.0256410256,0.0512820513,0.0256410256,0.0256410256,0.0256410256,0.0256410256,0.0512820513,0.0256410256,0.0256410256,0.0256410256,0.0256410256,0.0256410256,0.0256410256,0.0256410256,0.0256410256,0.0256410256,0.0256410256,0.0256410256,0.0512820513,0.0256410256,0.0256410256,0.0256410256,0.0256410256,0.0256410256,0.0256410256,0.0256410256],"39":[0.0256410256,0.0256410256,0.0256410256,0.0256410256,0.0256410256,0.0256410256,0.0256410256,0.0256410256,0.0256410256,0.0256410256,0.0256410256,0.0512820513,0.0256410256,0.0256410256,0.0256410256,0.0256410256,0.0512820513,0.0256410256,0.0256410256,0.0256410256,0.0256410256,0.0256410256,0.0256410256,0.0256410256,0.0256410256,0.0256410256,0.0256410256,0.0256410256,0.0512820513,0.0256410256,0.0256410256,0.0256410256,0.0256410256,0.0256410256,0.0256410256,0.0256410256],"40":[0.0263157895,0.0263157895,0.0263157895,0.0263157895,0.0263157895,0.0263157895,0.0263157895,0.0263157895,0.0263157895,0.0263157895,0.0526315789,0.0263157895,0.0263157895,0.0263157895,0.0263157895,0.0526315789,0.0263157895,0.0263157895,0.0263157895,0.0263157895,0.0263157895,0.0263157895,0.0263157895,0.0263157895,0.0263157895,0.0263157895,0.0263157895,0.0526315789,0.0263157895,0.0263157895,0.0263157895,0.0263157895,0.0263157895,0.0263157895,0.0263157895],"41":[0.0243902439,0.0243902439,0.0243902439,0.0243902439,0.0243902439,0.0243902439,0.0243902439,0.0243902439,0.0243902439,0.0243902439,0.0243902439,0.0487804878,0.0243902439,0.0243902439,0.0243902439,0.0243902439,0.0487804878,0.0243902439,0.0243902439,0.0243902439,0.0243902439,0.0243902439,0.0243902439,0.0243902439,0.0243902439,0.0243902439,0.0243902439,0.0243902439,0.0243902439,0.0243902439,0.0487804878,0.0243902439,0.0243902439,0.0243902439,0.0243902439,0.0243902439,0.0243902439,0.0243902439],"42":[0.0256410256,0.0256410256,0.0256410256,0.0256410256,0.0256410256,0.0256410256,0.0256410256,0.0256410256,0.0256410256,0.0256410256,0.0512820513,0.0256410256,0.0256410256,0.0256410256,0.0256410256,0.0512820513,0.0256410256,0.0256410256,0.0256410256,0.0256410256,0.0256410256,0.0256410256,0.0256410256,0.0256410256,0.0256410256,0.0256410256,0.0256410256,0.0256410256,0.0512820513,0.0256410256,0.0256410256,0.0256410256,0.0256410256,0.0256410256,0.0256410256,0.0256410256],"43":[0.0277777778,0.0277777778,0.0277777778,0.0277777778,0.0277777778,0.0277777778,0.0277777778,0.0277777778,0.0277777778,0.0555555556,0.0277777778,0.0277777778,0.0277777778,0.0555555556,0.0277777778,0.0277777778,0.0277777778,0.0277777778,0.0277777778,0.0277777778,0.0277777778,0.0277777778,0.0277777778,0.0277777778,0.0277777778,0.0555555556,0.0277777778,0.0277777778,0.0277777778,0.0277777778,0.0277777778,0.0277777778,0.0277777778],"44":[0.0256410256,0.0256410256,0.0256410256,0.0256410256,0.0256410256,0.0256410256,0.0256410256,0.0256410256,0.0256410256,0.0256410256,0.0256410256,0.0512820513,0.0256410256,0.0256410256,0.0256410256,0.0256410256,0.0512820513,0.0256410256,0.0256410256,0.0256410256,0.0256410256,0.0256410256,0.0256410256,0.0256410256,0.0256410256,0.0256410256,0.0256410256,0.0256410256,0.0512820513,0.0256410256,0.0256410256,0.0256410256,0.0256410256,0.0256410256,0.0256410256,0.0256410256],"45":[0.027027027,0.027027027,0.027027027,0.027027027,0.027027027,0.027027027,0.027027027,0.027027027,0.027027027,0.0540540541,0.027027027,0.027027027,0.027027027,0.027027027,0.0540540541,0.027027027,0.027027027,0.027027027,0.027027027,0.027027027,0.027027027,0.027027027,0.027027027,0.027027027,0.027027027,0.027027027,0.0540540541,0.027027027,0.027027027,0.027027027,0.027027027,0.027027027,0.027027027,0.027027027],"46":[0.025,0.025,0.025,0.025,0.025,0.025,0.025,0.025,0.025,0.025,0.025,0.05,0.025,0.025,0.025,0.025,0.05,0.025,0.025,0.025,0.025,0.025,0.025,0.025,0.025,0.025,0.025,0.025,0.05,0.025,0.05,0.025,0.025,0.025,0.025,0.025],"47":[0.025,0.025,0.025,0.025,0.025,0.025,0.025,0.025,0.025,0.025,0.05,0.025,0.025,0.025,0.025,0.05,0.025,0.025,0.025,0.025,0.025,0.025,0.025,0.025,0.025,0.025,0.025,0.05,0.025,0.05,0.025,0.025,0.025,0.025,0.025,0.025],"48":[0.0256410256,0.0256410256,0.0256410256,0.0256410256,0.0256410256,0.0256410256,0.0256410256,0.0256410256,0.0256410256,0.0512820513,0.0256410256,0.0256410256,0.0256410256,0.0512820513,0.0256410256,0.0256410256,0.0256410256,0.0256410256,0.0256410256,0.0256410256,0.0256410256,0.0256410256,0.0256410256,0.0256410256,0.0512820513,0.0256410256,0.0256410256,0.0512820513,0.0256410256,0.0256410256,0.0256410256,0.0256410256,0.0256410256,0.0256410256,0.0256410256]},"meta":{"0":37,"1":39,"2":40,"3":40,"4":39,"5":37,"6":41,"7":40,"8":39,"9":40,"10":37,"11":39,"12":39,"13":42,"14":39,"15":39,"16":39,"17":39,"18":38,"19":41,"20":38,"21":41,"22":41,"23":41,"24":39,"25":39,"26":40,"27":40,"28":40,"29":39,"30":39,"31":39,"32":40,"33":40,"34":40,"35":39,"36":39,"37":37,"38":37,"39":40,"40":40,"41":40,"42":38,"43":40,"44":39,"45":40,"46":37,"47":36,"48":41},"task":{"0":"3793_2","1":"3793_2","2":"3793_2","3":"3793_2","4":"3793_2","5":"3793_2","6":"3793_2","7":"3793_2","8":"3793_2","9":"3793_2","10":"3793_2","11":"3793_2","12":"3793_2","13":"3793_2","14":"3793_2","15":"3793_2","16":"3793_2","17":"3793_2","18":"3793_2","19":"3793_2","20":"3793_2","21":"3793_2","22":"3793_2","23":"3793_2","24":"3793_2","25":"3793_2","26":"3793_2","27":"3793_2","28":"3793_2","29":"3793_2","30":"3793_2","31":"3793_2","32":"3793_2","33":"3793_2","34":"3793_2","35":"3793_2","36":"3793_2","37":"3793_2","38":"3793_2","39":"3793_2","40":"3793_2","41":"3793_2","42":"3793_2","43":"3793_2","44":"3793_2","45":"3793_2","46":"3793_2","47":"3793_2","48":"3793_2"},"dataset":{"0":"colleges_usnews","1":"colleges_usnews","2":"colleges_usnews","3":"colleges_usnews","4":"colleges_usnews","5":"colleges_usnews","6":"colleges_usnews","7":"colleges_usnews","8":"colleges_usnews","9":"colleges_usnews","10":"colleges_usnews","11":"colleges_usnews","12":"colleges_usnews","13":"colleges_usnews","14":"colleges_usnews","15":"colleges_usnews","16":"colleges_usnews","17":"colleges_usnews","18":"colleges_usnews","19":"colleges_usnews","20":"colleges_usnews","21":"colleges_usnews","22":"colleges_usnews","23":"colleges_usnews","24":"colleges_usnews","25":"colleges_usnews","26":"colleges_usnews","27":"colleges_usnews","28":"colleges_usnews","29":"colleges_usnews","30":"colleges_usnews","31":"colleges_usnews","32":"colleges_usnews","33":"colleges_usnews","34":"colleges_usnews","35":"colleges_usnews","36":"colleges_usnews","37":"colleges_usnews","38":"colleges_usnews","39":"colleges_usnews","40":"colleges_usnews","41":"colleges_usnews","42":"colleges_usnews","43":"colleges_usnews","44":"colleges_usnews","45":"colleges_usnews","46":"colleges_usnews","47":"colleges_usnews","48":"colleges_usnews"},"fold":{"0":2,"1":2,"2":2,"3":2,"4":2,"5":2,"6":2,"7":2,"8":2,"9":2,"10":2,"11":2,"12":2,"13":2,"14":2,"15":2,"16":2,"17":2,"18":2,"19":2,"20":2,"21":2,"22":2,"23":2,"24":2,"25":2,"26":2,"27":2,"28":2,"29":2,"30":2,"31":2,"32":2,"33":2,"34":2,"35":2,"36":2,"37":2,"38":2,"39":2,"40":2,"41":2,"42":2,"43":2,"44":2,"45":2,"46":2,"47":2,"48":2},"method":{"0":"QO","1":"QO","2":"QO","3":"QO","4":"QO","5":"QO","6":"QO","7":"QO","8":"QO","9":"QO","10":"QO","11":"QO","12":"QO","13":"QO","14":"QO","15":"QO","16":"QO","17":"QO","18":"QO","19":"QO","20":"QO","21":"QO","22":"QO","23":"QO","24":"QO","25":"QO","26":"QO","27":"QO","28":"QO","29":"QO","30":"QO","31":"QO","32":"QO","33":"QO","34":"QO","35":"QO","36":"QO","37":"QO","38":"QO","39":"QO","40":"QO","41":"QO","42":"QO","43":"QO","44":"QO","45":"QO","46":"QO","47":"QO","48":"QO"}}