{"name":{"0":"QO_0","1":"QO_1","2":"QO_2","3":"QO_3","4":"QO_4","5":"QO_5","6":"QO_6","7":"QO_7","8":"QO_8","9":"QO_9","10":"QO_10","11":"QO_11","12":"QO_12","13":"QO_13","14":"QO_14","15":"QO_15","16":"QO_16","17":"QO_17","18":"QO_18","19":"QO_19","20":"QO_20","21":"QO_21","22":"QO_22","23":"QO_23","24":"QO_24","25":"QO_25","26":"QO_26","27":"QO_27","28":"QO_28","29":"QO_29","30":"QO_30","31":"QO_31","32":"QO_32","33":"QO_33","34":"QO_34","35":"QO_35","36":"QO_36","37":"QO_37","38":"QO_38","39":"QO_39","40":"QO_40","41":"QO_41","42":"QO_42","43":"QO_43","44":"QO_44","45":"QO_45","46":"QO_46","47":"QO_47","48":"QO_48"},"roc_auc_val":{"0":0.9876751175,"1":0.9874657988,"2":0.9877548579,"3":0.9876651499,"4":0.9876950526,"5":0.9877050202,"6":0.9877149877,"7":0.9876900688,"8":0.9876501986,"9":0.9876751175,"10":0.9877149877,"11":0.9876551824,"12":0.9876601662,"13":0.9876701337,"14":0.9875555068,"15":0.9876452148,"16":0.9872714315,"17":0.9874558313,"18":0.9873162855,"19":0.9876701337,"20":0.9871119506,"21":0.9875106528,"22":0.9875006853,"23":0.9873412044,"24":0.9876551824,"25":0.9876601662,"26":0.9873910422,"27":0.9877149877,"28":0.987191691,"29":0.9877399066,"30":0.9871867073,"31":0.9872465126,"32":0.9876900688,"33":0.9873412044,"34":0.987685085,"35":0.9868727293,"36":0.9877050202,"37":0.987685085,"38":0.9876501986,"39":0.9876651499,"40":0.9875405555,"41":0.987146837,"42":0.9876601662,"43":0.9876651499,"44":0.9871518208,"45":0.9877448904,"46":0.9876601662,"47":0.9874558313,"48":0.9873561557},"roc_auc_test":{"0":0.9730273752,"1":0.9726247987,"2":0.9730273752,"3":0.9734299517,"4":0.9730273752,"5":0.9730273752,"6":0.9734299517,"7":0.9734299517,"8":0.9730273752,"9":0.9722222222,"10":0.9730273752,"11":0.9730273752,"12":0.9730273752,"13":0.9734299517,"14":0.9706119163,"15":0.9730273752,"16":0.9698067633,"17":0.9718196457,"18":0.9706119163,"19":0.9734299517,"20":0.9722222222,"21":0.9726247987,"22":0.9726247987,"23":0.9710144928,"24":0.9730273752,"25":0.9734299517,"26":0.9718196457,"27":0.9734299517,"28":0.9722222222,"29":0.9734299517,"30":0.9726247987,"31":0.9718196457,"32":0.9726247987,"33":0.9722222222,"34":0.9726247987,"35":0.9698067633,"36":0.9730273752,"37":0.9730273752,"38":0.9714170692,"39":0.9730273752,"40":0.9714170692,"41":0.9710144928,"42":0.9730273752,"43":0.9730273752,"44":0.9706119163,"45":0.9734299517,"46":0.9734299517,"47":0.9718196457,"48":0.9710144928},"models_used":{"0":["ExtraTrees_r172_BAG_L1","FTTransformer_c1_BAG_L1","FTTransformer_c2_BAG_L1","FTTransformer_c5_BAG_L1","LightGBM_c3_BAG_L1","LightGBM_r145_BAG_L1","LightGBM_r160_BAG_L1","LightGBM_r167_BAG_L1","LightGBM_r36_BAG_L1","LightGBM_r43_BAG_L1","LightGBM_r78_BAG_L1","NeuralNetFastAI_r127_BAG_L1","NeuralNetTorch_r148_BAG_L1","NeuralNetTorch_r176_BAG_L1","NeuralNetTorch_r189_BAG_L1","XGBoost_r114_BAG_L1","XGBoost_r40_BAG_L1"],"1":["CatBoost_r140_BAG_L1","FTTransformer_c1_BAG_L1","FTTransformer_c2_BAG_L1","FTTransformer_c5_BAG_L1","LightGBM_c3_BAG_L1","LightGBM_r145_BAG_L1","LightGBM_r160_BAG_L1","LightGBM_r167_BAG_L1","LightGBM_r36_BAG_L1","LightGBM_r43_BAG_L1","LightGBM_r78_BAG_L1","NeuralNetFastAI_r127_BAG_L1","NeuralNetTorch_r148_BAG_L1","NeuralNetTorch_r176_BAG_L1","XGBoost_r114_BAG_L1","XGBoost_r134_BAG_L1","XGBoost_r40_BAG_L1"],"2":["FTTransformer_c1_BAG_L1","FTTransformer_c2_BAG_L1","FTTransformer_c5_BAG_L1","LightGBM_c3_BAG_L1","LightGBM_r145_BAG_L1","LightGBM_r160_BAG_L1","LightGBM_r167_BAG_L1","LightGBM_r36_BAG_L1","LightGBM_r43_BAG_L1","LightGBM_r78_BAG_L1","NeuralNetFastAI_r127_BAG_L1","NeuralNetTorch_r148_BAG_L1","NeuralNetTorch_r176_BAG_L1","NeuralNetTorch_r189_BAG_L1","RandomForest_r198_BAG_L1","XGBoost_r114_BAG_L1","XGBoost_r40_BAG_L1"],"3":["ExtraTrees_r132_BAG_L1","FTTransformer_c1_BAG_L1","FTTransformer_c2_BAG_L1","FTTransformer_c5_BAG_L1","FTTransformer_c6_BAG_L1","LightGBM_c3_BAG_L1","LightGBM_r145_BAG_L1","LightGBM_r160_BAG_L1","LightGBM_r167_BAG_L1","LightGBM_r192_BAG_L1","LightGBM_r36_BAG_L1","LightGBM_r43_BAG_L1","LightGBM_r78_BAG_L1","NeuralNetFastAI_r127_BAG_L1","NeuralNetTorch_r148_BAG_L1","NeuralNetTorch_r176_BAG_L1","RandomForest_r32_BAG_L1","XGBoost_r114_BAG_L1","XGBoost_r40_BAG_L1"],"4":["FTTransformer_c1_BAG_L1","FTTransformer_c2_BAG_L1","FTTransformer_c5_BAG_L1","LightGBM_c3_BAG_L1","LightGBM_r145_BAG_L1","LightGBM_r160_BAG_L1","LightGBM_r167_BAG_L1","LightGBM_r36_BAG_L1","LightGBM_r43_BAG_L1","LightGBM_r78_BAG_L1","NeuralNetFastAI_r127_BAG_L1","NeuralNetTorch_r148_BAG_L1","NeuralNetTorch_r176_BAG_L1","RandomForest_r42_BAG_L1","XGBoost_r114_BAG_L1","XGBoost_r40_BAG_L1"],"5":["FTTransformer_c1_BAG_L1","FTTransformer_c2_BAG_L1","FTTransformer_c5_BAG_L1","LightGBM_c3_BAG_L1","LightGBM_r145_BAG_L1","LightGBM_r160_BAG_L1","LightGBM_r167_BAG_L1","LightGBM_r36_BAG_L1","LightGBM_r43_BAG_L1","LightGBM_r78_BAG_L1","NeuralNetFastAI_r127_BAG_L1","NeuralNetTorch_r148_BAG_L1","NeuralNetTorch_r176_BAG_L1","NeuralNetTorch_r189_BAG_L1","RandomForest_r105_BAG_L1","XGBoost_r114_BAG_L1","XGBoost_r40_BAG_L1"],"6":["FTTransformer_c1_BAG_L1","FTTransformer_c2_BAG_L1","FTTransformer_c5_BAG_L1","LightGBM_c3_BAG_L1","LightGBM_r145_BAG_L1","LightGBM_r160_BAG_L1","LightGBM_r167_BAG_L1","LightGBM_r36_BAG_L1","LightGBM_r43_BAG_L1","LightGBM_r78_BAG_L1","NeuralNetFastAI_r127_BAG_L1","NeuralNetTorch_r148_BAG_L1","NeuralNetTorch_r176_BAG_L1","NeuralNetTorch_r189_BAG_L1","RandomForest_r31_BAG_L1","XGBoost_r114_BAG_L1","XGBoost_r40_BAG_L1"],"7":["FTTransformer_c1_BAG_L1","FTTransformer_c2_BAG_L1","FTTransformer_c5_BAG_L1","LightGBM_c3_BAG_L1","LightGBM_r145_BAG_L1","LightGBM_r158_BAG_L1","LightGBM_r160_BAG_L1","LightGBM_r167_BAG_L1","LightGBM_r36_BAG_L1","LightGBM_r43_BAG_L1","LightGBM_r78_BAG_L1","NeuralNetFastAI_r127_BAG_L1","NeuralNetTorch_r148_BAG_L1","NeuralNetTorch_r176_BAG_L1","NeuralNetTorch_r189_BAG_L1","XGBoost_r114_BAG_L1","XGBoost_r40_BAG_L1"],"8":["FTTransformer_c1_BAG_L1","FTTransformer_c2_BAG_L1","FTTransformer_c5_BAG_L1","LightGBM_c3_BAG_L1","LightGBM_r145_BAG_L1","LightGBM_r160_BAG_L1","LightGBM_r167_BAG_L1","LightGBM_r36_BAG_L1","LightGBM_r43_BAG_L1","LightGBM_r78_BAG_L1","LightGBM_r84_BAG_L1","NeuralNetFastAI_r127_BAG_L1","NeuralNetTorch_r148_BAG_L1","NeuralNetTorch_r176_BAG_L1","NeuralNetTorch_r189_BAG_L1","XGBoost_r114_BAG_L1","XGBoost_r40_BAG_L1"],"9":["ExtraTrees_r132_BAG_L1","FTTransformer_c1_BAG_L1","FTTransformer_c2_BAG_L1","FTTransformer_c5_BAG_L1","FTTransformer_c6_BAG_L1","LightGBM_c3_BAG_L1","LightGBM_r145_BAG_L1","LightGBM_r160_BAG_L1","LightGBM_r167_BAG_L1","LightGBM_r192_BAG_L1","LightGBM_r36_BAG_L1","LightGBM_r43_BAG_L1","LightGBM_r78_BAG_L1","NeuralNetFastAI_r127_BAG_L1","NeuralNetTorch_r148_BAG_L1","NeuralNetTorch_r176_BAG_L1","NeuralNetTorch_r189_BAG_L1","RandomForest_r198_BAG_L1","RandomForest_r32_BAG_L1","XGBoost_r114_BAG_L1","XGBoost_r40_BAG_L1"],"10":["FTTransformer_c1_BAG_L1","FTTransformer_c2_BAG_L1","FTTransformer_c5_BAG_L1","LightGBM_c3_BAG_L1","LightGBM_r145_BAG_L1","LightGBM_r160_BAG_L1","LightGBM_r167_BAG_L1","LightGBM_r36_BAG_L1","LightGBM_r43_BAG_L1","LightGBM_r78_BAG_L1","NeuralNetFastAI_r127_BAG_L1","NeuralNetTorch_r148_BAG_L1","NeuralNetTorch_r176_BAG_L1","RandomForest_r177_BAG_L1","XGBoost_r114_BAG_L1","XGBoost_r40_BAG_L1"],"11":["FTTransformer_c1_BAG_L1","FTTransformer_c2_BAG_L1","FTTransformer_c5_BAG_L1","LightGBM_c3_BAG_L1","LightGBM_r145_BAG_L1","LightGBM_r160_BAG_L1","LightGBM_r167_BAG_L1","LightGBM_r177_BAG_L1","LightGBM_r36_BAG_L1","LightGBM_r43_BAG_L1","LightGBM_r78_BAG_L1","NeuralNetFastAI_r127_BAG_L1","NeuralNetTorch_r148_BAG_L1","NeuralNetTorch_r176_BAG_L1","XGBoost_r114_BAG_L1","XGBoost_r40_BAG_L1"],"12":["FTTransformer_c1_BAG_L1","FTTransformer_c2_BAG_L1","FTTransformer_c5_BAG_L1","LightGBM_c3_BAG_L1","LightGBM_r145_BAG_L1","LightGBM_r158_BAG_L1","LightGBM_r160_BAG_L1","LightGBM_r167_BAG_L1","LightGBM_r36_BAG_L1","LightGBM_r43_BAG_L1","LightGBM_r78_BAG_L1","NeuralNetFastAI_r127_BAG_L1","NeuralNetTorch_r148_BAG_L1","NeuralNetTorch_r176_BAG_L1","NeuralNetTorch_r189_BAG_L1","XGBoost_r114_BAG_L1","XGBoost_r40_BAG_L1"],"13":["ExtraTrees_r132_BAG_L1","FTTransformer_c1_BAG_L1","FTTransformer_c2_BAG_L1","FTTransformer_c5_BAG_L1","FTTransformer_c6_BAG_L1","LightGBM_c3_BAG_L1","LightGBM_r145_BAG_L1","LightGBM_r160_BAG_L1","LightGBM_r167_BAG_L1","LightGBM_r192_BAG_L1","LightGBM_r36_BAG_L1","LightGBM_r43_BAG_L1","LightGBM_r78_BAG_L1","NeuralNetFastAI_r127_BAG_L1","NeuralNetTorch_r148_BAG_L1","NeuralNetTorch_r176_BAG_L1","NeuralNetTorch_r189_BAG_L1","RandomForest_r32_BAG_L1","XGBoost_r114_BAG_L1","XGBoost_r40_BAG_L1"],"14":["FTTransformer_c1_BAG_L1","FTTransformer_c2_BAG_L1","FTTransformer_c5_BAG_L1","KNeighbors_r25_BAG_L1","LightGBM_c3_BAG_L1","LightGBM_r145_BAG_L1","LightGBM_r160_BAG_L1","LightGBM_r167_BAG_L1","LightGBM_r36_BAG_L1","LightGBM_r43_BAG_L1","LightGBM_r78_BAG_L1","NeuralNetFastAI_r127_BAG_L1","NeuralNetTorch_r148_BAG_L1","NeuralNetTorch_r176_BAG_L1","NeuralNetTorch_r189_BAG_L1","RandomForest_r198_BAG_L1","XGBoost_r114_BAG_L1","XGBoost_r40_BAG_L1"],"15":["FTTransformer_c1_BAG_L1","FTTransformer_c2_BAG_L1","FTTransformer_c5_BAG_L1","LightGBM_c3_BAG_L1","LightGBM_r140_BAG_L1","LightGBM_r145_BAG_L1","LightGBM_r160_BAG_L1","LightGBM_r167_BAG_L1","LightGBM_r36_BAG_L1","LightGBM_r43_BAG_L1","LightGBM_r78_BAG_L1","NeuralNetFastAI_r127_BAG_L1","NeuralNetTorch_r148_BAG_L1","NeuralNetTorch_r176_BAG_L1","NeuralNetTorch_r189_BAG_L1","XGBoost_r114_BAG_L1","XGBoost_r40_BAG_L1"],"16":["FTTransformer_c1_BAG_L1","FTTransformer_c2_BAG_L1","FTTransformer_c5_BAG_L1","LightGBM_c3_BAG_L1","LightGBM_r145_BAG_L1","LightGBM_r158_BAG_L1","LightGBM_r160_BAG_L1","LightGBM_r167_BAG_L1","LightGBM_r36_BAG_L1","LightGBM_r43_BAG_L1","LightGBM_r78_BAG_L1","NeuralNetFastAI_r127_BAG_L1","NeuralNetTorch_r148_BAG_L1","NeuralNetTorch_r176_BAG_L1","NeuralNetTorch_r189_BAG_L1","NeuralNetTorch_r76_BAG_L1","XGBoost_r114_BAG_L1","XGBoost_r40_BAG_L1"],"17":["FTTransformer_c1_BAG_L1","FTTransformer_c2_BAG_L1","FTTransformer_c5_BAG_L1","LightGBM_c3_BAG_L1","LightGBM_r145_BAG_L1","LightGBM_r160_BAG_L1","LightGBM_r167_BAG_L1","LightGBM_r1_BAG_L1","LightGBM_r36_BAG_L1","LightGBM_r43_BAG_L1","LightGBM_r78_BAG_L1","NeuralNetFastAI_r127_BAG_L1","NeuralNetTorch_r148_BAG_L1","NeuralNetTorch_r176_BAG_L1","RandomForest_r42_BAG_L1","XGBoost_r114_BAG_L1","XGBoost_r40_BAG_L1"],"18":["FTTransformer_c1_BAG_L1","FTTransformer_c2_BAG_L1","FTTransformer_c5_BAG_L1","LightGBM_c3_BAG_L1","LightGBM_r145_BAG_L1","LightGBM_r160_BAG_L1","LightGBM_r167_BAG_L1","LightGBM_r36_BAG_L1","LightGBM_r43_BAG_L1","LightGBM_r78_BAG_L1","NeuralNetFastAI_r127_BAG_L1","NeuralNetFastAI_r2_BAG_L1","NeuralNetTorch_r148_BAG_L1","NeuralNetTorch_r176_BAG_L1","NeuralNetTorch_r189_BAG_L1","RandomForest_r198_BAG_L1","XGBoost_r114_BAG_L1","XGBoost_r40_BAG_L1"],"19":["FTTransformer_c1_BAG_L1","FTTransformer_c2_BAG_L1","FTTransformer_c5_BAG_L1","LightGBM_c3_BAG_L1","LightGBM_r145_BAG_L1","LightGBM_r160_BAG_L1","LightGBM_r167_BAG_L1","LightGBM_r36_BAG_L1","LightGBM_r43_BAG_L1","LightGBM_r78_BAG_L1","NeuralNetFastAI_r127_BAG_L1","NeuralNetTorch_r176_BAG_L1","NeuralNetTorch_r189_BAG_L1","XGBoost_r114_BAG_L1","XGBoost_r40_BAG_L1"],"20":["CatBoost_r26_BAG_L1","ExtraTrees_r90_BAG_L1","FTTransformer_c1_BAG_L1","FTTransformer_c2_BAG_L1","FTTransformer_c5_BAG_L1","LightGBM_c3_BAG_L1","LightGBM_r145_BAG_L1","LightGBM_r160_BAG_L1","LightGBM_r167_BAG_L1","LightGBM_r36_BAG_L1","LightGBM_r43_BAG_L1","LightGBM_r78_BAG_L1","NeuralNetFastAI_r127_BAG_L1","NeuralNetTorch_r148_BAG_L1","NeuralNetTorch_r176_BAG_L1","NeuralNetTorch_r189_BAG_L1","RandomForest_r172_BAG_L1","RandomForest_r198_BAG_L1","XGBoost_r114_BAG_L1","XGBoost_r40_BAG_L1"],"21":["CatBoost_r11_BAG_L1","FTTransformer_c1_BAG_L1","FTTransformer_c2_BAG_L1","FTTransformer_c5_BAG_L1","LightGBM_c3_BAG_L1","LightGBM_r145_BAG_L1","LightGBM_r160_BAG_L1","LightGBM_r167_BAG_L1","LightGBM_r36_BAG_L1","LightGBM_r43_BAG_L1","LightGBM_r78_BAG_L1","NeuralNetFastAI_r127_BAG_L1","NeuralNetTorch_r148_BAG_L1","NeuralNetTorch_r176_BAG_L1","NeuralNetTorch_r189_BAG_L1","RandomForest_r198_BAG_L1","XGBoost_r114_BAG_L1","XGBoost_r40_BAG_L1"],"22":["FTTransformer_c1_BAG_L1","FTTransformer_c2_BAG_L1","FTTransformer_c5_BAG_L1","LightGBM_c3_BAG_L1","LightGBM_r145_BAG_L1","LightGBM_r160_BAG_L1","LightGBM_r167_BAG_L1","LightGBM_r36_BAG_L1","LightGBM_r43_BAG_L1","LightGBM_r78_BAG_L1","NeuralNetFastAI_r127_BAG_L1","NeuralNetTorch_r148_BAG_L1","NeuralNetTorch_r176_BAG_L1","NeuralNetTorch_r189_BAG_L1","RandomForest_r142_BAG_L1","RandomForest_r198_BAG_L1","XGBoost_r114_BAG_L1","XGBoost_r40_BAG_L1"],"23":["FTTransformer_c1_BAG_L1","FTTransformer_c2_BAG_L1","FTTransformer_c5_BAG_L1","LightGBM_c3_BAG_L1","LightGBM_r145_BAG_L1","LightGBM_r160_BAG_L1","LightGBM_r167_BAG_L1","LightGBM_r36_BAG_L1","LightGBM_r43_BAG_L1","LightGBM_r78_BAG_L1","NeuralNetFastAI_r127_BAG_L1","NeuralNetFastAI_r94_BAG_L1","NeuralNetTorch_r148_BAG_L1","NeuralNetTorch_r176_BAG_L1","NeuralNetTorch_r189_BAG_L1","RandomForest_r101_BAG_L1","RandomForest_r198_BAG_L1","XGBoost_r114_BAG_L1","XGBoost_r40_BAG_L1"],"24":["ExtraTrees_r7_BAG_L1","FTTransformer_c1_BAG_L1","FTTransformer_c2_BAG_L1","FTTransformer_c5_BAG_L1","LightGBM_c3_BAG_L1","LightGBM_r145_BAG_L1","LightGBM_r160_BAG_L1","LightGBM_r167_BAG_L1","LightGBM_r36_BAG_L1","LightGBM_r43_BAG_L1","LightGBM_r78_BAG_L1","NeuralNetFastAI_r127_BAG_L1","NeuralNetTorch_r148_BAG_L1","NeuralNetTorch_r176_BAG_L1","NeuralNetTorch_r189_BAG_L1","XGBoost_r114_BAG_L1","XGBoost_r40_BAG_L1"],"25":["FTTransformer_c1_BAG_L1","FTTransformer_c2_BAG_L1","FTTransformer_c5_BAG_L1","LightGBM_c3_BAG_L1","LightGBM_r145_BAG_L1","LightGBM_r160_BAG_L1","LightGBM_r167_BAG_L1","LightGBM_r36_BAG_L1","LightGBM_r43_BAG_L1","LightGBM_r78_BAG_L1","NeuralNetFastAI_r127_BAG_L1","NeuralNetTorch_r176_BAG_L1","XGBoost_r114_BAG_L1","XGBoost_r40_BAG_L1"],"26":["CatBoost_r81_BAG_L1","FTTransformer_c1_BAG_L1","FTTransformer_c2_BAG_L1","FTTransformer_c5_BAG_L1","LightGBM_c3_BAG_L1","LightGBM_r145_BAG_L1","LightGBM_r160_BAG_L1","LightGBM_r167_BAG_L1","LightGBM_r36_BAG_L1","LightGBM_r43_BAG_L1","LightGBM_r78_BAG_L1","NeuralNetFastAI_r127_BAG_L1","NeuralNetTorch_r148_BAG_L1","NeuralNetTorch_r176_BAG_L1","NeuralNetTorch_r189_BAG_L1","RandomForest_r198_BAG_L1","XGBoost_r114_BAG_L1","XGBoost_r40_BAG_L1"],"27":["FTTransformer_c1_BAG_L1","FTTransformer_c2_BAG_L1","FTTransformer_c5_BAG_L1","LightGBM_c3_BAG_L1","LightGBM_r145_BAG_L1","LightGBM_r160_BAG_L1","LightGBM_r167_BAG_L1","LightGBM_r36_BAG_L1","LightGBM_r43_BAG_L1","LightGBM_r78_BAG_L1","NeuralNetFastAI_r127_BAG_L1","NeuralNetTorch_r148_BAG_L1","NeuralNetTorch_r176_BAG_L1","RandomForest_r95_BAG_L1","XGBoost_r114_BAG_L1","XGBoost_r40_BAG_L1"],"28":["FTTransformer_c1_BAG_L1","FTTransformer_c2_BAG_L1","FTTransformer_c5_BAG_L1","LightGBM_c3_BAG_L1","LightGBM_r145_BAG_L1","LightGBM_r160_BAG_L1","LightGBM_r161_BAG_L1","LightGBM_r167_BAG_L1","LightGBM_r36_BAG_L1","LightGBM_r43_BAG_L1","LightGBM_r78_BAG_L1","NeuralNetFastAI_r127_BAG_L1","NeuralNetTorch_r148_BAG_L1","NeuralNetTorch_r176_BAG_L1","NeuralNetTorch_r189_BAG_L1","RandomForest_r105_BAG_L1","RandomForest_r42_BAG_L1","XGBoost_r114_BAG_L1","XGBoost_r40_BAG_L1"],"29":["FTTransformer_c1_BAG_L1","FTTransformer_c2_BAG_L1","FTTransformer_c5_BAG_L1","LightGBM_c3_BAG_L1","LightGBM_r145_BAG_L1","LightGBM_r160_BAG_L1","LightGBM_r167_BAG_L1","LightGBM_r36_BAG_L1","LightGBM_r43_BAG_L1","LightGBM_r78_BAG_L1","NeuralNetFastAI_r127_BAG_L1","NeuralNetTorch_r148_BAG_L1","NeuralNetTorch_r176_BAG_L1","XGBoost_r114_BAG_L1","XGBoost_r40_BAG_L1"],"30":["ExtraTrees_r90_BAG_L1","FTTransformer_c1_BAG_L1","FTTransformer_c2_BAG_L1","FTTransformer_c5_BAG_L1","LightGBM_c3_BAG_L1","LightGBM_r140_BAG_L1","LightGBM_r145_BAG_L1","LightGBM_r160_BAG_L1","LightGBM_r167_BAG_L1","LightGBM_r36_BAG_L1","LightGBM_r43_BAG_L1","LightGBM_r78_BAG_L1","NeuralNetFastAI_r127_BAG_L1","NeuralNetTorch_r148_BAG_L1","NeuralNetTorch_r176_BAG_L1","RandomForest_r172_BAG_L1","XGBoost_r114_BAG_L1","XGBoost_r127_BAG_L1","XGBoost_r40_BAG_L1"],"31":["FTTransformer_c1_BAG_L1","FTTransformer_c2_BAG_L1","FTTransformer_c5_BAG_L1","LightGBM_c3_BAG_L1","LightGBM_r145_BAG_L1","LightGBM_r160_BAG_L1","LightGBM_r167_BAG_L1","LightGBM_r36_BAG_L1","LightGBM_r43_BAG_L1","LightGBM_r78_BAG_L1","NeuralNetFastAI_r127_BAG_L1","NeuralNetFastAI_r71_BAG_L1","NeuralNetTorch_r148_BAG_L1","NeuralNetTorch_r176_BAG_L1","NeuralNetTorch_r189_BAG_L1","XGBoost_r114_BAG_L1","XGBoost_r40_BAG_L1","XGBoost_r51_BAG_L1"],"32":["FTTransformer_c1_BAG_L1","FTTransformer_c2_BAG_L1","FTTransformer_c5_BAG_L1","LightGBM_c3_BAG_L1","LightGBM_r116_BAG_L1","LightGBM_r145_BAG_L1","LightGBM_r160_BAG_L1","LightGBM_r167_BAG_L1","LightGBM_r36_BAG_L1","LightGBM_r43_BAG_L1","LightGBM_r78_BAG_L1","NeuralNetFastAI_r127_BAG_L1","NeuralNetTorch_r148_BAG_L1","NeuralNetTorch_r176_BAG_L1","NeuralNetTorch_r189_BAG_L1","XGBoost_r114_BAG_L1","XGBoost_r40_BAG_L1"],"33":["FTTransformer_c1_BAG_L1","FTTransformer_c2_BAG_L1","FTTransformer_c5_BAG_L1","LightGBM_c3_BAG_L1","LightGBM_r145_BAG_L1","LightGBM_r160_BAG_L1","LightGBM_r167_BAG_L1","LightGBM_r36_BAG_L1","LightGBM_r43_BAG_L1","LightGBM_r78_BAG_L1","NeuralNetFastAI_r127_BAG_L1","NeuralNetTorch_r148_BAG_L1","NeuralNetTorch_r176_BAG_L1","RandomForest_r63_BAG_L1","XGBoost_r114_BAG_L1","XGBoost_r40_BAG_L1","XGBoost_r54_BAG_L1"],"34":["ExtraTrees_r7_BAG_L1","FTTransformer_c1_BAG_L1","FTTransformer_c2_BAG_L1","FTTransformer_c5_BAG_L1","LightGBM_c3_BAG_L1","LightGBM_r145_BAG_L1","LightGBM_r160_BAG_L1","LightGBM_r167_BAG_L1","LightGBM_r36_BAG_L1","LightGBM_r43_BAG_L1","LightGBM_r78_BAG_L1","NeuralNetFastAI_r127_BAG_L1","NeuralNetTorch_r148_BAG_L1","NeuralNetTorch_r176_BAG_L1","NeuralNetTorch_r189_BAG_L1","RandomForest_r198_BAG_L1","XGBoost_r114_BAG_L1","XGBoost_r40_BAG_L1"],"35":["ExtraTrees_r90_BAG_L1","FTTransformer_c1_BAG_L1","FTTransformer_c2_BAG_L1","FTTransformer_c5_BAG_L1","LightGBM_c3_BAG_L1","LightGBM_r145_BAG_L1","LightGBM_r160_BAG_L1","LightGBM_r167_BAG_L1","LightGBM_r36_BAG_L1","LightGBM_r43_BAG_L1","LightGBM_r78_BAG_L1","NeuralNetFastAI_r127_BAG_L1","NeuralNetFastAI_r66_BAG_L1","NeuralNetTorch_r148_BAG_L1","NeuralNetTorch_r176_BAG_L1","RandomForest_r172_BAG_L1","XGBoost_r114_BAG_L1","XGBoost_r40_BAG_L1"],"36":["FTTransformer_c1_BAG_L1","FTTransformer_c2_BAG_L1","FTTransformer_c5_BAG_L1","LightGBM_c3_BAG_L1","LightGBM_r145_BAG_L1","LightGBM_r160_BAG_L1","LightGBM_r167_BAG_L1","LightGBM_r36_BAG_L1","LightGBM_r43_BAG_L1","LightGBM_r78_BAG_L1","NeuralNetFastAI_r127_BAG_L1","NeuralNetTorch_r148_BAG_L1","NeuralNetTorch_r176_BAG_L1","NeuralNetTorch_r189_BAG_L1","RandomForest_r69_BAG_L1","XGBoost_r114_BAG_L1","XGBoost_r40_BAG_L1"],"37":["ExtraTrees_r80_BAG_L1","FTTransformer_c1_BAG_L1","FTTransformer_c2_BAG_L1","FTTransformer_c5_BAG_L1","LightGBM_c3_BAG_L1","LightGBM_r145_BAG_L1","LightGBM_r160_BAG_L1","LightGBM_r167_BAG_L1","LightGBM_r36_BAG_L1","LightGBM_r43_BAG_L1","LightGBM_r78_BAG_L1","NeuralNetFastAI_r127_BAG_L1","NeuralNetTorch_r148_BAG_L1","NeuralNetTorch_r176_BAG_L1","NeuralNetTorch_r189_BAG_L1","XGBoost_r114_BAG_L1","XGBoost_r40_BAG_L1"],"38":["FTTransformer_c1_BAG_L1","FTTransformer_c2_BAG_L1","FTTransformer_c5_BAG_L1","LightGBM_c3_BAG_L1","LightGBM_r145_BAG_L1","LightGBM_r160_BAG_L1","LightGBM_r167_BAG_L1","LightGBM_r36_BAG_L1","LightGBM_r43_BAG_L1","LightGBM_r61_BAG_L1","LightGBM_r78_BAG_L1","NeuralNetFastAI_r127_BAG_L1","NeuralNetTorch_r148_BAG_L1","NeuralNetTorch_r176_BAG_L1","NeuralNetTorch_r189_BAG_L1","RandomForest_r198_BAG_L1","XGBoost_r114_BAG_L1","XGBoost_r40_BAG_L1"],"39":["ExtraTrees_r172_BAG_L1","FTTransformer_c1_BAG_L1","FTTransformer_c2_BAG_L1","FTTransformer_c5_BAG_L1","LightGBM_c3_BAG_L1","LightGBM_r145_BAG_L1","LightGBM_r160_BAG_L1","LightGBM_r167_BAG_L1","LightGBM_r36_BAG_L1","LightGBM_r43_BAG_L1","LightGBM_r78_BAG_L1","NeuralNetFastAI_r127_BAG_L1","NeuralNetTorch_r148_BAG_L1","NeuralNetTorch_r176_BAG_L1","XGBoost_r114_BAG_L1","XGBoost_r40_BAG_L1"],"40":["ExtraTrees_r125_BAG_L1","FTTransformer_c1_BAG_L1","FTTransformer_c2_BAG_L1","FTTransformer_c5_BAG_L1","LightGBM_c3_BAG_L1","LightGBM_r145_BAG_L1","LightGBM_r160_BAG_L1","LightGBM_r167_BAG_L1","LightGBM_r36_BAG_L1","LightGBM_r43_BAG_L1","LightGBM_r48_BAG_L1","LightGBM_r78_BAG_L1","NeuralNetFastAI_r127_BAG_L1","NeuralNetTorch_r148_BAG_L1","NeuralNetTorch_r176_BAG_L1","NeuralNetTorch_r189_BAG_L1","RandomForest_r198_BAG_L1","XGBoost_r114_BAG_L1","XGBoost_r40_BAG_L1"],"41":["ExtraTrees_r172_BAG_L1","FTTransformer_c1_BAG_L1","FTTransformer_c2_BAG_L1","FTTransformer_c5_BAG_L1","LightGBM_c3_BAG_L1","LightGBM_r145_BAG_L1","LightGBM_r160_BAG_L1","LightGBM_r167_BAG_L1","LightGBM_r36_BAG_L1","LightGBM_r43_BAG_L1","LightGBM_r78_BAG_L1","NeuralNetFastAI_r127_BAG_L1","NeuralNetTorch_r107_BAG_L1","NeuralNetTorch_r148_BAG_L1","NeuralNetTorch_r176_BAG_L1","NeuralNetTorch_r189_BAG_L1","RandomForest_r198_BAG_L1","XGBoost_r114_BAG_L1","XGBoost_r40_BAG_L1"],"42":["FTTransformer_c1_BAG_L1","FTTransformer_c2_BAG_L1","FTTransformer_c5_BAG_L1","LightGBM_c3_BAG_L1","LightGBM_r145_BAG_L1","LightGBM_r158_BAG_L1","LightGBM_r160_BAG_L1","LightGBM_r167_BAG_L1","LightGBM_r36_BAG_L1","LightGBM_r43_BAG_L1","LightGBM_r78_BAG_L1","NeuralNetFastAI_r127_BAG_L1","NeuralNetTorch_r148_BAG_L1","NeuralNetTorch_r176_BAG_L1","NeuralNetTorch_r189_BAG_L1","RandomForest_r198_BAG_L1","XGBoost_r114_BAG_L1","XGBoost_r40_BAG_L1"],"43":["FTTransformer_c1_BAG_L1","FTTransformer_c2_BAG_L1","FTTransformer_c5_BAG_L1","LightGBM_c3_BAG_L1","LightGBM_r145_BAG_L1","LightGBM_r160_BAG_L1","LightGBM_r167_BAG_L1","LightGBM_r36_BAG_L1","LightGBM_r43_BAG_L1","LightGBM_r78_BAG_L1","NeuralNetFastAI_r127_BAG_L1","NeuralNetTorch_r148_BAG_L1","NeuralNetTorch_r176_BAG_L1","NeuralNetTorch_r189_BAG_L1","RandomForest_r42_BAG_L1","XGBoost_r114_BAG_L1","XGBoost_r40_BAG_L1"],"44":["ExtraTrees_r7_BAG_L1","FTTransformer_c1_BAG_L1","FTTransformer_c2_BAG_L1","FTTransformer_c5_BAG_L1","LightGBM_c3_BAG_L1","LightGBM_r145_BAG_L1","LightGBM_r160_BAG_L1","LightGBM_r167_BAG_L1","LightGBM_r36_BAG_L1","LightGBM_r43_BAG_L1","LightGBM_r78_BAG_L1","NeuralNetFastAI_r116_BAG_L1","NeuralNetFastAI_r127_BAG_L1","NeuralNetTorch_r148_BAG_L1","NeuralNetTorch_r176_BAG_L1","NeuralNetTorch_r189_BAG_L1","RandomForest_r198_BAG_L1","XGBoost_r114_BAG_L1","XGBoost_r40_BAG_L1"],"45":["FTTransformer_c1_BAG_L1","FTTransformer_c2_BAG_L1","FTTransformer_c5_BAG_L1","LightGBM_c3_BAG_L1","LightGBM_r145_BAG_L1","LightGBM_r160_BAG_L1","LightGBM_r167_BAG_L1","LightGBM_r36_BAG_L1","LightGBM_r43_BAG_L1","LightGBM_r78_BAG_L1","NeuralNetFastAI_r127_BAG_L1","NeuralNetTorch_r148_BAG_L1","NeuralNetTorch_r176_BAG_L1","NeuralNetTorch_r189_BAG_L1","XGBoost_r114_BAG_L1","XGBoost_r40_BAG_L1"],"46":["ExtraTrees_r132_BAG_L1","FTTransformer_c1_BAG_L1","FTTransformer_c2_BAG_L1","FTTransformer_c5_BAG_L1","FTTransformer_c6_BAG_L1","LightGBM_c3_BAG_L1","LightGBM_r145_BAG_L1","LightGBM_r160_BAG_L1","LightGBM_r167_BAG_L1","LightGBM_r36_BAG_L1","LightGBM_r43_BAG_L1","LightGBM_r78_BAG_L1","NeuralNetFastAI_r127_BAG_L1","NeuralNetTorch_r148_BAG_L1","NeuralNetTorch_r176_BAG_L1","RandomForest_r32_BAG_L1","XGBoost_r114_BAG_L1","XGBoost_r141_BAG_L1","XGBoost_r40_BAG_L1"],"47":["CatBoost_r148_BAG_L1","FTTransformer_c1_BAG_L1","FTTransformer_c2_BAG_L1","FTTransformer_c5_BAG_L1","LightGBM_c3_BAG_L1","LightGBM_r145_BAG_L1","LightGBM_r160_BAG_L1","LightGBM_r167_BAG_L1","LightGBM_r36_BAG_L1","LightGBM_r43_BAG_L1","LightGBM_r78_BAG_L1","NeuralNetFastAI_r127_BAG_L1","NeuralNetTorch_r148_BAG_L1","NeuralNetTorch_r176_BAG_L1","NeuralNetTorch_r189_BAG_L1","RandomForest_r198_BAG_L1","XGBoost_r114_BAG_L1","XGBoost_r40_BAG_L1"],"48":["FTTransformer_c1_BAG_L1","FTTransformer_c2_BAG_L1","FTTransformer_c5_BAG_L1","KNeighbors_r26_BAG_L1","LightGBM_c3_BAG_L1","LightGBM_r145_BAG_L1","LightGBM_r160_BAG_L1","LightGBM_r167_BAG_L1","LightGBM_r36_BAG_L1","LightGBM_r43_BAG_L1","LightGBM_r78_BAG_L1","NeuralNetFastAI_r127_BAG_L1","NeuralNetTorch_r148_BAG_L1","NeuralNetTorch_r176_BAG_L1","NeuralNetTorch_r189_BAG_L1","RandomForest_r198_BAG_L1","XGBoost_r114_BAG_L1","XGBoost_r40_BAG_L1"]},"weights":{"0":[0.0555555556,0.0555555556,0.0555555556,0.0555555556,0.0555555556,0.0555555556,0.0555555556,0.0555555556,0.0555555556,0.0555555556,0.0555555556,0.0555555556,0.0555555556,0.1111111111,0.0555555556,0.0555555556,0.0555555556],"1":[0.0555555556,0.0555555556,0.0555555556,0.0555555556,0.0555555556,0.0555555556,0.0555555556,0.0555555556,0.0555555556,0.0555555556,0.0555555556,0.0555555556,0.0555555556,0.1111111111,0.0555555556,0.0555555556,0.0555555556],"2":[0.0555555556,0.0555555556,0.0555555556,0.0555555556,0.0555555556,0.0555555556,0.0555555556,0.0555555556,0.0555555556,0.0555555556,0.0555555556,0.0555555556,0.1111111111,0.0555555556,0.0555555556,0.0555555556,0.0555555556],"3":[0.05,0.05,0.05,0.05,0.05,0.05,0.05,0.05,0.05,0.05,0.05,0.05,0.05,0.05,0.05,0.1,0.05,0.05,0.05],"4":[0.0588235294,0.0588235294,0.0588235294,0.0588235294,0.0588235294,0.0588235294,0.0588235294,0.0588235294,0.0588235294,0.0588235294,0.0588235294,0.0588235294,0.1176470588,0.0588235294,0.0588235294,0.0588235294],"5":[0.0555555556,0.0555555556,0.0555555556,0.0555555556,0.0555555556,0.0555555556,0.0555555556,0.0555555556,0.0555555556,0.0555555556,0.0555555556,0.0555555556,0.1111111111,0.0555555556,0.0555555556,0.0555555556,0.0555555556],"6":[0.0555555556,0.0555555556,0.0555555556,0.0555555556,0.0555555556,0.0555555556,0.0555555556,0.0555555556,0.0555555556,0.0555555556,0.0555555556,0.0555555556,0.1111111111,0.0555555556,0.0555555556,0.0555555556,0.0555555556],"7":[0.0526315789,0.1052631579,0.0526315789,0.0526315789,0.0526315789,0.0526315789,0.0526315789,0.0526315789,0.0526315789,0.0526315789,0.0526315789,0.0526315789,0.0526315789,0.1052631579,0.0526315789,0.0526315789,0.0526315789],"8":[0.0555555556,0.0555555556,0.0555555556,0.0555555556,0.0555555556,0.0555555556,0.0555555556,0.0555555556,0.0555555556,0.0555555556,0.0555555556,0.0555555556,0.0555555556,0.1111111111,0.0555555556,0.0555555556,0.0555555556],"9":[0.0454545455,0.0454545455,0.0454545455,0.0454545455,0.0454545455,0.0454545455,0.0454545455,0.0454545455,0.0454545455,0.0454545455,0.0454545455,0.0454545455,0.0454545455,0.0454545455,0.0454545455,0.0909090909,0.0454545455,0.0454545455,0.0454545455,0.0454545455,0.0454545455],"10":[0.0588235294,0.0588235294,0.0588235294,0.0588235294,0.0588235294,0.0588235294,0.0588235294,0.0588235294,0.0588235294,0.0588235294,0.0588235294,0.0588235294,0.1176470588,0.0588235294,0.0588235294,0.0588235294],"11":[0.0588235294,0.0588235294,0.0588235294,0.0588235294,0.0588235294,0.0588235294,0.0588235294,0.0588235294,0.0588235294,0.0588235294,0.0588235294,0.0588235294,0.0588235294,0.1176470588,0.0588235294,0.0588235294],"12":[0.0555555556,0.0555555556,0.0555555556,0.0555555556,0.0555555556,0.0555555556,0.0555555556,0.0555555556,0.0555555556,0.0555555556,0.0555555556,0.0555555556,0.0555555556,0.1111111111,0.0555555556,0.0555555556,0.0555555556],"13":[0.0476190476,0.0476190476,0.0476190476,0.0476190476,0.0476190476,0.0476190476,0.0476190476,0.0476190476,0.0476190476,0.0476190476,0.0476190476,0.0476190476,0.0476190476,0.0476190476,0.0476190476,0.0952380952,0.0476190476,0.0476190476,0.0476190476,0.0476190476],"14":[0.0526315789,0.0526315789,0.0526315789,0.0526315789,0.0526315789,0.0526315789,0.0526315789,0.0526315789,0.0526315789,0.0526315789,0.0526315789,0.0526315789,0.0526315789,0.1052631579,0.0526315789,0.0526315789,0.0526315789,0.0526315789],"15":[0.0555555556,0.0555555556,0.0555555556,0.0555555556,0.0555555556,0.0555555556,0.0555555556,0.0555555556,0.0555555556,0.0555555556,0.0555555556,0.0555555556,0.0555555556,0.1111111111,0.0555555556,0.0555555556,0.0555555556],"16":[0.0526315789,0.0526315789,0.0526315789,0.0526315789,0.0526315789,0.0526315789,0.0526315789,0.0526315789,0.0526315789,0.0526315789,0.0526315789,0.0526315789,0.0526315789,0.1052631579,0.0526315789,0.0526315789,0.0526315789,0.0526315789],"17":[0.0555555556,0.0555555556,0.0555555556,0.0555555556,0.0555555556,0.0555555556,0.0555555556,0.0555555556,0.0555555556,0.0555555556,0.0555555556,0.0555555556,0.0555555556,0.1111111111,0.0555555556,0.0555555556,0.0555555556],"18":[0.0526315789,0.0526315789,0.0526315789,0.0526315789,0.0526315789,0.0526315789,0.0526315789,0.0526315789,0.0526315789,0.0526315789,0.0526315789,0.0526315789,0.0526315789,0.1052631579,0.0526315789,0.0526315789,0.0526315789,0.0526315789],"19":[0.0625,0.0625,0.0625,0.0625,0.0625,0.0625,0.0625,0.0625,0.0625,0.0625,0.0625,0.125,0.0625,0.0625,0.0625],"20":[0.0476190476,0.0476190476,0.0476190476,0.0476190476,0.0476190476,0.0476190476,0.0476190476,0.0476190476,0.0476190476,0.0476190476,0.0476190476,0.0476190476,0.0476190476,0.0476190476,0.0952380952,0.0476190476,0.0476190476,0.0476190476,0.0476190476,0.0476190476],"21":[0.0526315789,0.0526315789,0.0526315789,0.0526315789,0.0526315789,0.0526315789,0.0526315789,0.0526315789,0.0526315789,0.0526315789,0.0526315789,0.0526315789,0.0526315789,0.1052631579,0.0526315789,0.0526315789,0.0526315789,0.0526315789],"22":[0.0526315789,0.0526315789,0.0526315789,0.0526315789,0.0526315789,0.0526315789,0.0526315789,0.0526315789,0.0526315789,0.0526315789,0.0526315789,0.0526315789,0.1052631579,0.0526315789,0.0526315789,0.0526315789,0.0526315789,0.0526315789],"23":[0.05,0.05,0.05,0.05,0.05,0.05,0.05,0.05,0.05,0.05,0.05,0.05,0.05,0.1,0.05,0.05,0.05,0.05,0.05],"24":[0.0555555556,0.0555555556,0.0555555556,0.0555555556,0.0555555556,0.0555555556,0.0555555556,0.0555555556,0.0555555556,0.0555555556,0.0555555556,0.0555555556,0.0555555556,0.1111111111,0.0555555556,0.0555555556,0.0555555556],"25":[0.0666666667,0.0666666667,0.0666666667,0.0666666667,0.0666666667,0.0666666667,0.0666666667,0.0666666667,0.0666666667,0.0666666667,0.0666666667,0.1333333333,0.0666666667,0.0666666667],"26":[0.0526315789,0.0526315789,0.0526315789,0.0526315789,0.0526315789,0.0526315789,0.0526315789,0.0526315789,0.0526315789,0.0526315789,0.0526315789,0.0526315789,0.0526315789,0.1052631579,0.0526315789,0.0526315789,0.0526315789,0.0526315789],"27":[0.0588235294,0.0588235294,0.0588235294,0.0588235294,0.0588235294,0.0588235294,0.0588235294,0.0588235294,0.0588235294,0.0588235294,0.0588235294,0.0588235294,0.1176470588,0.0588235294,0.0588235294,0.0588235294],"28":[0.05,0.05,0.05,0.05,0.05,0.05,0.05,0.05,0.05,0.05,0.05,0.05,0.05,0.1,0.05,0.05,0.05,0.05,0.05],"29":[0.0625,0.0625,0.0625,0.0625,0.0625,0.0625,0.0625,0.0625,0.0625,0.0625,0.0625,0.0625,0.125,0.0625,0.0625],"30":[0.05,0.05,0.05,0.05,0.05,0.05,0.05,0.05,0.05,0.05,0.05,0.05,0.05,0.05,0.1,0.05,0.05,0.05,0.05],"31":[0.0526315789,0.0526315789,0.0526315789,0.0526315789,0.0526315789,0.0526315789,0.0526315789,0.0526315789,0.0526315789,0.0526315789,0.0526315789,0.0526315789,0.0526315789,0.1052631579,0.0526315789,0.0526315789,0.0526315789,0.0526315789],"32":[0.0555555556,0.0555555556,0.0555555556,0.0555555556,0.0555555556,0.0555555556,0.0555555556,0.0555555556,0.0555555556,0.0555555556,0.0555555556,0.0555555556,0.0555555556,0.1111111111,0.0555555556,0.0555555556,0.0555555556],"33":[0.0555555556,0.0555555556,0.0555555556,0.0555555556,0.0555555556,0.0555555556,0.0555555556,0.0555555556,0.0555555556,0.0555555556,0.0555555556,0.0555555556,0.1111111111,0.0555555556,0.0555555556,0.0555555556,0.0555555556],"34":[0.0526315789,0.0526315789,0.0526315789,0.0526315789,0.0526315789,0.0526315789,0.0526315789,0.0526315789,0.0526315789,0.0526315789,0.0526315789,0.0526315789,0.0526315789,0.1052631579,0.0526315789,0.0526315789,0.0526315789,0.0526315789],"35":[0.0526315789,0.0526315789,0.0526315789,0.0526315789,0.0526315789,0.0526315789,0.0526315789,0.0526315789,0.0526315789,0.0526315789,0.0526315789,0.0526315789,0.0526315789,0.0526315789,0.1052631579,0.0526315789,0.0526315789,0.0526315789],"36":[0.0555555556,0.0555555556,0.0555555556,0.0555555556,0.0555555556,0.0555555556,0.0555555556,0.0555555556,0.0555555556,0.0555555556,0.0555555556,0.0555555556,0.1111111111,0.0555555556,0.0555555556,0.0555555556,0.0555555556],"37":[0.0555555556,0.0555555556,0.0555555556,0.0555555556,0.0555555556,0.0555555556,0.0555555556,0.0555555556,0.0555555556,0.0555555556,0.0555555556,0.0555555556,0.0555555556,0.1111111111,0.0555555556,0.0555555556,0.0555555556],"38":[0.0526315789,0.0526315789,0.0526315789,0.0526315789,0.0526315789,0.0526315789,0.0526315789,0.0526315789,0.0526315789,0.0526315789,0.0526315789,0.0526315789,0.0526315789,0.1052631579,0.0526315789,0.0526315789,0.0526315789,0.0526315789],"39":[0.0588235294,0.0588235294,0.0588235294,0.0588235294,0.0588235294,0.0588235294,0.0588235294,0.0588235294,0.0588235294,0.0588235294,0.0588235294,0.0588235294,0.0588235294,0.1176470588,0.0588235294,0.0588235294],"40":[0.05,0.05,0.05,0.05,0.05,0.05,0.05,0.05,0.05,0.05,0.05,0.05,0.05,0.05,0.1,0.05,0.05,0.05,0.05],"41":[0.05,0.05,0.05,0.05,0.05,0.05,0.05,0.05,0.05,0.05,0.05,0.05,0.05,0.05,0.1,0.05,0.05,0.05,0.05],"42":[0.05,0.1,0.05,0.05,0.05,0.05,0.05,0.05,0.05,0.05,0.05,0.05,0.05,0.1,0.05,0.05,0.05,0.05],"43":[0.0555555556,0.0555555556,0.0555555556,0.0555555556,0.0555555556,0.0555555556,0.0555555556,0.0555555556,0.0555555556,0.0555555556,0.0555555556,0.0555555556,0.1111111111,0.0555555556,0.0555555556,0.0555555556,0.0555555556],"44":[0.05,0.05,0.05,0.05,0.05,0.05,0.05,0.05,0.05,0.05,0.05,0.05,0.05,0.05,0.1,0.05,0.05,0.05,0.05],"45":[0.0588235294,0.0588235294,0.0588235294,0.0588235294,0.0588235294,0.0588235294,0.0588235294,0.0588235294,0.0588235294,0.0588235294,0.0588235294,0.0588235294,0.1176470588,0.0588235294,0.0588235294,0.0588235294],"46":[0.05,0.05,0.05,0.05,0.05,0.05,0.05,0.05,0.05,0.05,0.05,0.05,0.05,0.05,0.1,0.05,0.05,0.05,0.05],"47":[0.0526315789,0.0526315789,0.0526315789,0.0526315789,0.0526315789,0.0526315789,0.0526315789,0.0526315789,0.0526315789,0.0526315789,0.0526315789,0.0526315789,0.0526315789,0.1052631579,0.0526315789,0.0526315789,0.0526315789,0.0526315789],"48":[0.0526315789,0.0526315789,0.0526315789,0.0526315789,0.0526315789,0.0526315789,0.0526315789,0.0526315789,0.0526315789,0.0526315789,0.0526315789,0.0526315789,0.0526315789,0.1052631579,0.0526315789,0.0526315789,0.0526315789,0.0526315789]},"meta":{"0":20,"1":20,"2":19,"3":19,"4":18,"5":18,"6":16,"7":19,"8":19,"9":19,"10":20,"11":18,"12":18,"13":22,"14":16,"15":20,"16":19,"17":18,"18":18,"19":19,"20":17,"21":19,"22":19,"23":18,"24":20,"25":20,"26":18,"27":18,"28":18,"29":17,"30":21,"31":20,"32":21,"33":18,"34":20,"35":18,"36":17,"37":18,"38":17,"39":17,"40":19,"41":18,"42":19,"43":19,"44":15,"45":17,"46":20,"47":18,"48":19},"task":{"0":"3702_2","1":"3702_2","2":"3702_2","3":"3702_2","4":"3702_2","5":"3702_2","6":"3702_2","7":"3702_2","8":"3702_2","9":"3702_2","10":"3702_2","11":"3702_2","12":"3702_2","13":"3702_2","14":"3702_2","15":"3702_2","16":"3702_2","17":"3702_2","18":"3702_2","19":"3702_2","20":"3702_2","21":"3702_2","22":"3702_2","23":"3702_2","24":"3702_2","25":"3702_2","26":"3702_2","27":"3702_2","28":"3702_2","29":"3702_2","30":"3702_2","31":"3702_2","32":"3702_2","33":"3702_2","34":"3702_2","35":"3702_2","36":"3702_2","37":"3702_2","38":"3702_2","39":"3702_2","40":"3702_2","41":"3702_2","42":"3702_2","43":"3702_2","44":"3702_2","45":"3702_2","46":"3702_2","47":"3702_2","48":"3702_2"},"dataset":{"0":"fri_c1_1000_50","1":"fri_c1_1000_50","2":"fri_c1_1000_50","3":"fri_c1_1000_50","4":"fri_c1_1000_50","5":"fri_c1_1000_50","6":"fri_c1_1000_50","7":"fri_c1_1000_50","8":"fri_c1_1000_50","9":"fri_c1_1000_50","10":"fri_c1_1000_50","11":"fri_c1_1000_50","12":"fri_c1_1000_50","13":"fri_c1_1000_50","14":"fri_c1_1000_50","15":"fri_c1_1000_50","16":"fri_c1_1000_50","17":"fri_c1_1000_50","18":"fri_c1_1000_50","19":"fri_c1_1000_50","20":"fri_c1_1000_50","21":"fri_c1_1000_50","22":"fri_c1_1000_50","23":"fri_c1_1000_50","24":"fri_c1_1000_50","25":"fri_c1_1000_50","26":"fri_c1_1000_50","27":"fri_c1_1000_50","28":"fri_c1_1000_50","29":"fri_c1_1000_50","30":"fri_c1_1000_50","31":"fri_c1_1000_50","32":"fri_c1_1000_50","33":"fri_c1_1000_50","34":"fri_c1_1000_50","35":"fri_c1_1000_50","36":"fri_c1_1000_50","37":"fri_c1_1000_50","38":"fri_c1_1000_50","39":"fri_c1_1000_50","40":"fri_c1_1000_50","41":"fri_c1_1000_50","42":"fri_c1_1000_50","43":"fri_c1_1000_50","44":"fri_c1_1000_50","45":"fri_c1_1000_50","46":"fri_c1_1000_50","47":"fri_c1_1000_50","48":"fri_c1_1000_50"},"fold":{"0":2,"1":2,"2":2,"3":2,"4":2,"5":2,"6":2,"7":2,"8":2,"9":2,"10":2,"11":2,"12":2,"13":2,"14":2,"15":2,"16":2,"17":2,"18":2,"19":2,"20":2,"21":2,"22":2,"23":2,"24":2,"25":2,"26":2,"27":2,"28":2,"29":2,"30":2,"31":2,"32":2,"33":2,"34":2,"35":2,"36":2,"37":2,"38":2,"39":2,"40":2,"41":2,"42":2,"43":2,"44":2,"45":2,"46":2,"47":2,"48":2},"method":{"0":"QO","1":"QO","2":"QO","3":"QO","4":"QO","5":"QO","6":"QO","7":"QO","8":"QO","9":"QO","10":"QO","11":"QO","12":"QO","13":"QO","14":"QO","15":"QO","16":"QO","17":"QO","18":"QO","19":"QO","20":"QO","21":"QO","22":"QO","23":"QO","24":"QO","25":"QO","26":"QO","27":"QO","28":"QO","29":"QO","30":"QO","31":"QO","32":"QO","33":"QO","34":"QO","35":"QO","36":"QO","37":"QO","38":"QO","39":"QO","40":"QO","41":"QO","42":"QO","43":"QO","44":"QO","45":"QO","46":"QO","47":"QO","48":"QO"}}