{"name":{"0":"QO_0","1":"QO_1","2":"QO_2","3":"QO_3","4":"QO_4","5":"QO_5","6":"QO_6","7":"QO_7","8":"QO_8","9":"QO_9","10":"QO_10","11":"QO_11","12":"QO_12","13":"QO_13","14":"QO_14","15":"QO_15","16":"QO_16","17":"QO_17","18":"QO_18","19":"QO_19","20":"QO_20","21":"QO_21","22":"QO_22","23":"QO_23","24":"QO_24","25":"QO_25","26":"QO_26","27":"QO_27","28":"QO_28","29":"QO_29","30":"QO_30","31":"QO_31","32":"QO_32","33":"QO_33","34":"QO_34","35":"QO_35","36":"QO_36","37":"QO_37","38":"QO_38","39":"QO_39","40":"QO_40","41":"QO_41","42":"QO_42","43":"QO_43","44":"QO_44","45":"QO_45","46":"QO_46","47":"QO_47","48":"QO_48"},"roc_auc_val":{"0":1.0,"1":1.0,"2":1.0,"3":1.0,"4":1.0,"5":1.0,"6":1.0,"7":1.0,"8":1.0,"9":1.0,"10":1.0,"11":1.0,"12":1.0,"13":1.0,"14":1.0,"15":1.0,"16":1.0,"17":1.0,"18":1.0,"19":1.0,"20":1.0,"21":1.0,"22":1.0,"23":1.0,"24":1.0,"25":1.0,"26":1.0,"27":1.0,"28":1.0,"29":1.0,"30":1.0,"31":1.0,"32":1.0,"33":1.0,"34":1.0,"35":1.0,"36":1.0,"37":1.0,"38":1.0,"39":1.0,"40":1.0,"41":1.0,"42":1.0,"43":1.0,"44":1.0,"45":1.0,"46":1.0,"47":1.0,"48":1.0},"roc_auc_test":{"0":1.0,"1":1.0,"2":1.0,"3":1.0,"4":1.0,"5":1.0,"6":1.0,"7":1.0,"8":1.0,"9":1.0,"10":1.0,"11":1.0,"12":1.0,"13":1.0,"14":1.0,"15":1.0,"16":1.0,"17":1.0,"18":1.0,"19":1.0,"20":1.0,"21":1.0,"22":1.0,"23":1.0,"24":1.0,"25":1.0,"26":1.0,"27":1.0,"28":1.0,"29":1.0,"30":1.0,"31":1.0,"32":1.0,"33":1.0,"34":1.0,"35":0.9997805092,"36":1.0,"37":1.0,"38":1.0,"39":1.0,"40":1.0,"41":1.0,"42":1.0,"43":1.0,"44":1.0,"45":1.0,"46":1.0,"47":1.0,"48":1.0},"models_used":{"0":["NeuralNetFastAI_r183_BAG_L1","RandomForest_r147_BAG_L1"],"1":["CatBoost_r125_BAG_L1","NeuralNetFastAI_r116_BAG_L1"],"2":["NeuralNetTorch_r200_BAG_L1","XGBoost_r169_BAG_L1"],"3":["NeuralNetFastAI_r97_BAG_L1","NeuralNetTorch_r60_BAG_L1"],"4":["NeuralNetTorch_r102_BAG_L1","NeuralNetTorch_r187_BAG_L1"],"5":["ExtraTrees_r145_BAG_L1","NeuralNetFastAI_r12_BAG_L1"],"6":["LinearModel_r47_BAG_L1","NeuralNetFastAI_r58_BAG_L1"],"7":["ExtraTrees_r107_BAG_L1","NeuralNetTorch_r8_BAG_L1"],"8":["NeuralNetTorch_r125_BAG_L1","NeuralNetTorch_r139_BAG_L1"],"9":["NeuralNetTorch_r24_BAG_L1","RandomForest_r99_BAG_L1"],"10":["NeuralNetFastAI_r1_BAG_L1","NeuralNetTorch_r89_BAG_L1"],"11":["NeuralNetFastAI_r141_BAG_L1","XGBoost_r21_BAG_L1"],"12":["NeuralNetFastAI_r135_BAG_L1","NeuralNetTorch_r127_BAG_L1"],"13":["ExtraTrees_r113_BAG_L1","NeuralNetFastAI_r128_BAG_L1"],"14":["CatBoost_r25_BAG_L1","NeuralNetFastAI_r13_BAG_L1"],"15":["LightGBM_r127_BAG_L1","NeuralNetTorch_r85_BAG_L1"],"16":["NeuralNetTorch_r192_BAG_L1","RandomForest_r165_BAG_L1"],"17":["ExtraTrees_r136_BAG_L1","NeuralNetFastAI_r111_BAG_L1"],"18":["NeuralNetTorch_r2_BAG_L1","NeuralNetTorch_r3_BAG_L1"],"19":["ExtraTrees_r64_BAG_L1","NeuralNetFastAI_r25_BAG_L1"],"20":["NeuralNetTorch_r145_BAG_L1","RandomForest_r25_BAG_L1"],"21":["CatBoost_r106_BAG_L1","NeuralNetTorch_r166_BAG_L1"],"22":["FTTransformer_c1_BAG_L1","XGBoost_r40_BAG_L1"],"23":["NeuralNetFastAI_r190_BAG_L1","XGBoost_r101_BAG_L1"],"24":["LightGBM_r144_BAG_L1","NeuralNetTorch_r105_BAG_L1"],"25":["NeuralNetTorch_r120_BAG_L1","RandomForest_r139_BAG_L1"],"26":["FTTransformer_c2_BAG_L1","NeuralNetFastAI_r192_BAG_L1"],"27":["NeuralNetFastAI_r168_BAG_L1","RandomForest_r1_BAG_L1"],"28":["CatBoost_r90_BAG_L1","NeuralNetTorch_r177_BAG_L1"],"29":["NeuralNetTorch_r35_BAG_L1","NeuralNetTorch_r68_BAG_L1"],"30":["ExtraTrees_r137_BAG_L1","NeuralNetFastAI_r29_BAG_L1"],"31":["NeuralNetFastAI_r32_BAG_L1","RandomForest_r114_BAG_L1"],"32":["LightGBM_r33_BAG_L1","NeuralNetTorch_r156_BAG_L1"],"33":["NeuralNetFastAI_r51_BAG_L1","XGBoost_r176_BAG_L1"],"34":["LightGBM_r7_BAG_L1","NeuralNetTorch_r162_BAG_L1"],"35":["NeuralNetTorch_r30_BAG_L1","RandomForest_r44_BAG_L1"],"36":["LightGBM_r129_BAG_L1","NeuralNetFastAI_r150_BAG_L1"],"37":["NeuralNetFastAI_r86_BAG_L1","NeuralNetTorch_r108_BAG_L1"],"38":["NeuralNetTorch_r9_BAG_L1","RandomForest_r7_BAG_L1"],"39":["ExtraTrees_r57_BAG_L1","NeuralNetTorch_r19_BAG_L1"],"40":["CatBoost_r14_BAG_L1","NeuralNetTorch_r117_BAG_L1"],"41":["NeuralNetFastAI_r131_BAG_L1","XGBoost_r65_BAG_L1"],"42":["NeuralNetTorch_r135_BAG_L1","RandomForest_r115_BAG_L1"],"43":["NeuralNetTorch_r148_BAG_L1","XGBoost_r199_BAG_L1"],"44":["ExtraTrees_r54_BAG_L1","NeuralNetTorch_r53_BAG_L1"],"45":["CatBoost_r5_BAG_L1","NeuralNetFastAI_r34_BAG_L1"],"46":["NeuralNetFastAI_r124_BAG_L1","RandomForest_r117_BAG_L1"],"47":["LinearModel_r21_BAG_L1","NeuralNetFastAI_r94_BAG_L1"],"48":["LightGBM_r74_BAG_L1","NeuralNetFastAI_r178_BAG_L1"]},"weights":{"0":[0.5,0.5],"1":[0.5,0.5],"2":[0.5,0.5],"3":[0.5,0.5],"4":[0.5,0.5],"5":[0.5,0.5],"6":[0.5,0.5],"7":[0.5,0.5],"8":[0.5,0.5],"9":[0.5,0.5],"10":[0.5,0.5],"11":[0.5,0.5],"12":[0.5,0.5],"13":[0.5,0.5],"14":[0.5,0.5],"15":[0.5,0.5],"16":[0.5,0.5],"17":[0.5,0.5],"18":[0.5,0.5],"19":[0.5,0.5],"20":[0.5,0.5],"21":[0.5,0.5],"22":[0.5,0.5],"23":[0.5,0.5],"24":[0.5,0.5],"25":[0.5,0.5],"26":[0.5,0.5],"27":[0.5,0.5],"28":[0.5,0.5],"29":[0.5,0.5],"30":[0.5,0.5],"31":[0.5,0.5],"32":[0.5,0.5],"33":[0.5,0.5],"34":[0.5,0.5],"35":[0.5,0.5],"36":[0.5,0.5],"37":[0.5,0.5],"38":[0.5,0.5],"39":[0.5,0.5],"40":[0.5,0.5],"41":[0.5,0.5],"42":[0.5,0.5],"43":[0.5,0.5],"44":[0.5,0.5],"45":[0.5,0.5],"46":[0.5,0.5],"47":[0.5,0.5],"48":[0.5,0.5]},"meta":{"0":2,"1":2,"2":2,"3":2,"4":2,"5":2,"6":2,"7":2,"8":2,"9":2,"10":2,"11":2,"12":2,"13":2,"14":2,"15":2,"16":2,"17":2,"18":2,"19":2,"20":2,"21":2,"22":2,"23":2,"24":2,"25":2,"26":2,"27":2,"28":2,"29":2,"30":2,"31":2,"32":2,"33":2,"34":2,"35":2,"36":2,"37":2,"38":2,"39":2,"40":2,"41":2,"42":2,"43":2,"44":2,"45":2,"46":2,"47":2,"48":2},"task":{"0":"3549_2","1":"3549_2","2":"3549_2","3":"3549_2","4":"3549_2","5":"3549_2","6":"3549_2","7":"3549_2","8":"3549_2","9":"3549_2","10":"3549_2","11":"3549_2","12":"3549_2","13":"3549_2","14":"3549_2","15":"3549_2","16":"3549_2","17":"3549_2","18":"3549_2","19":"3549_2","20":"3549_2","21":"3549_2","22":"3549_2","23":"3549_2","24":"3549_2","25":"3549_2","26":"3549_2","27":"3549_2","28":"3549_2","29":"3549_2","30":"3549_2","31":"3549_2","32":"3549_2","33":"3549_2","34":"3549_2","35":"3549_2","36":"3549_2","37":"3549_2","38":"3549_2","39":"3549_2","40":"3549_2","41":"3549_2","42":"3549_2","43":"3549_2","44":"3549_2","45":"3549_2","46":"3549_2","47":"3549_2","48":"3549_2"},"dataset":{"0":"analcatdata_authorship","1":"analcatdata_authorship","2":"analcatdata_authorship","3":"analcatdata_authorship","4":"analcatdata_authorship","5":"analcatdata_authorship","6":"analcatdata_authorship","7":"analcatdata_authorship","8":"analcatdata_authorship","9":"analcatdata_authorship","10":"analcatdata_authorship","11":"analcatdata_authorship","12":"analcatdata_authorship","13":"analcatdata_authorship","14":"analcatdata_authorship","15":"analcatdata_authorship","16":"analcatdata_authorship","17":"analcatdata_authorship","18":"analcatdata_authorship","19":"analcatdata_authorship","20":"analcatdata_authorship","21":"analcatdata_authorship","22":"analcatdata_authorship","23":"analcatdata_authorship","24":"analcatdata_authorship","25":"analcatdata_authorship","26":"analcatdata_authorship","27":"analcatdata_authorship","28":"analcatdata_authorship","29":"analcatdata_authorship","30":"analcatdata_authorship","31":"analcatdata_authorship","32":"analcatdata_authorship","33":"analcatdata_authorship","34":"analcatdata_authorship","35":"analcatdata_authorship","36":"analcatdata_authorship","37":"analcatdata_authorship","38":"analcatdata_authorship","39":"analcatdata_authorship","40":"analcatdata_authorship","41":"analcatdata_authorship","42":"analcatdata_authorship","43":"analcatdata_authorship","44":"analcatdata_authorship","45":"analcatdata_authorship","46":"analcatdata_authorship","47":"analcatdata_authorship","48":"analcatdata_authorship"},"fold":{"0":2,"1":2,"2":2,"3":2,"4":2,"5":2,"6":2,"7":2,"8":2,"9":2,"10":2,"11":2,"12":2,"13":2,"14":2,"15":2,"16":2,"17":2,"18":2,"19":2,"20":2,"21":2,"22":2,"23":2,"24":2,"25":2,"26":2,"27":2,"28":2,"29":2,"30":2,"31":2,"32":2,"33":2,"34":2,"35":2,"36":2,"37":2,"38":2,"39":2,"40":2,"41":2,"42":2,"43":2,"44":2,"45":2,"46":2,"47":2,"48":2},"method":{"0":"QO","1":"QO","2":"QO","3":"QO","4":"QO","5":"QO","6":"QO","7":"QO","8":"QO","9":"QO","10":"QO","11":"QO","12":"QO","13":"QO","14":"QO","15":"QO","16":"QO","17":"QO","18":"QO","19":"QO","20":"QO","21":"QO","22":"QO","23":"QO","24":"QO","25":"QO","26":"QO","27":"QO","28":"QO","29":"QO","30":"QO","31":"QO","32":"QO","33":"QO","34":"QO","35":"QO","36":"QO","37":"QO","38":"QO","39":"QO","40":"QO","41":"QO","42":"QO","43":"QO","44":"QO","45":"QO","46":"QO","47":"QO","48":"QO"}}