{"name":{"0":"QO_0","1":"QO_1","2":"QO_2","3":"QO_3","4":"QO_4","5":"QO_5","6":"QO_6","7":"QO_7","8":"QO_8","9":"QO_9","10":"QO_10","11":"QO_11","12":"QO_12","13":"QO_13","14":"QO_14","15":"QO_15","16":"QO_16","17":"QO_17","18":"QO_18","19":"QO_19","20":"QO_20","21":"QO_21","22":"QO_22","23":"QO_23","24":"QO_24","25":"QO_25","26":"QO_26","27":"QO_27","28":"QO_28","29":"QO_29","30":"QO_30","31":"QO_31","32":"QO_32","33":"QO_33","34":"QO_34","35":"QO_35","36":"QO_36","37":"QO_37","38":"QO_38","39":"QO_39","40":"QO_40","41":"QO_41","42":"QO_42","43":"QO_43","44":"QO_44","45":"QO_45","46":"QO_46","47":"QO_47","48":"QO_48"},"roc_auc_val":{"0":0.9911955538,"1":0.9912005563,"2":0.9911955538,"3":0.9911855487,"4":0.9911855487,"5":0.9912055588,"6":0.9911905512,"7":0.9911855487,"8":0.9911855487,"9":0.9911955538,"10":0.9911855487,"11":0.9911805462,"12":0.9911955538,"13":0.9911905512,"14":0.9911955538,"15":0.9912205664,"16":0.9911905512,"17":0.9912105613,"18":0.9911955538,"19":0.9912205664,"20":0.9911955538,"21":0.9911755436,"22":0.9911755436,"23":0.9911805462,"24":0.9912305714,"25":0.9912255689,"26":0.9912205664,"27":0.9911855487,"28":0.9912205664,"29":0.9911955538,"30":0.9911805462,"31":0.9912055588,"32":0.9911755436,"33":0.9912055588,"34":0.9911905512,"35":0.9911955538,"36":0.9911855487,"37":0.9911905512,"38":0.9911905512,"39":0.9911855487,"40":0.9911905512,"41":0.9911905512,"42":0.9911905512,"43":0.9911905512,"44":0.9911955538,"45":0.9911955538,"46":0.9911905512,"47":0.9911805462,"48":0.9912005563},"roc_auc_test":{"0":0.9472402597,"1":0.9472402597,"2":0.9484577922,"3":0.9480519481,"4":0.9480519481,"5":0.9472402597,"6":0.9484577922,"7":0.9476461039,"8":0.9472402597,"9":0.9468344156,"10":0.9472402597,"11":0.9476461039,"12":0.9472402597,"13":0.9488636364,"14":0.9472402597,"15":0.9480519481,"16":0.9480519481,"17":0.9484577922,"18":0.9472402597,"19":0.9472402597,"20":0.9468344156,"21":0.9480519481,"22":0.9472402597,"23":0.9484577922,"24":0.9480519481,"25":0.9472402597,"26":0.9480519481,"27":0.9480519481,"28":0.9472402597,"29":0.9472402597,"30":0.9492694805,"31":0.9480519481,"32":0.9476461039,"33":0.9480519481,"34":0.9480519481,"35":0.9480519481,"36":0.9484577922,"37":0.9472402597,"38":0.9476461039,"39":0.9472402597,"40":0.9472402597,"41":0.9472402597,"42":0.9476461039,"43":0.9476461039,"44":0.9472402597,"45":0.9488636364,"46":0.9480519481,"47":0.9476461039,"48":0.9468344156},"models_used":{"0":["CatBoost_r187_BAG_L1","CatBoost_r22_BAG_L1","CatBoost_r25_BAG_L1","CatBoost_r39_BAG_L1","CatBoost_r98_BAG_L1","ExtraTrees_r183_BAG_L1","FTTransformer_c2_BAG_L1","LightGBM_r129_BAG_L1","LightGBM_r143_BAG_L1","LightGBM_r145_BAG_L1","LightGBM_r22_BAG_L1","LightGBM_r94_BAG_L1","NeuralNetFastAI_r127_BAG_L1","NeuralNetFastAI_r134_BAG_L1","NeuralNetFastAI_r13_BAG_L1","NeuralNetFastAI_r145_BAG_L1","NeuralNetFastAI_r150_BAG_L1","NeuralNetFastAI_r32_BAG_L1","NeuralNetFastAI_r74_BAG_L1","NeuralNetTorch_r102_BAG_L1","NeuralNetTorch_r114_BAG_L1","NeuralNetTorch_r148_BAG_L1","NeuralNetTorch_r158_BAG_L1","NeuralNetTorch_r159_BAG_L1","NeuralNetTorch_r189_BAG_L1","NeuralNetTorch_r31_BAG_L1","NeuralNetTorch_r65_BAG_L1","RandomForest_r164_BAG_L1","RandomForest_r175_BAG_L1"],"1":["CatBoost_r187_BAG_L1","CatBoost_r22_BAG_L1","CatBoost_r25_BAG_L1","CatBoost_r39_BAG_L1","CatBoost_r98_BAG_L1","ExtraTrees_r183_BAG_L1","FTTransformer_c2_BAG_L1","LightGBM_r129_BAG_L1","LightGBM_r143_BAG_L1","LightGBM_r145_BAG_L1","LightGBM_r22_BAG_L1","LightGBM_r94_BAG_L1","NeuralNetFastAI_r127_BAG_L1","NeuralNetFastAI_r134_BAG_L1","NeuralNetFastAI_r13_BAG_L1","NeuralNetFastAI_r145_BAG_L1","NeuralNetFastAI_r150_BAG_L1","NeuralNetFastAI_r32_BAG_L1","NeuralNetFastAI_r74_BAG_L1","NeuralNetTorch_r102_BAG_L1","NeuralNetTorch_r114_BAG_L1","NeuralNetTorch_r148_BAG_L1","NeuralNetTorch_r158_BAG_L1","NeuralNetTorch_r159_BAG_L1","NeuralNetTorch_r189_BAG_L1","NeuralNetTorch_r31_BAG_L1","NeuralNetTorch_r65_BAG_L1","RandomForest_r164_BAG_L1","RandomForest_r63_BAG_L1"],"2":["CatBoost_r187_BAG_L1","CatBoost_r22_BAG_L1","CatBoost_r25_BAG_L1","CatBoost_r39_BAG_L1","CatBoost_r98_BAG_L1","ExtraTrees_r183_BAG_L1","FTTransformer_c2_BAG_L1","LightGBM_r129_BAG_L1","LightGBM_r143_BAG_L1","LightGBM_r145_BAG_L1","LightGBM_r22_BAG_L1","LightGBM_r94_BAG_L1","NeuralNetFastAI_r127_BAG_L1","NeuralNetFastAI_r134_BAG_L1","NeuralNetFastAI_r13_BAG_L1","NeuralNetFastAI_r145_BAG_L1","NeuralNetFastAI_r150_BAG_L1","NeuralNetFastAI_r74_BAG_L1","NeuralNetTorch_r102_BAG_L1","NeuralNetTorch_r114_BAG_L1","NeuralNetTorch_r148_BAG_L1","NeuralNetTorch_r158_BAG_L1","NeuralNetTorch_r159_BAG_L1","NeuralNetTorch_r31_BAG_L1","RandomForest_r164_BAG_L1"],"3":["CatBoost_r187_BAG_L1","CatBoost_r22_BAG_L1","CatBoost_r25_BAG_L1","CatBoost_r39_BAG_L1","CatBoost_r98_BAG_L1","ExtraTrees_r183_BAG_L1","FTTransformer_c2_BAG_L1","LightGBM_r129_BAG_L1","LightGBM_r143_BAG_L1","LightGBM_r145_BAG_L1","LightGBM_r22_BAG_L1","LightGBM_r94_BAG_L1","NeuralNetFastAI_r127_BAG_L1","NeuralNetFastAI_r134_BAG_L1","NeuralNetFastAI_r13_BAG_L1","NeuralNetFastAI_r145_BAG_L1","NeuralNetFastAI_r150_BAG_L1","NeuralNetFastAI_r32_BAG_L1","NeuralNetFastAI_r74_BAG_L1","NeuralNetTorch_r102_BAG_L1","NeuralNetTorch_r114_BAG_L1","NeuralNetTorch_r148_BAG_L1","NeuralNetTorch_r158_BAG_L1","NeuralNetTorch_r159_BAG_L1","NeuralNetTorch_r189_BAG_L1","NeuralNetTorch_r31_BAG_L1","NeuralNetTorch_r65_BAG_L1","RandomForest_r164_BAG_L1","RandomForest_r32_BAG_L1"],"4":["CatBoost_r158_BAG_L1","CatBoost_r187_BAG_L1","CatBoost_r22_BAG_L1","CatBoost_r25_BAG_L1","CatBoost_r39_BAG_L1","CatBoost_r98_BAG_L1","ExtraTrees_r183_BAG_L1","FTTransformer_c2_BAG_L1","LightGBM_r129_BAG_L1","LightGBM_r143_BAG_L1","LightGBM_r145_BAG_L1","LightGBM_r22_BAG_L1","LightGBM_r94_BAG_L1","NeuralNetFastAI_r127_BAG_L1","NeuralNetFastAI_r134_BAG_L1","NeuralNetFastAI_r13_BAG_L1","NeuralNetFastAI_r145_BAG_L1","NeuralNetFastAI_r150_BAG_L1","NeuralNetFastAI_r32_BAG_L1","NeuralNetFastAI_r74_BAG_L1","NeuralNetTorch_r102_BAG_L1","NeuralNetTorch_r114_BAG_L1","NeuralNetTorch_r148_BAG_L1","NeuralNetTorch_r158_BAG_L1","NeuralNetTorch_r159_BAG_L1","NeuralNetTorch_r189_BAG_L1","NeuralNetTorch_r31_BAG_L1","NeuralNetTorch_r65_BAG_L1","RandomForest_r164_BAG_L1"],"5":["CatBoost_r187_BAG_L1","CatBoost_r22_BAG_L1","CatBoost_r25_BAG_L1","CatBoost_r39_BAG_L1","CatBoost_r98_BAG_L1","ExtraTrees_r183_BAG_L1","FTTransformer_c2_BAG_L1","LightGBM_r129_BAG_L1","LightGBM_r143_BAG_L1","LightGBM_r145_BAG_L1","LightGBM_r22_BAG_L1","LightGBM_r94_BAG_L1","NeuralNetFastAI_r127_BAG_L1","NeuralNetFastAI_r134_BAG_L1","NeuralNetFastAI_r13_BAG_L1","NeuralNetFastAI_r145_BAG_L1","NeuralNetFastAI_r150_BAG_L1","NeuralNetFastAI_r32_BAG_L1","NeuralNetFastAI_r74_BAG_L1","NeuralNetTorch_r102_BAG_L1","NeuralNetTorch_r114_BAG_L1","NeuralNetTorch_r148_BAG_L1","NeuralNetTorch_r158_BAG_L1","NeuralNetTorch_r159_BAG_L1","NeuralNetTorch_r31_BAG_L1","NeuralNetTorch_r65_BAG_L1","RandomForest_r164_BAG_L1","RandomForest_r63_BAG_L1"],"6":["CatBoost_r187_BAG_L1","CatBoost_r22_BAG_L1","CatBoost_r25_BAG_L1","CatBoost_r39_BAG_L1","CatBoost_r98_BAG_L1","ExtraTrees_r183_BAG_L1","FTTransformer_c1_BAG_L1","FTTransformer_c2_BAG_L1","LightGBM_r129_BAG_L1","LightGBM_r143_BAG_L1","LightGBM_r145_BAG_L1","LightGBM_r22_BAG_L1","LightGBM_r94_BAG_L1","NeuralNetFastAI_r127_BAG_L1","NeuralNetFastAI_r134_BAG_L1","NeuralNetFastAI_r13_BAG_L1","NeuralNetFastAI_r145_BAG_L1","NeuralNetFastAI_r150_BAG_L1","NeuralNetFastAI_r32_BAG_L1","NeuralNetFastAI_r74_BAG_L1","NeuralNetTorch_r102_BAG_L1","NeuralNetTorch_r114_BAG_L1","NeuralNetTorch_r148_BAG_L1","NeuralNetTorch_r158_BAG_L1","NeuralNetTorch_r159_BAG_L1","NeuralNetTorch_r189_BAG_L1","NeuralNetTorch_r31_BAG_L1","NeuralNetTorch_r65_BAG_L1","RandomForest_r164_BAG_L1","RandomForest_r86_BAG_L1"],"7":["CatBoost_r187_BAG_L1","CatBoost_r22_BAG_L1","CatBoost_r25_BAG_L1","CatBoost_r39_BAG_L1","CatBoost_r98_BAG_L1","ExtraTrees_r183_BAG_L1","ExtraTrees_r197_BAG_L1","FTTransformer_c2_BAG_L1","LightGBM_r129_BAG_L1","LightGBM_r143_BAG_L1","LightGBM_r145_BAG_L1","LightGBM_r22_BAG_L1","LightGBM_r94_BAG_L1","NeuralNetFastAI_r127_BAG_L1","NeuralNetFastAI_r134_BAG_L1","NeuralNetFastAI_r13_BAG_L1","NeuralNetFastAI_r145_BAG_L1","NeuralNetFastAI_r150_BAG_L1","NeuralNetFastAI_r32_BAG_L1","NeuralNetFastAI_r74_BAG_L1","NeuralNetTorch_r102_BAG_L1","NeuralNetTorch_r114_BAG_L1","NeuralNetTorch_r148_BAG_L1","NeuralNetTorch_r158_BAG_L1","NeuralNetTorch_r159_BAG_L1","NeuralNetTorch_r189_BAG_L1","NeuralNetTorch_r31_BAG_L1","NeuralNetTorch_r65_BAG_L1","RandomForest_r164_BAG_L1"],"8":["CatBoost_r187_BAG_L1","CatBoost_r22_BAG_L1","CatBoost_r25_BAG_L1","CatBoost_r39_BAG_L1","CatBoost_r98_BAG_L1","ExtraTrees_r183_BAG_L1","ExtraTrees_r195_BAG_L1","FTTransformer_c2_BAG_L1","LightGBM_r129_BAG_L1","LightGBM_r143_BAG_L1","LightGBM_r145_BAG_L1","LightGBM_r22_BAG_L1","LightGBM_r94_BAG_L1","NeuralNetFastAI_r127_BAG_L1","NeuralNetFastAI_r134_BAG_L1","NeuralNetFastAI_r13_BAG_L1","NeuralNetFastAI_r145_BAG_L1","NeuralNetFastAI_r150_BAG_L1","NeuralNetFastAI_r32_BAG_L1","NeuralNetFastAI_r74_BAG_L1","NeuralNetTorch_r102_BAG_L1","NeuralNetTorch_r114_BAG_L1","NeuralNetTorch_r148_BAG_L1","NeuralNetTorch_r158_BAG_L1","NeuralNetTorch_r159_BAG_L1","NeuralNetTorch_r189_BAG_L1","NeuralNetTorch_r31_BAG_L1","NeuralNetTorch_r65_BAG_L1","RandomForest_r164_BAG_L1"],"9":["CatBoost_r187_BAG_L1","CatBoost_r22_BAG_L1","CatBoost_r25_BAG_L1","CatBoost_r39_BAG_L1","CatBoost_r98_BAG_L1","ExtraTrees_r131_BAG_L1","ExtraTrees_r183_BAG_L1","FTTransformer_c2_BAG_L1","LightGBM_r129_BAG_L1","LightGBM_r143_BAG_L1","LightGBM_r145_BAG_L1","LightGBM_r22_BAG_L1","LightGBM_r94_BAG_L1","NeuralNetFastAI_r127_BAG_L1","NeuralNetFastAI_r134_BAG_L1","NeuralNetFastAI_r13_BAG_L1","NeuralNetFastAI_r145_BAG_L1","NeuralNetFastAI_r150_BAG_L1","NeuralNetFastAI_r32_BAG_L1","NeuralNetFastAI_r74_BAG_L1","NeuralNetTorch_r102_BAG_L1","NeuralNetTorch_r114_BAG_L1","NeuralNetTorch_r148_BAG_L1","NeuralNetTorch_r158_BAG_L1","NeuralNetTorch_r159_BAG_L1","NeuralNetTorch_r189_BAG_L1","NeuralNetTorch_r31_BAG_L1","NeuralNetTorch_r65_BAG_L1","RandomForest_r164_BAG_L1"],"10":["CatBoost_r187_BAG_L1","CatBoost_r22_BAG_L1","CatBoost_r25_BAG_L1","CatBoost_r39_BAG_L1","CatBoost_r98_BAG_L1","ExtraTrees_r183_BAG_L1","FTTransformer_c2_BAG_L1","LightGBM_r129_BAG_L1","LightGBM_r143_BAG_L1","LightGBM_r145_BAG_L1","LightGBM_r190_BAG_L1","LightGBM_r22_BAG_L1","LightGBM_r94_BAG_L1","NeuralNetFastAI_r127_BAG_L1","NeuralNetFastAI_r134_BAG_L1","NeuralNetFastAI_r13_BAG_L1","NeuralNetFastAI_r145_BAG_L1","NeuralNetFastAI_r150_BAG_L1","NeuralNetFastAI_r32_BAG_L1","NeuralNetFastAI_r74_BAG_L1","NeuralNetTorch_r102_BAG_L1","NeuralNetTorch_r114_BAG_L1","NeuralNetTorch_r148_BAG_L1","NeuralNetTorch_r158_BAG_L1","NeuralNetTorch_r159_BAG_L1","NeuralNetTorch_r31_BAG_L1","NeuralNetTorch_r65_BAG_L1","NeuralNetTorch_r69_BAG_L1","RandomForest_r164_BAG_L1"],"11":["CatBoost_r187_BAG_L1","CatBoost_r22_BAG_L1","CatBoost_r25_BAG_L1","CatBoost_r39_BAG_L1","CatBoost_r98_BAG_L1","ExtraTrees_r183_BAG_L1","FTTransformer_c2_BAG_L1","LightGBM_r129_BAG_L1","LightGBM_r143_BAG_L1","LightGBM_r145_BAG_L1","LightGBM_r22_BAG_L1","LightGBM_r43_BAG_L1","LightGBM_r94_BAG_L1","NeuralNetFastAI_r127_BAG_L1","NeuralNetFastAI_r134_BAG_L1","NeuralNetFastAI_r13_BAG_L1","NeuralNetFastAI_r145_BAG_L1","NeuralNetFastAI_r150_BAG_L1","NeuralNetFastAI_r32_BAG_L1","NeuralNetFastAI_r74_BAG_L1","NeuralNetTorch_r102_BAG_L1","NeuralNetTorch_r114_BAG_L1","NeuralNetTorch_r148_BAG_L1","NeuralNetTorch_r158_BAG_L1","NeuralNetTorch_r159_BAG_L1","NeuralNetTorch_r189_BAG_L1","NeuralNetTorch_r31_BAG_L1","NeuralNetTorch_r65_BAG_L1","RandomForest_r164_BAG_L1"],"12":["CatBoost_r187_BAG_L1","CatBoost_r22_BAG_L1","CatBoost_r25_BAG_L1","CatBoost_r39_BAG_L1","CatBoost_r98_BAG_L1","ExtraTrees_r183_BAG_L1","FTTransformer_c2_BAG_L1","LightGBM_r129_BAG_L1","LightGBM_r143_BAG_L1","LightGBM_r145_BAG_L1","LightGBM_r22_BAG_L1","LightGBM_r94_BAG_L1","NeuralNetFastAI_r127_BAG_L1","NeuralNetFastAI_r134_BAG_L1","NeuralNetFastAI_r13_BAG_L1","NeuralNetFastAI_r145_BAG_L1","NeuralNetFastAI_r150_BAG_L1","NeuralNetFastAI_r32_BAG_L1","NeuralNetFastAI_r74_BAG_L1","NeuralNetTorch_r102_BAG_L1","NeuralNetTorch_r114_BAG_L1","NeuralNetTorch_r148_BAG_L1","NeuralNetTorch_r158_BAG_L1","NeuralNetTorch_r159_BAG_L1","NeuralNetTorch_r31_BAG_L1","NeuralNetTorch_r88_BAG_L1","RandomForest_r164_BAG_L1"],"13":["CatBoost_r187_BAG_L1","CatBoost_r193_BAG_L1","CatBoost_r22_BAG_L1","CatBoost_r25_BAG_L1","CatBoost_r39_BAG_L1","CatBoost_r98_BAG_L1","ExtraTrees_r183_BAG_L1","FTTransformer_c2_BAG_L1","LightGBM_r129_BAG_L1","LightGBM_r143_BAG_L1","LightGBM_r145_BAG_L1","LightGBM_r22_BAG_L1","LightGBM_r94_BAG_L1","NeuralNetFastAI_r127_BAG_L1","NeuralNetFastAI_r134_BAG_L1","NeuralNetFastAI_r13_BAG_L1","NeuralNetFastAI_r145_BAG_L1","NeuralNetFastAI_r150_BAG_L1","NeuralNetFastAI_r32_BAG_L1","NeuralNetFastAI_r74_BAG_L1","NeuralNetTorch_r102_BAG_L1","NeuralNetTorch_r114_BAG_L1","NeuralNetTorch_r148_BAG_L1","NeuralNetTorch_r158_BAG_L1","NeuralNetTorch_r159_BAG_L1","NeuralNetTorch_r189_BAG_L1","NeuralNetTorch_r31_BAG_L1","NeuralNetTorch_r65_BAG_L1","RandomForest_r164_BAG_L1"],"14":["CatBoost_r187_BAG_L1","CatBoost_r22_BAG_L1","CatBoost_r25_BAG_L1","CatBoost_r39_BAG_L1","CatBoost_r98_BAG_L1","ExtraTrees_r183_BAG_L1","FTTransformer_c2_BAG_L1","LightGBM_r129_BAG_L1","LightGBM_r143_BAG_L1","LightGBM_r145_BAG_L1","LightGBM_r22_BAG_L1","LightGBM_r94_BAG_L1","NeuralNetFastAI_r127_BAG_L1","NeuralNetFastAI_r134_BAG_L1","NeuralNetFastAI_r13_BAG_L1","NeuralNetFastAI_r145_BAG_L1","NeuralNetFastAI_r150_BAG_L1","NeuralNetFastAI_r32_BAG_L1","NeuralNetFastAI_r74_BAG_L1","NeuralNetTorch_r102_BAG_L1","NeuralNetTorch_r114_BAG_L1","NeuralNetTorch_r148_BAG_L1","NeuralNetTorch_r158_BAG_L1","NeuralNetTorch_r159_BAG_L1","NeuralNetTorch_r189_BAG_L1","NeuralNetTorch_r31_BAG_L1","NeuralNetTorch_r65_BAG_L1","RandomForest_r164_BAG_L1","RandomForest_r31_BAG_L1"],"15":["CatBoost_r187_BAG_L1","CatBoost_r22_BAG_L1","CatBoost_r25_BAG_L1","CatBoost_r39_BAG_L1","CatBoost_r98_BAG_L1","ExtraTrees_r183_BAG_L1","FTTransformer_c2_BAG_L1","LightGBM_r129_BAG_L1","LightGBM_r13_BAG_L1","LightGBM_r143_BAG_L1","LightGBM_r145_BAG_L1","LightGBM_r22_BAG_L1","LightGBM_r94_BAG_L1","NeuralNetFastAI_r127_BAG_L1","NeuralNetFastAI_r134_BAG_L1","NeuralNetFastAI_r13_BAG_L1","NeuralNetFastAI_r145_BAG_L1","NeuralNetFastAI_r150_BAG_L1","NeuralNetFastAI_r32_BAG_L1","NeuralNetFastAI_r74_BAG_L1","NeuralNetTorch_r102_BAG_L1","NeuralNetTorch_r114_BAG_L1","NeuralNetTorch_r148_BAG_L1","NeuralNetTorch_r158_BAG_L1","NeuralNetTorch_r159_BAG_L1","NeuralNetTorch_r189_BAG_L1","NeuralNetTorch_r31_BAG_L1","NeuralNetTorch_r65_BAG_L1","RandomForest_r164_BAG_L1"],"16":["CatBoost_r130_BAG_L1","CatBoost_r187_BAG_L1","CatBoost_r22_BAG_L1","CatBoost_r25_BAG_L1","CatBoost_r39_BAG_L1","CatBoost_r98_BAG_L1","ExtraTrees_r183_BAG_L1","FTTransformer_c2_BAG_L1","LightGBM_r129_BAG_L1","LightGBM_r143_BAG_L1","LightGBM_r145_BAG_L1","LightGBM_r22_BAG_L1","LightGBM_r94_BAG_L1","NeuralNetFastAI_r127_BAG_L1","NeuralNetFastAI_r134_BAG_L1","NeuralNetFastAI_r13_BAG_L1","NeuralNetFastAI_r145_BAG_L1","NeuralNetFastAI_r150_BAG_L1","NeuralNetFastAI_r32_BAG_L1","NeuralNetFastAI_r74_BAG_L1","NeuralNetTorch_r102_BAG_L1","NeuralNetTorch_r114_BAG_L1","NeuralNetTorch_r148_BAG_L1","NeuralNetTorch_r158_BAG_L1","NeuralNetTorch_r159_BAG_L1","NeuralNetTorch_r189_BAG_L1","NeuralNetTorch_r31_BAG_L1","NeuralNetTorch_r65_BAG_L1","RandomForest_r164_BAG_L1"],"17":["CatBoost_r187_BAG_L1","CatBoost_r22_BAG_L1","CatBoost_r25_BAG_L1","CatBoost_r39_BAG_L1","CatBoost_r77_BAG_L1","CatBoost_r98_BAG_L1","ExtraTrees_r183_BAG_L1","FTTransformer_c2_BAG_L1","LightGBM_r129_BAG_L1","LightGBM_r143_BAG_L1","LightGBM_r145_BAG_L1","LightGBM_r22_BAG_L1","LightGBM_r94_BAG_L1","NeuralNetFastAI_r127_BAG_L1","NeuralNetFastAI_r134_BAG_L1","NeuralNetFastAI_r13_BAG_L1","NeuralNetFastAI_r145_BAG_L1","NeuralNetFastAI_r150_BAG_L1","NeuralNetFastAI_r32_BAG_L1","NeuralNetFastAI_r74_BAG_L1","NeuralNetTorch_r102_BAG_L1","NeuralNetTorch_r114_BAG_L1","NeuralNetTorch_r148_BAG_L1","NeuralNetTorch_r158_BAG_L1","NeuralNetTorch_r159_BAG_L1","NeuralNetTorch_r189_BAG_L1","NeuralNetTorch_r31_BAG_L1","NeuralNetTorch_r65_BAG_L1","RandomForest_r164_BAG_L1"],"18":["CatBoost_r187_BAG_L1","CatBoost_r22_BAG_L1","CatBoost_r25_BAG_L1","CatBoost_r39_BAG_L1","CatBoost_r98_BAG_L1","ExtraTrees_r183_BAG_L1","FTTransformer_c2_BAG_L1","LightGBM_r129_BAG_L1","LightGBM_r143_BAG_L1","LightGBM_r145_BAG_L1","LightGBM_r22_BAG_L1","LightGBM_r94_BAG_L1","NeuralNetFastAI_r127_BAG_L1","NeuralNetFastAI_r134_BAG_L1","NeuralNetFastAI_r13_BAG_L1","NeuralNetFastAI_r145_BAG_L1","NeuralNetFastAI_r150_BAG_L1","NeuralNetFastAI_r32_BAG_L1","NeuralNetFastAI_r74_BAG_L1","NeuralNetTorch_r102_BAG_L1","NeuralNetTorch_r114_BAG_L1","NeuralNetTorch_r148_BAG_L1","NeuralNetTorch_r158_BAG_L1","NeuralNetTorch_r159_BAG_L1","NeuralNetTorch_r189_BAG_L1","NeuralNetTorch_r31_BAG_L1","NeuralNetTorch_r65_BAG_L1","RandomForest_r164_BAG_L1","RandomForest_r95_BAG_L1"],"19":["CatBoost_r187_BAG_L1","CatBoost_r22_BAG_L1","CatBoost_r25_BAG_L1","CatBoost_r39_BAG_L1","CatBoost_r98_BAG_L1","ExtraTrees_r183_BAG_L1","FTTransformer_c2_BAG_L1","LightGBM_r129_BAG_L1","LightGBM_r143_BAG_L1","LightGBM_r145_BAG_L1","LightGBM_r22_BAG_L1","LightGBM_r94_BAG_L1","NeuralNetFastAI_r127_BAG_L1","NeuralNetFastAI_r134_BAG_L1","NeuralNetFastAI_r13_BAG_L1","NeuralNetFastAI_r145_BAG_L1","NeuralNetFastAI_r150_BAG_L1","NeuralNetFastAI_r32_BAG_L1","NeuralNetFastAI_r74_BAG_L1","NeuralNetTorch_r102_BAG_L1","NeuralNetTorch_r114_BAG_L1","NeuralNetTorch_r148_BAG_L1","NeuralNetTorch_r158_BAG_L1","NeuralNetTorch_r159_BAG_L1","NeuralNetTorch_r189_BAG_L1","NeuralNetTorch_r31_BAG_L1","NeuralNetTorch_r65_BAG_L1","NeuralNetTorch_r88_BAG_L1","RandomForest_r164_BAG_L1"],"20":["CatBoost_r187_BAG_L1","CatBoost_r22_BAG_L1","CatBoost_r25_BAG_L1","CatBoost_r39_BAG_L1","CatBoost_r98_BAG_L1","ExtraTrees_r183_BAG_L1","FTTransformer_c2_BAG_L1","LightGBM_r129_BAG_L1","LightGBM_r143_BAG_L1","LightGBM_r145_BAG_L1","LightGBM_r190_BAG_L1","LightGBM_r22_BAG_L1","LightGBM_r94_BAG_L1","NeuralNetFastAI_r127_BAG_L1","NeuralNetFastAI_r134_BAG_L1","NeuralNetFastAI_r13_BAG_L1","NeuralNetFastAI_r145_BAG_L1","NeuralNetFastAI_r150_BAG_L1","NeuralNetFastAI_r32_BAG_L1","NeuralNetFastAI_r74_BAG_L1","NeuralNetTorch_r102_BAG_L1","NeuralNetTorch_r114_BAG_L1","NeuralNetTorch_r128_BAG_L1","NeuralNetTorch_r148_BAG_L1","NeuralNetTorch_r158_BAG_L1","NeuralNetTorch_r159_BAG_L1","NeuralNetTorch_r189_BAG_L1","NeuralNetTorch_r31_BAG_L1","NeuralNetTorch_r65_BAG_L1","NeuralNetTorch_r69_BAG_L1","RandomForest_r164_BAG_L1"],"21":["CatBoost_r187_BAG_L1","CatBoost_r22_BAG_L1","CatBoost_r25_BAG_L1","CatBoost_r39_BAG_L1","CatBoost_r98_BAG_L1","ExtraTrees_r183_BAG_L1","FTTransformer_c2_BAG_L1","LightGBM_r129_BAG_L1","LightGBM_r143_BAG_L1","LightGBM_r145_BAG_L1","LightGBM_r22_BAG_L1","LightGBM_r94_BAG_L1","NeuralNetFastAI_r127_BAG_L1","NeuralNetFastAI_r134_BAG_L1","NeuralNetFastAI_r13_BAG_L1","NeuralNetFastAI_r145_BAG_L1","NeuralNetFastAI_r150_BAG_L1","NeuralNetFastAI_r32_BAG_L1","NeuralNetFastAI_r74_BAG_L1","NeuralNetTorch_r102_BAG_L1","NeuralNetTorch_r114_BAG_L1","NeuralNetTorch_r148_BAG_L1","NeuralNetTorch_r158_BAG_L1","NeuralNetTorch_r159_BAG_L1","NeuralNetTorch_r189_BAG_L1","NeuralNetTorch_r31_BAG_L1","NeuralNetTorch_r65_BAG_L1","RandomForest_r164_BAG_L1","RandomForest_r95_BAG_L1"],"22":["CatBoost_r187_BAG_L1","CatBoost_r22_BAG_L1","CatBoost_r25_BAG_L1","CatBoost_r39_BAG_L1","CatBoost_r96_BAG_L1","CatBoost_r98_BAG_L1","ExtraTrees_r183_BAG_L1","FTTransformer_c2_BAG_L1","LightGBM_r129_BAG_L1","LightGBM_r143_BAG_L1","LightGBM_r145_BAG_L1","LightGBM_r22_BAG_L1","LightGBM_r94_BAG_L1","NeuralNetFastAI_r127_BAG_L1","NeuralNetFastAI_r134_BAG_L1","NeuralNetFastAI_r13_BAG_L1","NeuralNetFastAI_r145_BAG_L1","NeuralNetFastAI_r150_BAG_L1","NeuralNetFastAI_r32_BAG_L1","NeuralNetFastAI_r74_BAG_L1","NeuralNetTorch_r102_BAG_L1","NeuralNetTorch_r114_BAG_L1","NeuralNetTorch_r148_BAG_L1","NeuralNetTorch_r158_BAG_L1","NeuralNetTorch_r159_BAG_L1","NeuralNetTorch_r189_BAG_L1","NeuralNetTorch_r31_BAG_L1","NeuralNetTorch_r65_BAG_L1","RandomForest_r164_BAG_L1"],"23":["CatBoost_r187_BAG_L1","CatBoost_r22_BAG_L1","CatBoost_r25_BAG_L1","CatBoost_r39_BAG_L1","CatBoost_r41_BAG_L1","CatBoost_r98_BAG_L1","ExtraTrees_r183_BAG_L1","FTTransformer_c2_BAG_L1","LightGBM_r129_BAG_L1","LightGBM_r143_BAG_L1","LightGBM_r145_BAG_L1","LightGBM_r22_BAG_L1","LightGBM_r94_BAG_L1","NeuralNetFastAI_r127_BAG_L1","NeuralNetFastAI_r134_BAG_L1","NeuralNetFastAI_r13_BAG_L1","NeuralNetFastAI_r145_BAG_L1","NeuralNetFastAI_r150_BAG_L1","NeuralNetFastAI_r32_BAG_L1","NeuralNetFastAI_r74_BAG_L1","NeuralNetTorch_r102_BAG_L1","NeuralNetTorch_r114_BAG_L1","NeuralNetTorch_r148_BAG_L1","NeuralNetTorch_r158_BAG_L1","NeuralNetTorch_r159_BAG_L1","NeuralNetTorch_r189_BAG_L1","NeuralNetTorch_r31_BAG_L1","NeuralNetTorch_r65_BAG_L1","RandomForest_r164_BAG_L1"],"24":["CatBoost_r187_BAG_L1","CatBoost_r22_BAG_L1","CatBoost_r25_BAG_L1","CatBoost_r39_BAG_L1","CatBoost_r98_BAG_L1","ExtraTrees_r183_BAG_L1","FTTransformer_c2_BAG_L1","LightGBM_r129_BAG_L1","LightGBM_r143_BAG_L1","LightGBM_r145_BAG_L1","LightGBM_r22_BAG_L1","LightGBM_r94_BAG_L1","NeuralNetFastAI_r127_BAG_L1","NeuralNetFastAI_r134_BAG_L1","NeuralNetFastAI_r13_BAG_L1","NeuralNetFastAI_r145_BAG_L1","NeuralNetFastAI_r150_BAG_L1","NeuralNetFastAI_r32_BAG_L1","NeuralNetFastAI_r74_BAG_L1","NeuralNetTorch_r102_BAG_L1","NeuralNetTorch_r114_BAG_L1","NeuralNetTorch_r148_BAG_L1","NeuralNetTorch_r158_BAG_L1","NeuralNetTorch_r159_BAG_L1","NeuralNetTorch_r189_BAG_L1","NeuralNetTorch_r31_BAG_L1","NeuralNetTorch_r65_BAG_L1","RandomForest_r164_BAG_L1"],"25":["CatBoost_r187_BAG_L1","CatBoost_r22_BAG_L1","CatBoost_r25_BAG_L1","CatBoost_r39_BAG_L1","CatBoost_r98_BAG_L1","ExtraTrees_r183_BAG_L1","FTTransformer_c2_BAG_L1","LightGBM_r129_BAG_L1","LightGBM_r143_BAG_L1","LightGBM_r145_BAG_L1","LightGBM_r22_BAG_L1","LightGBM_r94_BAG_L1","NeuralNetFastAI_r127_BAG_L1","NeuralNetFastAI_r134_BAG_L1","NeuralNetFastAI_r13_BAG_L1","NeuralNetFastAI_r145_BAG_L1","NeuralNetFastAI_r150_BAG_L1","NeuralNetFastAI_r32_BAG_L1","NeuralNetFastAI_r74_BAG_L1","NeuralNetTorch_r102_BAG_L1","NeuralNetTorch_r114_BAG_L1","NeuralNetTorch_r148_BAG_L1","NeuralNetTorch_r158_BAG_L1","NeuralNetTorch_r159_BAG_L1","NeuralNetTorch_r189_BAG_L1","NeuralNetTorch_r31_BAG_L1","NeuralNetTorch_r65_BAG_L1","RandomForest_r122_BAG_L1","RandomForest_r164_BAG_L1"],"26":["CatBoost_r187_BAG_L1","CatBoost_r22_BAG_L1","CatBoost_r25_BAG_L1","CatBoost_r39_BAG_L1","CatBoost_r98_BAG_L1","ExtraTrees_r183_BAG_L1","FTTransformer_c2_BAG_L1","LightGBM_r129_BAG_L1","LightGBM_r143_BAG_L1","LightGBM_r145_BAG_L1","LightGBM_r22_BAG_L1","LightGBM_r94_BAG_L1","NeuralNetFastAI_r127_BAG_L1","NeuralNetFastAI_r134_BAG_L1","NeuralNetFastAI_r13_BAG_L1","NeuralNetFastAI_r145_BAG_L1","NeuralNetFastAI_r150_BAG_L1","NeuralNetFastAI_r32_BAG_L1","NeuralNetFastAI_r74_BAG_L1","NeuralNetTorch_r102_BAG_L1","NeuralNetTorch_r114_BAG_L1","NeuralNetTorch_r148_BAG_L1","NeuralNetTorch_r158_BAG_L1","NeuralNetTorch_r159_BAG_L1","NeuralNetTorch_r31_BAG_L1","NeuralNetTorch_r65_BAG_L1","RandomForest_r164_BAG_L1"],"27":["CatBoost_r187_BAG_L1","CatBoost_r22_BAG_L1","CatBoost_r25_BAG_L1","CatBoost_r39_BAG_L1","CatBoost_r98_BAG_L1","ExtraTrees_r183_BAG_L1","FTTransformer_c2_BAG_L1","LightGBM_r129_BAG_L1","LightGBM_r143_BAG_L1","LightGBM_r145_BAG_L1","LightGBM_r190_BAG_L1","LightGBM_r22_BAG_L1","LightGBM_r94_BAG_L1","NeuralNetFastAI_r127_BAG_L1","NeuralNetFastAI_r134_BAG_L1","NeuralNetFastAI_r13_BAG_L1","NeuralNetFastAI_r145_BAG_L1","NeuralNetFastAI_r150_BAG_L1","NeuralNetFastAI_r32_BAG_L1","NeuralNetFastAI_r74_BAG_L1","NeuralNetTorch_r102_BAG_L1","NeuralNetTorch_r114_BAG_L1","NeuralNetTorch_r148_BAG_L1","NeuralNetTorch_r158_BAG_L1","NeuralNetTorch_r159_BAG_L1","NeuralNetTorch_r31_BAG_L1","NeuralNetTorch_r65_BAG_L1","RandomForest_r164_BAG_L1"],"28":["CatBoost_r187_BAG_L1","CatBoost_r22_BAG_L1","CatBoost_r25_BAG_L1","CatBoost_r39_BAG_L1","CatBoost_r98_BAG_L1","ExtraTrees_r183_BAG_L1","FTTransformer_c2_BAG_L1","LightGBM_r129_BAG_L1","LightGBM_r143_BAG_L1","LightGBM_r145_BAG_L1","LightGBM_r22_BAG_L1","LightGBM_r94_BAG_L1","NeuralNetFastAI_r127_BAG_L1","NeuralNetFastAI_r134_BAG_L1","NeuralNetFastAI_r13_BAG_L1","NeuralNetFastAI_r145_BAG_L1","NeuralNetFastAI_r150_BAG_L1","NeuralNetFastAI_r32_BAG_L1","NeuralNetFastAI_r74_BAG_L1","NeuralNetTorch_r102_BAG_L1","NeuralNetTorch_r114_BAG_L1","NeuralNetTorch_r148_BAG_L1","NeuralNetTorch_r158_BAG_L1","NeuralNetTorch_r159_BAG_L1","NeuralNetTorch_r31_BAG_L1","NeuralNetTorch_r65_BAG_L1","NeuralNetTorch_r88_BAG_L1","RandomForest_r164_BAG_L1"],"29":["CatBoost_r187_BAG_L1","CatBoost_r22_BAG_L1","CatBoost_r25_BAG_L1","CatBoost_r39_BAG_L1","CatBoost_r98_BAG_L1","ExtraTrees_r183_BAG_L1","FTTransformer_c2_BAG_L1","LightGBM_r129_BAG_L1","LightGBM_r143_BAG_L1","LightGBM_r145_BAG_L1","LightGBM_r22_BAG_L1","LightGBM_r94_BAG_L1","NeuralNetFastAI_r127_BAG_L1","NeuralNetFastAI_r134_BAG_L1","NeuralNetFastAI_r13_BAG_L1","NeuralNetFastAI_r145_BAG_L1","NeuralNetFastAI_r150_BAG_L1","NeuralNetFastAI_r32_BAG_L1","NeuralNetFastAI_r74_BAG_L1","NeuralNetTorch_r102_BAG_L1","NeuralNetTorch_r114_BAG_L1","NeuralNetTorch_r148_BAG_L1","NeuralNetTorch_r158_BAG_L1","NeuralNetTorch_r159_BAG_L1","NeuralNetTorch_r189_BAG_L1","NeuralNetTorch_r31_BAG_L1","NeuralNetTorch_r65_BAG_L1","RandomForest_r164_BAG_L1","RandomForest_r86_BAG_L1"],"30":["CatBoost_r136_BAG_L1","CatBoost_r187_BAG_L1","CatBoost_r22_BAG_L1","CatBoost_r25_BAG_L1","CatBoost_r39_BAG_L1","CatBoost_r98_BAG_L1","ExtraTrees_r183_BAG_L1","FTTransformer_c2_BAG_L1","LightGBM_r129_BAG_L1","LightGBM_r143_BAG_L1","LightGBM_r145_BAG_L1","LightGBM_r22_BAG_L1","LightGBM_r94_BAG_L1","NeuralNetFastAI_r127_BAG_L1","NeuralNetFastAI_r134_BAG_L1","NeuralNetFastAI_r13_BAG_L1","NeuralNetFastAI_r145_BAG_L1","NeuralNetFastAI_r150_BAG_L1","NeuralNetFastAI_r32_BAG_L1","NeuralNetFastAI_r74_BAG_L1","NeuralNetTorch_r102_BAG_L1","NeuralNetTorch_r114_BAG_L1","NeuralNetTorch_r148_BAG_L1","NeuralNetTorch_r158_BAG_L1","NeuralNetTorch_r159_BAG_L1","NeuralNetTorch_r189_BAG_L1","NeuralNetTorch_r31_BAG_L1","NeuralNetTorch_r65_BAG_L1","RandomForest_r164_BAG_L1"],"31":["CatBoost_r187_BAG_L1","CatBoost_r22_BAG_L1","CatBoost_r25_BAG_L1","CatBoost_r39_BAG_L1","CatBoost_r98_BAG_L1","ExtraTrees_r183_BAG_L1","FTTransformer_c2_BAG_L1","LightGBM_r129_BAG_L1","LightGBM_r143_BAG_L1","LightGBM_r145_BAG_L1","LightGBM_r22_BAG_L1","LightGBM_r94_BAG_L1","NeuralNetFastAI_r127_BAG_L1","NeuralNetFastAI_r134_BAG_L1","NeuralNetFastAI_r13_BAG_L1","NeuralNetFastAI_r145_BAG_L1","NeuralNetFastAI_r150_BAG_L1","NeuralNetFastAI_r74_BAG_L1","NeuralNetTorch_r102_BAG_L1","NeuralNetTorch_r114_BAG_L1","NeuralNetTorch_r148_BAG_L1","NeuralNetTorch_r158_BAG_L1","NeuralNetTorch_r159_BAG_L1","NeuralNetTorch_r31_BAG_L1","NeuralNetTorch_r88_BAG_L1","RandomForest_r164_BAG_L1"],"32":["CatBoost_r187_BAG_L1","CatBoost_r22_BAG_L1","CatBoost_r25_BAG_L1","CatBoost_r39_BAG_L1","CatBoost_r98_BAG_L1","ExtraTrees_r183_BAG_L1","FTTransformer_c2_BAG_L1","LightGBM_r129_BAG_L1","LightGBM_r143_BAG_L1","LightGBM_r145_BAG_L1","LightGBM_r22_BAG_L1","LightGBM_r94_BAG_L1","NeuralNetFastAI_r127_BAG_L1","NeuralNetFastAI_r134_BAG_L1","NeuralNetFastAI_r13_BAG_L1","NeuralNetFastAI_r145_BAG_L1","NeuralNetFastAI_r150_BAG_L1","NeuralNetFastAI_r32_BAG_L1","NeuralNetFastAI_r74_BAG_L1","NeuralNetTorch_r102_BAG_L1","NeuralNetTorch_r114_BAG_L1","NeuralNetTorch_r148_BAG_L1","NeuralNetTorch_r158_BAG_L1","NeuralNetTorch_r159_BAG_L1","NeuralNetTorch_r189_BAG_L1","NeuralNetTorch_r31_BAG_L1","NeuralNetTorch_r65_BAG_L1","RandomForest_r164_BAG_L1","RandomForest_r180_BAG_L1"],"33":["CatBoost_r187_BAG_L1","CatBoost_r22_BAG_L1","CatBoost_r25_BAG_L1","CatBoost_r39_BAG_L1","CatBoost_r98_BAG_L1","ExtraTrees_r183_BAG_L1","FTTransformer_c2_BAG_L1","FTTransformer_c3_BAG_L1","LightGBM_r129_BAG_L1","LightGBM_r143_BAG_L1","LightGBM_r145_BAG_L1","LightGBM_r22_BAG_L1","LightGBM_r94_BAG_L1","NeuralNetFastAI_r127_BAG_L1","NeuralNetFastAI_r134_BAG_L1","NeuralNetFastAI_r13_BAG_L1","NeuralNetFastAI_r145_BAG_L1","NeuralNetFastAI_r150_BAG_L1","NeuralNetFastAI_r32_BAG_L1","NeuralNetFastAI_r74_BAG_L1","NeuralNetTorch_r102_BAG_L1","NeuralNetTorch_r114_BAG_L1","NeuralNetTorch_r148_BAG_L1","NeuralNetTorch_r158_BAG_L1","NeuralNetTorch_r159_BAG_L1","NeuralNetTorch_r189_BAG_L1","NeuralNetTorch_r31_BAG_L1","NeuralNetTorch_r65_BAG_L1","RandomForest_r164_BAG_L1"],"34":["CatBoost_r130_BAG_L1","CatBoost_r187_BAG_L1","CatBoost_r22_BAG_L1","CatBoost_r25_BAG_L1","CatBoost_r39_BAG_L1","CatBoost_r98_BAG_L1","ExtraTrees_r183_BAG_L1","FTTransformer_c2_BAG_L1","LightGBM_r129_BAG_L1","LightGBM_r143_BAG_L1","LightGBM_r145_BAG_L1","LightGBM_r22_BAG_L1","LightGBM_r94_BAG_L1","NeuralNetFastAI_r127_BAG_L1","NeuralNetFastAI_r134_BAG_L1","NeuralNetFastAI_r13_BAG_L1","NeuralNetFastAI_r145_BAG_L1","NeuralNetFastAI_r150_BAG_L1","NeuralNetFastAI_r32_BAG_L1","NeuralNetFastAI_r74_BAG_L1","NeuralNetTorch_r102_BAG_L1","NeuralNetTorch_r114_BAG_L1","NeuralNetTorch_r148_BAG_L1","NeuralNetTorch_r158_BAG_L1","NeuralNetTorch_r159_BAG_L1","NeuralNetTorch_r31_BAG_L1","NeuralNetTorch_r65_BAG_L1","RandomForest_r164_BAG_L1"],"35":["CatBoost_r187_BAG_L1","CatBoost_r22_BAG_L1","CatBoost_r25_BAG_L1","CatBoost_r39_BAG_L1","CatBoost_r98_BAG_L1","ExtraTrees_r183_BAG_L1","FTTransformer_c2_BAG_L1","LightGBM_r129_BAG_L1","LightGBM_r143_BAG_L1","LightGBM_r145_BAG_L1","LightGBM_r190_BAG_L1","LightGBM_r22_BAG_L1","LightGBM_r94_BAG_L1","NeuralNetFastAI_r127_BAG_L1","NeuralNetFastAI_r134_BAG_L1","NeuralNetFastAI_r13_BAG_L1","NeuralNetFastAI_r145_BAG_L1","NeuralNetFastAI_r150_BAG_L1","NeuralNetFastAI_r32_BAG_L1","NeuralNetFastAI_r74_BAG_L1","NeuralNetTorch_r102_BAG_L1","NeuralNetTorch_r114_BAG_L1","NeuralNetTorch_r148_BAG_L1","NeuralNetTorch_r158_BAG_L1","NeuralNetTorch_r159_BAG_L1","NeuralNetTorch_r189_BAG_L1","NeuralNetTorch_r31_BAG_L1","NeuralNetTorch_r65_BAG_L1","RandomForest_r164_BAG_L1"],"36":["CatBoost_r141_BAG_L1","CatBoost_r187_BAG_L1","CatBoost_r22_BAG_L1","CatBoost_r25_BAG_L1","CatBoost_r39_BAG_L1","CatBoost_r98_BAG_L1","ExtraTrees_r183_BAG_L1","FTTransformer_c2_BAG_L1","LightGBM_r129_BAG_L1","LightGBM_r143_BAG_L1","LightGBM_r145_BAG_L1","LightGBM_r22_BAG_L1","LightGBM_r94_BAG_L1","NeuralNetFastAI_r127_BAG_L1","NeuralNetFastAI_r134_BAG_L1","NeuralNetFastAI_r13_BAG_L1","NeuralNetFastAI_r145_BAG_L1","NeuralNetFastAI_r150_BAG_L1","NeuralNetFastAI_r32_BAG_L1","NeuralNetFastAI_r74_BAG_L1","NeuralNetTorch_r102_BAG_L1","NeuralNetTorch_r114_BAG_L1","NeuralNetTorch_r148_BAG_L1","NeuralNetTorch_r158_BAG_L1","NeuralNetTorch_r159_BAG_L1","NeuralNetTorch_r189_BAG_L1","NeuralNetTorch_r31_BAG_L1","NeuralNetTorch_r65_BAG_L1","RandomForest_r164_BAG_L1"],"37":["CatBoost_r187_BAG_L1","CatBoost_r22_BAG_L1","CatBoost_r25_BAG_L1","CatBoost_r39_BAG_L1","CatBoost_r98_BAG_L1","ExtraTrees_r183_BAG_L1","FTTransformer_c2_BAG_L1","LightGBM_r129_BAG_L1","LightGBM_r143_BAG_L1","LightGBM_r145_BAG_L1","LightGBM_r22_BAG_L1","LightGBM_r94_BAG_L1","NeuralNetFastAI_r127_BAG_L1","NeuralNetFastAI_r134_BAG_L1","NeuralNetFastAI_r13_BAG_L1","NeuralNetFastAI_r145_BAG_L1","NeuralNetFastAI_r150_BAG_L1","NeuralNetFastAI_r32_BAG_L1","NeuralNetFastAI_r74_BAG_L1","NeuralNetTorch_r102_BAG_L1","NeuralNetTorch_r114_BAG_L1","NeuralNetTorch_r148_BAG_L1","NeuralNetTorch_r158_BAG_L1","NeuralNetTorch_r159_BAG_L1","NeuralNetTorch_r31_BAG_L1","NeuralNetTorch_r65_BAG_L1","RandomForest_r164_BAG_L1","RandomForest_r185_BAG_L1"],"38":["CatBoost_r187_BAG_L1","CatBoost_r22_BAG_L1","CatBoost_r25_BAG_L1","CatBoost_r39_BAG_L1","CatBoost_r98_BAG_L1","ExtraTrees_r183_BAG_L1","FTTransformer_c2_BAG_L1","LightGBM_r129_BAG_L1","LightGBM_r143_BAG_L1","LightGBM_r145_BAG_L1","LightGBM_r22_BAG_L1","LightGBM_r94_BAG_L1","NeuralNetFastAI_r127_BAG_L1","NeuralNetFastAI_r134_BAG_L1","NeuralNetFastAI_r13_BAG_L1","NeuralNetFastAI_r145_BAG_L1","NeuralNetFastAI_r150_BAG_L1","NeuralNetFastAI_r32_BAG_L1","NeuralNetFastAI_r74_BAG_L1","NeuralNetTorch_r102_BAG_L1","NeuralNetTorch_r114_BAG_L1","NeuralNetTorch_r148_BAG_L1","NeuralNetTorch_r158_BAG_L1","NeuralNetTorch_r159_BAG_L1","NeuralNetTorch_r31_BAG_L1","RandomForest_r164_BAG_L1"],"39":["CatBoost_r187_BAG_L1","CatBoost_r22_BAG_L1","CatBoost_r25_BAG_L1","CatBoost_r39_BAG_L1","CatBoost_r98_BAG_L1","ExtraTrees_r183_BAG_L1","FTTransformer_c2_BAG_L1","LightGBM_r129_BAG_L1","LightGBM_r143_BAG_L1","LightGBM_r145_BAG_L1","LightGBM_r22_BAG_L1","LightGBM_r94_BAG_L1","NeuralNetFastAI_r127_BAG_L1","NeuralNetFastAI_r134_BAG_L1","NeuralNetFastAI_r13_BAG_L1","NeuralNetFastAI_r145_BAG_L1","NeuralNetFastAI_r150_BAG_L1","NeuralNetFastAI_r32_BAG_L1","NeuralNetFastAI_r74_BAG_L1","NeuralNetTorch_r102_BAG_L1","NeuralNetTorch_r114_BAG_L1","NeuralNetTorch_r148_BAG_L1","NeuralNetTorch_r158_BAG_L1","NeuralNetTorch_r159_BAG_L1","NeuralNetTorch_r189_BAG_L1","NeuralNetTorch_r31_BAG_L1","NeuralNetTorch_r65_BAG_L1","RandomForest_r105_BAG_L1","RandomForest_r164_BAG_L1"],"40":["CatBoost_r187_BAG_L1","CatBoost_r22_BAG_L1","CatBoost_r25_BAG_L1","CatBoost_r39_BAG_L1","CatBoost_r98_BAG_L1","ExtraTrees_r183_BAG_L1","FTTransformer_c2_BAG_L1","LightGBM_r129_BAG_L1","LightGBM_r143_BAG_L1","LightGBM_r145_BAG_L1","LightGBM_r22_BAG_L1","LightGBM_r94_BAG_L1","NeuralNetFastAI_r127_BAG_L1","NeuralNetFastAI_r134_BAG_L1","NeuralNetFastAI_r13_BAG_L1","NeuralNetFastAI_r145_BAG_L1","NeuralNetFastAI_r150_BAG_L1","NeuralNetFastAI_r32_BAG_L1","NeuralNetFastAI_r74_BAG_L1","NeuralNetTorch_r102_BAG_L1","NeuralNetTorch_r114_BAG_L1","NeuralNetTorch_r148_BAG_L1","NeuralNetTorch_r158_BAG_L1","NeuralNetTorch_r159_BAG_L1","NeuralNetTorch_r189_BAG_L1","NeuralNetTorch_r31_BAG_L1","NeuralNetTorch_r65_BAG_L1","RandomForest_r157_BAG_L1","RandomForest_r164_BAG_L1"],"41":["CatBoost_r187_BAG_L1","CatBoost_r22_BAG_L1","CatBoost_r25_BAG_L1","CatBoost_r39_BAG_L1","CatBoost_r98_BAG_L1","ExtraTrees_r183_BAG_L1","FTTransformer_c2_BAG_L1","LightGBM_r129_BAG_L1","LightGBM_r143_BAG_L1","LightGBM_r145_BAG_L1","LightGBM_r22_BAG_L1","LightGBM_r94_BAG_L1","NeuralNetFastAI_r127_BAG_L1","NeuralNetFastAI_r134_BAG_L1","NeuralNetFastAI_r13_BAG_L1","NeuralNetFastAI_r145_BAG_L1","NeuralNetFastAI_r150_BAG_L1","NeuralNetFastAI_r32_BAG_L1","NeuralNetFastAI_r74_BAG_L1","NeuralNetTorch_r102_BAG_L1","NeuralNetTorch_r114_BAG_L1","NeuralNetTorch_r148_BAG_L1","NeuralNetTorch_r158_BAG_L1","NeuralNetTorch_r159_BAG_L1","NeuralNetTorch_r31_BAG_L1","NeuralNetTorch_r65_BAG_L1","RandomForest_r164_BAG_L1","RandomForest_r95_BAG_L1"],"42":["CatBoost_r187_BAG_L1","CatBoost_r22_BAG_L1","CatBoost_r25_BAG_L1","CatBoost_r39_BAG_L1","CatBoost_r98_BAG_L1","ExtraTrees_r183_BAG_L1","FTTransformer_c2_BAG_L1","LightGBM_r129_BAG_L1","LightGBM_r143_BAG_L1","LightGBM_r145_BAG_L1","LightGBM_r22_BAG_L1","LightGBM_r94_BAG_L1","NeuralNetFastAI_r127_BAG_L1","NeuralNetFastAI_r134_BAG_L1","NeuralNetFastAI_r13_BAG_L1","NeuralNetFastAI_r145_BAG_L1","NeuralNetFastAI_r150_BAG_L1","NeuralNetFastAI_r32_BAG_L1","NeuralNetFastAI_r74_BAG_L1","NeuralNetTorch_r102_BAG_L1","NeuralNetTorch_r114_BAG_L1","NeuralNetTorch_r148_BAG_L1","NeuralNetTorch_r158_BAG_L1","NeuralNetTorch_r159_BAG_L1","NeuralNetTorch_r189_BAG_L1","NeuralNetTorch_r31_BAG_L1","NeuralNetTorch_r65_BAG_L1","RandomForest_r164_BAG_L1"],"43":["CatBoost_r187_BAG_L1","CatBoost_r22_BAG_L1","CatBoost_r25_BAG_L1","CatBoost_r39_BAG_L1","CatBoost_r98_BAG_L1","ExtraTrees_r183_BAG_L1","FTTransformer_c2_BAG_L1","LightGBM_r129_BAG_L1","LightGBM_r143_BAG_L1","LightGBM_r145_BAG_L1","LightGBM_r22_BAG_L1","LightGBM_r94_BAG_L1","NeuralNetFastAI_r127_BAG_L1","NeuralNetFastAI_r134_BAG_L1","NeuralNetFastAI_r13_BAG_L1","NeuralNetFastAI_r145_BAG_L1","NeuralNetFastAI_r150_BAG_L1","NeuralNetFastAI_r32_BAG_L1","NeuralNetFastAI_r74_BAG_L1","NeuralNetTorch_r102_BAG_L1","NeuralNetTorch_r114_BAG_L1","NeuralNetTorch_r148_BAG_L1","NeuralNetTorch_r158_BAG_L1","NeuralNetTorch_r159_BAG_L1","NeuralNetTorch_r189_BAG_L1","NeuralNetTorch_r31_BAG_L1","NeuralNetTorch_r65_BAG_L1","RandomForest_r111_BAG_L1","RandomForest_r164_BAG_L1"],"44":["CatBoost_r187_BAG_L1","CatBoost_r22_BAG_L1","CatBoost_r25_BAG_L1","CatBoost_r39_BAG_L1","CatBoost_r98_BAG_L1","ExtraTrees_r183_BAG_L1","FTTransformer_c2_BAG_L1","LightGBM_r129_BAG_L1","LightGBM_r143_BAG_L1","LightGBM_r145_BAG_L1","LightGBM_r22_BAG_L1","LightGBM_r94_BAG_L1","NeuralNetFastAI_r127_BAG_L1","NeuralNetFastAI_r134_BAG_L1","NeuralNetFastAI_r13_BAG_L1","NeuralNetFastAI_r145_BAG_L1","NeuralNetFastAI_r150_BAG_L1","NeuralNetFastAI_r32_BAG_L1","NeuralNetFastAI_r74_BAG_L1","NeuralNetTorch_r102_BAG_L1","NeuralNetTorch_r114_BAG_L1","NeuralNetTorch_r148_BAG_L1","NeuralNetTorch_r158_BAG_L1","NeuralNetTorch_r159_BAG_L1","NeuralNetTorch_r189_BAG_L1","NeuralNetTorch_r31_BAG_L1","NeuralNetTorch_r65_BAG_L1","RandomForest_r164_BAG_L1","RandomForest_r185_BAG_L1"],"45":["CatBoost_r187_BAG_L1","CatBoost_r22_BAG_L1","CatBoost_r25_BAG_L1","CatBoost_r39_BAG_L1","CatBoost_r77_BAG_L1","CatBoost_r98_BAG_L1","ExtraTrees_r183_BAG_L1","FTTransformer_c2_BAG_L1","LightGBM_r129_BAG_L1","LightGBM_r143_BAG_L1","LightGBM_r145_BAG_L1","LightGBM_r22_BAG_L1","LightGBM_r94_BAG_L1","NeuralNetFastAI_r127_BAG_L1","NeuralNetFastAI_r134_BAG_L1","NeuralNetFastAI_r13_BAG_L1","NeuralNetFastAI_r145_BAG_L1","NeuralNetFastAI_r150_BAG_L1","NeuralNetFastAI_r74_BAG_L1","NeuralNetTorch_r102_BAG_L1","NeuralNetTorch_r114_BAG_L1","NeuralNetTorch_r148_BAG_L1","NeuralNetTorch_r158_BAG_L1","NeuralNetTorch_r159_BAG_L1","NeuralNetTorch_r31_BAG_L1","RandomForest_r164_BAG_L1"],"46":["CatBoost_r187_BAG_L1","CatBoost_r22_BAG_L1","CatBoost_r25_BAG_L1","CatBoost_r39_BAG_L1","CatBoost_r98_BAG_L1","ExtraTrees_r183_BAG_L1","FTTransformer_c2_BAG_L1","LightGBM_r129_BAG_L1","LightGBM_r143_BAG_L1","LightGBM_r145_BAG_L1","LightGBM_r22_BAG_L1","LightGBM_r94_BAG_L1","NeuralNetFastAI_r127_BAG_L1","NeuralNetFastAI_r134_BAG_L1","NeuralNetFastAI_r13_BAG_L1","NeuralNetFastAI_r145_BAG_L1","NeuralNetFastAI_r150_BAG_L1","NeuralNetFastAI_r74_BAG_L1","NeuralNetTorch_r102_BAG_L1","NeuralNetTorch_r114_BAG_L1","NeuralNetTorch_r148_BAG_L1","NeuralNetTorch_r158_BAG_L1","NeuralNetTorch_r159_BAG_L1","NeuralNetTorch_r31_BAG_L1","RandomForest_r164_BAG_L1"],"47":["CatBoost_r187_BAG_L1","CatBoost_r22_BAG_L1","CatBoost_r25_BAG_L1","CatBoost_r39_BAG_L1","CatBoost_r70_BAG_L1","CatBoost_r98_BAG_L1","ExtraTrees_r183_BAG_L1","FTTransformer_c2_BAG_L1","LightGBM_r129_BAG_L1","LightGBM_r143_BAG_L1","LightGBM_r145_BAG_L1","LightGBM_r22_BAG_L1","LightGBM_r94_BAG_L1","NeuralNetFastAI_r127_BAG_L1","NeuralNetFastAI_r134_BAG_L1","NeuralNetFastAI_r13_BAG_L1","NeuralNetFastAI_r145_BAG_L1","NeuralNetFastAI_r150_BAG_L1","NeuralNetFastAI_r74_BAG_L1","NeuralNetTorch_r102_BAG_L1","NeuralNetTorch_r114_BAG_L1","NeuralNetTorch_r148_BAG_L1","NeuralNetTorch_r158_BAG_L1","NeuralNetTorch_r159_BAG_L1","NeuralNetTorch_r31_BAG_L1","RandomForest_r164_BAG_L1"],"48":["CatBoost_r187_BAG_L1","CatBoost_r22_BAG_L1","CatBoost_r25_BAG_L1","CatBoost_r39_BAG_L1","CatBoost_r98_BAG_L1","ExtraTrees_r183_BAG_L1","FTTransformer_c2_BAG_L1","LightGBM_r129_BAG_L1","LightGBM_r143_BAG_L1","LightGBM_r145_BAG_L1","LightGBM_r190_BAG_L1","LightGBM_r22_BAG_L1","LightGBM_r94_BAG_L1","NeuralNetFastAI_r127_BAG_L1","NeuralNetFastAI_r134_BAG_L1","NeuralNetFastAI_r13_BAG_L1","NeuralNetFastAI_r145_BAG_L1","NeuralNetFastAI_r150_BAG_L1","NeuralNetFastAI_r32_BAG_L1","NeuralNetFastAI_r74_BAG_L1","NeuralNetTorch_r102_BAG_L1","NeuralNetTorch_r114_BAG_L1","NeuralNetTorch_r128_BAG_L1","NeuralNetTorch_r148_BAG_L1","NeuralNetTorch_r158_BAG_L1","NeuralNetTorch_r159_BAG_L1","NeuralNetTorch_r31_BAG_L1","NeuralNetTorch_r65_BAG_L1","NeuralNetTorch_r69_BAG_L1","RandomForest_r164_BAG_L1"]},"weights":{"0":[0.03125,0.03125,0.03125,0.03125,0.03125,0.03125,0.03125,0.03125,0.03125,0.03125,0.03125,0.03125,0.0625,0.03125,0.03125,0.03125,0.03125,0.03125,0.03125,0.03125,0.03125,0.03125,0.03125,0.09375,0.03125,0.03125,0.03125,0.03125,0.03125],"1":[0.03125,0.03125,0.03125,0.03125,0.03125,0.03125,0.03125,0.03125,0.03125,0.03125,0.03125,0.03125,0.0625,0.03125,0.03125,0.03125,0.03125,0.03125,0.03125,0.03125,0.03125,0.03125,0.03125,0.09375,0.03125,0.03125,0.03125,0.03125,0.03125],"2":[0.037037037,0.037037037,0.037037037,0.037037037,0.037037037,0.037037037,0.037037037,0.037037037,0.037037037,0.037037037,0.037037037,0.037037037,0.037037037,0.037037037,0.037037037,0.037037037,0.037037037,0.037037037,0.037037037,0.037037037,0.037037037,0.037037037,0.1111111111,0.037037037,0.037037037],"3":[0.03125,0.03125,0.03125,0.03125,0.03125,0.03125,0.03125,0.03125,0.03125,0.03125,0.03125,0.03125,0.0625,0.03125,0.03125,0.03125,0.03125,0.03125,0.03125,0.03125,0.03125,0.03125,0.03125,0.09375,0.03125,0.03125,0.03125,0.03125,0.03125],"4":[0.03125,0.03125,0.03125,0.03125,0.03125,0.03125,0.03125,0.03125,0.03125,0.03125,0.03125,0.03125,0.03125,0.0625,0.03125,0.03125,0.03125,0.03125,0.03125,0.03125,0.03125,0.03125,0.03125,0.03125,0.09375,0.03125,0.03125,0.03125,0.03125],"5":[0.0322580645,0.0322580645,0.0322580645,0.0322580645,0.0322580645,0.0322580645,0.0322580645,0.0322580645,0.0322580645,0.0322580645,0.0322580645,0.0322580645,0.064516129,0.0322580645,0.0322580645,0.0322580645,0.0322580645,0.0322580645,0.0322580645,0.0322580645,0.0322580645,0.0322580645,0.0322580645,0.0967741935,0.0322580645,0.0322580645,0.0322580645,0.0322580645],"6":[0.0303030303,0.0303030303,0.0303030303,0.0303030303,0.0303030303,0.0303030303,0.0303030303,0.0303030303,0.0303030303,0.0303030303,0.0303030303,0.0303030303,0.0303030303,0.0606060606,0.0303030303,0.0303030303,0.0303030303,0.0303030303,0.0303030303,0.0303030303,0.0303030303,0.0303030303,0.0303030303,0.0303030303,0.0909090909,0.0303030303,0.0303030303,0.0303030303,0.0303030303,0.0303030303],"7":[0.03125,0.03125,0.03125,0.03125,0.03125,0.03125,0.03125,0.03125,0.03125,0.03125,0.03125,0.03125,0.03125,0.0625,0.03125,0.03125,0.03125,0.03125,0.03125,0.03125,0.03125,0.03125,0.03125,0.03125,0.09375,0.03125,0.03125,0.03125,0.03125],"8":[0.03125,0.03125,0.03125,0.03125,0.03125,0.03125,0.03125,0.03125,0.03125,0.03125,0.03125,0.03125,0.03125,0.0625,0.03125,0.03125,0.03125,0.03125,0.03125,0.03125,0.03125,0.03125,0.03125,0.03125,0.09375,0.03125,0.03125,0.03125,0.03125],"9":[0.03125,0.03125,0.03125,0.03125,0.03125,0.03125,0.03125,0.03125,0.03125,0.03125,0.03125,0.03125,0.03125,0.0625,0.03125,0.03125,0.03125,0.03125,0.03125,0.03125,0.03125,0.03125,0.03125,0.03125,0.09375,0.03125,0.03125,0.03125,0.03125],"10":[0.03125,0.03125,0.03125,0.03125,0.03125,0.03125,0.03125,0.03125,0.03125,0.03125,0.03125,0.03125,0.03125,0.0625,0.03125,0.03125,0.03125,0.03125,0.03125,0.03125,0.03125,0.03125,0.03125,0.03125,0.09375,0.03125,0.03125,0.03125,0.03125],"11":[0.03125,0.03125,0.03125,0.03125,0.03125,0.03125,0.03125,0.03125,0.03125,0.03125,0.03125,0.03125,0.03125,0.0625,0.03125,0.03125,0.03125,0.03125,0.03125,0.03125,0.03125,0.03125,0.03125,0.03125,0.09375,0.03125,0.03125,0.03125,0.03125],"12":[0.0344827586,0.0344827586,0.0344827586,0.0344827586,0.0344827586,0.0344827586,0.0344827586,0.0344827586,0.0344827586,0.0344827586,0.0344827586,0.0344827586,0.0344827586,0.0344827586,0.0344827586,0.0344827586,0.0344827586,0.0344827586,0.0344827586,0.0344827586,0.0344827586,0.0344827586,0.0344827586,0.1034482759,0.0344827586,0.0344827586,0.0344827586],"13":[0.03125,0.03125,0.03125,0.03125,0.03125,0.03125,0.03125,0.03125,0.03125,0.03125,0.03125,0.03125,0.03125,0.0625,0.03125,0.03125,0.03125,0.03125,0.03125,0.03125,0.03125,0.03125,0.03125,0.03125,0.09375,0.03125,0.03125,0.03125,0.03125],"14":[0.03125,0.03125,0.03125,0.03125,0.03125,0.03125,0.03125,0.03125,0.03125,0.03125,0.03125,0.03125,0.0625,0.03125,0.03125,0.03125,0.03125,0.03125,0.03125,0.03125,0.03125,0.03125,0.03125,0.09375,0.03125,0.03125,0.03125,0.03125,0.03125],"15":[0.03125,0.03125,0.03125,0.03125,0.03125,0.03125,0.03125,0.03125,0.03125,0.03125,0.03125,0.03125,0.03125,0.0625,0.03125,0.03125,0.03125,0.03125,0.03125,0.03125,0.03125,0.03125,0.03125,0.03125,0.09375,0.03125,0.03125,0.03125,0.03125],"16":[0.03125,0.03125,0.03125,0.03125,0.03125,0.03125,0.03125,0.03125,0.03125,0.03125,0.03125,0.03125,0.03125,0.0625,0.03125,0.03125,0.03125,0.03125,0.03125,0.03125,0.03125,0.03125,0.03125,0.03125,0.09375,0.03125,0.03125,0.03125,0.03125],"17":[0.03125,0.03125,0.03125,0.03125,0.03125,0.03125,0.03125,0.03125,0.03125,0.03125,0.03125,0.03125,0.03125,0.0625,0.03125,0.03125,0.03125,0.03125,0.03125,0.03125,0.03125,0.03125,0.03125,0.03125,0.09375,0.03125,0.03125,0.03125,0.03125],"18":[0.03125,0.03125,0.03125,0.03125,0.03125,0.03125,0.03125,0.03125,0.03125,0.03125,0.03125,0.03125,0.0625,0.03125,0.03125,0.03125,0.03125,0.03125,0.03125,0.03125,0.03125,0.03125,0.03125,0.09375,0.03125,0.03125,0.03125,0.03125,0.03125],"19":[0.03125,0.03125,0.03125,0.03125,0.03125,0.03125,0.03125,0.03125,0.03125,0.03125,0.03125,0.03125,0.0625,0.03125,0.03125,0.03125,0.03125,0.03125,0.03125,0.03125,0.03125,0.03125,0.03125,0.09375,0.03125,0.03125,0.03125,0.03125,0.03125],"20":[0.0294117647,0.0294117647,0.0294117647,0.0294117647,0.0294117647,0.0294117647,0.0294117647,0.0294117647,0.0294117647,0.0294117647,0.0294117647,0.0294117647,0.0294117647,0.0588235294,0.0294117647,0.0294117647,0.0294117647,0.0294117647,0.0294117647,0.0294117647,0.0294117647,0.0294117647,0.0294117647,0.0294117647,0.0294117647,0.0882352941,0.0294117647,0.0294117647,0.0294117647,0.0294117647,0.0294117647],"21":[0.0303030303,0.0303030303,0.0303030303,0.0303030303,0.0303030303,0.0303030303,0.0303030303,0.0303030303,0.0303030303,0.0303030303,0.0303030303,0.0303030303,0.0606060606,0.0303030303,0.0303030303,0.0303030303,0.0303030303,0.0303030303,0.0303030303,0.0303030303,0.0303030303,0.0303030303,0.0606060606,0.0909090909,0.0303030303,0.0303030303,0.0303030303,0.0303030303,0.0303030303],"22":[0.03125,0.03125,0.03125,0.03125,0.03125,0.03125,0.03125,0.03125,0.03125,0.03125,0.03125,0.03125,0.03125,0.0625,0.03125,0.03125,0.03125,0.03125,0.03125,0.03125,0.03125,0.03125,0.03125,0.03125,0.09375,0.03125,0.03125,0.03125,0.03125],"23":[0.03125,0.03125,0.03125,0.03125,0.03125,0.03125,0.03125,0.03125,0.03125,0.03125,0.03125,0.03125,0.03125,0.0625,0.03125,0.03125,0.03125,0.03125,0.03125,0.03125,0.03125,0.03125,0.03125,0.03125,0.09375,0.03125,0.03125,0.03125,0.03125],"24":[0.0322580645,0.0322580645,0.0322580645,0.0322580645,0.0322580645,0.0322580645,0.0322580645,0.0322580645,0.0322580645,0.0322580645,0.0322580645,0.0322580645,0.064516129,0.0322580645,0.0322580645,0.0322580645,0.0322580645,0.0322580645,0.0322580645,0.0322580645,0.0322580645,0.0322580645,0.0322580645,0.0967741935,0.0322580645,0.0322580645,0.0322580645,0.0322580645],"25":[0.03125,0.03125,0.03125,0.03125,0.03125,0.03125,0.03125,0.03125,0.03125,0.03125,0.03125,0.03125,0.0625,0.03125,0.03125,0.03125,0.03125,0.03125,0.03125,0.03125,0.03125,0.03125,0.03125,0.09375,0.03125,0.03125,0.03125,0.03125,0.03125],"26":[0.0333333333,0.0333333333,0.0333333333,0.0333333333,0.0333333333,0.0333333333,0.0333333333,0.0333333333,0.0333333333,0.0333333333,0.0333333333,0.0333333333,0.0666666667,0.0333333333,0.0333333333,0.0333333333,0.0333333333,0.0333333333,0.0333333333,0.0333333333,0.0333333333,0.0333333333,0.0333333333,0.1,0.0333333333,0.0333333333,0.0333333333],"27":[0.0322580645,0.0322580645,0.0322580645,0.0322580645,0.0322580645,0.0322580645,0.0322580645,0.0322580645,0.0322580645,0.0322580645,0.0322580645,0.0322580645,0.0322580645,0.064516129,0.0322580645,0.0322580645,0.0322580645,0.0322580645,0.0322580645,0.0322580645,0.0322580645,0.0322580645,0.0322580645,0.0322580645,0.0967741935,0.0322580645,0.0322580645,0.0322580645],"28":[0.0322580645,0.0322580645,0.0322580645,0.0322580645,0.0322580645,0.0322580645,0.0322580645,0.0322580645,0.0322580645,0.0322580645,0.0322580645,0.0322580645,0.064516129,0.0322580645,0.0322580645,0.0322580645,0.0322580645,0.0322580645,0.0322580645,0.0322580645,0.0322580645,0.0322580645,0.0322580645,0.0967741935,0.0322580645,0.0322580645,0.0322580645,0.0322580645],"29":[0.03125,0.03125,0.03125,0.03125,0.03125,0.03125,0.03125,0.03125,0.03125,0.03125,0.03125,0.03125,0.0625,0.03125,0.03125,0.03125,0.03125,0.03125,0.03125,0.03125,0.03125,0.03125,0.03125,0.09375,0.03125,0.03125,0.03125,0.03125,0.03125],"30":[0.0303030303,0.0303030303,0.0303030303,0.0303030303,0.0303030303,0.0303030303,0.0303030303,0.0606060606,0.0303030303,0.0303030303,0.0303030303,0.0303030303,0.0303030303,0.0606060606,0.0303030303,0.0303030303,0.0303030303,0.0303030303,0.0303030303,0.0303030303,0.0303030303,0.0303030303,0.0303030303,0.0303030303,0.0909090909,0.0303030303,0.0303030303,0.0303030303,0.0303030303],"31":[0.0357142857,0.0357142857,0.0357142857,0.0357142857,0.0357142857,0.0357142857,0.0357142857,0.0357142857,0.0357142857,0.0357142857,0.0357142857,0.0357142857,0.0357142857,0.0357142857,0.0357142857,0.0357142857,0.0357142857,0.0357142857,0.0357142857,0.0357142857,0.0357142857,0.0357142857,0.1071428571,0.0357142857,0.0357142857,0.0357142857],"32":[0.03125,0.03125,0.03125,0.03125,0.03125,0.03125,0.03125,0.03125,0.03125,0.03125,0.03125,0.03125,0.0625,0.03125,0.03125,0.03125,0.03125,0.03125,0.03125,0.03125,0.03125,0.03125,0.03125,0.09375,0.03125,0.03125,0.03125,0.03125,0.03125],"33":[0.03125,0.03125,0.03125,0.03125,0.03125,0.03125,0.03125,0.03125,0.03125,0.03125,0.03125,0.03125,0.03125,0.0625,0.03125,0.03125,0.03125,0.03125,0.03125,0.03125,0.03125,0.03125,0.03125,0.03125,0.09375,0.03125,0.03125,0.03125,0.03125],"34":[0.0322580645,0.0322580645,0.0322580645,0.0322580645,0.0322580645,0.0322580645,0.0322580645,0.0322580645,0.0322580645,0.0322580645,0.0322580645,0.0322580645,0.0322580645,0.064516129,0.0322580645,0.0322580645,0.0322580645,0.0322580645,0.0322580645,0.0322580645,0.0322580645,0.0322580645,0.0322580645,0.0322580645,0.0967741935,0.0322580645,0.0322580645,0.0322580645],"35":[0.03125,0.03125,0.03125,0.03125,0.03125,0.03125,0.03125,0.03125,0.03125,0.03125,0.03125,0.03125,0.03125,0.0625,0.03125,0.03125,0.03125,0.03125,0.03125,0.03125,0.03125,0.03125,0.03125,0.03125,0.09375,0.03125,0.03125,0.03125,0.03125],"36":[0.03125,0.03125,0.03125,0.03125,0.03125,0.03125,0.03125,0.03125,0.03125,0.03125,0.03125,0.03125,0.03125,0.0625,0.03125,0.03125,0.03125,0.03125,0.03125,0.03125,0.03125,0.03125,0.03125,0.03125,0.09375,0.03125,0.03125,0.03125,0.03125],"37":[0.0322580645,0.0322580645,0.0322580645,0.0322580645,0.0322580645,0.0322580645,0.0322580645,0.0322580645,0.0322580645,0.0322580645,0.0322580645,0.0322580645,0.064516129,0.0322580645,0.0322580645,0.0322580645,0.0322580645,0.0322580645,0.0322580645,0.0322580645,0.0322580645,0.0322580645,0.0322580645,0.0967741935,0.0322580645,0.0322580645,0.0322580645,0.0322580645],"38":[0.0357142857,0.0357142857,0.0357142857,0.0357142857,0.0357142857,0.0357142857,0.0357142857,0.0357142857,0.0357142857,0.0357142857,0.0357142857,0.0357142857,0.0357142857,0.0357142857,0.0357142857,0.0357142857,0.0357142857,0.0357142857,0.0357142857,0.0357142857,0.0357142857,0.0357142857,0.0357142857,0.1071428571,0.0357142857,0.0357142857],"39":[0.03125,0.03125,0.03125,0.03125,0.03125,0.03125,0.03125,0.03125,0.03125,0.03125,0.03125,0.03125,0.0625,0.03125,0.03125,0.03125,0.03125,0.03125,0.03125,0.03125,0.03125,0.03125,0.03125,0.09375,0.03125,0.03125,0.03125,0.03125,0.03125],"40":[0.03125,0.03125,0.03125,0.03125,0.03125,0.03125,0.03125,0.03125,0.03125,0.03125,0.03125,0.03125,0.0625,0.03125,0.03125,0.03125,0.03125,0.03125,0.03125,0.03125,0.03125,0.03125,0.03125,0.09375,0.03125,0.03125,0.03125,0.03125,0.03125],"41":[0.0322580645,0.0322580645,0.0322580645,0.0322580645,0.0322580645,0.0322580645,0.0322580645,0.0322580645,0.0322580645,0.0322580645,0.0322580645,0.0322580645,0.064516129,0.0322580645,0.0322580645,0.0322580645,0.0322580645,0.0322580645,0.0322580645,0.0322580645,0.0322580645,0.0322580645,0.0322580645,0.0967741935,0.0322580645,0.0322580645,0.0322580645,0.0322580645],"42":[0.03125,0.03125,0.03125,0.03125,0.03125,0.03125,0.03125,0.03125,0.03125,0.03125,0.03125,0.03125,0.0625,0.03125,0.03125,0.03125,0.03125,0.03125,0.03125,0.03125,0.03125,0.03125,0.0625,0.09375,0.03125,0.03125,0.03125,0.03125],"43":[0.03125,0.03125,0.03125,0.03125,0.03125,0.03125,0.03125,0.03125,0.03125,0.03125,0.03125,0.03125,0.0625,0.03125,0.03125,0.03125,0.03125,0.03125,0.03125,0.03125,0.03125,0.03125,0.03125,0.09375,0.03125,0.03125,0.03125,0.03125,0.03125],"44":[0.03125,0.03125,0.03125,0.03125,0.03125,0.03125,0.03125,0.03125,0.03125,0.03125,0.03125,0.03125,0.0625,0.03125,0.03125,0.03125,0.03125,0.03125,0.03125,0.03125,0.03125,0.03125,0.03125,0.09375,0.03125,0.03125,0.03125,0.03125,0.03125],"45":[0.0357142857,0.0357142857,0.0357142857,0.0357142857,0.0357142857,0.0357142857,0.0357142857,0.0357142857,0.0357142857,0.0357142857,0.0357142857,0.0357142857,0.0357142857,0.0357142857,0.0357142857,0.0357142857,0.0357142857,0.0357142857,0.0357142857,0.0357142857,0.0357142857,0.0357142857,0.0357142857,0.1071428571,0.0357142857,0.0357142857],"46":[0.0357142857,0.0357142857,0.0357142857,0.0357142857,0.0357142857,0.0357142857,0.0357142857,0.0357142857,0.0357142857,0.0357142857,0.0357142857,0.0357142857,0.0357142857,0.0357142857,0.0357142857,0.0357142857,0.0357142857,0.0357142857,0.0357142857,0.0357142857,0.0357142857,0.0714285714,0.1071428571,0.0357142857,0.0357142857],"47":[0.0357142857,0.0357142857,0.0357142857,0.0357142857,0.0357142857,0.0357142857,0.0357142857,0.0357142857,0.0357142857,0.0357142857,0.0357142857,0.0357142857,0.0357142857,0.0357142857,0.0357142857,0.0357142857,0.0357142857,0.0357142857,0.0357142857,0.0357142857,0.0357142857,0.0357142857,0.0357142857,0.1071428571,0.0357142857,0.0357142857],"48":[0.0303030303,0.0303030303,0.0303030303,0.0303030303,0.0303030303,0.0303030303,0.0303030303,0.0303030303,0.0303030303,0.0303030303,0.0303030303,0.0303030303,0.0303030303,0.0606060606,0.0303030303,0.0303030303,0.0303030303,0.0303030303,0.0303030303,0.0303030303,0.0303030303,0.0303030303,0.0303030303,0.0303030303,0.0303030303,0.0909090909,0.0303030303,0.0303030303,0.0303030303,0.0303030303]},"meta":{"0":32,"1":32,"2":33,"3":32,"4":32,"5":32,"6":31,"7":32,"8":32,"9":32,"10":32,"11":31,"12":31,"13":32,"14":32,"15":32,"16":30,"17":32,"18":32,"19":32,"20":32,"21":33,"22":28,"23":32,"24":28,"25":31,"26":34,"27":31,"28":29,"29":32,"30":33,"31":28,"32":32,"33":32,"34":28,"35":32,"36":32,"37":31,"38":28,"39":33,"40":32,"41":31,"42":27,"43":32,"44":32,"45":32,"46":32,"47":32,"48":32},"task":{"0":"3581_1","1":"3581_1","2":"3581_1","3":"3581_1","4":"3581_1","5":"3581_1","6":"3581_1","7":"3581_1","8":"3581_1","9":"3581_1","10":"3581_1","11":"3581_1","12":"3581_1","13":"3581_1","14":"3581_1","15":"3581_1","16":"3581_1","17":"3581_1","18":"3581_1","19":"3581_1","20":"3581_1","21":"3581_1","22":"3581_1","23":"3581_1","24":"3581_1","25":"3581_1","26":"3581_1","27":"3581_1","28":"3581_1","29":"3581_1","30":"3581_1","31":"3581_1","32":"3581_1","33":"3581_1","34":"3581_1","35":"3581_1","36":"3581_1","37":"3581_1","38":"3581_1","39":"3581_1","40":"3581_1","41":"3581_1","42":"3581_1","43":"3581_1","44":"3581_1","45":"3581_1","46":"3581_1","47":"3581_1","48":"3581_1"},"dataset":{"0":"fri_c3_1000_25","1":"fri_c3_1000_25","2":"fri_c3_1000_25","3":"fri_c3_1000_25","4":"fri_c3_1000_25","5":"fri_c3_1000_25","6":"fri_c3_1000_25","7":"fri_c3_1000_25","8":"fri_c3_1000_25","9":"fri_c3_1000_25","10":"fri_c3_1000_25","11":"fri_c3_1000_25","12":"fri_c3_1000_25","13":"fri_c3_1000_25","14":"fri_c3_1000_25","15":"fri_c3_1000_25","16":"fri_c3_1000_25","17":"fri_c3_1000_25","18":"fri_c3_1000_25","19":"fri_c3_1000_25","20":"fri_c3_1000_25","21":"fri_c3_1000_25","22":"fri_c3_1000_25","23":"fri_c3_1000_25","24":"fri_c3_1000_25","25":"fri_c3_1000_25","26":"fri_c3_1000_25","27":"fri_c3_1000_25","28":"fri_c3_1000_25","29":"fri_c3_1000_25","30":"fri_c3_1000_25","31":"fri_c3_1000_25","32":"fri_c3_1000_25","33":"fri_c3_1000_25","34":"fri_c3_1000_25","35":"fri_c3_1000_25","36":"fri_c3_1000_25","37":"fri_c3_1000_25","38":"fri_c3_1000_25","39":"fri_c3_1000_25","40":"fri_c3_1000_25","41":"fri_c3_1000_25","42":"fri_c3_1000_25","43":"fri_c3_1000_25","44":"fri_c3_1000_25","45":"fri_c3_1000_25","46":"fri_c3_1000_25","47":"fri_c3_1000_25","48":"fri_c3_1000_25"},"fold":{"0":1,"1":1,"2":1,"3":1,"4":1,"5":1,"6":1,"7":1,"8":1,"9":1,"10":1,"11":1,"12":1,"13":1,"14":1,"15":1,"16":1,"17":1,"18":1,"19":1,"20":1,"21":1,"22":1,"23":1,"24":1,"25":1,"26":1,"27":1,"28":1,"29":1,"30":1,"31":1,"32":1,"33":1,"34":1,"35":1,"36":1,"37":1,"38":1,"39":1,"40":1,"41":1,"42":1,"43":1,"44":1,"45":1,"46":1,"47":1,"48":1},"method":{"0":"QO","1":"QO","2":"QO","3":"QO","4":"QO","5":"QO","6":"QO","7":"QO","8":"QO","9":"QO","10":"QO","11":"QO","12":"QO","13":"QO","14":"QO","15":"QO","16":"QO","17":"QO","18":"QO","19":"QO","20":"QO","21":"QO","22":"QO","23":"QO","24":"QO","25":"QO","26":"QO","27":"QO","28":"QO","29":"QO","30":"QO","31":"QO","32":"QO","33":"QO","34":"QO","35":"QO","36":"QO","37":"QO","38":"QO","39":"QO","40":"QO","41":"QO","42":"QO","43":"QO","44":"QO","45":"QO","46":"QO","47":"QO","48":"QO"}}