{"name":{"0":"QO_0","1":"QO_1","2":"QO_2","3":"QO_3","4":"QO_4","5":"QO_5","6":"QO_6","7":"QO_7","8":"QO_8","9":"QO_9","10":"QO_10","11":"QO_11","12":"QO_12","13":"QO_13","14":"QO_14","15":"QO_15","16":"QO_16","17":"QO_17","18":"QO_18","19":"QO_19","20":"QO_20","21":"QO_21","22":"QO_22","23":"QO_23","24":"QO_24","25":"QO_25","26":"QO_26","27":"QO_27","28":"QO_28","29":"QO_29","30":"QO_30","31":"QO_31","32":"QO_32","33":"QO_33","34":"QO_34","35":"QO_35","36":"QO_36","37":"QO_37","38":"QO_38","39":"QO_39","40":"QO_40","41":"QO_41","42":"QO_42","43":"QO_43","44":"QO_44","45":"QO_45","46":"QO_46","47":"QO_47","48":"QO_48"},"roc_auc_val":{"0":1.0,"1":1.0,"2":1.0,"3":1.0,"4":1.0,"5":1.0,"6":1.0,"7":1.0,"8":1.0,"9":1.0,"10":1.0,"11":1.0,"12":1.0,"13":1.0,"14":1.0,"15":1.0,"16":1.0,"17":1.0,"18":1.0,"19":1.0,"20":1.0,"21":1.0,"22":1.0,"23":1.0,"24":1.0,"25":1.0,"26":1.0,"27":1.0,"28":1.0,"29":1.0,"30":1.0,"31":1.0,"32":1.0,"33":1.0,"34":1.0,"35":1.0,"36":1.0,"37":1.0,"38":1.0,"39":1.0,"40":1.0,"41":1.0,"42":1.0,"43":1.0,"44":1.0,"45":1.0,"46":1.0,"47":1.0,"48":1.0},"roc_auc_test":{"0":1.0,"1":1.0,"2":1.0,"3":1.0,"4":1.0,"5":1.0,"6":1.0,"7":1.0,"8":1.0,"9":1.0,"10":1.0,"11":1.0,"12":1.0,"13":1.0,"14":1.0,"15":1.0,"16":1.0,"17":1.0,"18":1.0,"19":1.0,"20":1.0,"21":1.0,"22":1.0,"23":1.0,"24":1.0,"25":1.0,"26":1.0,"27":1.0,"28":1.0,"29":1.0,"30":1.0,"31":1.0,"32":1.0,"33":1.0,"34":1.0,"35":1.0,"36":1.0,"37":1.0,"38":1.0,"39":1.0,"40":1.0,"41":1.0,"42":1.0,"43":1.0,"44":1.0,"45":1.0,"46":1.0,"47":1.0,"48":1.0},"models_used":{"0":["NeuralNetTorch_r6_BAG_L1","RandomForest_r65_BAG_L1"],"1":["ExtraTrees_r161_BAG_L1","NeuralNetTorch_r67_BAG_L1"],"2":["NeuralNetTorch_r200_BAG_L1","XGBoost_r169_BAG_L1"],"3":["ExtraTrees_r107_BAG_L1","NeuralNetTorch_r8_BAG_L1"],"4":["LightGBM_r100_BAG_L1","LightGBM_r132_BAG_L1"],"5":["LightGBM_r145_BAG_L1","LightGBM_r43_BAG_L1"],"6":["NeuralNetTorch_r125_BAG_L1","NeuralNetTorch_r139_BAG_L1"],"7":["NeuralNetTorch_r24_BAG_L1","RandomForest_r99_BAG_L1"],"8":["NeuralNetFastAI_r134_BAG_L1","RandomForest_r134_BAG_L1"],"9":["NeuralNetFastAI_r1_BAG_L1","NeuralNetTorch_r89_BAG_L1"],"10":["ExtraTrees_r124_BAG_L1","NeuralNetTorch_r41_BAG_L1"],"11":["ExtraTrees_r92_BAG_L1","NeuralNetTorch_r194_BAG_L1"],"12":["ExtraTrees_r160_BAG_L1","NeuralNetTorch_r4_BAG_L1"],"13":["LightGBM_r8_BAG_L1","NeuralNetFastAI_r115_BAG_L1"],"14":["NeuralNetFastAI_r135_BAG_L1","NeuralNetTorch_r127_BAG_L1"],"15":["NeuralNetFastAI_r84_BAG_L1","NeuralNetTorch_r83_BAG_L1"],"16":["LightGBM_r127_BAG_L1","NeuralNetTorch_r85_BAG_L1"],"17":["NeuralNetTorch_r192_BAG_L1","RandomForest_r165_BAG_L1"],"18":["ExtraTrees_r71_BAG_L1","NeuralNetTorch_r65_BAG_L1"],"19":["NeuralNetTorch_r2_BAG_L1","NeuralNetTorch_r3_BAG_L1"],"20":["ExtraTrees_r77_BAG_L1","NeuralNetTorch_r79_BAG_L1"],"21":["LightGBM_r108_BAG_L1","RandomForest_r163_BAG_L1"],"22":["NeuralNetTorch_r145_BAG_L1","RandomForest_r25_BAG_L1"],"23":["ExtraTrees_c1_BAG_L1","LightGBM_r105_BAG_L1"],"24":["FTTransformer_c1_BAG_L1","XGBoost_r40_BAG_L1"],"25":["LightGBM_r157_BAG_L1","LightGBM_r83_BAG_L1"],"26":["LightGBM_r48_BAG_L1","NeuralNetTorch_r186_BAG_L1"],"27":["LightGBM_r144_BAG_L1","NeuralNetTorch_r105_BAG_L1"],"28":["FTTransformer_c2_BAG_L1","NeuralNetFastAI_r192_BAG_L1"],"29":["NeuralNetFastAI_r146_BAG_L1","NeuralNetTorch_r76_BAG_L1"],"30":["LightGBM_r33_BAG_L1","NeuralNetTorch_r156_BAG_L1"],"31":["FTTransformer_c6_BAG_L1","RandomForest_r189_BAG_L1"],"32":["NeuralNetTorch_r30_BAG_L1","RandomForest_r44_BAG_L1"],"33":["LightGBM_r98_BAG_L1","NeuralNetTorch_r73_BAG_L1"],"34":["LightGBM_r7_BAG_L1","NeuralNetTorch_r162_BAG_L1"],"35":["NeuralNetTorch_r118_BAG_L1","NeuralNetTorch_r195_BAG_L1"],"36":["NeuralNetTorch_r70_BAG_L1","NeuralNetTorch_r87_BAG_L1"],"37":["NeuralNetTorch_r9_BAG_L1","RandomForest_r7_BAG_L1"],"38":["ExtraTrees_r181_BAG_L1","NeuralNetTorch_r42_BAG_L1"],"39":["ExtraTrees_r57_BAG_L1","NeuralNetTorch_r19_BAG_L1"],"40":["NeuralNetTorch_r135_BAG_L1","RandomForest_r115_BAG_L1"],"41":["NeuralNetTorch_r38_BAG_L1","RandomForest_r130_BAG_L1"],"42":["NeuralNetTorch_r149_BAG_L1","NeuralNetTorch_r69_BAG_L1"],"43":["ExtraTrees_r199_BAG_L1","NeuralNetTorch_r171_BAG_L1"],"44":["NeuralNetTorch_r153_BAG_L1","NeuralNetTorch_r81_BAG_L1"],"45":["NeuralNetTorch_r132_BAG_L1","NeuralNetTorch_r17_BAG_L1"],"46":["ExtraTrees_r54_BAG_L1","NeuralNetTorch_r53_BAG_L1"],"47":["ExtraTrees_r159_BAG_L1","NeuralNetTorch_r95_BAG_L1"],"48":["NeuralNetFastAI_r124_BAG_L1","RandomForest_r117_BAG_L1"]},"weights":{"0":[0.5,0.5],"1":[0.5,0.5],"2":[0.5,0.5],"3":[0.5,0.5],"4":[0.5,0.5],"5":[0.5,0.5],"6":[0.5,0.5],"7":[0.5,0.5],"8":[0.5,0.5],"9":[0.5,0.5],"10":[0.5,0.5],"11":[0.5,0.5],"12":[0.5,0.5],"13":[0.5,0.5],"14":[0.5,0.5],"15":[0.5,0.5],"16":[0.5,0.5],"17":[0.5,0.5],"18":[0.5,0.5],"19":[0.5,0.5],"20":[0.5,0.5],"21":[0.5,0.5],"22":[0.5,0.5],"23":[0.5,0.5],"24":[0.5,0.5],"25":[0.5,0.5],"26":[0.5,0.5],"27":[0.5,0.5],"28":[0.5,0.5],"29":[0.5,0.5],"30":[0.5,0.5],"31":[0.5,0.5],"32":[0.5,0.5],"33":[0.5,0.5],"34":[0.5,0.5],"35":[0.5,0.5],"36":[0.5,0.5],"37":[0.5,0.5],"38":[0.5,0.5],"39":[0.5,0.5],"40":[0.5,0.5],"41":[0.5,0.5],"42":[0.5,0.5],"43":[0.5,0.5],"44":[0.5,0.5],"45":[0.5,0.5],"46":[0.5,0.5],"47":[0.5,0.5],"48":[0.5,0.5]},"meta":{"0":2,"1":2,"2":2,"3":2,"4":2,"5":2,"6":2,"7":2,"8":2,"9":2,"10":2,"11":2,"12":2,"13":2,"14":2,"15":2,"16":2,"17":2,"18":2,"19":2,"20":2,"21":2,"22":2,"23":2,"24":2,"25":2,"26":2,"27":2,"28":2,"29":2,"30":2,"31":2,"32":2,"33":2,"34":2,"35":2,"36":2,"37":2,"38":2,"39":2,"40":2,"41":2,"42":2,"43":2,"44":2,"45":2,"46":2,"47":2,"48":2},"task":{"0":"359960_0","1":"359960_0","2":"359960_0","3":"359960_0","4":"359960_0","5":"359960_0","6":"359960_0","7":"359960_0","8":"359960_0","9":"359960_0","10":"359960_0","11":"359960_0","12":"359960_0","13":"359960_0","14":"359960_0","15":"359960_0","16":"359960_0","17":"359960_0","18":"359960_0","19":"359960_0","20":"359960_0","21":"359960_0","22":"359960_0","23":"359960_0","24":"359960_0","25":"359960_0","26":"359960_0","27":"359960_0","28":"359960_0","29":"359960_0","30":"359960_0","31":"359960_0","32":"359960_0","33":"359960_0","34":"359960_0","35":"359960_0","36":"359960_0","37":"359960_0","38":"359960_0","39":"359960_0","40":"359960_0","41":"359960_0","42":"359960_0","43":"359960_0","44":"359960_0","45":"359960_0","46":"359960_0","47":"359960_0","48":"359960_0"},"dataset":{"0":"car","1":"car","2":"car","3":"car","4":"car","5":"car","6":"car","7":"car","8":"car","9":"car","10":"car","11":"car","12":"car","13":"car","14":"car","15":"car","16":"car","17":"car","18":"car","19":"car","20":"car","21":"car","22":"car","23":"car","24":"car","25":"car","26":"car","27":"car","28":"car","29":"car","30":"car","31":"car","32":"car","33":"car","34":"car","35":"car","36":"car","37":"car","38":"car","39":"car","40":"car","41":"car","42":"car","43":"car","44":"car","45":"car","46":"car","47":"car","48":"car"},"fold":{"0":0,"1":0,"2":0,"3":0,"4":0,"5":0,"6":0,"7":0,"8":0,"9":0,"10":0,"11":0,"12":0,"13":0,"14":0,"15":0,"16":0,"17":0,"18":0,"19":0,"20":0,"21":0,"22":0,"23":0,"24":0,"25":0,"26":0,"27":0,"28":0,"29":0,"30":0,"31":0,"32":0,"33":0,"34":0,"35":0,"36":0,"37":0,"38":0,"39":0,"40":0,"41":0,"42":0,"43":0,"44":0,"45":0,"46":0,"47":0,"48":0},"method":{"0":"QO","1":"QO","2":"QO","3":"QO","4":"QO","5":"QO","6":"QO","7":"QO","8":"QO","9":"QO","10":"QO","11":"QO","12":"QO","13":"QO","14":"QO","15":"QO","16":"QO","17":"QO","18":"QO","19":"QO","20":"QO","21":"QO","22":"QO","23":"QO","24":"QO","25":"QO","26":"QO","27":"QO","28":"QO","29":"QO","30":"QO","31":"QO","32":"QO","33":"QO","34":"QO","35":"QO","36":"QO","37":"QO","38":"QO","39":"QO","40":"QO","41":"QO","42":"QO","43":"QO","44":"QO","45":"QO","46":"QO","47":"QO","48":"QO"}}