{"name":{"0":"QO_0","1":"QO_1","2":"QO_2","3":"QO_3","4":"QO_4","5":"QO_5","6":"QO_6","7":"QO_7","8":"QO_8","9":"QO_9","10":"QO_10","11":"QO_11","12":"QO_12","13":"QO_13","14":"QO_14","15":"QO_15","16":"QO_16","17":"QO_17","18":"QO_18","19":"QO_19","20":"QO_20","21":"QO_21","22":"QO_22","23":"QO_23","24":"QO_24","25":"QO_25","26":"QO_26","27":"QO_27","28":"QO_28","29":"QO_29","30":"QO_30","31":"QO_31","32":"QO_32","33":"QO_33","34":"QO_34","35":"QO_35","36":"QO_36","37":"QO_37","38":"QO_38","39":"QO_39","40":"QO_40","41":"QO_41","42":"QO_42","43":"QO_43","44":"QO_44","45":"QO_45","46":"QO_46","47":"QO_47","48":"QO_48"},"roc_auc_val":{"0":0.966225927,"1":0.96632174,"2":0.9662738335,"3":0.9661780205,"4":0.966225927,"5":0.966225927,"6":0.9662738335,"7":0.966225927,"8":0.9663696465,"9":0.966225927,"10":0.96632174,"11":0.9662738335,"12":0.966225927,"13":0.9662738335,"14":0.966225927,"15":0.9662738335,"16":0.966225927,"17":0.966225927,"18":0.96632174,"19":0.966225927,"20":0.9662738335,"21":0.9662738335,"22":0.9664175529,"23":0.966225927,"24":0.9664654594,"25":0.966225927,"26":0.9664175529,"27":0.9662738335,"28":0.9663696465,"29":0.966225927,"30":0.9663696465,"31":0.9664175529,"32":0.96632174,"33":0.9662738335,"34":0.9662738335,"35":0.9663696465,"36":0.966225927,"37":0.9662738335,"38":0.966225927,"39":0.9661780205,"40":0.9664654594,"41":0.966225927,"42":0.9662738335,"43":0.96632174,"44":0.9663696465,"45":0.9662738335,"46":0.966225927,"47":0.9662738335,"48":0.9662738335},"roc_auc_test":{"0":0.925,"1":0.9208333333,"2":0.925,"3":0.9208333333,"4":0.925,"5":0.925,"6":0.925,"7":0.9208333333,"8":0.9291666667,"9":0.9208333333,"10":0.9291666667,"11":0.9208333333,"12":0.925,"13":0.9208333333,"14":0.9291666667,"15":0.925,"16":0.925,"17":0.925,"18":0.925,"19":0.925,"20":0.9208333333,"21":0.925,"22":0.925,"23":0.925,"24":0.9208333333,"25":0.9208333333,"26":0.925,"27":0.925,"28":0.9208333333,"29":0.925,"30":0.9208333333,"31":0.925,"32":0.9291666667,"33":0.925,"34":0.9291666667,"35":0.925,"36":0.9291666667,"37":0.9208333333,"38":0.9208333333,"39":0.9291666667,"40":0.925,"41":0.925,"42":0.925,"43":0.9291666667,"44":0.925,"45":0.925,"46":0.925,"47":0.925,"48":0.9208333333},"models_used":{"0":["CatBoost_r107_BAG_L1","CatBoost_r109_BAG_L1","CatBoost_r123_BAG_L1","CatBoost_r23_BAG_L1","CatBoost_r59_BAG_L1","CatBoost_r87_BAG_L1","ExtraTrees_r68_BAG_L1","NeuralNetFastAI_r120_BAG_L1","NeuralNetFastAI_r144_BAG_L1","NeuralNetFastAI_r147_BAG_L1","NeuralNetFastAI_r156_BAG_L1","NeuralNetFastAI_r190_BAG_L1","NeuralNetFastAI_r74_BAG_L1","NeuralNetTorch_r103_BAG_L1","NeuralNetTorch_r104_BAG_L1","NeuralNetTorch_r140_BAG_L1","NeuralNetTorch_r144_BAG_L1","NeuralNetTorch_r148_BAG_L1","NeuralNetTorch_r149_BAG_L1","NeuralNetTorch_r15_BAG_L1","NeuralNetTorch_r69_BAG_L1","NeuralNetTorch_r88_BAG_L1","NeuralNetTorch_r89_BAG_L1","NeuralNetTorch_r96_BAG_L1","RandomForest_r196_BAG_L1","XGBoost_r122_BAG_L1","XGBoost_r173_BAG_L1","XGBoost_r199_BAG_L1","XGBoost_r32_BAG_L1","XGBoost_r94_BAG_L1"],"1":["CatBoost_r107_BAG_L1","CatBoost_r109_BAG_L1","CatBoost_r116_BAG_L1","CatBoost_r123_BAG_L1","CatBoost_r23_BAG_L1","CatBoost_r59_BAG_L1","CatBoost_r87_BAG_L1","ExtraTrees_r68_BAG_L1","NeuralNetFastAI_r120_BAG_L1","NeuralNetFastAI_r144_BAG_L1","NeuralNetFastAI_r147_BAG_L1","NeuralNetFastAI_r156_BAG_L1","NeuralNetFastAI_r190_BAG_L1","NeuralNetFastAI_r74_BAG_L1","NeuralNetTorch_r103_BAG_L1","NeuralNetTorch_r104_BAG_L1","NeuralNetTorch_r140_BAG_L1","NeuralNetTorch_r144_BAG_L1","NeuralNetTorch_r148_BAG_L1","NeuralNetTorch_r149_BAG_L1","NeuralNetTorch_r15_BAG_L1","NeuralNetTorch_r69_BAG_L1","NeuralNetTorch_r88_BAG_L1","NeuralNetTorch_r89_BAG_L1","NeuralNetTorch_r96_BAG_L1","XGBoost_r122_BAG_L1","XGBoost_r173_BAG_L1","XGBoost_r199_BAG_L1","XGBoost_r32_BAG_L1","XGBoost_r94_BAG_L1"],"2":["CatBoost_r107_BAG_L1","CatBoost_r109_BAG_L1","CatBoost_r123_BAG_L1","CatBoost_r23_BAG_L1","CatBoost_r59_BAG_L1","CatBoost_r87_BAG_L1","ExtraTrees_r68_BAG_L1","NeuralNetFastAI_r120_BAG_L1","NeuralNetFastAI_r144_BAG_L1","NeuralNetFastAI_r147_BAG_L1","NeuralNetFastAI_r156_BAG_L1","NeuralNetFastAI_r190_BAG_L1","NeuralNetFastAI_r74_BAG_L1","NeuralNetTorch_r103_BAG_L1","NeuralNetTorch_r104_BAG_L1","NeuralNetTorch_r140_BAG_L1","NeuralNetTorch_r144_BAG_L1","NeuralNetTorch_r148_BAG_L1","NeuralNetTorch_r149_BAG_L1","NeuralNetTorch_r15_BAG_L1","NeuralNetTorch_r21_BAG_L1","NeuralNetTorch_r69_BAG_L1","NeuralNetTorch_r88_BAG_L1","NeuralNetTorch_r89_BAG_L1","NeuralNetTorch_r96_BAG_L1","XGBoost_r122_BAG_L1","XGBoost_r173_BAG_L1","XGBoost_r199_BAG_L1","XGBoost_r32_BAG_L1","XGBoost_r94_BAG_L1"],"3":["CatBoost_r107_BAG_L1","CatBoost_r109_BAG_L1","CatBoost_r123_BAG_L1","CatBoost_r23_BAG_L1","CatBoost_r59_BAG_L1","CatBoost_r87_BAG_L1","ExtraTrees_r68_BAG_L1","NeuralNetFastAI_r120_BAG_L1","NeuralNetFastAI_r144_BAG_L1","NeuralNetFastAI_r147_BAG_L1","NeuralNetFastAI_r156_BAG_L1","NeuralNetFastAI_r190_BAG_L1","NeuralNetFastAI_r74_BAG_L1","NeuralNetTorch_r103_BAG_L1","NeuralNetTorch_r104_BAG_L1","NeuralNetTorch_r140_BAG_L1","NeuralNetTorch_r144_BAG_L1","NeuralNetTorch_r148_BAG_L1","NeuralNetTorch_r149_BAG_L1","NeuralNetTorch_r15_BAG_L1","NeuralNetTorch_r69_BAG_L1","NeuralNetTorch_r88_BAG_L1","NeuralNetTorch_r89_BAG_L1","NeuralNetTorch_r96_BAG_L1","XGBoost_r122_BAG_L1","XGBoost_r162_BAG_L1","XGBoost_r173_BAG_L1","XGBoost_r199_BAG_L1","XGBoost_r32_BAG_L1","XGBoost_r94_BAG_L1"],"4":["CatBoost_r107_BAG_L1","CatBoost_r109_BAG_L1","CatBoost_r123_BAG_L1","CatBoost_r23_BAG_L1","CatBoost_r59_BAG_L1","CatBoost_r87_BAG_L1","ExtraTrees_r68_BAG_L1","NeuralNetFastAI_r120_BAG_L1","NeuralNetFastAI_r144_BAG_L1","NeuralNetFastAI_r147_BAG_L1","NeuralNetFastAI_r156_BAG_L1","NeuralNetFastAI_r190_BAG_L1","NeuralNetFastAI_r53_BAG_L1","NeuralNetFastAI_r74_BAG_L1","NeuralNetTorch_r103_BAG_L1","NeuralNetTorch_r104_BAG_L1","NeuralNetTorch_r140_BAG_L1","NeuralNetTorch_r144_BAG_L1","NeuralNetTorch_r148_BAG_L1","NeuralNetTorch_r149_BAG_L1","NeuralNetTorch_r15_BAG_L1","NeuralNetTorch_r69_BAG_L1","NeuralNetTorch_r88_BAG_L1","NeuralNetTorch_r89_BAG_L1","NeuralNetTorch_r96_BAG_L1","XGBoost_r103_BAG_L1","XGBoost_r122_BAG_L1","XGBoost_r173_BAG_L1","XGBoost_r199_BAG_L1","XGBoost_r32_BAG_L1","XGBoost_r94_BAG_L1"],"5":["CatBoost_r107_BAG_L1","CatBoost_r109_BAG_L1","CatBoost_r123_BAG_L1","CatBoost_r23_BAG_L1","CatBoost_r59_BAG_L1","CatBoost_r87_BAG_L1","ExtraTrees_r68_BAG_L1","NeuralNetFastAI_r144_BAG_L1","NeuralNetFastAI_r147_BAG_L1","NeuralNetFastAI_r156_BAG_L1","NeuralNetFastAI_r190_BAG_L1","NeuralNetFastAI_r74_BAG_L1","NeuralNetTorch_r103_BAG_L1","NeuralNetTorch_r104_BAG_L1","NeuralNetTorch_r140_BAG_L1","NeuralNetTorch_r144_BAG_L1","NeuralNetTorch_r148_BAG_L1","NeuralNetTorch_r149_BAG_L1","NeuralNetTorch_r15_BAG_L1","NeuralNetTorch_r69_BAG_L1","NeuralNetTorch_r88_BAG_L1","NeuralNetTorch_r89_BAG_L1","NeuralNetTorch_r96_BAG_L1","RandomForest_r94_BAG_L1","XGBoost_r122_BAG_L1","XGBoost_r173_BAG_L1","XGBoost_r199_BAG_L1","XGBoost_r32_BAG_L1","XGBoost_r94_BAG_L1"],"6":["CatBoost_r107_BAG_L1","CatBoost_r109_BAG_L1","CatBoost_r123_BAG_L1","CatBoost_r23_BAG_L1","CatBoost_r59_BAG_L1","CatBoost_r87_BAG_L1","ExtraTrees_r68_BAG_L1","ExtraTrees_r7_BAG_L1","NeuralNetFastAI_r120_BAG_L1","NeuralNetFastAI_r144_BAG_L1","NeuralNetFastAI_r147_BAG_L1","NeuralNetFastAI_r156_BAG_L1","NeuralNetFastAI_r190_BAG_L1","NeuralNetFastAI_r74_BAG_L1","NeuralNetTorch_r103_BAG_L1","NeuralNetTorch_r104_BAG_L1","NeuralNetTorch_r140_BAG_L1","NeuralNetTorch_r144_BAG_L1","NeuralNetTorch_r148_BAG_L1","NeuralNetTorch_r149_BAG_L1","NeuralNetTorch_r15_BAG_L1","NeuralNetTorch_r69_BAG_L1","NeuralNetTorch_r88_BAG_L1","NeuralNetTorch_r89_BAG_L1","NeuralNetTorch_r96_BAG_L1","XGBoost_r122_BAG_L1","XGBoost_r173_BAG_L1","XGBoost_r199_BAG_L1","XGBoost_r32_BAG_L1","XGBoost_r94_BAG_L1"],"7":["CatBoost_r107_BAG_L1","CatBoost_r109_BAG_L1","CatBoost_r123_BAG_L1","CatBoost_r23_BAG_L1","CatBoost_r59_BAG_L1","CatBoost_r87_BAG_L1","ExtraTrees_r68_BAG_L1","NeuralNetFastAI_r107_BAG_L1","NeuralNetFastAI_r120_BAG_L1","NeuralNetFastAI_r144_BAG_L1","NeuralNetFastAI_r147_BAG_L1","NeuralNetFastAI_r156_BAG_L1","NeuralNetFastAI_r190_BAG_L1","NeuralNetFastAI_r74_BAG_L1","NeuralNetTorch_r103_BAG_L1","NeuralNetTorch_r104_BAG_L1","NeuralNetTorch_r140_BAG_L1","NeuralNetTorch_r144_BAG_L1","NeuralNetTorch_r148_BAG_L1","NeuralNetTorch_r149_BAG_L1","NeuralNetTorch_r15_BAG_L1","NeuralNetTorch_r69_BAG_L1","NeuralNetTorch_r88_BAG_L1","NeuralNetTorch_r89_BAG_L1","NeuralNetTorch_r96_BAG_L1","XGBoost_r122_BAG_L1","XGBoost_r173_BAG_L1","XGBoost_r199_BAG_L1","XGBoost_r32_BAG_L1","XGBoost_r94_BAG_L1"],"8":["CatBoost_r107_BAG_L1","CatBoost_r109_BAG_L1","CatBoost_r123_BAG_L1","CatBoost_r23_BAG_L1","CatBoost_r59_BAG_L1","CatBoost_r87_BAG_L1","ExtraTrees_r195_BAG_L1","ExtraTrees_r68_BAG_L1","NeuralNetFastAI_r120_BAG_L1","NeuralNetFastAI_r144_BAG_L1","NeuralNetFastAI_r147_BAG_L1","NeuralNetFastAI_r156_BAG_L1","NeuralNetFastAI_r190_BAG_L1","NeuralNetFastAI_r74_BAG_L1","NeuralNetTorch_r103_BAG_L1","NeuralNetTorch_r104_BAG_L1","NeuralNetTorch_r140_BAG_L1","NeuralNetTorch_r144_BAG_L1","NeuralNetTorch_r148_BAG_L1","NeuralNetTorch_r149_BAG_L1","NeuralNetTorch_r15_BAG_L1","NeuralNetTorch_r69_BAG_L1","NeuralNetTorch_r88_BAG_L1","NeuralNetTorch_r89_BAG_L1","NeuralNetTorch_r96_BAG_L1","XGBoost_r122_BAG_L1","XGBoost_r173_BAG_L1","XGBoost_r199_BAG_L1","XGBoost_r32_BAG_L1","XGBoost_r94_BAG_L1"],"9":["CatBoost_r107_BAG_L1","CatBoost_r109_BAG_L1","CatBoost_r123_BAG_L1","CatBoost_r23_BAG_L1","CatBoost_r59_BAG_L1","CatBoost_r87_BAG_L1","ExtraTrees_r68_BAG_L1","NeuralNetFastAI_r120_BAG_L1","NeuralNetFastAI_r144_BAG_L1","NeuralNetFastAI_r147_BAG_L1","NeuralNetFastAI_r156_BAG_L1","NeuralNetFastAI_r190_BAG_L1","NeuralNetFastAI_r74_BAG_L1","NeuralNetTorch_r103_BAG_L1","NeuralNetTorch_r104_BAG_L1","NeuralNetTorch_r140_BAG_L1","NeuralNetTorch_r144_BAG_L1","NeuralNetTorch_r148_BAG_L1","NeuralNetTorch_r149_BAG_L1","NeuralNetTorch_r15_BAG_L1","NeuralNetTorch_r69_BAG_L1","NeuralNetTorch_r88_BAG_L1","NeuralNetTorch_r89_BAG_L1","NeuralNetTorch_r96_BAG_L1","XGBoost_r122_BAG_L1","XGBoost_r173_BAG_L1","XGBoost_r199_BAG_L1","XGBoost_r32_BAG_L1","XGBoost_r51_BAG_L1","XGBoost_r94_BAG_L1"],"10":["CatBoost_r107_BAG_L1","CatBoost_r109_BAG_L1","CatBoost_r123_BAG_L1","CatBoost_r23_BAG_L1","CatBoost_r59_BAG_L1","CatBoost_r87_BAG_L1","ExtraTrees_r68_BAG_L1","ExtraTrees_r80_BAG_L1","NeuralNetFastAI_r120_BAG_L1","NeuralNetFastAI_r144_BAG_L1","NeuralNetFastAI_r147_BAG_L1","NeuralNetFastAI_r156_BAG_L1","NeuralNetFastAI_r190_BAG_L1","NeuralNetFastAI_r74_BAG_L1","NeuralNetTorch_r103_BAG_L1","NeuralNetTorch_r104_BAG_L1","NeuralNetTorch_r140_BAG_L1","NeuralNetTorch_r144_BAG_L1","NeuralNetTorch_r148_BAG_L1","NeuralNetTorch_r149_BAG_L1","NeuralNetTorch_r15_BAG_L1","NeuralNetTorch_r69_BAG_L1","NeuralNetTorch_r88_BAG_L1","NeuralNetTorch_r89_BAG_L1","NeuralNetTorch_r96_BAG_L1","XGBoost_r122_BAG_L1","XGBoost_r173_BAG_L1","XGBoost_r199_BAG_L1","XGBoost_r32_BAG_L1","XGBoost_r94_BAG_L1"],"11":["CatBoost_r107_BAG_L1","CatBoost_r109_BAG_L1","CatBoost_r123_BAG_L1","CatBoost_r177_BAG_L1","CatBoost_r23_BAG_L1","CatBoost_r59_BAG_L1","CatBoost_r87_BAG_L1","ExtraTrees_r68_BAG_L1","NeuralNetFastAI_r120_BAG_L1","NeuralNetFastAI_r144_BAG_L1","NeuralNetFastAI_r147_BAG_L1","NeuralNetFastAI_r156_BAG_L1","NeuralNetFastAI_r190_BAG_L1","NeuralNetFastAI_r74_BAG_L1","NeuralNetTorch_r103_BAG_L1","NeuralNetTorch_r104_BAG_L1","NeuralNetTorch_r140_BAG_L1","NeuralNetTorch_r144_BAG_L1","NeuralNetTorch_r148_BAG_L1","NeuralNetTorch_r149_BAG_L1","NeuralNetTorch_r15_BAG_L1","NeuralNetTorch_r69_BAG_L1","NeuralNetTorch_r88_BAG_L1","NeuralNetTorch_r89_BAG_L1","NeuralNetTorch_r96_BAG_L1","XGBoost_r122_BAG_L1","XGBoost_r173_BAG_L1","XGBoost_r199_BAG_L1","XGBoost_r32_BAG_L1","XGBoost_r94_BAG_L1"],"12":["CatBoost_r107_BAG_L1","CatBoost_r109_BAG_L1","CatBoost_r123_BAG_L1","CatBoost_r23_BAG_L1","CatBoost_r59_BAG_L1","CatBoost_r87_BAG_L1","ExtraTrees_r68_BAG_L1","NeuralNetFastAI_r120_BAG_L1","NeuralNetFastAI_r144_BAG_L1","NeuralNetFastAI_r147_BAG_L1","NeuralNetFastAI_r156_BAG_L1","NeuralNetFastAI_r190_BAG_L1","NeuralNetFastAI_r74_BAG_L1","NeuralNetTorch_r103_BAG_L1","NeuralNetTorch_r104_BAG_L1","NeuralNetTorch_r140_BAG_L1","NeuralNetTorch_r144_BAG_L1","NeuralNetTorch_r148_BAG_L1","NeuralNetTorch_r149_BAG_L1","NeuralNetTorch_r15_BAG_L1","NeuralNetTorch_r21_BAG_L1","NeuralNetTorch_r69_BAG_L1","NeuralNetTorch_r88_BAG_L1","NeuralNetTorch_r89_BAG_L1","NeuralNetTorch_r96_BAG_L1","XGBoost_r122_BAG_L1","XGBoost_r173_BAG_L1","XGBoost_r199_BAG_L1","XGBoost_r32_BAG_L1","XGBoost_r94_BAG_L1"],"13":["CatBoost_r107_BAG_L1","CatBoost_r109_BAG_L1","CatBoost_r123_BAG_L1","CatBoost_r23_BAG_L1","CatBoost_r59_BAG_L1","CatBoost_r87_BAG_L1","ExtraTrees_r68_BAG_L1","NeuralNetFastAI_r120_BAG_L1","NeuralNetFastAI_r144_BAG_L1","NeuralNetFastAI_r147_BAG_L1","NeuralNetFastAI_r156_BAG_L1","NeuralNetFastAI_r190_BAG_L1","NeuralNetFastAI_r74_BAG_L1","NeuralNetTorch_r103_BAG_L1","NeuralNetTorch_r104_BAG_L1","NeuralNetTorch_r140_BAG_L1","NeuralNetTorch_r144_BAG_L1","NeuralNetTorch_r148_BAG_L1","NeuralNetTorch_r149_BAG_L1","NeuralNetTorch_r15_BAG_L1","NeuralNetTorch_r69_BAG_L1","NeuralNetTorch_r88_BAG_L1","NeuralNetTorch_r89_BAG_L1","NeuralNetTorch_r96_BAG_L1","XGBoost_r122_BAG_L1","XGBoost_r173_BAG_L1","XGBoost_r199_BAG_L1","XGBoost_r32_BAG_L1","XGBoost_r78_BAG_L1","XGBoost_r94_BAG_L1"],"14":["CatBoost_r107_BAG_L1","CatBoost_r109_BAG_L1","CatBoost_r123_BAG_L1","CatBoost_r23_BAG_L1","CatBoost_r59_BAG_L1","CatBoost_r87_BAG_L1","ExtraTrees_r128_BAG_L1","ExtraTrees_r19_BAG_L1","ExtraTrees_r68_BAG_L1","NeuralNetFastAI_r120_BAG_L1","NeuralNetFastAI_r144_BAG_L1","NeuralNetFastAI_r147_BAG_L1","NeuralNetFastAI_r156_BAG_L1","NeuralNetFastAI_r190_BAG_L1","NeuralNetFastAI_r74_BAG_L1","NeuralNetTorch_r103_BAG_L1","NeuralNetTorch_r104_BAG_L1","NeuralNetTorch_r140_BAG_L1","NeuralNetTorch_r144_BAG_L1","NeuralNetTorch_r148_BAG_L1","NeuralNetTorch_r149_BAG_L1","NeuralNetTorch_r15_BAG_L1","NeuralNetTorch_r69_BAG_L1","NeuralNetTorch_r88_BAG_L1","NeuralNetTorch_r89_BAG_L1","NeuralNetTorch_r96_BAG_L1","XGBoost_r122_BAG_L1","XGBoost_r173_BAG_L1","XGBoost_r199_BAG_L1","XGBoost_r32_BAG_L1","XGBoost_r94_BAG_L1"],"15":["CatBoost_r107_BAG_L1","CatBoost_r109_BAG_L1","CatBoost_r123_BAG_L1","CatBoost_r23_BAG_L1","CatBoost_r59_BAG_L1","CatBoost_r87_BAG_L1","ExtraTrees_r68_BAG_L1","NeuralNetFastAI_r120_BAG_L1","NeuralNetFastAI_r144_BAG_L1","NeuralNetFastAI_r147_BAG_L1","NeuralNetFastAI_r156_BAG_L1","NeuralNetFastAI_r190_BAG_L1","NeuralNetFastAI_r74_BAG_L1","NeuralNetTorch_r103_BAG_L1","NeuralNetTorch_r104_BAG_L1","NeuralNetTorch_r140_BAG_L1","NeuralNetTorch_r144_BAG_L1","NeuralNetTorch_r148_BAG_L1","NeuralNetTorch_r149_BAG_L1","NeuralNetTorch_r15_BAG_L1","NeuralNetTorch_r69_BAG_L1","NeuralNetTorch_r88_BAG_L1","NeuralNetTorch_r89_BAG_L1","NeuralNetTorch_r96_BAG_L1","RandomForest_r69_BAG_L1","XGBoost_r122_BAG_L1","XGBoost_r173_BAG_L1","XGBoost_r199_BAG_L1","XGBoost_r32_BAG_L1","XGBoost_r94_BAG_L1"],"16":["CatBoost_r107_BAG_L1","CatBoost_r109_BAG_L1","CatBoost_r123_BAG_L1","CatBoost_r23_BAG_L1","CatBoost_r59_BAG_L1","CatBoost_r87_BAG_L1","ExtraTrees_r68_BAG_L1","NeuralNetFastAI_r144_BAG_L1","NeuralNetFastAI_r147_BAG_L1","NeuralNetFastAI_r156_BAG_L1","NeuralNetFastAI_r190_BAG_L1","NeuralNetFastAI_r74_BAG_L1","NeuralNetTorch_r103_BAG_L1","NeuralNetTorch_r104_BAG_L1","NeuralNetTorch_r140_BAG_L1","NeuralNetTorch_r144_BAG_L1","NeuralNetTorch_r148_BAG_L1","NeuralNetTorch_r149_BAG_L1","NeuralNetTorch_r15_BAG_L1","NeuralNetTorch_r69_BAG_L1","NeuralNetTorch_r88_BAG_L1","NeuralNetTorch_r89_BAG_L1","NeuralNetTorch_r96_BAG_L1","XGBoost_r122_BAG_L1","XGBoost_r173_BAG_L1","XGBoost_r199_BAG_L1","XGBoost_r32_BAG_L1","XGBoost_r66_BAG_L1","XGBoost_r94_BAG_L1"],"17":["CatBoost_r107_BAG_L1","CatBoost_r109_BAG_L1","CatBoost_r123_BAG_L1","CatBoost_r23_BAG_L1","CatBoost_r59_BAG_L1","CatBoost_r87_BAG_L1","ExtraTrees_r68_BAG_L1","NeuralNetFastAI_r144_BAG_L1","NeuralNetFastAI_r147_BAG_L1","NeuralNetFastAI_r156_BAG_L1","NeuralNetFastAI_r190_BAG_L1","NeuralNetFastAI_r74_BAG_L1","NeuralNetTorch_r103_BAG_L1","NeuralNetTorch_r104_BAG_L1","NeuralNetTorch_r140_BAG_L1","NeuralNetTorch_r144_BAG_L1","NeuralNetTorch_r148_BAG_L1","NeuralNetTorch_r149_BAG_L1","NeuralNetTorch_r15_BAG_L1","NeuralNetTorch_r69_BAG_L1","NeuralNetTorch_r88_BAG_L1","NeuralNetTorch_r89_BAG_L1","NeuralNetTorch_r96_BAG_L1","XGBoost_r122_BAG_L1","XGBoost_r173_BAG_L1","XGBoost_r199_BAG_L1","XGBoost_r32_BAG_L1","XGBoost_r94_BAG_L1"],"18":["CatBoost_r107_BAG_L1","CatBoost_r109_BAG_L1","CatBoost_r123_BAG_L1","CatBoost_r23_BAG_L1","CatBoost_r59_BAG_L1","CatBoost_r87_BAG_L1","ExtraTrees_r68_BAG_L1","NeuralNetFastAI_r120_BAG_L1","NeuralNetFastAI_r144_BAG_L1","NeuralNetFastAI_r147_BAG_L1","NeuralNetFastAI_r156_BAG_L1","NeuralNetFastAI_r190_BAG_L1","NeuralNetFastAI_r74_BAG_L1","NeuralNetTorch_r103_BAG_L1","NeuralNetTorch_r104_BAG_L1","NeuralNetTorch_r140_BAG_L1","NeuralNetTorch_r144_BAG_L1","NeuralNetTorch_r148_BAG_L1","NeuralNetTorch_r149_BAG_L1","NeuralNetTorch_r15_BAG_L1","NeuralNetTorch_r69_BAG_L1","NeuralNetTorch_r88_BAG_L1","NeuralNetTorch_r89_BAG_L1","NeuralNetTorch_r96_BAG_L1","XGBoost_r122_BAG_L1","XGBoost_r155_BAG_L1","XGBoost_r173_BAG_L1","XGBoost_r199_BAG_L1","XGBoost_r32_BAG_L1","XGBoost_r94_BAG_L1"],"19":["CatBoost_r107_BAG_L1","CatBoost_r109_BAG_L1","CatBoost_r123_BAG_L1","CatBoost_r23_BAG_L1","CatBoost_r59_BAG_L1","CatBoost_r87_BAG_L1","ExtraTrees_r68_BAG_L1","NeuralNetFastAI_r144_BAG_L1","NeuralNetFastAI_r147_BAG_L1","NeuralNetFastAI_r156_BAG_L1","NeuralNetFastAI_r190_BAG_L1","NeuralNetFastAI_r74_BAG_L1","NeuralNetTorch_r103_BAG_L1","NeuralNetTorch_r104_BAG_L1","NeuralNetTorch_r140_BAG_L1","NeuralNetTorch_r144_BAG_L1","NeuralNetTorch_r148_BAG_L1","NeuralNetTorch_r149_BAG_L1","NeuralNetTorch_r15_BAG_L1","NeuralNetTorch_r69_BAG_L1","NeuralNetTorch_r88_BAG_L1","NeuralNetTorch_r89_BAG_L1","NeuralNetTorch_r96_BAG_L1","XGBoost_r122_BAG_L1","XGBoost_r173_BAG_L1","XGBoost_r199_BAG_L1","XGBoost_r32_BAG_L1","XGBoost_r51_BAG_L1","XGBoost_r94_BAG_L1"],"20":["CatBoost_r107_BAG_L1","CatBoost_r109_BAG_L1","CatBoost_r123_BAG_L1","CatBoost_r23_BAG_L1","CatBoost_r59_BAG_L1","CatBoost_r87_BAG_L1","ExtraTrees_r68_BAG_L1","NeuralNetFastAI_r120_BAG_L1","NeuralNetFastAI_r144_BAG_L1","NeuralNetFastAI_r147_BAG_L1","NeuralNetFastAI_r156_BAG_L1","NeuralNetFastAI_r190_BAG_L1","NeuralNetFastAI_r74_BAG_L1","NeuralNetTorch_r103_BAG_L1","NeuralNetTorch_r104_BAG_L1","NeuralNetTorch_r140_BAG_L1","NeuralNetTorch_r144_BAG_L1","NeuralNetTorch_r148_BAG_L1","NeuralNetTorch_r149_BAG_L1","NeuralNetTorch_r15_BAG_L1","NeuralNetTorch_r69_BAG_L1","NeuralNetTorch_r88_BAG_L1","NeuralNetTorch_r89_BAG_L1","NeuralNetTorch_r96_BAG_L1","XGBoost_r122_BAG_L1","XGBoost_r173_BAG_L1","XGBoost_r199_BAG_L1","XGBoost_r32_BAG_L1","XGBoost_r94_BAG_L1"],"21":["CatBoost_r107_BAG_L1","CatBoost_r109_BAG_L1","CatBoost_r123_BAG_L1","CatBoost_r23_BAG_L1","CatBoost_r59_BAG_L1","CatBoost_r87_BAG_L1","ExtraTrees_r68_BAG_L1","NeuralNetFastAI_r120_BAG_L1","NeuralNetFastAI_r144_BAG_L1","NeuralNetFastAI_r147_BAG_L1","NeuralNetFastAI_r156_BAG_L1","NeuralNetFastAI_r190_BAG_L1","NeuralNetFastAI_r74_BAG_L1","NeuralNetTorch_r103_BAG_L1","NeuralNetTorch_r104_BAG_L1","NeuralNetTorch_r140_BAG_L1","NeuralNetTorch_r144_BAG_L1","NeuralNetTorch_r148_BAG_L1","NeuralNetTorch_r149_BAG_L1","NeuralNetTorch_r15_BAG_L1","NeuralNetTorch_r69_BAG_L1","NeuralNetTorch_r88_BAG_L1","NeuralNetTorch_r89_BAG_L1","NeuralNetTorch_r96_BAG_L1","RandomForest_r105_BAG_L1","XGBoost_r122_BAG_L1","XGBoost_r173_BAG_L1","XGBoost_r199_BAG_L1","XGBoost_r32_BAG_L1","XGBoost_r94_BAG_L1"],"22":["CatBoost_r107_BAG_L1","CatBoost_r109_BAG_L1","CatBoost_r123_BAG_L1","CatBoost_r23_BAG_L1","CatBoost_r59_BAG_L1","CatBoost_r87_BAG_L1","ExtraTrees_r68_BAG_L1","NeuralNetFastAI_r120_BAG_L1","NeuralNetFastAI_r144_BAG_L1","NeuralNetFastAI_r147_BAG_L1","NeuralNetFastAI_r156_BAG_L1","NeuralNetFastAI_r190_BAG_L1","NeuralNetFastAI_r74_BAG_L1","NeuralNetTorch_r103_BAG_L1","NeuralNetTorch_r104_BAG_L1","NeuralNetTorch_r140_BAG_L1","NeuralNetTorch_r144_BAG_L1","NeuralNetTorch_r148_BAG_L1","NeuralNetTorch_r149_BAG_L1","NeuralNetTorch_r15_BAG_L1","NeuralNetTorch_r69_BAG_L1","NeuralNetTorch_r88_BAG_L1","NeuralNetTorch_r89_BAG_L1","NeuralNetTorch_r96_BAG_L1","RandomForest_r126_BAG_L1","XGBoost_r122_BAG_L1","XGBoost_r173_BAG_L1","XGBoost_r199_BAG_L1","XGBoost_r32_BAG_L1","XGBoost_r94_BAG_L1"],"23":["CatBoost_r107_BAG_L1","CatBoost_r109_BAG_L1","CatBoost_r123_BAG_L1","CatBoost_r23_BAG_L1","CatBoost_r59_BAG_L1","CatBoost_r87_BAG_L1","ExtraTrees_r68_BAG_L1","ExtraTrees_r7_BAG_L1","NeuralNetFastAI_r120_BAG_L1","NeuralNetFastAI_r144_BAG_L1","NeuralNetFastAI_r147_BAG_L1","NeuralNetFastAI_r156_BAG_L1","NeuralNetFastAI_r190_BAG_L1","NeuralNetFastAI_r52_BAG_L1","NeuralNetFastAI_r74_BAG_L1","NeuralNetTorch_r103_BAG_L1","NeuralNetTorch_r104_BAG_L1","NeuralNetTorch_r140_BAG_L1","NeuralNetTorch_r144_BAG_L1","NeuralNetTorch_r148_BAG_L1","NeuralNetTorch_r149_BAG_L1","NeuralNetTorch_r15_BAG_L1","NeuralNetTorch_r69_BAG_L1","NeuralNetTorch_r88_BAG_L1","NeuralNetTorch_r89_BAG_L1","NeuralNetTorch_r96_BAG_L1","XGBoost_r122_BAG_L1","XGBoost_r173_BAG_L1","XGBoost_r199_BAG_L1","XGBoost_r32_BAG_L1","XGBoost_r94_BAG_L1"],"24":["CatBoost_r107_BAG_L1","CatBoost_r109_BAG_L1","CatBoost_r123_BAG_L1","CatBoost_r23_BAG_L1","CatBoost_r59_BAG_L1","CatBoost_r87_BAG_L1","ExtraTrees_r68_BAG_L1","NeuralNetFastAI_r120_BAG_L1","NeuralNetFastAI_r144_BAG_L1","NeuralNetFastAI_r147_BAG_L1","NeuralNetFastAI_r156_BAG_L1","NeuralNetFastAI_r190_BAG_L1","NeuralNetFastAI_r74_BAG_L1","NeuralNetTorch_r103_BAG_L1","NeuralNetTorch_r104_BAG_L1","NeuralNetTorch_r140_BAG_L1","NeuralNetTorch_r144_BAG_L1","NeuralNetTorch_r148_BAG_L1","NeuralNetTorch_r149_BAG_L1","NeuralNetTorch_r15_BAG_L1","NeuralNetTorch_r69_BAG_L1","NeuralNetTorch_r88_BAG_L1","NeuralNetTorch_r89_BAG_L1","NeuralNetTorch_r96_BAG_L1","XGBoost_r122_BAG_L1","XGBoost_r173_BAG_L1","XGBoost_r199_BAG_L1","XGBoost_r32_BAG_L1","XGBoost_r94_BAG_L1"],"25":["CatBoost_r107_BAG_L1","CatBoost_r109_BAG_L1","CatBoost_r123_BAG_L1","CatBoost_r23_BAG_L1","CatBoost_r59_BAG_L1","CatBoost_r87_BAG_L1","ExtraTrees_r68_BAG_L1","NeuralNetFastAI_r120_BAG_L1","NeuralNetFastAI_r144_BAG_L1","NeuralNetFastAI_r147_BAG_L1","NeuralNetFastAI_r156_BAG_L1","NeuralNetFastAI_r190_BAG_L1","NeuralNetFastAI_r74_BAG_L1","NeuralNetTorch_r103_BAG_L1","NeuralNetTorch_r104_BAG_L1","NeuralNetTorch_r140_BAG_L1","NeuralNetTorch_r144_BAG_L1","NeuralNetTorch_r148_BAG_L1","NeuralNetTorch_r149_BAG_L1","NeuralNetTorch_r15_BAG_L1","NeuralNetTorch_r69_BAG_L1","NeuralNetTorch_r88_BAG_L1","NeuralNetTorch_r89_BAG_L1","NeuralNetTorch_r96_BAG_L1","XGBoost_r122_BAG_L1","XGBoost_r173_BAG_L1","XGBoost_r199_BAG_L1","XGBoost_r32_BAG_L1","XGBoost_r94_BAG_L1"],"26":["CatBoost_r107_BAG_L1","CatBoost_r109_BAG_L1","CatBoost_r123_BAG_L1","CatBoost_r23_BAG_L1","CatBoost_r59_BAG_L1","CatBoost_r87_BAG_L1","ExtraTrees_r68_BAG_L1","NeuralNetFastAI_r120_BAG_L1","NeuralNetFastAI_r144_BAG_L1","NeuralNetFastAI_r147_BAG_L1","NeuralNetFastAI_r156_BAG_L1","NeuralNetFastAI_r190_BAG_L1","NeuralNetFastAI_r74_BAG_L1","NeuralNetTorch_r103_BAG_L1","NeuralNetTorch_r104_BAG_L1","NeuralNetTorch_r140_BAG_L1","NeuralNetTorch_r144_BAG_L1","NeuralNetTorch_r148_BAG_L1","NeuralNetTorch_r149_BAG_L1","NeuralNetTorch_r15_BAG_L1","NeuralNetTorch_r69_BAG_L1","NeuralNetTorch_r88_BAG_L1","NeuralNetTorch_r89_BAG_L1","NeuralNetTorch_r96_BAG_L1","RandomForest_r89_BAG_L1","XGBoost_r122_BAG_L1","XGBoost_r173_BAG_L1","XGBoost_r199_BAG_L1","XGBoost_r32_BAG_L1","XGBoost_r94_BAG_L1"],"27":["CatBoost_r107_BAG_L1","CatBoost_r109_BAG_L1","CatBoost_r123_BAG_L1","CatBoost_r23_BAG_L1","CatBoost_r59_BAG_L1","CatBoost_r87_BAG_L1","ExtraTrees_r10_BAG_L1","ExtraTrees_r68_BAG_L1","NeuralNetFastAI_r120_BAG_L1","NeuralNetFastAI_r144_BAG_L1","NeuralNetFastAI_r147_BAG_L1","NeuralNetFastAI_r156_BAG_L1","NeuralNetFastAI_r190_BAG_L1","NeuralNetFastAI_r74_BAG_L1","NeuralNetTorch_r103_BAG_L1","NeuralNetTorch_r104_BAG_L1","NeuralNetTorch_r140_BAG_L1","NeuralNetTorch_r144_BAG_L1","NeuralNetTorch_r148_BAG_L1","NeuralNetTorch_r149_BAG_L1","NeuralNetTorch_r15_BAG_L1","NeuralNetTorch_r69_BAG_L1","NeuralNetTorch_r88_BAG_L1","NeuralNetTorch_r89_BAG_L1","NeuralNetTorch_r96_BAG_L1","XGBoost_r122_BAG_L1","XGBoost_r173_BAG_L1","XGBoost_r199_BAG_L1","XGBoost_r32_BAG_L1","XGBoost_r94_BAG_L1"],"28":["CatBoost_r107_BAG_L1","CatBoost_r109_BAG_L1","CatBoost_r123_BAG_L1","CatBoost_r23_BAG_L1","CatBoost_r59_BAG_L1","CatBoost_r87_BAG_L1","ExtraTrees_r68_BAG_L1","NeuralNetFastAI_r144_BAG_L1","NeuralNetFastAI_r147_BAG_L1","NeuralNetFastAI_r156_BAG_L1","NeuralNetFastAI_r190_BAG_L1","NeuralNetFastAI_r74_BAG_L1","NeuralNetTorch_r103_BAG_L1","NeuralNetTorch_r104_BAG_L1","NeuralNetTorch_r140_BAG_L1","NeuralNetTorch_r144_BAG_L1","NeuralNetTorch_r148_BAG_L1","NeuralNetTorch_r149_BAG_L1","NeuralNetTorch_r15_BAG_L1","NeuralNetTorch_r69_BAG_L1","NeuralNetTorch_r88_BAG_L1","NeuralNetTorch_r89_BAG_L1","NeuralNetTorch_r96_BAG_L1","XGBoost_r122_BAG_L1","XGBoost_r173_BAG_L1","XGBoost_r199_BAG_L1","XGBoost_r32_BAG_L1","XGBoost_r94_BAG_L1"],"29":["CatBoost_r107_BAG_L1","CatBoost_r109_BAG_L1","CatBoost_r123_BAG_L1","CatBoost_r23_BAG_L1","CatBoost_r51_BAG_L1","CatBoost_r59_BAG_L1","CatBoost_r87_BAG_L1","ExtraTrees_r68_BAG_L1","NeuralNetFastAI_r120_BAG_L1","NeuralNetFastAI_r144_BAG_L1","NeuralNetFastAI_r147_BAG_L1","NeuralNetFastAI_r156_BAG_L1","NeuralNetFastAI_r190_BAG_L1","NeuralNetFastAI_r74_BAG_L1","NeuralNetTorch_r103_BAG_L1","NeuralNetTorch_r104_BAG_L1","NeuralNetTorch_r140_BAG_L1","NeuralNetTorch_r144_BAG_L1","NeuralNetTorch_r148_BAG_L1","NeuralNetTorch_r149_BAG_L1","NeuralNetTorch_r15_BAG_L1","NeuralNetTorch_r69_BAG_L1","NeuralNetTorch_r88_BAG_L1","NeuralNetTorch_r89_BAG_L1","NeuralNetTorch_r96_BAG_L1","XGBoost_r122_BAG_L1","XGBoost_r173_BAG_L1","XGBoost_r199_BAG_L1","XGBoost_r32_BAG_L1","XGBoost_r94_BAG_L1"],"30":["CatBoost_r107_BAG_L1","CatBoost_r109_BAG_L1","CatBoost_r123_BAG_L1","CatBoost_r23_BAG_L1","CatBoost_r36_BAG_L1","CatBoost_r59_BAG_L1","CatBoost_r87_BAG_L1","ExtraTrees_r68_BAG_L1","NeuralNetFastAI_r120_BAG_L1","NeuralNetFastAI_r144_BAG_L1","NeuralNetFastAI_r147_BAG_L1","NeuralNetFastAI_r156_BAG_L1","NeuralNetFastAI_r190_BAG_L1","NeuralNetFastAI_r74_BAG_L1","NeuralNetTorch_r103_BAG_L1","NeuralNetTorch_r104_BAG_L1","NeuralNetTorch_r140_BAG_L1","NeuralNetTorch_r144_BAG_L1","NeuralNetTorch_r148_BAG_L1","NeuralNetTorch_r149_BAG_L1","NeuralNetTorch_r15_BAG_L1","NeuralNetTorch_r69_BAG_L1","NeuralNetTorch_r88_BAG_L1","NeuralNetTorch_r89_BAG_L1","NeuralNetTorch_r96_BAG_L1","XGBoost_r122_BAG_L1","XGBoost_r173_BAG_L1","XGBoost_r199_BAG_L1","XGBoost_r32_BAG_L1","XGBoost_r94_BAG_L1"],"31":["CatBoost_r107_BAG_L1","CatBoost_r109_BAG_L1","CatBoost_r123_BAG_L1","CatBoost_r23_BAG_L1","CatBoost_r59_BAG_L1","CatBoost_r87_BAG_L1","ExtraTrees_r68_BAG_L1","NeuralNetFastAI_r120_BAG_L1","NeuralNetFastAI_r144_BAG_L1","NeuralNetFastAI_r147_BAG_L1","NeuralNetFastAI_r156_BAG_L1","NeuralNetFastAI_r190_BAG_L1","NeuralNetFastAI_r74_BAG_L1","NeuralNetTorch_r103_BAG_L1","NeuralNetTorch_r104_BAG_L1","NeuralNetTorch_r140_BAG_L1","NeuralNetTorch_r144_BAG_L1","NeuralNetTorch_r148_BAG_L1","NeuralNetTorch_r149_BAG_L1","NeuralNetTorch_r15_BAG_L1","NeuralNetTorch_r69_BAG_L1","NeuralNetTorch_r87_BAG_L1","NeuralNetTorch_r88_BAG_L1","NeuralNetTorch_r89_BAG_L1","NeuralNetTorch_r96_BAG_L1","XGBoost_r122_BAG_L1","XGBoost_r173_BAG_L1","XGBoost_r199_BAG_L1","XGBoost_r32_BAG_L1","XGBoost_r94_BAG_L1"],"32":["CatBoost_r107_BAG_L1","CatBoost_r109_BAG_L1","CatBoost_r123_BAG_L1","CatBoost_r23_BAG_L1","CatBoost_r59_BAG_L1","CatBoost_r87_BAG_L1","ExtraTrees_r150_BAG_L1","ExtraTrees_r68_BAG_L1","NeuralNetFastAI_r120_BAG_L1","NeuralNetFastAI_r144_BAG_L1","NeuralNetFastAI_r147_BAG_L1","NeuralNetFastAI_r156_BAG_L1","NeuralNetFastAI_r190_BAG_L1","NeuralNetFastAI_r74_BAG_L1","NeuralNetTorch_r103_BAG_L1","NeuralNetTorch_r104_BAG_L1","NeuralNetTorch_r140_BAG_L1","NeuralNetTorch_r144_BAG_L1","NeuralNetTorch_r148_BAG_L1","NeuralNetTorch_r149_BAG_L1","NeuralNetTorch_r15_BAG_L1","NeuralNetTorch_r69_BAG_L1","NeuralNetTorch_r88_BAG_L1","NeuralNetTorch_r89_BAG_L1","NeuralNetTorch_r96_BAG_L1","XGBoost_r122_BAG_L1","XGBoost_r173_BAG_L1","XGBoost_r199_BAG_L1","XGBoost_r32_BAG_L1","XGBoost_r94_BAG_L1"],"33":["CatBoost_r107_BAG_L1","CatBoost_r109_BAG_L1","CatBoost_r123_BAG_L1","CatBoost_r23_BAG_L1","CatBoost_r59_BAG_L1","CatBoost_r87_BAG_L1","ExtraTrees_r128_BAG_L1","ExtraTrees_r68_BAG_L1","NeuralNetFastAI_r120_BAG_L1","NeuralNetFastAI_r144_BAG_L1","NeuralNetFastAI_r147_BAG_L1","NeuralNetFastAI_r156_BAG_L1","NeuralNetFastAI_r190_BAG_L1","NeuralNetFastAI_r74_BAG_L1","NeuralNetTorch_r103_BAG_L1","NeuralNetTorch_r104_BAG_L1","NeuralNetTorch_r140_BAG_L1","NeuralNetTorch_r144_BAG_L1","NeuralNetTorch_r148_BAG_L1","NeuralNetTorch_r149_BAG_L1","NeuralNetTorch_r15_BAG_L1","NeuralNetTorch_r69_BAG_L1","NeuralNetTorch_r88_BAG_L1","NeuralNetTorch_r89_BAG_L1","NeuralNetTorch_r96_BAG_L1","XGBoost_r122_BAG_L1","XGBoost_r173_BAG_L1","XGBoost_r199_BAG_L1","XGBoost_r32_BAG_L1","XGBoost_r94_BAG_L1"],"34":["CatBoost_r107_BAG_L1","CatBoost_r109_BAG_L1","CatBoost_r123_BAG_L1","CatBoost_r23_BAG_L1","CatBoost_r59_BAG_L1","CatBoost_r87_BAG_L1","ExtraTrees_r68_BAG_L1","NeuralNetFastAI_r120_BAG_L1","NeuralNetFastAI_r144_BAG_L1","NeuralNetFastAI_r147_BAG_L1","NeuralNetFastAI_r156_BAG_L1","NeuralNetFastAI_r190_BAG_L1","NeuralNetFastAI_r74_BAG_L1","NeuralNetTorch_r103_BAG_L1","NeuralNetTorch_r104_BAG_L1","NeuralNetTorch_r140_BAG_L1","NeuralNetTorch_r144_BAG_L1","NeuralNetTorch_r148_BAG_L1","NeuralNetTorch_r149_BAG_L1","NeuralNetTorch_r15_BAG_L1","NeuralNetTorch_r69_BAG_L1","NeuralNetTorch_r88_BAG_L1","NeuralNetTorch_r89_BAG_L1","NeuralNetTorch_r96_BAG_L1","RandomForest_r88_BAG_L1","XGBoost_r122_BAG_L1","XGBoost_r173_BAG_L1","XGBoost_r199_BAG_L1","XGBoost_r32_BAG_L1","XGBoost_r94_BAG_L1"],"35":["CatBoost_r107_BAG_L1","CatBoost_r109_BAG_L1","CatBoost_r123_BAG_L1","CatBoost_r23_BAG_L1","CatBoost_r59_BAG_L1","CatBoost_r87_BAG_L1","ExtraTrees_r68_BAG_L1","NeuralNetFastAI_r120_BAG_L1","NeuralNetFastAI_r144_BAG_L1","NeuralNetFastAI_r147_BAG_L1","NeuralNetFastAI_r156_BAG_L1","NeuralNetFastAI_r190_BAG_L1","NeuralNetFastAI_r74_BAG_L1","NeuralNetTorch_r103_BAG_L1","NeuralNetTorch_r104_BAG_L1","NeuralNetTorch_r140_BAG_L1","NeuralNetTorch_r144_BAG_L1","NeuralNetTorch_r148_BAG_L1","NeuralNetTorch_r149_BAG_L1","NeuralNetTorch_r15_BAG_L1","NeuralNetTorch_r69_BAG_L1","NeuralNetTorch_r88_BAG_L1","NeuralNetTorch_r89_BAG_L1","NeuralNetTorch_r96_BAG_L1","XGBoost_r122_BAG_L1","XGBoost_r173_BAG_L1","XGBoost_r199_BAG_L1","XGBoost_r32_BAG_L1","XGBoost_r94_BAG_L1"],"36":["CatBoost_r107_BAG_L1","CatBoost_r109_BAG_L1","CatBoost_r123_BAG_L1","CatBoost_r23_BAG_L1","CatBoost_r59_BAG_L1","CatBoost_r87_BAG_L1","ExtraTrees_r126_BAG_L1","ExtraTrees_r68_BAG_L1","NeuralNetFastAI_r120_BAG_L1","NeuralNetFastAI_r144_BAG_L1","NeuralNetFastAI_r147_BAG_L1","NeuralNetFastAI_r156_BAG_L1","NeuralNetFastAI_r190_BAG_L1","NeuralNetFastAI_r74_BAG_L1","NeuralNetTorch_r103_BAG_L1","NeuralNetTorch_r104_BAG_L1","NeuralNetTorch_r140_BAG_L1","NeuralNetTorch_r144_BAG_L1","NeuralNetTorch_r148_BAG_L1","NeuralNetTorch_r149_BAG_L1","NeuralNetTorch_r15_BAG_L1","NeuralNetTorch_r69_BAG_L1","NeuralNetTorch_r88_BAG_L1","NeuralNetTorch_r89_BAG_L1","NeuralNetTorch_r96_BAG_L1","XGBoost_r122_BAG_L1","XGBoost_r173_BAG_L1","XGBoost_r199_BAG_L1","XGBoost_r32_BAG_L1","XGBoost_r94_BAG_L1"],"37":["CatBoost_r107_BAG_L1","CatBoost_r109_BAG_L1","CatBoost_r123_BAG_L1","CatBoost_r23_BAG_L1","CatBoost_r59_BAG_L1","CatBoost_r87_BAG_L1","ExtraTrees_r68_BAG_L1","NeuralNetFastAI_r120_BAG_L1","NeuralNetFastAI_r144_BAG_L1","NeuralNetFastAI_r147_BAG_L1","NeuralNetFastAI_r156_BAG_L1","NeuralNetFastAI_r190_BAG_L1","NeuralNetFastAI_r74_BAG_L1","NeuralNetTorch_r103_BAG_L1","NeuralNetTorch_r104_BAG_L1","NeuralNetTorch_r140_BAG_L1","NeuralNetTorch_r144_BAG_L1","NeuralNetTorch_r148_BAG_L1","NeuralNetTorch_r149_BAG_L1","NeuralNetTorch_r15_BAG_L1","NeuralNetTorch_r69_BAG_L1","NeuralNetTorch_r88_BAG_L1","NeuralNetTorch_r89_BAG_L1","NeuralNetTorch_r96_BAG_L1","XGBoost_r122_BAG_L1","XGBoost_r173_BAG_L1","XGBoost_r199_BAG_L1","XGBoost_r32_BAG_L1","XGBoost_r91_BAG_L1","XGBoost_r94_BAG_L1"],"38":["CatBoost_r107_BAG_L1","CatBoost_r109_BAG_L1","CatBoost_r123_BAG_L1","CatBoost_r186_BAG_L1","CatBoost_r23_BAG_L1","CatBoost_r59_BAG_L1","CatBoost_r87_BAG_L1","ExtraTrees_r68_BAG_L1","NeuralNetFastAI_r120_BAG_L1","NeuralNetFastAI_r144_BAG_L1","NeuralNetFastAI_r147_BAG_L1","NeuralNetFastAI_r156_BAG_L1","NeuralNetFastAI_r190_BAG_L1","NeuralNetFastAI_r74_BAG_L1","NeuralNetTorch_r103_BAG_L1","NeuralNetTorch_r104_BAG_L1","NeuralNetTorch_r140_BAG_L1","NeuralNetTorch_r144_BAG_L1","NeuralNetTorch_r148_BAG_L1","NeuralNetTorch_r149_BAG_L1","NeuralNetTorch_r15_BAG_L1","NeuralNetTorch_r69_BAG_L1","NeuralNetTorch_r88_BAG_L1","NeuralNetTorch_r89_BAG_L1","NeuralNetTorch_r96_BAG_L1","XGBoost_r122_BAG_L1","XGBoost_r173_BAG_L1","XGBoost_r199_BAG_L1","XGBoost_r32_BAG_L1","XGBoost_r94_BAG_L1"],"39":["CatBoost_r107_BAG_L1","CatBoost_r109_BAG_L1","CatBoost_r123_BAG_L1","CatBoost_r23_BAG_L1","CatBoost_r59_BAG_L1","CatBoost_r87_BAG_L1","ExtraTrees_r68_BAG_L1","NeuralNetFastAI_r120_BAG_L1","NeuralNetFastAI_r144_BAG_L1","NeuralNetFastAI_r147_BAG_L1","NeuralNetFastAI_r156_BAG_L1","NeuralNetFastAI_r190_BAG_L1","NeuralNetFastAI_r74_BAG_L1","NeuralNetTorch_r103_BAG_L1","NeuralNetTorch_r104_BAG_L1","NeuralNetTorch_r140_BAG_L1","NeuralNetTorch_r144_BAG_L1","NeuralNetTorch_r148_BAG_L1","NeuralNetTorch_r149_BAG_L1","NeuralNetTorch_r15_BAG_L1","NeuralNetTorch_r69_BAG_L1","NeuralNetTorch_r88_BAG_L1","NeuralNetTorch_r89_BAG_L1","NeuralNetTorch_r96_BAG_L1","RandomForest_r8_BAG_L1","XGBoost_r122_BAG_L1","XGBoost_r173_BAG_L1","XGBoost_r199_BAG_L1","XGBoost_r32_BAG_L1","XGBoost_r94_BAG_L1"],"40":["CatBoost_r107_BAG_L1","CatBoost_r109_BAG_L1","CatBoost_r123_BAG_L1","CatBoost_r23_BAG_L1","CatBoost_r59_BAG_L1","CatBoost_r87_BAG_L1","ExtraTrees_r68_BAG_L1","NeuralNetFastAI_r120_BAG_L1","NeuralNetFastAI_r144_BAG_L1","NeuralNetFastAI_r147_BAG_L1","NeuralNetFastAI_r156_BAG_L1","NeuralNetFastAI_r190_BAG_L1","NeuralNetFastAI_r74_BAG_L1","NeuralNetTorch_r103_BAG_L1","NeuralNetTorch_r104_BAG_L1","NeuralNetTorch_r129_BAG_L1","NeuralNetTorch_r140_BAG_L1","NeuralNetTorch_r144_BAG_L1","NeuralNetTorch_r148_BAG_L1","NeuralNetTorch_r149_BAG_L1","NeuralNetTorch_r15_BAG_L1","NeuralNetTorch_r69_BAG_L1","NeuralNetTorch_r88_BAG_L1","NeuralNetTorch_r89_BAG_L1","NeuralNetTorch_r96_BAG_L1","XGBoost_r122_BAG_L1","XGBoost_r173_BAG_L1","XGBoost_r199_BAG_L1","XGBoost_r32_BAG_L1","XGBoost_r94_BAG_L1"],"41":["CatBoost_r107_BAG_L1","CatBoost_r109_BAG_L1","CatBoost_r123_BAG_L1","CatBoost_r23_BAG_L1","CatBoost_r59_BAG_L1","CatBoost_r87_BAG_L1","ExtraTrees_r156_BAG_L1","ExtraTrees_r68_BAG_L1","NeuralNetFastAI_r144_BAG_L1","NeuralNetFastAI_r147_BAG_L1","NeuralNetFastAI_r156_BAG_L1","NeuralNetFastAI_r190_BAG_L1","NeuralNetFastAI_r74_BAG_L1","NeuralNetTorch_r103_BAG_L1","NeuralNetTorch_r104_BAG_L1","NeuralNetTorch_r140_BAG_L1","NeuralNetTorch_r144_BAG_L1","NeuralNetTorch_r148_BAG_L1","NeuralNetTorch_r149_BAG_L1","NeuralNetTorch_r15_BAG_L1","NeuralNetTorch_r69_BAG_L1","NeuralNetTorch_r88_BAG_L1","NeuralNetTorch_r89_BAG_L1","NeuralNetTorch_r96_BAG_L1","XGBoost_r122_BAG_L1","XGBoost_r173_BAG_L1","XGBoost_r199_BAG_L1","XGBoost_r32_BAG_L1","XGBoost_r94_BAG_L1"],"42":["CatBoost_r107_BAG_L1","CatBoost_r109_BAG_L1","CatBoost_r123_BAG_L1","CatBoost_r23_BAG_L1","CatBoost_r59_BAG_L1","CatBoost_r87_BAG_L1","ExtraTrees_r68_BAG_L1","NeuralNetFastAI_r144_BAG_L1","NeuralNetFastAI_r147_BAG_L1","NeuralNetFastAI_r156_BAG_L1","NeuralNetFastAI_r190_BAG_L1","NeuralNetFastAI_r74_BAG_L1","NeuralNetTorch_r103_BAG_L1","NeuralNetTorch_r104_BAG_L1","NeuralNetTorch_r140_BAG_L1","NeuralNetTorch_r144_BAG_L1","NeuralNetTorch_r148_BAG_L1","NeuralNetTorch_r149_BAG_L1","NeuralNetTorch_r15_BAG_L1","NeuralNetTorch_r69_BAG_L1","NeuralNetTorch_r88_BAG_L1","NeuralNetTorch_r89_BAG_L1","NeuralNetTorch_r96_BAG_L1","RandomForest_r14_BAG_L1","XGBoost_r122_BAG_L1","XGBoost_r173_BAG_L1","XGBoost_r199_BAG_L1","XGBoost_r32_BAG_L1","XGBoost_r94_BAG_L1"],"43":["CatBoost_r107_BAG_L1","CatBoost_r109_BAG_L1","CatBoost_r123_BAG_L1","CatBoost_r23_BAG_L1","CatBoost_r59_BAG_L1","CatBoost_r87_BAG_L1","ExtraTrees_r190_BAG_L1","ExtraTrees_r68_BAG_L1","ExtraTrees_r80_BAG_L1","NeuralNetFastAI_r120_BAG_L1","NeuralNetFastAI_r144_BAG_L1","NeuralNetFastAI_r147_BAG_L1","NeuralNetFastAI_r156_BAG_L1","NeuralNetFastAI_r190_BAG_L1","NeuralNetFastAI_r74_BAG_L1","NeuralNetTorch_r103_BAG_L1","NeuralNetTorch_r104_BAG_L1","NeuralNetTorch_r140_BAG_L1","NeuralNetTorch_r144_BAG_L1","NeuralNetTorch_r148_BAG_L1","NeuralNetTorch_r149_BAG_L1","NeuralNetTorch_r15_BAG_L1","NeuralNetTorch_r69_BAG_L1","NeuralNetTorch_r88_BAG_L1","NeuralNetTorch_r89_BAG_L1","NeuralNetTorch_r96_BAG_L1","XGBoost_r122_BAG_L1","XGBoost_r173_BAG_L1","XGBoost_r199_BAG_L1","XGBoost_r32_BAG_L1","XGBoost_r94_BAG_L1"],"44":["CatBoost_r107_BAG_L1","CatBoost_r109_BAG_L1","CatBoost_r123_BAG_L1","CatBoost_r23_BAG_L1","CatBoost_r59_BAG_L1","CatBoost_r87_BAG_L1","ExtraTrees_r68_BAG_L1","NeuralNetFastAI_r120_BAG_L1","NeuralNetFastAI_r144_BAG_L1","NeuralNetFastAI_r147_BAG_L1","NeuralNetFastAI_r156_BAG_L1","NeuralNetFastAI_r190_BAG_L1","NeuralNetFastAI_r74_BAG_L1","NeuralNetTorch_r103_BAG_L1","NeuralNetTorch_r104_BAG_L1","NeuralNetTorch_r140_BAG_L1","NeuralNetTorch_r144_BAG_L1","NeuralNetTorch_r148_BAG_L1","NeuralNetTorch_r149_BAG_L1","NeuralNetTorch_r15_BAG_L1","NeuralNetTorch_r69_BAG_L1","NeuralNetTorch_r88_BAG_L1","NeuralNetTorch_r89_BAG_L1","NeuralNetTorch_r96_BAG_L1","XGBoost_r122_BAG_L1","XGBoost_r173_BAG_L1","XGBoost_r199_BAG_L1","XGBoost_r32_BAG_L1","XGBoost_r66_BAG_L1","XGBoost_r94_BAG_L1"],"45":["CatBoost_r107_BAG_L1","CatBoost_r109_BAG_L1","CatBoost_r123_BAG_L1","CatBoost_r23_BAG_L1","CatBoost_r59_BAG_L1","CatBoost_r87_BAG_L1","ExtraTrees_r68_BAG_L1","NeuralNetFastAI_r120_BAG_L1","NeuralNetFastAI_r144_BAG_L1","NeuralNetFastAI_r147_BAG_L1","NeuralNetFastAI_r156_BAG_L1","NeuralNetFastAI_r190_BAG_L1","NeuralNetFastAI_r74_BAG_L1","NeuralNetTorch_r103_BAG_L1","NeuralNetTorch_r104_BAG_L1","NeuralNetTorch_r140_BAG_L1","NeuralNetTorch_r144_BAG_L1","NeuralNetTorch_r148_BAG_L1","NeuralNetTorch_r149_BAG_L1","NeuralNetTorch_r15_BAG_L1","NeuralNetTorch_r69_BAG_L1","NeuralNetTorch_r88_BAG_L1","NeuralNetTorch_r89_BAG_L1","NeuralNetTorch_r96_BAG_L1","RandomForest_r48_BAG_L1","XGBoost_r122_BAG_L1","XGBoost_r173_BAG_L1","XGBoost_r199_BAG_L1","XGBoost_r32_BAG_L1","XGBoost_r94_BAG_L1"],"46":["CatBoost_r107_BAG_L1","CatBoost_r109_BAG_L1","CatBoost_r123_BAG_L1","CatBoost_r23_BAG_L1","CatBoost_r59_BAG_L1","CatBoost_r87_BAG_L1","ExtraTrees_r68_BAG_L1","NeuralNetFastAI_r144_BAG_L1","NeuralNetFastAI_r147_BAG_L1","NeuralNetFastAI_r156_BAG_L1","NeuralNetFastAI_r190_BAG_L1","NeuralNetFastAI_r74_BAG_L1","NeuralNetTorch_r103_BAG_L1","NeuralNetTorch_r104_BAG_L1","NeuralNetTorch_r140_BAG_L1","NeuralNetTorch_r144_BAG_L1","NeuralNetTorch_r148_BAG_L1","NeuralNetTorch_r149_BAG_L1","NeuralNetTorch_r15_BAG_L1","NeuralNetTorch_r69_BAG_L1","NeuralNetTorch_r88_BAG_L1","NeuralNetTorch_r89_BAG_L1","NeuralNetTorch_r96_BAG_L1","XGBoost_r122_BAG_L1","XGBoost_r173_BAG_L1","XGBoost_r199_BAG_L1","XGBoost_r32_BAG_L1","XGBoost_r94_BAG_L1"],"47":["CatBoost_r107_BAG_L1","CatBoost_r109_BAG_L1","CatBoost_r123_BAG_L1","CatBoost_r23_BAG_L1","CatBoost_r59_BAG_L1","CatBoost_r87_BAG_L1","ExtraTrees_r68_BAG_L1","NeuralNetFastAI_r143_BAG_L1","NeuralNetFastAI_r144_BAG_L1","NeuralNetFastAI_r147_BAG_L1","NeuralNetFastAI_r156_BAG_L1","NeuralNetFastAI_r190_BAG_L1","NeuralNetFastAI_r74_BAG_L1","NeuralNetTorch_r103_BAG_L1","NeuralNetTorch_r104_BAG_L1","NeuralNetTorch_r140_BAG_L1","NeuralNetTorch_r144_BAG_L1","NeuralNetTorch_r148_BAG_L1","NeuralNetTorch_r149_BAG_L1","NeuralNetTorch_r15_BAG_L1","NeuralNetTorch_r69_BAG_L1","NeuralNetTorch_r88_BAG_L1","NeuralNetTorch_r89_BAG_L1","NeuralNetTorch_r96_BAG_L1","XGBoost_r122_BAG_L1","XGBoost_r173_BAG_L1","XGBoost_r199_BAG_L1","XGBoost_r32_BAG_L1","XGBoost_r94_BAG_L1"],"48":["CatBoost_r107_BAG_L1","CatBoost_r109_BAG_L1","CatBoost_r123_BAG_L1","CatBoost_r23_BAG_L1","CatBoost_r30_BAG_L1","CatBoost_r59_BAG_L1","CatBoost_r87_BAG_L1","ExtraTrees_r68_BAG_L1","NeuralNetFastAI_r120_BAG_L1","NeuralNetFastAI_r144_BAG_L1","NeuralNetFastAI_r147_BAG_L1","NeuralNetFastAI_r156_BAG_L1","NeuralNetFastAI_r190_BAG_L1","NeuralNetFastAI_r74_BAG_L1","NeuralNetTorch_r103_BAG_L1","NeuralNetTorch_r104_BAG_L1","NeuralNetTorch_r140_BAG_L1","NeuralNetTorch_r144_BAG_L1","NeuralNetTorch_r148_BAG_L1","NeuralNetTorch_r149_BAG_L1","NeuralNetTorch_r15_BAG_L1","NeuralNetTorch_r69_BAG_L1","NeuralNetTorch_r88_BAG_L1","NeuralNetTorch_r89_BAG_L1","NeuralNetTorch_r96_BAG_L1","XGBoost_r122_BAG_L1","XGBoost_r173_BAG_L1","XGBoost_r199_BAG_L1","XGBoost_r32_BAG_L1","XGBoost_r94_BAG_L1"]},"weights":{"0":[0.0294117647,0.0294117647,0.0294117647,0.0294117647,0.0294117647,0.0294117647,0.0294117647,0.0294117647,0.0294117647,0.0294117647,0.0294117647,0.0294117647,0.0294117647,0.0294117647,0.0588235294,0.0294117647,0.0294117647,0.0588235294,0.0588235294,0.0294117647,0.0294117647,0.0294117647,0.0588235294,0.0294117647,0.0294117647,0.0294117647,0.0294117647,0.0294117647,0.0294117647,0.0294117647],"1":[0.0294117647,0.0294117647,0.0294117647,0.0294117647,0.0294117647,0.0294117647,0.0294117647,0.0294117647,0.0294117647,0.0294117647,0.0294117647,0.0294117647,0.0294117647,0.0294117647,0.0294117647,0.0588235294,0.0294117647,0.0294117647,0.0588235294,0.0588235294,0.0294117647,0.0294117647,0.0294117647,0.0588235294,0.0294117647,0.0294117647,0.0294117647,0.0294117647,0.0294117647,0.0294117647],"2":[0.0294117647,0.0294117647,0.0294117647,0.0294117647,0.0294117647,0.0294117647,0.0294117647,0.0294117647,0.0294117647,0.0294117647,0.0294117647,0.0294117647,0.0294117647,0.0294117647,0.0588235294,0.0294117647,0.0294117647,0.0588235294,0.0588235294,0.0294117647,0.0294117647,0.0294117647,0.0294117647,0.0588235294,0.0294117647,0.0294117647,0.0294117647,0.0294117647,0.0294117647,0.0294117647],"3":[0.0294117647,0.0294117647,0.0294117647,0.0294117647,0.0294117647,0.0294117647,0.0294117647,0.0294117647,0.0294117647,0.0294117647,0.0294117647,0.0294117647,0.0294117647,0.0294117647,0.0588235294,0.0294117647,0.0294117647,0.0588235294,0.0588235294,0.0294117647,0.0294117647,0.0294117647,0.0588235294,0.0294117647,0.0294117647,0.0294117647,0.0294117647,0.0294117647,0.0294117647,0.0294117647],"4":[0.0285714286,0.0285714286,0.0285714286,0.0285714286,0.0285714286,0.0285714286,0.0285714286,0.0285714286,0.0285714286,0.0285714286,0.0285714286,0.0285714286,0.0285714286,0.0285714286,0.0285714286,0.0571428571,0.0285714286,0.0285714286,0.0571428571,0.0571428571,0.0285714286,0.0285714286,0.0285714286,0.0571428571,0.0285714286,0.0285714286,0.0285714286,0.0285714286,0.0285714286,0.0285714286,0.0285714286],"5":[0.0303030303,0.0303030303,0.0303030303,0.0303030303,0.0303030303,0.0303030303,0.0303030303,0.0303030303,0.0303030303,0.0303030303,0.0303030303,0.0303030303,0.0303030303,0.0606060606,0.0303030303,0.0303030303,0.0606060606,0.0606060606,0.0303030303,0.0303030303,0.0303030303,0.0606060606,0.0303030303,0.0303030303,0.0303030303,0.0303030303,0.0303030303,0.0303030303,0.0303030303],"6":[0.0294117647,0.0294117647,0.0294117647,0.0294117647,0.0294117647,0.0294117647,0.0294117647,0.0294117647,0.0294117647,0.0294117647,0.0294117647,0.0294117647,0.0294117647,0.0294117647,0.0294117647,0.0588235294,0.0294117647,0.0294117647,0.0588235294,0.0588235294,0.0294117647,0.0294117647,0.0294117647,0.0588235294,0.0294117647,0.0294117647,0.0294117647,0.0294117647,0.0294117647,0.0294117647],"7":[0.0294117647,0.0294117647,0.0294117647,0.0294117647,0.0294117647,0.0294117647,0.0294117647,0.0294117647,0.0294117647,0.0294117647,0.0294117647,0.0294117647,0.0294117647,0.0294117647,0.0294117647,0.0588235294,0.0294117647,0.0294117647,0.0588235294,0.0588235294,0.0294117647,0.0294117647,0.0294117647,0.0588235294,0.0294117647,0.0294117647,0.0294117647,0.0294117647,0.0294117647,0.0294117647],"8":[0.0294117647,0.0294117647,0.0294117647,0.0294117647,0.0294117647,0.0294117647,0.0294117647,0.0294117647,0.0294117647,0.0294117647,0.0294117647,0.0294117647,0.0294117647,0.0294117647,0.0294117647,0.0588235294,0.0294117647,0.0294117647,0.0588235294,0.0588235294,0.0294117647,0.0294117647,0.0294117647,0.0588235294,0.0294117647,0.0294117647,0.0294117647,0.0294117647,0.0294117647,0.0294117647],"9":[0.0294117647,0.0294117647,0.0294117647,0.0294117647,0.0294117647,0.0294117647,0.0294117647,0.0294117647,0.0294117647,0.0294117647,0.0294117647,0.0294117647,0.0294117647,0.0294117647,0.0588235294,0.0294117647,0.0294117647,0.0588235294,0.0588235294,0.0294117647,0.0294117647,0.0294117647,0.0588235294,0.0294117647,0.0294117647,0.0294117647,0.0294117647,0.0294117647,0.0294117647,0.0294117647],"10":[0.0294117647,0.0294117647,0.0294117647,0.0294117647,0.0294117647,0.0294117647,0.0294117647,0.0294117647,0.0294117647,0.0294117647,0.0294117647,0.0294117647,0.0294117647,0.0294117647,0.0294117647,0.0588235294,0.0294117647,0.0294117647,0.0588235294,0.0588235294,0.0294117647,0.0294117647,0.0294117647,0.0588235294,0.0294117647,0.0294117647,0.0294117647,0.0294117647,0.0294117647,0.0294117647],"11":[0.0294117647,0.0294117647,0.0294117647,0.0294117647,0.0294117647,0.0294117647,0.0294117647,0.0294117647,0.0294117647,0.0294117647,0.0294117647,0.0294117647,0.0294117647,0.0294117647,0.0294117647,0.0588235294,0.0294117647,0.0294117647,0.0588235294,0.0588235294,0.0294117647,0.0294117647,0.0294117647,0.0588235294,0.0294117647,0.0294117647,0.0294117647,0.0294117647,0.0294117647,0.0294117647],"12":[0.0285714286,0.0285714286,0.0571428571,0.0285714286,0.0285714286,0.0285714286,0.0285714286,0.0285714286,0.0285714286,0.0285714286,0.0285714286,0.0285714286,0.0285714286,0.0285714286,0.0571428571,0.0285714286,0.0285714286,0.0571428571,0.0571428571,0.0285714286,0.0285714286,0.0285714286,0.0285714286,0.0571428571,0.0285714286,0.0285714286,0.0285714286,0.0285714286,0.0285714286,0.0285714286],"13":[0.0294117647,0.0294117647,0.0294117647,0.0294117647,0.0294117647,0.0294117647,0.0294117647,0.0294117647,0.0294117647,0.0294117647,0.0294117647,0.0294117647,0.0294117647,0.0294117647,0.0588235294,0.0294117647,0.0294117647,0.0588235294,0.0588235294,0.0294117647,0.0294117647,0.0294117647,0.0588235294,0.0294117647,0.0294117647,0.0294117647,0.0294117647,0.0294117647,0.0294117647,0.0294117647],"14":[0.0285714286,0.0285714286,0.0285714286,0.0285714286,0.0285714286,0.0285714286,0.0285714286,0.0285714286,0.0285714286,0.0285714286,0.0285714286,0.0285714286,0.0285714286,0.0285714286,0.0285714286,0.0285714286,0.0571428571,0.0285714286,0.0285714286,0.0571428571,0.0571428571,0.0285714286,0.0285714286,0.0285714286,0.0571428571,0.0285714286,0.0285714286,0.0285714286,0.0285714286,0.0285714286,0.0285714286],"15":[0.0294117647,0.0294117647,0.0294117647,0.0294117647,0.0294117647,0.0294117647,0.0294117647,0.0294117647,0.0294117647,0.0294117647,0.0294117647,0.0294117647,0.0294117647,0.0294117647,0.0588235294,0.0294117647,0.0294117647,0.0588235294,0.0588235294,0.0294117647,0.0294117647,0.0294117647,0.0588235294,0.0294117647,0.0294117647,0.0294117647,0.0294117647,0.0294117647,0.0294117647,0.0294117647],"16":[0.0303030303,0.0303030303,0.0303030303,0.0303030303,0.0303030303,0.0303030303,0.0303030303,0.0303030303,0.0303030303,0.0303030303,0.0303030303,0.0303030303,0.0303030303,0.0606060606,0.0303030303,0.0303030303,0.0606060606,0.0606060606,0.0303030303,0.0303030303,0.0303030303,0.0606060606,0.0303030303,0.0303030303,0.0303030303,0.0303030303,0.0303030303,0.0303030303,0.0303030303],"17":[0.0322580645,0.0322580645,0.0322580645,0.0322580645,0.0322580645,0.0322580645,0.0322580645,0.0322580645,0.0322580645,0.0322580645,0.0322580645,0.0322580645,0.0322580645,0.064516129,0.0322580645,0.0322580645,0.064516129,0.064516129,0.0322580645,0.0322580645,0.0322580645,0.0322580645,0.0322580645,0.0322580645,0.0322580645,0.0322580645,0.0322580645,0.0322580645],"18":[0.0285714286,0.0285714286,0.0285714286,0.0285714286,0.0285714286,0.0285714286,0.0285714286,0.0285714286,0.0285714286,0.0285714286,0.0571428571,0.0285714286,0.0285714286,0.0285714286,0.0571428571,0.0285714286,0.0285714286,0.0571428571,0.0571428571,0.0285714286,0.0285714286,0.0285714286,0.0571428571,0.0285714286,0.0285714286,0.0285714286,0.0285714286,0.0285714286,0.0285714286,0.0285714286],"19":[0.03125,0.03125,0.03125,0.03125,0.03125,0.03125,0.03125,0.03125,0.03125,0.03125,0.03125,0.03125,0.03125,0.0625,0.03125,0.03125,0.0625,0.0625,0.03125,0.03125,0.03125,0.03125,0.03125,0.03125,0.03125,0.03125,0.03125,0.03125,0.03125],"20":[0.0294117647,0.0294117647,0.0588235294,0.0294117647,0.0294117647,0.0294117647,0.0294117647,0.0294117647,0.0294117647,0.0294117647,0.0294117647,0.0294117647,0.0294117647,0.0294117647,0.0588235294,0.0294117647,0.0294117647,0.0588235294,0.0588235294,0.0294117647,0.0294117647,0.0294117647,0.0588235294,0.0294117647,0.0294117647,0.0294117647,0.0294117647,0.0294117647,0.0294117647],"21":[0.0294117647,0.0294117647,0.0294117647,0.0294117647,0.0294117647,0.0294117647,0.0294117647,0.0294117647,0.0294117647,0.0294117647,0.0294117647,0.0294117647,0.0294117647,0.0294117647,0.0588235294,0.0294117647,0.0294117647,0.0588235294,0.0588235294,0.0294117647,0.0294117647,0.0294117647,0.0588235294,0.0294117647,0.0294117647,0.0294117647,0.0294117647,0.0294117647,0.0294117647,0.0294117647],"22":[0.0294117647,0.0294117647,0.0294117647,0.0294117647,0.0294117647,0.0294117647,0.0294117647,0.0294117647,0.0294117647,0.0294117647,0.0294117647,0.0294117647,0.0294117647,0.0294117647,0.0588235294,0.0294117647,0.0294117647,0.0588235294,0.0588235294,0.0294117647,0.0294117647,0.0294117647,0.0588235294,0.0294117647,0.0294117647,0.0294117647,0.0294117647,0.0294117647,0.0294117647,0.0294117647],"23":[0.0285714286,0.0285714286,0.0285714286,0.0285714286,0.0285714286,0.0285714286,0.0285714286,0.0285714286,0.0285714286,0.0285714286,0.0285714286,0.0285714286,0.0285714286,0.0285714286,0.0285714286,0.0285714286,0.0571428571,0.0285714286,0.0285714286,0.0571428571,0.0571428571,0.0285714286,0.0285714286,0.0285714286,0.0571428571,0.0285714286,0.0285714286,0.0285714286,0.0285714286,0.0285714286,0.0285714286],"24":[0.0303030303,0.0303030303,0.0303030303,0.0303030303,0.0303030303,0.0303030303,0.0303030303,0.0303030303,0.0303030303,0.0303030303,0.0303030303,0.0303030303,0.0303030303,0.0303030303,0.0606060606,0.0303030303,0.0303030303,0.0606060606,0.0606060606,0.0303030303,0.0303030303,0.0303030303,0.0606060606,0.0303030303,0.0303030303,0.0303030303,0.0303030303,0.0303030303,0.0303030303],"25":[0.0294117647,0.0294117647,0.0294117647,0.0294117647,0.0294117647,0.0294117647,0.0294117647,0.0294117647,0.0294117647,0.0294117647,0.0588235294,0.0294117647,0.0294117647,0.0294117647,0.0588235294,0.0294117647,0.0294117647,0.0588235294,0.0588235294,0.0294117647,0.0294117647,0.0294117647,0.0588235294,0.0294117647,0.0294117647,0.0294117647,0.0294117647,0.0294117647,0.0294117647],"26":[0.0294117647,0.0294117647,0.0294117647,0.0294117647,0.0294117647,0.0294117647,0.0294117647,0.0294117647,0.0294117647,0.0294117647,0.0294117647,0.0294117647,0.0294117647,0.0294117647,0.0588235294,0.0294117647,0.0294117647,0.0588235294,0.0588235294,0.0294117647,0.0294117647,0.0294117647,0.0588235294,0.0294117647,0.0294117647,0.0294117647,0.0294117647,0.0294117647,0.0294117647,0.0294117647],"27":[0.0294117647,0.0294117647,0.0294117647,0.0294117647,0.0294117647,0.0294117647,0.0294117647,0.0294117647,0.0294117647,0.0294117647,0.0294117647,0.0294117647,0.0294117647,0.0294117647,0.0294117647,0.0588235294,0.0294117647,0.0294117647,0.0588235294,0.0588235294,0.0294117647,0.0294117647,0.0294117647,0.0588235294,0.0294117647,0.0294117647,0.0294117647,0.0294117647,0.0294117647,0.0294117647],"28":[0.03125,0.03125,0.03125,0.03125,0.03125,0.03125,0.03125,0.03125,0.03125,0.03125,0.03125,0.03125,0.03125,0.0625,0.03125,0.03125,0.0625,0.0625,0.03125,0.03125,0.03125,0.0625,0.03125,0.03125,0.03125,0.03125,0.03125,0.03125],"29":[0.0294117647,0.0294117647,0.0294117647,0.0294117647,0.0294117647,0.0294117647,0.0294117647,0.0294117647,0.0294117647,0.0294117647,0.0294117647,0.0294117647,0.0294117647,0.0294117647,0.0294117647,0.0588235294,0.0294117647,0.0294117647,0.0588235294,0.0588235294,0.0294117647,0.0294117647,0.0294117647,0.0588235294,0.0294117647,0.0294117647,0.0294117647,0.0294117647,0.0294117647,0.0294117647],"30":[0.0294117647,0.0294117647,0.0294117647,0.0294117647,0.0294117647,0.0294117647,0.0294117647,0.0294117647,0.0294117647,0.0294117647,0.0294117647,0.0294117647,0.0294117647,0.0294117647,0.0294117647,0.0588235294,0.0294117647,0.0294117647,0.0588235294,0.0588235294,0.0294117647,0.0294117647,0.0294117647,0.0588235294,0.0294117647,0.0294117647,0.0294117647,0.0294117647,0.0294117647,0.0294117647],"31":[0.0294117647,0.0294117647,0.0294117647,0.0294117647,0.0294117647,0.0294117647,0.0294117647,0.0294117647,0.0294117647,0.0294117647,0.0294117647,0.0294117647,0.0294117647,0.0294117647,0.0588235294,0.0294117647,0.0294117647,0.0588235294,0.0588235294,0.0294117647,0.0294117647,0.0294117647,0.0294117647,0.0588235294,0.0294117647,0.0294117647,0.0294117647,0.0294117647,0.0294117647,0.0294117647],"32":[0.0294117647,0.0294117647,0.0294117647,0.0294117647,0.0294117647,0.0294117647,0.0294117647,0.0294117647,0.0294117647,0.0294117647,0.0294117647,0.0294117647,0.0294117647,0.0294117647,0.0294117647,0.0588235294,0.0294117647,0.0294117647,0.0588235294,0.0588235294,0.0294117647,0.0294117647,0.0294117647,0.0588235294,0.0294117647,0.0294117647,0.0294117647,0.0294117647,0.0294117647,0.0294117647],"33":[0.0294117647,0.0294117647,0.0294117647,0.0294117647,0.0294117647,0.0294117647,0.0294117647,0.0294117647,0.0294117647,0.0294117647,0.0294117647,0.0294117647,0.0294117647,0.0294117647,0.0294117647,0.0588235294,0.0294117647,0.0294117647,0.0588235294,0.0588235294,0.0294117647,0.0294117647,0.0294117647,0.0588235294,0.0294117647,0.0294117647,0.0294117647,0.0294117647,0.0294117647,0.0294117647],"34":[0.0294117647,0.0294117647,0.0294117647,0.0294117647,0.0294117647,0.0294117647,0.0294117647,0.0294117647,0.0294117647,0.0294117647,0.0294117647,0.0294117647,0.0294117647,0.0294117647,0.0588235294,0.0294117647,0.0294117647,0.0588235294,0.0588235294,0.0294117647,0.0294117647,0.0294117647,0.0588235294,0.0294117647,0.0294117647,0.0294117647,0.0294117647,0.0294117647,0.0294117647,0.0294117647],"35":[0.0294117647,0.0294117647,0.0294117647,0.0294117647,0.0294117647,0.0294117647,0.0294117647,0.0294117647,0.0294117647,0.0294117647,0.0294117647,0.0294117647,0.0588235294,0.0294117647,0.0588235294,0.0294117647,0.0294117647,0.0588235294,0.0588235294,0.0294117647,0.0294117647,0.0294117647,0.0588235294,0.0294117647,0.0294117647,0.0294117647,0.0294117647,0.0294117647,0.0294117647],"36":[0.0294117647,0.0294117647,0.0294117647,0.0294117647,0.0294117647,0.0294117647,0.0294117647,0.0294117647,0.0294117647,0.0294117647,0.0294117647,0.0294117647,0.0294117647,0.0294117647,0.0294117647,0.0588235294,0.0294117647,0.0294117647,0.0588235294,0.0588235294,0.0294117647,0.0294117647,0.0294117647,0.0588235294,0.0294117647,0.0294117647,0.0294117647,0.0294117647,0.0294117647,0.0294117647],"37":[0.0294117647,0.0294117647,0.0294117647,0.0294117647,0.0294117647,0.0294117647,0.0294117647,0.0294117647,0.0294117647,0.0294117647,0.0294117647,0.0294117647,0.0294117647,0.0294117647,0.0588235294,0.0294117647,0.0294117647,0.0588235294,0.0588235294,0.0294117647,0.0294117647,0.0294117647,0.0588235294,0.0294117647,0.0294117647,0.0294117647,0.0294117647,0.0294117647,0.0294117647,0.0294117647],"38":[0.0294117647,0.0294117647,0.0294117647,0.0294117647,0.0294117647,0.0294117647,0.0294117647,0.0294117647,0.0294117647,0.0294117647,0.0294117647,0.0294117647,0.0294117647,0.0294117647,0.0294117647,0.0588235294,0.0294117647,0.0294117647,0.0588235294,0.0588235294,0.0294117647,0.0294117647,0.0294117647,0.0588235294,0.0294117647,0.0294117647,0.0294117647,0.0294117647,0.0294117647,0.0294117647],"39":[0.0294117647,0.0294117647,0.0294117647,0.0294117647,0.0294117647,0.0294117647,0.0294117647,0.0294117647,0.0294117647,0.0294117647,0.0294117647,0.0294117647,0.0294117647,0.0294117647,0.0588235294,0.0294117647,0.0294117647,0.0588235294,0.0588235294,0.0294117647,0.0294117647,0.0294117647,0.0588235294,0.0294117647,0.0294117647,0.0294117647,0.0294117647,0.0294117647,0.0294117647,0.0294117647],"40":[0.0294117647,0.0294117647,0.0294117647,0.0294117647,0.0294117647,0.0294117647,0.0294117647,0.0294117647,0.0294117647,0.0294117647,0.0294117647,0.0294117647,0.0294117647,0.0294117647,0.0588235294,0.0294117647,0.0294117647,0.0294117647,0.0588235294,0.0588235294,0.0294117647,0.0294117647,0.0294117647,0.0588235294,0.0294117647,0.0294117647,0.0294117647,0.0294117647,0.0294117647,0.0294117647],"41":[0.0303030303,0.0303030303,0.0303030303,0.0303030303,0.0303030303,0.0303030303,0.0303030303,0.0303030303,0.0303030303,0.0303030303,0.0303030303,0.0303030303,0.0303030303,0.0303030303,0.0606060606,0.0303030303,0.0303030303,0.0606060606,0.0606060606,0.0303030303,0.0303030303,0.0303030303,0.0606060606,0.0303030303,0.0303030303,0.0303030303,0.0303030303,0.0303030303,0.0303030303],"42":[0.0303030303,0.0303030303,0.0303030303,0.0303030303,0.0303030303,0.0303030303,0.0303030303,0.0303030303,0.0303030303,0.0303030303,0.0303030303,0.0303030303,0.0303030303,0.0606060606,0.0303030303,0.0303030303,0.0606060606,0.0606060606,0.0303030303,0.0303030303,0.0303030303,0.0606060606,0.0303030303,0.0303030303,0.0303030303,0.0303030303,0.0303030303,0.0303030303,0.0303030303],"43":[0.0285714286,0.0285714286,0.0285714286,0.0285714286,0.0285714286,0.0285714286,0.0285714286,0.0285714286,0.0285714286,0.0285714286,0.0285714286,0.0285714286,0.0285714286,0.0285714286,0.0285714286,0.0285714286,0.0571428571,0.0285714286,0.0285714286,0.0571428571,0.0571428571,0.0285714286,0.0285714286,0.0285714286,0.0571428571,0.0285714286,0.0285714286,0.0285714286,0.0285714286,0.0285714286,0.0285714286],"44":[0.0294117647,0.0294117647,0.0294117647,0.0294117647,0.0294117647,0.0294117647,0.0294117647,0.0294117647,0.0294117647,0.0294117647,0.0294117647,0.0294117647,0.0294117647,0.0294117647,0.0588235294,0.0294117647,0.0294117647,0.0588235294,0.0588235294,0.0294117647,0.0294117647,0.0294117647,0.0588235294,0.0294117647,0.0294117647,0.0294117647,0.0294117647,0.0294117647,0.0294117647,0.0294117647],"45":[0.0294117647,0.0294117647,0.0294117647,0.0294117647,0.0294117647,0.0294117647,0.0294117647,0.0294117647,0.0294117647,0.0294117647,0.0294117647,0.0294117647,0.0294117647,0.0294117647,0.0588235294,0.0294117647,0.0294117647,0.0588235294,0.0588235294,0.0294117647,0.0294117647,0.0294117647,0.0588235294,0.0294117647,0.0294117647,0.0294117647,0.0294117647,0.0294117647,0.0294117647,0.0294117647],"46":[0.0303030303,0.0303030303,0.0606060606,0.0303030303,0.0303030303,0.0303030303,0.0303030303,0.0303030303,0.0303030303,0.0303030303,0.0303030303,0.0303030303,0.0303030303,0.0606060606,0.0303030303,0.0303030303,0.0606060606,0.0606060606,0.0303030303,0.0303030303,0.0303030303,0.0606060606,0.0303030303,0.0303030303,0.0303030303,0.0303030303,0.0303030303,0.0303030303],"47":[0.0303030303,0.0303030303,0.0303030303,0.0303030303,0.0303030303,0.0303030303,0.0303030303,0.0303030303,0.0303030303,0.0303030303,0.0303030303,0.0303030303,0.0303030303,0.0303030303,0.0606060606,0.0303030303,0.0303030303,0.0606060606,0.0606060606,0.0303030303,0.0303030303,0.0303030303,0.0606060606,0.0303030303,0.0303030303,0.0303030303,0.0303030303,0.0303030303,0.0303030303],"48":[0.0294117647,0.0294117647,0.0294117647,0.0294117647,0.0294117647,0.0294117647,0.0294117647,0.0294117647,0.0294117647,0.0294117647,0.0294117647,0.0294117647,0.0294117647,0.0294117647,0.0294117647,0.0588235294,0.0294117647,0.0294117647,0.0588235294,0.0588235294,0.0294117647,0.0294117647,0.0294117647,0.0588235294,0.0294117647,0.0294117647,0.0294117647,0.0294117647,0.0294117647,0.0294117647]},"meta":{"0":34,"1":33,"2":34,"3":34,"4":33,"5":34,"6":34,"7":35,"8":34,"9":35,"10":35,"11":34,"12":34,"13":34,"14":35,"15":34,"16":33,"17":33,"18":34,"19":34,"20":34,"21":34,"22":35,"23":34,"24":33,"25":34,"26":34,"27":34,"28":31,"29":34,"30":34,"31":34,"32":34,"33":34,"34":34,"35":33,"36":34,"37":32,"38":33,"39":34,"40":34,"41":34,"42":35,"43":32,"44":34,"45":34,"46":34,"47":34,"48":34},"task":{"0":"3623_2","1":"3623_2","2":"3623_2","3":"3623_2","4":"3623_2","5":"3623_2","6":"3623_2","7":"3623_2","8":"3623_2","9":"3623_2","10":"3623_2","11":"3623_2","12":"3623_2","13":"3623_2","14":"3623_2","15":"3623_2","16":"3623_2","17":"3623_2","18":"3623_2","19":"3623_2","20":"3623_2","21":"3623_2","22":"3623_2","23":"3623_2","24":"3623_2","25":"3623_2","26":"3623_2","27":"3623_2","28":"3623_2","29":"3623_2","30":"3623_2","31":"3623_2","32":"3623_2","33":"3623_2","34":"3623_2","35":"3623_2","36":"3623_2","37":"3623_2","38":"3623_2","39":"3623_2","40":"3623_2","41":"3623_2","42":"3623_2","43":"3623_2","44":"3623_2","45":"3623_2","46":"3623_2","47":"3623_2","48":"3623_2"},"dataset":{"0":"meta","1":"meta","2":"meta","3":"meta","4":"meta","5":"meta","6":"meta","7":"meta","8":"meta","9":"meta","10":"meta","11":"meta","12":"meta","13":"meta","14":"meta","15":"meta","16":"meta","17":"meta","18":"meta","19":"meta","20":"meta","21":"meta","22":"meta","23":"meta","24":"meta","25":"meta","26":"meta","27":"meta","28":"meta","29":"meta","30":"meta","31":"meta","32":"meta","33":"meta","34":"meta","35":"meta","36":"meta","37":"meta","38":"meta","39":"meta","40":"meta","41":"meta","42":"meta","43":"meta","44":"meta","45":"meta","46":"meta","47":"meta","48":"meta"},"fold":{"0":2,"1":2,"2":2,"3":2,"4":2,"5":2,"6":2,"7":2,"8":2,"9":2,"10":2,"11":2,"12":2,"13":2,"14":2,"15":2,"16":2,"17":2,"18":2,"19":2,"20":2,"21":2,"22":2,"23":2,"24":2,"25":2,"26":2,"27":2,"28":2,"29":2,"30":2,"31":2,"32":2,"33":2,"34":2,"35":2,"36":2,"37":2,"38":2,"39":2,"40":2,"41":2,"42":2,"43":2,"44":2,"45":2,"46":2,"47":2,"48":2},"method":{"0":"QO","1":"QO","2":"QO","3":"QO","4":"QO","5":"QO","6":"QO","7":"QO","8":"QO","9":"QO","10":"QO","11":"QO","12":"QO","13":"QO","14":"QO","15":"QO","16":"QO","17":"QO","18":"QO","19":"QO","20":"QO","21":"QO","22":"QO","23":"QO","24":"QO","25":"QO","26":"QO","27":"QO","28":"QO","29":"QO","30":"QO","31":"QO","32":"QO","33":"QO","34":"QO","35":"QO","36":"QO","37":"QO","38":"QO","39":"QO","40":"QO","41":"QO","42":"QO","43":"QO","44":"QO","45":"QO","46":"QO","47":"QO","48":"QO"}}