{"name":{"0":"QO_0","1":"QO_1","2":"QO_2","3":"QO_3","4":"QO_4","5":"QO_5","6":"QO_6","7":"QO_7","8":"QO_8","9":"QO_9","10":"QO_10","11":"QO_11","12":"QO_12","13":"QO_13","14":"QO_14","15":"QO_15","16":"QO_16","17":"QO_17","18":"QO_18","19":"QO_19","20":"QO_20","21":"QO_21","22":"QO_22","23":"QO_23","24":"QO_24","25":"QO_25","26":"QO_26","27":"QO_27","28":"QO_28","29":"QO_29","30":"QO_30","31":"QO_31","32":"QO_32","33":"QO_33","34":"QO_34","35":"QO_35","36":"QO_36","37":"QO_37","38":"QO_38","39":"QO_39","40":"QO_40","41":"QO_41","42":"QO_42","43":"QO_43","44":"QO_44","45":"QO_45","46":"QO_46","47":"QO_47","48":"QO_48"},"roc_auc_val":{"0":0.9662745098,"1":0.9661568627,"2":0.9662941176,"3":0.9661764706,"4":0.9661764706,"5":0.9662941176,"6":0.9662352941,"7":0.9661764706,"8":0.9661764706,"9":0.9661568627,"10":0.9661764706,"11":0.9661960784,"12":0.9661764706,"13":0.9662745098,"14":0.9661764706,"15":0.9662745098,"16":0.9661960784,"17":0.9662941176,"18":0.9662156863,"19":0.9662156863,"20":0.9662745098,"21":0.9661764706,"22":0.9661960784,"23":0.9662156863,"24":0.9661764706,"25":0.9662156863,"26":0.9661764706,"27":0.9661764706,"28":0.9661568627,"29":0.9661764706,"30":0.9661764706,"31":0.9661764706,"32":0.9661568627,"33":0.9661764706,"34":0.9663137255,"35":0.9662352941,"36":0.966254902,"37":0.9662156863,"38":0.9662156863,"39":0.9662352941,"40":0.9661960784,"41":0.9663137255,"42":0.9663137255,"43":0.9661568627,"44":0.9662156863,"45":0.9661764706,"46":0.9661960784,"47":0.9662745098,"48":0.9661568627},"roc_auc_test":{"0":0.9394409938,"1":0.9394409938,"2":0.9394409938,"3":0.9394409938,"4":0.9394409938,"5":0.9394409938,"6":0.9394409938,"7":0.9394409938,"8":0.9394409938,"9":0.9394409938,"10":0.9394409938,"11":0.9394409938,"12":0.9394409938,"13":0.9394409938,"14":0.9394409938,"15":0.9394409938,"16":0.9394409938,"17":0.9394409938,"18":0.9394409938,"19":0.9394409938,"20":0.9394409938,"21":0.9394409938,"22":0.9394409938,"23":0.9394409938,"24":0.9394409938,"25":0.9394409938,"26":0.9394409938,"27":0.9394409938,"28":0.9394409938,"29":0.9394409938,"30":0.9394409938,"31":0.9394409938,"32":0.9394409938,"33":0.9394409938,"34":0.9394409938,"35":0.9394409938,"36":0.9394409938,"37":0.9394409938,"38":0.9394409938,"39":0.9394409938,"40":0.9394409938,"41":0.9394409938,"42":0.9394409938,"43":0.9394409938,"44":0.9394409938,"45":0.9394409938,"46":0.9394409938,"47":0.9394409938,"48":0.9394409938},"models_used":{"0":["LightGBM_r168_BAG_L1","NeuralNetFastAI_r121_BAG_L1","NeuralNetFastAI_r150_BAG_L1","NeuralNetFastAI_r187_BAG_L1","NeuralNetFastAI_r18_BAG_L1","NeuralNetFastAI_r190_BAG_L1","NeuralNetFastAI_r191_BAG_L1","NeuralNetFastAI_r1_BAG_L1","NeuralNetFastAI_r29_BAG_L1","NeuralNetFastAI_r30_BAG_L1","NeuralNetFastAI_r57_BAG_L1","NeuralNetFastAI_r79_BAG_L1","NeuralNetFastAI_r86_BAG_L1","NeuralNetFastAI_r98_BAG_L1","NeuralNetTorch_r128_BAG_L1","NeuralNetTorch_r141_BAG_L1","NeuralNetTorch_r143_BAG_L1","NeuralNetTorch_r176_BAG_L1","NeuralNetTorch_r30_BAG_L1","NeuralNetTorch_r89_BAG_L1","RandomForest_r136_BAG_L1","RandomForest_r156_BAG_L1","RandomForest_r50_BAG_L1","RandomForest_r67_BAG_L1"],"1":["LightGBM_r168_BAG_L1","NeuralNetFastAI_r117_BAG_L1","NeuralNetFastAI_r121_BAG_L1","NeuralNetFastAI_r150_BAG_L1","NeuralNetFastAI_r156_BAG_L1","NeuralNetFastAI_r187_BAG_L1","NeuralNetFastAI_r18_BAG_L1","NeuralNetFastAI_r190_BAG_L1","NeuralNetFastAI_r191_BAG_L1","NeuralNetFastAI_r1_BAG_L1","NeuralNetFastAI_r29_BAG_L1","NeuralNetFastAI_r30_BAG_L1","NeuralNetFastAI_r57_BAG_L1","NeuralNetFastAI_r79_BAG_L1","NeuralNetFastAI_r86_BAG_L1","NeuralNetFastAI_r98_BAG_L1","NeuralNetTorch_r128_BAG_L1","NeuralNetTorch_r141_BAG_L1","NeuralNetTorch_r143_BAG_L1","NeuralNetTorch_r176_BAG_L1","NeuralNetTorch_r30_BAG_L1","NeuralNetTorch_r89_BAG_L1","RandomForest_r136_BAG_L1","RandomForest_r156_BAG_L1","RandomForest_r50_BAG_L1","RandomForest_r63_BAG_L1","RandomForest_r67_BAG_L1"],"2":["LightGBM_r168_BAG_L1","NeuralNetFastAI_r117_BAG_L1","NeuralNetFastAI_r121_BAG_L1","NeuralNetFastAI_r150_BAG_L1","NeuralNetFastAI_r187_BAG_L1","NeuralNetFastAI_r18_BAG_L1","NeuralNetFastAI_r190_BAG_L1","NeuralNetFastAI_r191_BAG_L1","NeuralNetFastAI_r1_BAG_L1","NeuralNetFastAI_r29_BAG_L1","NeuralNetFastAI_r30_BAG_L1","NeuralNetFastAI_r57_BAG_L1","NeuralNetFastAI_r79_BAG_L1","NeuralNetFastAI_r86_BAG_L1","NeuralNetFastAI_r88_BAG_L1","NeuralNetFastAI_r98_BAG_L1","NeuralNetTorch_r128_BAG_L1","NeuralNetTorch_r141_BAG_L1","NeuralNetTorch_r143_BAG_L1","NeuralNetTorch_r176_BAG_L1","NeuralNetTorch_r30_BAG_L1","NeuralNetTorch_r89_BAG_L1","RandomForest_r136_BAG_L1","RandomForest_r156_BAG_L1","RandomForest_r50_BAG_L1","RandomForest_r67_BAG_L1"],"3":["ExtraTrees_r140_BAG_L1","LightGBM_r168_BAG_L1","NeuralNetFastAI_r117_BAG_L1","NeuralNetFastAI_r121_BAG_L1","NeuralNetFastAI_r150_BAG_L1","NeuralNetFastAI_r187_BAG_L1","NeuralNetFastAI_r18_BAG_L1","NeuralNetFastAI_r190_BAG_L1","NeuralNetFastAI_r191_BAG_L1","NeuralNetFastAI_r1_BAG_L1","NeuralNetFastAI_r29_BAG_L1","NeuralNetFastAI_r30_BAG_L1","NeuralNetFastAI_r57_BAG_L1","NeuralNetFastAI_r79_BAG_L1","NeuralNetFastAI_r86_BAG_L1","NeuralNetFastAI_r98_BAG_L1","NeuralNetTorch_r128_BAG_L1","NeuralNetTorch_r141_BAG_L1","NeuralNetTorch_r143_BAG_L1","NeuralNetTorch_r176_BAG_L1","NeuralNetTorch_r30_BAG_L1","NeuralNetTorch_r89_BAG_L1","RandomForest_r136_BAG_L1","RandomForest_r156_BAG_L1","RandomForest_r50_BAG_L1","RandomForest_r67_BAG_L1"],"4":["LightGBM_r168_BAG_L1","NeuralNetFastAI_r117_BAG_L1","NeuralNetFastAI_r121_BAG_L1","NeuralNetFastAI_r150_BAG_L1","NeuralNetFastAI_r156_BAG_L1","NeuralNetFastAI_r187_BAG_L1","NeuralNetFastAI_r18_BAG_L1","NeuralNetFastAI_r190_BAG_L1","NeuralNetFastAI_r191_BAG_L1","NeuralNetFastAI_r1_BAG_L1","NeuralNetFastAI_r29_BAG_L1","NeuralNetFastAI_r30_BAG_L1","NeuralNetFastAI_r57_BAG_L1","NeuralNetFastAI_r79_BAG_L1","NeuralNetFastAI_r86_BAG_L1","NeuralNetFastAI_r98_BAG_L1","NeuralNetTorch_r128_BAG_L1","NeuralNetTorch_r141_BAG_L1","NeuralNetTorch_r143_BAG_L1","NeuralNetTorch_r176_BAG_L1","NeuralNetTorch_r30_BAG_L1","NeuralNetTorch_r43_BAG_L1","NeuralNetTorch_r89_BAG_L1","RandomForest_r136_BAG_L1","RandomForest_r156_BAG_L1","RandomForest_r50_BAG_L1","RandomForest_r67_BAG_L1"],"5":["LightGBM_r168_BAG_L1","NeuralNetFastAI_r121_BAG_L1","NeuralNetFastAI_r150_BAG_L1","NeuralNetFastAI_r156_BAG_L1","NeuralNetFastAI_r187_BAG_L1","NeuralNetFastAI_r18_BAG_L1","NeuralNetFastAI_r190_BAG_L1","NeuralNetFastAI_r191_BAG_L1","NeuralNetFastAI_r1_BAG_L1","NeuralNetFastAI_r29_BAG_L1","NeuralNetFastAI_r30_BAG_L1","NeuralNetFastAI_r57_BAG_L1","NeuralNetFastAI_r79_BAG_L1","NeuralNetFastAI_r86_BAG_L1","NeuralNetFastAI_r98_BAG_L1","NeuralNetTorch_r128_BAG_L1","NeuralNetTorch_r141_BAG_L1","NeuralNetTorch_r142_BAG_L1","NeuralNetTorch_r143_BAG_L1","NeuralNetTorch_r176_BAG_L1","NeuralNetTorch_r192_BAG_L1","NeuralNetTorch_r30_BAG_L1","NeuralNetTorch_r43_BAG_L1","NeuralNetTorch_r89_BAG_L1","RandomForest_r136_BAG_L1","RandomForest_r156_BAG_L1","RandomForest_r50_BAG_L1","RandomForest_r67_BAG_L1"],"6":["LightGBM_r168_BAG_L1","NeuralNetFastAI_r121_BAG_L1","NeuralNetFastAI_r150_BAG_L1","NeuralNetFastAI_r156_BAG_L1","NeuralNetFastAI_r187_BAG_L1","NeuralNetFastAI_r189_BAG_L1","NeuralNetFastAI_r18_BAG_L1","NeuralNetFastAI_r190_BAG_L1","NeuralNetFastAI_r191_BAG_L1","NeuralNetFastAI_r1_BAG_L1","NeuralNetFastAI_r29_BAG_L1","NeuralNetFastAI_r30_BAG_L1","NeuralNetFastAI_r57_BAG_L1","NeuralNetFastAI_r79_BAG_L1","NeuralNetFastAI_r86_BAG_L1","NeuralNetFastAI_r98_BAG_L1","NeuralNetTorch_r128_BAG_L1","NeuralNetTorch_r141_BAG_L1","NeuralNetTorch_r142_BAG_L1","NeuralNetTorch_r143_BAG_L1","NeuralNetTorch_r176_BAG_L1","NeuralNetTorch_r192_BAG_L1","NeuralNetTorch_r30_BAG_L1","NeuralNetTorch_r43_BAG_L1","NeuralNetTorch_r89_BAG_L1","RandomForest_r136_BAG_L1","RandomForest_r156_BAG_L1","RandomForest_r50_BAG_L1","RandomForest_r67_BAG_L1"],"7":["LightGBM_r168_BAG_L1","NeuralNetFastAI_r117_BAG_L1","NeuralNetFastAI_r121_BAG_L1","NeuralNetFastAI_r150_BAG_L1","NeuralNetFastAI_r187_BAG_L1","NeuralNetFastAI_r18_BAG_L1","NeuralNetFastAI_r190_BAG_L1","NeuralNetFastAI_r191_BAG_L1","NeuralNetFastAI_r1_BAG_L1","NeuralNetFastAI_r29_BAG_L1","NeuralNetFastAI_r30_BAG_L1","NeuralNetFastAI_r57_BAG_L1","NeuralNetFastAI_r61_BAG_L1","NeuralNetFastAI_r79_BAG_L1","NeuralNetFastAI_r86_BAG_L1","NeuralNetFastAI_r98_BAG_L1","NeuralNetTorch_r128_BAG_L1","NeuralNetTorch_r141_BAG_L1","NeuralNetTorch_r143_BAG_L1","NeuralNetTorch_r176_BAG_L1","NeuralNetTorch_r30_BAG_L1","NeuralNetTorch_r89_BAG_L1","RandomForest_r136_BAG_L1","RandomForest_r156_BAG_L1","RandomForest_r50_BAG_L1","RandomForest_r67_BAG_L1"],"8":["LightGBM_r168_BAG_L1","NeuralNetFastAI_r117_BAG_L1","NeuralNetFastAI_r121_BAG_L1","NeuralNetFastAI_r150_BAG_L1","NeuralNetFastAI_r187_BAG_L1","NeuralNetFastAI_r18_BAG_L1","NeuralNetFastAI_r190_BAG_L1","NeuralNetFastAI_r191_BAG_L1","NeuralNetFastAI_r1_BAG_L1","NeuralNetFastAI_r29_BAG_L1","NeuralNetFastAI_r30_BAG_L1","NeuralNetFastAI_r57_BAG_L1","NeuralNetFastAI_r79_BAG_L1","NeuralNetFastAI_r86_BAG_L1","NeuralNetFastAI_r98_BAG_L1","NeuralNetTorch_r11_BAG_L1","NeuralNetTorch_r128_BAG_L1","NeuralNetTorch_r141_BAG_L1","NeuralNetTorch_r143_BAG_L1","NeuralNetTorch_r176_BAG_L1","NeuralNetTorch_r30_BAG_L1","NeuralNetTorch_r89_BAG_L1","RandomForest_r136_BAG_L1","RandomForest_r156_BAG_L1","RandomForest_r50_BAG_L1","RandomForest_r67_BAG_L1"],"9":["LightGBM_r168_BAG_L1","NeuralNetFastAI_r117_BAG_L1","NeuralNetFastAI_r121_BAG_L1","NeuralNetFastAI_r150_BAG_L1","NeuralNetFastAI_r187_BAG_L1","NeuralNetFastAI_r18_BAG_L1","NeuralNetFastAI_r190_BAG_L1","NeuralNetFastAI_r191_BAG_L1","NeuralNetFastAI_r1_BAG_L1","NeuralNetFastAI_r29_BAG_L1","NeuralNetFastAI_r30_BAG_L1","NeuralNetFastAI_r57_BAG_L1","NeuralNetFastAI_r75_BAG_L1","NeuralNetFastAI_r79_BAG_L1","NeuralNetFastAI_r86_BAG_L1","NeuralNetFastAI_r98_BAG_L1","NeuralNetTorch_r128_BAG_L1","NeuralNetTorch_r141_BAG_L1","NeuralNetTorch_r143_BAG_L1","NeuralNetTorch_r176_BAG_L1","NeuralNetTorch_r30_BAG_L1","NeuralNetTorch_r89_BAG_L1","RandomForest_r136_BAG_L1","RandomForest_r156_BAG_L1","RandomForest_r50_BAG_L1","RandomForest_r67_BAG_L1"],"10":["LightGBM_r168_BAG_L1","NeuralNetFastAI_r117_BAG_L1","NeuralNetFastAI_r121_BAG_L1","NeuralNetFastAI_r150_BAG_L1","NeuralNetFastAI_r187_BAG_L1","NeuralNetFastAI_r18_BAG_L1","NeuralNetFastAI_r190_BAG_L1","NeuralNetFastAI_r191_BAG_L1","NeuralNetFastAI_r1_BAG_L1","NeuralNetFastAI_r29_BAG_L1","NeuralNetFastAI_r30_BAG_L1","NeuralNetFastAI_r57_BAG_L1","NeuralNetFastAI_r79_BAG_L1","NeuralNetFastAI_r86_BAG_L1","NeuralNetFastAI_r88_BAG_L1","NeuralNetFastAI_r98_BAG_L1","NeuralNetTorch_r128_BAG_L1","NeuralNetTorch_r141_BAG_L1","NeuralNetTorch_r143_BAG_L1","NeuralNetTorch_r176_BAG_L1","NeuralNetTorch_r30_BAG_L1","NeuralNetTorch_r67_BAG_L1","NeuralNetTorch_r89_BAG_L1","RandomForest_r136_BAG_L1","RandomForest_r156_BAG_L1","RandomForest_r50_BAG_L1","RandomForest_r67_BAG_L1"],"11":["LightGBM_r168_BAG_L1","NeuralNetFastAI_r121_BAG_L1","NeuralNetFastAI_r150_BAG_L1","NeuralNetFastAI_r187_BAG_L1","NeuralNetFastAI_r18_BAG_L1","NeuralNetFastAI_r190_BAG_L1","NeuralNetFastAI_r191_BAG_L1","NeuralNetFastAI_r1_BAG_L1","NeuralNetFastAI_r29_BAG_L1","NeuralNetFastAI_r30_BAG_L1","NeuralNetFastAI_r57_BAG_L1","NeuralNetFastAI_r79_BAG_L1","NeuralNetFastAI_r86_BAG_L1","NeuralNetFastAI_r98_BAG_L1","NeuralNetTorch_r128_BAG_L1","NeuralNetTorch_r141_BAG_L1","NeuralNetTorch_r143_BAG_L1","NeuralNetTorch_r176_BAG_L1","NeuralNetTorch_r30_BAG_L1","NeuralNetTorch_r3_BAG_L1","NeuralNetTorch_r89_BAG_L1","RandomForest_r136_BAG_L1","RandomForest_r156_BAG_L1","RandomForest_r50_BAG_L1","RandomForest_r67_BAG_L1"],"12":["LightGBM_r168_BAG_L1","NeuralNetFastAI_r117_BAG_L1","NeuralNetFastAI_r121_BAG_L1","NeuralNetFastAI_r150_BAG_L1","NeuralNetFastAI_r187_BAG_L1","NeuralNetFastAI_r18_BAG_L1","NeuralNetFastAI_r190_BAG_L1","NeuralNetFastAI_r191_BAG_L1","NeuralNetFastAI_r1_BAG_L1","NeuralNetFastAI_r29_BAG_L1","NeuralNetFastAI_r30_BAG_L1","NeuralNetFastAI_r57_BAG_L1","NeuralNetFastAI_r79_BAG_L1","NeuralNetFastAI_r86_BAG_L1","NeuralNetFastAI_r98_BAG_L1","NeuralNetTorch_r11_BAG_L1","NeuralNetTorch_r128_BAG_L1","NeuralNetTorch_r141_BAG_L1","NeuralNetTorch_r143_BAG_L1","NeuralNetTorch_r154_BAG_L1","NeuralNetTorch_r176_BAG_L1","NeuralNetTorch_r30_BAG_L1","NeuralNetTorch_r89_BAG_L1","RandomForest_r136_BAG_L1","RandomForest_r156_BAG_L1","RandomForest_r50_BAG_L1","RandomForest_r67_BAG_L1"],"13":["LightGBM_r168_BAG_L1","NeuralNetFastAI_r117_BAG_L1","NeuralNetFastAI_r121_BAG_L1","NeuralNetFastAI_r150_BAG_L1","NeuralNetFastAI_r156_BAG_L1","NeuralNetFastAI_r187_BAG_L1","NeuralNetFastAI_r18_BAG_L1","NeuralNetFastAI_r190_BAG_L1","NeuralNetFastAI_r191_BAG_L1","NeuralNetFastAI_r1_BAG_L1","NeuralNetFastAI_r29_BAG_L1","NeuralNetFastAI_r30_BAG_L1","NeuralNetFastAI_r57_BAG_L1","NeuralNetFastAI_r79_BAG_L1","NeuralNetFastAI_r86_BAG_L1","NeuralNetFastAI_r98_BAG_L1","NeuralNetTorch_r128_BAG_L1","NeuralNetTorch_r141_BAG_L1","NeuralNetTorch_r143_BAG_L1","NeuralNetTorch_r176_BAG_L1","NeuralNetTorch_r30_BAG_L1","NeuralNetTorch_r89_BAG_L1","RandomForest_r136_BAG_L1","RandomForest_r156_BAG_L1","RandomForest_r50_BAG_L1","RandomForest_r67_BAG_L1"],"14":["LightGBM_r168_BAG_L1","NeuralNetFastAI_r117_BAG_L1","NeuralNetFastAI_r121_BAG_L1","NeuralNetFastAI_r150_BAG_L1","NeuralNetFastAI_r187_BAG_L1","NeuralNetFastAI_r18_BAG_L1","NeuralNetFastAI_r190_BAG_L1","NeuralNetFastAI_r191_BAG_L1","NeuralNetFastAI_r1_BAG_L1","NeuralNetFastAI_r29_BAG_L1","NeuralNetFastAI_r30_BAG_L1","NeuralNetFastAI_r57_BAG_L1","NeuralNetFastAI_r79_BAG_L1","NeuralNetFastAI_r86_BAG_L1","NeuralNetFastAI_r98_BAG_L1","NeuralNetTorch_r128_BAG_L1","NeuralNetTorch_r141_BAG_L1","NeuralNetTorch_r143_BAG_L1","NeuralNetTorch_r176_BAG_L1","NeuralNetTorch_r198_BAG_L1","NeuralNetTorch_r30_BAG_L1","NeuralNetTorch_r89_BAG_L1","RandomForest_r136_BAG_L1","RandomForest_r156_BAG_L1","RandomForest_r50_BAG_L1","RandomForest_r67_BAG_L1"],"15":["LightGBM_r168_BAG_L1","NeuralNetFastAI_r117_BAG_L1","NeuralNetFastAI_r121_BAG_L1","NeuralNetFastAI_r150_BAG_L1","NeuralNetFastAI_r187_BAG_L1","NeuralNetFastAI_r18_BAG_L1","NeuralNetFastAI_r190_BAG_L1","NeuralNetFastAI_r191_BAG_L1","NeuralNetFastAI_r1_BAG_L1","NeuralNetFastAI_r29_BAG_L1","NeuralNetFastAI_r30_BAG_L1","NeuralNetFastAI_r57_BAG_L1","NeuralNetFastAI_r79_BAG_L1","NeuralNetFastAI_r86_BAG_L1","NeuralNetFastAI_r98_BAG_L1","NeuralNetTorch_r128_BAG_L1","NeuralNetTorch_r141_BAG_L1","NeuralNetTorch_r143_BAG_L1","NeuralNetTorch_r176_BAG_L1","NeuralNetTorch_r30_BAG_L1","NeuralNetTorch_r57_BAG_L1","NeuralNetTorch_r89_BAG_L1","RandomForest_r136_BAG_L1","RandomForest_r156_BAG_L1","RandomForest_r50_BAG_L1","RandomForest_r67_BAG_L1"],"16":["LightGBM_r168_BAG_L1","NeuralNetFastAI_r121_BAG_L1","NeuralNetFastAI_r149_BAG_L1","NeuralNetFastAI_r150_BAG_L1","NeuralNetFastAI_r156_BAG_L1","NeuralNetFastAI_r187_BAG_L1","NeuralNetFastAI_r189_BAG_L1","NeuralNetFastAI_r18_BAG_L1","NeuralNetFastAI_r190_BAG_L1","NeuralNetFastAI_r191_BAG_L1","NeuralNetFastAI_r1_BAG_L1","NeuralNetFastAI_r29_BAG_L1","NeuralNetFastAI_r30_BAG_L1","NeuralNetFastAI_r57_BAG_L1","NeuralNetFastAI_r79_BAG_L1","NeuralNetFastAI_r86_BAG_L1","NeuralNetFastAI_r98_BAG_L1","NeuralNetTorch_r128_BAG_L1","NeuralNetTorch_r141_BAG_L1","NeuralNetTorch_r143_BAG_L1","NeuralNetTorch_r176_BAG_L1","NeuralNetTorch_r30_BAG_L1","NeuralNetTorch_r43_BAG_L1","NeuralNetTorch_r89_BAG_L1","RandomForest_r136_BAG_L1","RandomForest_r156_BAG_L1","RandomForest_r50_BAG_L1","RandomForest_r67_BAG_L1"],"17":["LightGBM_r168_BAG_L1","NeuralNetFastAI_r105_BAG_L1","NeuralNetFastAI_r117_BAG_L1","NeuralNetFastAI_r121_BAG_L1","NeuralNetFastAI_r150_BAG_L1","NeuralNetFastAI_r187_BAG_L1","NeuralNetFastAI_r18_BAG_L1","NeuralNetFastAI_r190_BAG_L1","NeuralNetFastAI_r191_BAG_L1","NeuralNetFastAI_r1_BAG_L1","NeuralNetFastAI_r29_BAG_L1","NeuralNetFastAI_r30_BAG_L1","NeuralNetFastAI_r57_BAG_L1","NeuralNetFastAI_r79_BAG_L1","NeuralNetFastAI_r86_BAG_L1","NeuralNetFastAI_r98_BAG_L1","NeuralNetTorch_r128_BAG_L1","NeuralNetTorch_r141_BAG_L1","NeuralNetTorch_r143_BAG_L1","NeuralNetTorch_r176_BAG_L1","NeuralNetTorch_r30_BAG_L1","NeuralNetTorch_r89_BAG_L1","RandomForest_r136_BAG_L1","RandomForest_r156_BAG_L1","RandomForest_r50_BAG_L1","RandomForest_r67_BAG_L1"],"18":["LightGBM_r168_BAG_L1","NeuralNetFastAI_r121_BAG_L1","NeuralNetFastAI_r150_BAG_L1","NeuralNetFastAI_r187_BAG_L1","NeuralNetFastAI_r18_BAG_L1","NeuralNetFastAI_r190_BAG_L1","NeuralNetFastAI_r191_BAG_L1","NeuralNetFastAI_r1_BAG_L1","NeuralNetFastAI_r29_BAG_L1","NeuralNetFastAI_r30_BAG_L1","NeuralNetFastAI_r57_BAG_L1","NeuralNetFastAI_r79_BAG_L1","NeuralNetFastAI_r86_BAG_L1","NeuralNetFastAI_r98_BAG_L1","NeuralNetTorch_r128_BAG_L1","NeuralNetTorch_r141_BAG_L1","NeuralNetTorch_r143_BAG_L1","NeuralNetTorch_r176_BAG_L1","NeuralNetTorch_r30_BAG_L1","NeuralNetTorch_r3_BAG_L1","NeuralNetTorch_r89_BAG_L1","RandomForest_r136_BAG_L1","RandomForest_r156_BAG_L1","RandomForest_r50_BAG_L1","RandomForest_r67_BAG_L1"],"19":["LightGBM_r168_BAG_L1","NeuralNetFastAI_r112_BAG_L1","NeuralNetFastAI_r117_BAG_L1","NeuralNetFastAI_r121_BAG_L1","NeuralNetFastAI_r150_BAG_L1","NeuralNetFastAI_r187_BAG_L1","NeuralNetFastAI_r18_BAG_L1","NeuralNetFastAI_r190_BAG_L1","NeuralNetFastAI_r191_BAG_L1","NeuralNetFastAI_r1_BAG_L1","NeuralNetFastAI_r29_BAG_L1","NeuralNetFastAI_r30_BAG_L1","NeuralNetFastAI_r57_BAG_L1","NeuralNetFastAI_r79_BAG_L1","NeuralNetFastAI_r86_BAG_L1","NeuralNetFastAI_r98_BAG_L1","NeuralNetTorch_r128_BAG_L1","NeuralNetTorch_r134_BAG_L1","NeuralNetTorch_r141_BAG_L1","NeuralNetTorch_r143_BAG_L1","NeuralNetTorch_r176_BAG_L1","NeuralNetTorch_r30_BAG_L1","NeuralNetTorch_r89_BAG_L1","RandomForest_r136_BAG_L1","RandomForest_r156_BAG_L1","RandomForest_r50_BAG_L1","RandomForest_r67_BAG_L1"],"20":["LightGBM_r168_BAG_L1","NeuralNetFastAI_r117_BAG_L1","NeuralNetFastAI_r121_BAG_L1","NeuralNetFastAI_r150_BAG_L1","NeuralNetFastAI_r156_BAG_L1","NeuralNetFastAI_r187_BAG_L1","NeuralNetFastAI_r18_BAG_L1","NeuralNetFastAI_r190_BAG_L1","NeuralNetFastAI_r191_BAG_L1","NeuralNetFastAI_r1_BAG_L1","NeuralNetFastAI_r29_BAG_L1","NeuralNetFastAI_r30_BAG_L1","NeuralNetFastAI_r57_BAG_L1","NeuralNetFastAI_r79_BAG_L1","NeuralNetFastAI_r86_BAG_L1","NeuralNetFastAI_r98_BAG_L1","NeuralNetTorch_r128_BAG_L1","NeuralNetTorch_r141_BAG_L1","NeuralNetTorch_r142_BAG_L1","NeuralNetTorch_r143_BAG_L1","NeuralNetTorch_r176_BAG_L1","NeuralNetTorch_r30_BAG_L1","NeuralNetTorch_r89_BAG_L1","RandomForest_r136_BAG_L1","RandomForest_r156_BAG_L1","RandomForest_r50_BAG_L1","RandomForest_r67_BAG_L1"],"21":["LightGBM_r168_BAG_L1","NeuralNetFastAI_r121_BAG_L1","NeuralNetFastAI_r150_BAG_L1","NeuralNetFastAI_r156_BAG_L1","NeuralNetFastAI_r187_BAG_L1","NeuralNetFastAI_r189_BAG_L1","NeuralNetFastAI_r18_BAG_L1","NeuralNetFastAI_r190_BAG_L1","NeuralNetFastAI_r191_BAG_L1","NeuralNetFastAI_r1_BAG_L1","NeuralNetFastAI_r29_BAG_L1","NeuralNetFastAI_r30_BAG_L1","NeuralNetFastAI_r57_BAG_L1","NeuralNetFastAI_r79_BAG_L1","NeuralNetFastAI_r86_BAG_L1","NeuralNetFastAI_r98_BAG_L1","NeuralNetTorch_r128_BAG_L1","NeuralNetTorch_r141_BAG_L1","NeuralNetTorch_r143_BAG_L1","NeuralNetTorch_r176_BAG_L1","NeuralNetTorch_r30_BAG_L1","NeuralNetTorch_r43_BAG_L1","NeuralNetTorch_r89_BAG_L1","RandomForest_r136_BAG_L1","RandomForest_r156_BAG_L1","RandomForest_r50_BAG_L1","RandomForest_r67_BAG_L1"],"22":["LightGBM_r168_BAG_L1","NeuralNetFastAI_r121_BAG_L1","NeuralNetFastAI_r150_BAG_L1","NeuralNetFastAI_r156_BAG_L1","NeuralNetFastAI_r187_BAG_L1","NeuralNetFastAI_r18_BAG_L1","NeuralNetFastAI_r190_BAG_L1","NeuralNetFastAI_r191_BAG_L1","NeuralNetFastAI_r1_BAG_L1","NeuralNetFastAI_r29_BAG_L1","NeuralNetFastAI_r30_BAG_L1","NeuralNetFastAI_r57_BAG_L1","NeuralNetFastAI_r79_BAG_L1","NeuralNetFastAI_r86_BAG_L1","NeuralNetFastAI_r98_BAG_L1","NeuralNetTorch_r128_BAG_L1","NeuralNetTorch_r141_BAG_L1","NeuralNetTorch_r143_BAG_L1","NeuralNetTorch_r176_BAG_L1","NeuralNetTorch_r30_BAG_L1","NeuralNetTorch_r3_BAG_L1","NeuralNetTorch_r89_BAG_L1","RandomForest_r136_BAG_L1","RandomForest_r156_BAG_L1","RandomForest_r50_BAG_L1","RandomForest_r63_BAG_L1","RandomForest_r67_BAG_L1"],"23":["LightGBM_r168_BAG_L1","NeuralNetFastAI_r117_BAG_L1","NeuralNetFastAI_r121_BAG_L1","NeuralNetFastAI_r150_BAG_L1","NeuralNetFastAI_r179_BAG_L1","NeuralNetFastAI_r187_BAG_L1","NeuralNetFastAI_r18_BAG_L1","NeuralNetFastAI_r190_BAG_L1","NeuralNetFastAI_r191_BAG_L1","NeuralNetFastAI_r1_BAG_L1","NeuralNetFastAI_r29_BAG_L1","NeuralNetFastAI_r30_BAG_L1","NeuralNetFastAI_r57_BAG_L1","NeuralNetFastAI_r79_BAG_L1","NeuralNetFastAI_r86_BAG_L1","NeuralNetFastAI_r98_BAG_L1","NeuralNetTorch_r128_BAG_L1","NeuralNetTorch_r141_BAG_L1","NeuralNetTorch_r143_BAG_L1","NeuralNetTorch_r176_BAG_L1","NeuralNetTorch_r30_BAG_L1","NeuralNetTorch_r63_BAG_L1","NeuralNetTorch_r89_BAG_L1","RandomForest_r136_BAG_L1","RandomForest_r156_BAG_L1","RandomForest_r50_BAG_L1","RandomForest_r67_BAG_L1"],"24":["LightGBM_r168_BAG_L1","NeuralNetFastAI_r117_BAG_L1","NeuralNetFastAI_r121_BAG_L1","NeuralNetFastAI_r147_BAG_L1","NeuralNetFastAI_r150_BAG_L1","NeuralNetFastAI_r187_BAG_L1","NeuralNetFastAI_r18_BAG_L1","NeuralNetFastAI_r190_BAG_L1","NeuralNetFastAI_r191_BAG_L1","NeuralNetFastAI_r1_BAG_L1","NeuralNetFastAI_r29_BAG_L1","NeuralNetFastAI_r30_BAG_L1","NeuralNetFastAI_r57_BAG_L1","NeuralNetFastAI_r74_BAG_L1","NeuralNetFastAI_r79_BAG_L1","NeuralNetFastAI_r86_BAG_L1","NeuralNetFastAI_r88_BAG_L1","NeuralNetFastAI_r98_BAG_L1","NeuralNetTorch_r116_BAG_L1","NeuralNetTorch_r128_BAG_L1","NeuralNetTorch_r141_BAG_L1","NeuralNetTorch_r143_BAG_L1","NeuralNetTorch_r176_BAG_L1","NeuralNetTorch_r30_BAG_L1","NeuralNetTorch_r35_BAG_L1","NeuralNetTorch_r89_BAG_L1","RandomForest_r136_BAG_L1","RandomForest_r156_BAG_L1","RandomForest_r50_BAG_L1","RandomForest_r67_BAG_L1"],"25":["LightGBM_r168_BAG_L1","NeuralNetFastAI_r117_BAG_L1","NeuralNetFastAI_r121_BAG_L1","NeuralNetFastAI_r147_BAG_L1","NeuralNetFastAI_r150_BAG_L1","NeuralNetFastAI_r156_BAG_L1","NeuralNetFastAI_r179_BAG_L1","NeuralNetFastAI_r187_BAG_L1","NeuralNetFastAI_r18_BAG_L1","NeuralNetFastAI_r190_BAG_L1","NeuralNetFastAI_r191_BAG_L1","NeuralNetFastAI_r1_BAG_L1","NeuralNetFastAI_r29_BAG_L1","NeuralNetFastAI_r30_BAG_L1","NeuralNetFastAI_r57_BAG_L1","NeuralNetFastAI_r74_BAG_L1","NeuralNetFastAI_r79_BAG_L1","NeuralNetFastAI_r86_BAG_L1","NeuralNetFastAI_r88_BAG_L1","NeuralNetFastAI_r98_BAG_L1","NeuralNetTorch_r116_BAG_L1","NeuralNetTorch_r128_BAG_L1","NeuralNetTorch_r141_BAG_L1","NeuralNetTorch_r143_BAG_L1","NeuralNetTorch_r148_BAG_L1","NeuralNetTorch_r176_BAG_L1","NeuralNetTorch_r30_BAG_L1","NeuralNetTorch_r35_BAG_L1","NeuralNetTorch_r63_BAG_L1","NeuralNetTorch_r89_BAG_L1","RandomForest_r136_BAG_L1","RandomForest_r156_BAG_L1","RandomForest_r50_BAG_L1","RandomForest_r63_BAG_L1","RandomForest_r67_BAG_L1"],"26":["ExtraTrees_r77_BAG_L1","LightGBM_r168_BAG_L1","NeuralNetFastAI_r117_BAG_L1","NeuralNetFastAI_r121_BAG_L1","NeuralNetFastAI_r150_BAG_L1","NeuralNetFastAI_r187_BAG_L1","NeuralNetFastAI_r18_BAG_L1","NeuralNetFastAI_r190_BAG_L1","NeuralNetFastAI_r191_BAG_L1","NeuralNetFastAI_r1_BAG_L1","NeuralNetFastAI_r29_BAG_L1","NeuralNetFastAI_r30_BAG_L1","NeuralNetFastAI_r57_BAG_L1","NeuralNetFastAI_r79_BAG_L1","NeuralNetFastAI_r86_BAG_L1","NeuralNetFastAI_r98_BAG_L1","NeuralNetTorch_r128_BAG_L1","NeuralNetTorch_r141_BAG_L1","NeuralNetTorch_r143_BAG_L1","NeuralNetTorch_r176_BAG_L1","NeuralNetTorch_r30_BAG_L1","NeuralNetTorch_r89_BAG_L1","RandomForest_r136_BAG_L1","RandomForest_r156_BAG_L1","RandomForest_r50_BAG_L1","RandomForest_r67_BAG_L1"],"27":["LightGBM_r168_BAG_L1","NeuralNetFastAI_r121_BAG_L1","NeuralNetFastAI_r150_BAG_L1","NeuralNetFastAI_r156_BAG_L1","NeuralNetFastAI_r187_BAG_L1","NeuralNetFastAI_r18_BAG_L1","NeuralNetFastAI_r190_BAG_L1","NeuralNetFastAI_r191_BAG_L1","NeuralNetFastAI_r1_BAG_L1","NeuralNetFastAI_r29_BAG_L1","NeuralNetFastAI_r30_BAG_L1","NeuralNetFastAI_r57_BAG_L1","NeuralNetFastAI_r79_BAG_L1","NeuralNetFastAI_r86_BAG_L1","NeuralNetFastAI_r98_BAG_L1","NeuralNetTorch_r128_BAG_L1","NeuralNetTorch_r141_BAG_L1","NeuralNetTorch_r143_BAG_L1","NeuralNetTorch_r176_BAG_L1","NeuralNetTorch_r30_BAG_L1","NeuralNetTorch_r89_BAG_L1","RandomForest_r136_BAG_L1","RandomForest_r156_BAG_L1","RandomForest_r50_BAG_L1","RandomForest_r63_BAG_L1","RandomForest_r67_BAG_L1"],"28":["LightGBM_r168_BAG_L1","NeuralNetFastAI_r121_BAG_L1","NeuralNetFastAI_r150_BAG_L1","NeuralNetFastAI_r156_BAG_L1","NeuralNetFastAI_r187_BAG_L1","NeuralNetFastAI_r18_BAG_L1","NeuralNetFastAI_r190_BAG_L1","NeuralNetFastAI_r191_BAG_L1","NeuralNetFastAI_r1_BAG_L1","NeuralNetFastAI_r29_BAG_L1","NeuralNetFastAI_r30_BAG_L1","NeuralNetFastAI_r57_BAG_L1","NeuralNetFastAI_r79_BAG_L1","NeuralNetFastAI_r86_BAG_L1","NeuralNetFastAI_r98_BAG_L1","NeuralNetTorch_r128_BAG_L1","NeuralNetTorch_r141_BAG_L1","NeuralNetTorch_r143_BAG_L1","NeuralNetTorch_r176_BAG_L1","NeuralNetTorch_r30_BAG_L1","NeuralNetTorch_r89_BAG_L1","RandomForest_r136_BAG_L1","RandomForest_r156_BAG_L1","RandomForest_r50_BAG_L1","RandomForest_r63_BAG_L1","RandomForest_r67_BAG_L1"],"29":["LightGBM_r168_BAG_L1","NeuralNetFastAI_r115_BAG_L1","NeuralNetFastAI_r117_BAG_L1","NeuralNetFastAI_r121_BAG_L1","NeuralNetFastAI_r150_BAG_L1","NeuralNetFastAI_r187_BAG_L1","NeuralNetFastAI_r18_BAG_L1","NeuralNetFastAI_r190_BAG_L1","NeuralNetFastAI_r191_BAG_L1","NeuralNetFastAI_r1_BAG_L1","NeuralNetFastAI_r29_BAG_L1","NeuralNetFastAI_r30_BAG_L1","NeuralNetFastAI_r57_BAG_L1","NeuralNetFastAI_r79_BAG_L1","NeuralNetFastAI_r86_BAG_L1","NeuralNetFastAI_r98_BAG_L1","NeuralNetTorch_r128_BAG_L1","NeuralNetTorch_r141_BAG_L1","NeuralNetTorch_r143_BAG_L1","NeuralNetTorch_r176_BAG_L1","NeuralNetTorch_r30_BAG_L1","NeuralNetTorch_r89_BAG_L1","RandomForest_r136_BAG_L1","RandomForest_r156_BAG_L1","RandomForest_r50_BAG_L1","RandomForest_r67_BAG_L1"],"30":["LightGBM_r168_BAG_L1","NeuralNetFastAI_r117_BAG_L1","NeuralNetFastAI_r121_BAG_L1","NeuralNetFastAI_r150_BAG_L1","NeuralNetFastAI_r187_BAG_L1","NeuralNetFastAI_r18_BAG_L1","NeuralNetFastAI_r190_BAG_L1","NeuralNetFastAI_r191_BAG_L1","NeuralNetFastAI_r1_BAG_L1","NeuralNetFastAI_r29_BAG_L1","NeuralNetFastAI_r30_BAG_L1","NeuralNetFastAI_r57_BAG_L1","NeuralNetFastAI_r79_BAG_L1","NeuralNetFastAI_r86_BAG_L1","NeuralNetFastAI_r98_BAG_L1","NeuralNetTorch_r128_BAG_L1","NeuralNetTorch_r134_BAG_L1","NeuralNetTorch_r141_BAG_L1","NeuralNetTorch_r143_BAG_L1","NeuralNetTorch_r176_BAG_L1","NeuralNetTorch_r30_BAG_L1","NeuralNetTorch_r89_BAG_L1","RandomForest_r136_BAG_L1","RandomForest_r156_BAG_L1","RandomForest_r50_BAG_L1","RandomForest_r67_BAG_L1"],"31":["LightGBM_r168_BAG_L1","NeuralNetFastAI_r117_BAG_L1","NeuralNetFastAI_r121_BAG_L1","NeuralNetFastAI_r150_BAG_L1","NeuralNetFastAI_r187_BAG_L1","NeuralNetFastAI_r18_BAG_L1","NeuralNetFastAI_r190_BAG_L1","NeuralNetFastAI_r191_BAG_L1","NeuralNetFastAI_r1_BAG_L1","NeuralNetFastAI_r29_BAG_L1","NeuralNetFastAI_r30_BAG_L1","NeuralNetFastAI_r57_BAG_L1","NeuralNetFastAI_r79_BAG_L1","NeuralNetFastAI_r86_BAG_L1","NeuralNetFastAI_r98_BAG_L1","NeuralNetTorch_r120_BAG_L1","NeuralNetTorch_r128_BAG_L1","NeuralNetTorch_r141_BAG_L1","NeuralNetTorch_r143_BAG_L1","NeuralNetTorch_r176_BAG_L1","NeuralNetTorch_r30_BAG_L1","NeuralNetTorch_r89_BAG_L1","RandomForest_r136_BAG_L1","RandomForest_r156_BAG_L1","RandomForest_r50_BAG_L1","RandomForest_r67_BAG_L1"],"32":["LightGBM_r168_BAG_L1","NeuralNetFastAI_r117_BAG_L1","NeuralNetFastAI_r121_BAG_L1","NeuralNetFastAI_r150_BAG_L1","NeuralNetFastAI_r154_BAG_L1","NeuralNetFastAI_r179_BAG_L1","NeuralNetFastAI_r187_BAG_L1","NeuralNetFastAI_r18_BAG_L1","NeuralNetFastAI_r190_BAG_L1","NeuralNetFastAI_r191_BAG_L1","NeuralNetFastAI_r1_BAG_L1","NeuralNetFastAI_r29_BAG_L1","NeuralNetFastAI_r30_BAG_L1","NeuralNetFastAI_r57_BAG_L1","NeuralNetFastAI_r79_BAG_L1","NeuralNetFastAI_r86_BAG_L1","NeuralNetFastAI_r98_BAG_L1","NeuralNetTorch_r128_BAG_L1","NeuralNetTorch_r141_BAG_L1","NeuralNetTorch_r143_BAG_L1","NeuralNetTorch_r176_BAG_L1","NeuralNetTorch_r30_BAG_L1","NeuralNetTorch_r89_BAG_L1","RandomForest_r136_BAG_L1","RandomForest_r156_BAG_L1","RandomForest_r50_BAG_L1","RandomForest_r67_BAG_L1"],"33":["LightGBM_r168_BAG_L1","NeuralNetFastAI_r112_BAG_L1","NeuralNetFastAI_r117_BAG_L1","NeuralNetFastAI_r121_BAG_L1","NeuralNetFastAI_r150_BAG_L1","NeuralNetFastAI_r187_BAG_L1","NeuralNetFastAI_r18_BAG_L1","NeuralNetFastAI_r190_BAG_L1","NeuralNetFastAI_r191_BAG_L1","NeuralNetFastAI_r1_BAG_L1","NeuralNetFastAI_r29_BAG_L1","NeuralNetFastAI_r30_BAG_L1","NeuralNetFastAI_r57_BAG_L1","NeuralNetFastAI_r79_BAG_L1","NeuralNetFastAI_r86_BAG_L1","NeuralNetFastAI_r98_BAG_L1","NeuralNetTorch_r128_BAG_L1","NeuralNetTorch_r141_BAG_L1","NeuralNetTorch_r143_BAG_L1","NeuralNetTorch_r176_BAG_L1","NeuralNetTorch_r30_BAG_L1","NeuralNetTorch_r89_BAG_L1","RandomForest_r136_BAG_L1","RandomForest_r156_BAG_L1","RandomForest_r50_BAG_L1","RandomForest_r67_BAG_L1"],"34":["LightGBM_r168_BAG_L1","NeuralNetFastAI_r117_BAG_L1","NeuralNetFastAI_r121_BAG_L1","NeuralNetFastAI_r150_BAG_L1","NeuralNetFastAI_r187_BAG_L1","NeuralNetFastAI_r18_BAG_L1","NeuralNetFastAI_r190_BAG_L1","NeuralNetFastAI_r191_BAG_L1","NeuralNetFastAI_r1_BAG_L1","NeuralNetFastAI_r29_BAG_L1","NeuralNetFastAI_r30_BAG_L1","NeuralNetFastAI_r57_BAG_L1","NeuralNetFastAI_r79_BAG_L1","NeuralNetFastAI_r86_BAG_L1","NeuralNetFastAI_r98_BAG_L1","NeuralNetTorch_r128_BAG_L1","NeuralNetTorch_r141_BAG_L1","NeuralNetTorch_r143_BAG_L1","NeuralNetTorch_r176_BAG_L1","NeuralNetTorch_r30_BAG_L1","NeuralNetTorch_r89_BAG_L1","RandomForest_r136_BAG_L1","RandomForest_r156_BAG_L1","RandomForest_r50_BAG_L1","RandomForest_r67_BAG_L1"],"35":["LightGBM_r168_BAG_L1","NeuralNetFastAI_r121_BAG_L1","NeuralNetFastAI_r150_BAG_L1","NeuralNetFastAI_r187_BAG_L1","NeuralNetFastAI_r189_BAG_L1","NeuralNetFastAI_r18_BAG_L1","NeuralNetFastAI_r190_BAG_L1","NeuralNetFastAI_r191_BAG_L1","NeuralNetFastAI_r1_BAG_L1","NeuralNetFastAI_r29_BAG_L1","NeuralNetFastAI_r30_BAG_L1","NeuralNetFastAI_r57_BAG_L1","NeuralNetFastAI_r79_BAG_L1","NeuralNetFastAI_r86_BAG_L1","NeuralNetFastAI_r98_BAG_L1","NeuralNetTorch_r128_BAG_L1","NeuralNetTorch_r141_BAG_L1","NeuralNetTorch_r143_BAG_L1","NeuralNetTorch_r176_BAG_L1","NeuralNetTorch_r30_BAG_L1","NeuralNetTorch_r89_BAG_L1","RandomForest_r136_BAG_L1","RandomForest_r156_BAG_L1","RandomForest_r50_BAG_L1","RandomForest_r67_BAG_L1"],"36":["LightGBM_r168_BAG_L1","NeuralNetFastAI_r117_BAG_L1","NeuralNetFastAI_r121_BAG_L1","NeuralNetFastAI_r150_BAG_L1","NeuralNetFastAI_r187_BAG_L1","NeuralNetFastAI_r18_BAG_L1","NeuralNetFastAI_r190_BAG_L1","NeuralNetFastAI_r191_BAG_L1","NeuralNetFastAI_r1_BAG_L1","NeuralNetFastAI_r29_BAG_L1","NeuralNetFastAI_r30_BAG_L1","NeuralNetFastAI_r31_BAG_L1","NeuralNetFastAI_r57_BAG_L1","NeuralNetFastAI_r79_BAG_L1","NeuralNetFastAI_r86_BAG_L1","NeuralNetFastAI_r98_BAG_L1","NeuralNetTorch_r128_BAG_L1","NeuralNetTorch_r141_BAG_L1","NeuralNetTorch_r143_BAG_L1","NeuralNetTorch_r176_BAG_L1","NeuralNetTorch_r30_BAG_L1","NeuralNetTorch_r89_BAG_L1","RandomForest_r136_BAG_L1","RandomForest_r156_BAG_L1","RandomForest_r50_BAG_L1","RandomForest_r67_BAG_L1"],"37":["LightGBM_r168_BAG_L1","NeuralNetFastAI_r121_BAG_L1","NeuralNetFastAI_r150_BAG_L1","NeuralNetFastAI_r156_BAG_L1","NeuralNetFastAI_r187_BAG_L1","NeuralNetFastAI_r18_BAG_L1","NeuralNetFastAI_r190_BAG_L1","NeuralNetFastAI_r191_BAG_L1","NeuralNetFastAI_r1_BAG_L1","NeuralNetFastAI_r29_BAG_L1","NeuralNetFastAI_r30_BAG_L1","NeuralNetFastAI_r57_BAG_L1","NeuralNetFastAI_r79_BAG_L1","NeuralNetFastAI_r86_BAG_L1","NeuralNetFastAI_r98_BAG_L1","NeuralNetTorch_r128_BAG_L1","NeuralNetTorch_r141_BAG_L1","NeuralNetTorch_r142_BAG_L1","NeuralNetTorch_r143_BAG_L1","NeuralNetTorch_r176_BAG_L1","NeuralNetTorch_r30_BAG_L1","NeuralNetTorch_r43_BAG_L1","NeuralNetTorch_r89_BAG_L1","RandomForest_r136_BAG_L1","RandomForest_r156_BAG_L1","RandomForest_r50_BAG_L1","RandomForest_r67_BAG_L1"],"38":["LightGBM_r168_BAG_L1","NeuralNetFastAI_r117_BAG_L1","NeuralNetFastAI_r121_BAG_L1","NeuralNetFastAI_r150_BAG_L1","NeuralNetFastAI_r156_BAG_L1","NeuralNetFastAI_r187_BAG_L1","NeuralNetFastAI_r18_BAG_L1","NeuralNetFastAI_r190_BAG_L1","NeuralNetFastAI_r191_BAG_L1","NeuralNetFastAI_r1_BAG_L1","NeuralNetFastAI_r29_BAG_L1","NeuralNetFastAI_r30_BAG_L1","NeuralNetFastAI_r57_BAG_L1","NeuralNetFastAI_r79_BAG_L1","NeuralNetFastAI_r86_BAG_L1","NeuralNetFastAI_r98_BAG_L1","NeuralNetTorch_r128_BAG_L1","NeuralNetTorch_r141_BAG_L1","NeuralNetTorch_r143_BAG_L1","NeuralNetTorch_r176_BAG_L1","NeuralNetTorch_r30_BAG_L1","NeuralNetTorch_r52_BAG_L1","NeuralNetTorch_r63_BAG_L1","NeuralNetTorch_r89_BAG_L1","RandomForest_r136_BAG_L1","RandomForest_r156_BAG_L1","RandomForest_r50_BAG_L1","RandomForest_r67_BAG_L1"],"39":["LightGBM_r168_BAG_L1","NeuralNetFastAI_r121_BAG_L1","NeuralNetFastAI_r150_BAG_L1","NeuralNetFastAI_r187_BAG_L1","NeuralNetFastAI_r18_BAG_L1","NeuralNetFastAI_r190_BAG_L1","NeuralNetFastAI_r191_BAG_L1","NeuralNetFastAI_r1_BAG_L1","NeuralNetFastAI_r29_BAG_L1","NeuralNetFastAI_r30_BAG_L1","NeuralNetFastAI_r57_BAG_L1","NeuralNetFastAI_r79_BAG_L1","NeuralNetFastAI_r86_BAG_L1","NeuralNetFastAI_r98_BAG_L1","NeuralNetTorch_r128_BAG_L1","NeuralNetTorch_r141_BAG_L1","NeuralNetTorch_r143_BAG_L1","NeuralNetTorch_r176_BAG_L1","NeuralNetTorch_r30_BAG_L1","NeuralNetTorch_r89_BAG_L1","RandomForest_r136_BAG_L1","RandomForest_r156_BAG_L1","RandomForest_r50_BAG_L1","RandomForest_r67_BAG_L1"],"40":["LightGBM_r168_BAG_L1","NeuralNetFastAI_r121_BAG_L1","NeuralNetFastAI_r150_BAG_L1","NeuralNetFastAI_r187_BAG_L1","NeuralNetFastAI_r18_BAG_L1","NeuralNetFastAI_r190_BAG_L1","NeuralNetFastAI_r191_BAG_L1","NeuralNetFastAI_r1_BAG_L1","NeuralNetFastAI_r29_BAG_L1","NeuralNetFastAI_r30_BAG_L1","NeuralNetFastAI_r57_BAG_L1","NeuralNetFastAI_r79_BAG_L1","NeuralNetFastAI_r86_BAG_L1","NeuralNetFastAI_r98_BAG_L1","NeuralNetTorch_r11_BAG_L1","NeuralNetTorch_r128_BAG_L1","NeuralNetTorch_r141_BAG_L1","NeuralNetTorch_r143_BAG_L1","NeuralNetTorch_r176_BAG_L1","NeuralNetTorch_r30_BAG_L1","NeuralNetTorch_r89_BAG_L1","RandomForest_r136_BAG_L1","RandomForest_r156_BAG_L1","RandomForest_r50_BAG_L1","RandomForest_r67_BAG_L1"],"41":["LightGBM_r168_BAG_L1","NeuralNetFastAI_r117_BAG_L1","NeuralNetFastAI_r121_BAG_L1","NeuralNetFastAI_r150_BAG_L1","NeuralNetFastAI_r187_BAG_L1","NeuralNetFastAI_r18_BAG_L1","NeuralNetFastAI_r190_BAG_L1","NeuralNetFastAI_r191_BAG_L1","NeuralNetFastAI_r1_BAG_L1","NeuralNetFastAI_r29_BAG_L1","NeuralNetFastAI_r30_BAG_L1","NeuralNetFastAI_r57_BAG_L1","NeuralNetFastAI_r79_BAG_L1","NeuralNetFastAI_r86_BAG_L1","NeuralNetFastAI_r98_BAG_L1","NeuralNetTorch_r128_BAG_L1","NeuralNetTorch_r141_BAG_L1","NeuralNetTorch_r142_BAG_L1","NeuralNetTorch_r143_BAG_L1","NeuralNetTorch_r176_BAG_L1","NeuralNetTorch_r30_BAG_L1","NeuralNetTorch_r89_BAG_L1","RandomForest_r136_BAG_L1","RandomForest_r156_BAG_L1","RandomForest_r50_BAG_L1","RandomForest_r67_BAG_L1"],"42":["LightGBM_r168_BAG_L1","NeuralNetFastAI_r117_BAG_L1","NeuralNetFastAI_r121_BAG_L1","NeuralNetFastAI_r150_BAG_L1","NeuralNetFastAI_r187_BAG_L1","NeuralNetFastAI_r18_BAG_L1","NeuralNetFastAI_r190_BAG_L1","NeuralNetFastAI_r191_BAG_L1","NeuralNetFastAI_r1_BAG_L1","NeuralNetFastAI_r29_BAG_L1","NeuralNetFastAI_r30_BAG_L1","NeuralNetFastAI_r57_BAG_L1","NeuralNetFastAI_r79_BAG_L1","NeuralNetFastAI_r86_BAG_L1","NeuralNetFastAI_r98_BAG_L1","NeuralNetTorch_r128_BAG_L1","NeuralNetTorch_r141_BAG_L1","NeuralNetTorch_r143_BAG_L1","NeuralNetTorch_r176_BAG_L1","NeuralNetTorch_r30_BAG_L1","NeuralNetTorch_r89_BAG_L1","RandomForest_r136_BAG_L1","RandomForest_r156_BAG_L1","RandomForest_r50_BAG_L1","RandomForest_r67_BAG_L1"],"43":["LightGBM_r168_BAG_L1","NeuralNetFastAI_r117_BAG_L1","NeuralNetFastAI_r121_BAG_L1","NeuralNetFastAI_r150_BAG_L1","NeuralNetFastAI_r156_BAG_L1","NeuralNetFastAI_r179_BAG_L1","NeuralNetFastAI_r187_BAG_L1","NeuralNetFastAI_r18_BAG_L1","NeuralNetFastAI_r190_BAG_L1","NeuralNetFastAI_r191_BAG_L1","NeuralNetFastAI_r1_BAG_L1","NeuralNetFastAI_r29_BAG_L1","NeuralNetFastAI_r30_BAG_L1","NeuralNetFastAI_r57_BAG_L1","NeuralNetFastAI_r79_BAG_L1","NeuralNetFastAI_r86_BAG_L1","NeuralNetFastAI_r98_BAG_L1","NeuralNetTorch_r128_BAG_L1","NeuralNetTorch_r141_BAG_L1","NeuralNetTorch_r142_BAG_L1","NeuralNetTorch_r143_BAG_L1","NeuralNetTorch_r176_BAG_L1","NeuralNetTorch_r30_BAG_L1","NeuralNetTorch_r63_BAG_L1","NeuralNetTorch_r89_BAG_L1","RandomForest_r136_BAG_L1","RandomForest_r156_BAG_L1","RandomForest_r50_BAG_L1","RandomForest_r67_BAG_L1"],"44":["ExtraTrees_r77_BAG_L1","LightGBM_r168_BAG_L1","NeuralNetFastAI_r117_BAG_L1","NeuralNetFastAI_r121_BAG_L1","NeuralNetFastAI_r149_BAG_L1","NeuralNetFastAI_r150_BAG_L1","NeuralNetFastAI_r187_BAG_L1","NeuralNetFastAI_r18_BAG_L1","NeuralNetFastAI_r190_BAG_L1","NeuralNetFastAI_r191_BAG_L1","NeuralNetFastAI_r1_BAG_L1","NeuralNetFastAI_r29_BAG_L1","NeuralNetFastAI_r30_BAG_L1","NeuralNetFastAI_r57_BAG_L1","NeuralNetFastAI_r79_BAG_L1","NeuralNetFastAI_r86_BAG_L1","NeuralNetFastAI_r98_BAG_L1","NeuralNetTorch_r128_BAG_L1","NeuralNetTorch_r141_BAG_L1","NeuralNetTorch_r143_BAG_L1","NeuralNetTorch_r176_BAG_L1","NeuralNetTorch_r30_BAG_L1","NeuralNetTorch_r89_BAG_L1","RandomForest_r136_BAG_L1","RandomForest_r156_BAG_L1","RandomForest_r50_BAG_L1","RandomForest_r67_BAG_L1"],"45":["LightGBM_r168_BAG_L1","NeuralNetFastAI_r117_BAG_L1","NeuralNetFastAI_r121_BAG_L1","NeuralNetFastAI_r150_BAG_L1","NeuralNetFastAI_r156_BAG_L1","NeuralNetFastAI_r187_BAG_L1","NeuralNetFastAI_r189_BAG_L1","NeuralNetFastAI_r18_BAG_L1","NeuralNetFastAI_r190_BAG_L1","NeuralNetFastAI_r191_BAG_L1","NeuralNetFastAI_r1_BAG_L1","NeuralNetFastAI_r29_BAG_L1","NeuralNetFastAI_r30_BAG_L1","NeuralNetFastAI_r31_BAG_L1","NeuralNetFastAI_r57_BAG_L1","NeuralNetFastAI_r79_BAG_L1","NeuralNetFastAI_r86_BAG_L1","NeuralNetFastAI_r98_BAG_L1","NeuralNetTorch_r128_BAG_L1","NeuralNetTorch_r141_BAG_L1","NeuralNetTorch_r142_BAG_L1","NeuralNetTorch_r143_BAG_L1","NeuralNetTorch_r176_BAG_L1","NeuralNetTorch_r192_BAG_L1","NeuralNetTorch_r30_BAG_L1","NeuralNetTorch_r43_BAG_L1","NeuralNetTorch_r89_BAG_L1","RandomForest_r136_BAG_L1","RandomForest_r156_BAG_L1","RandomForest_r50_BAG_L1","RandomForest_r67_BAG_L1"],"46":["LightGBM_r168_BAG_L1","NeuralNetFastAI_r117_BAG_L1","NeuralNetFastAI_r121_BAG_L1","NeuralNetFastAI_r150_BAG_L1","NeuralNetFastAI_r187_BAG_L1","NeuralNetFastAI_r18_BAG_L1","NeuralNetFastAI_r190_BAG_L1","NeuralNetFastAI_r191_BAG_L1","NeuralNetFastAI_r1_BAG_L1","NeuralNetFastAI_r29_BAG_L1","NeuralNetFastAI_r30_BAG_L1","NeuralNetFastAI_r57_BAG_L1","NeuralNetFastAI_r79_BAG_L1","NeuralNetFastAI_r86_BAG_L1","NeuralNetFastAI_r98_BAG_L1","NeuralNetTorch_r128_BAG_L1","NeuralNetTorch_r141_BAG_L1","NeuralNetTorch_r143_BAG_L1","NeuralNetTorch_r176_BAG_L1","NeuralNetTorch_r30_BAG_L1","NeuralNetTorch_r89_BAG_L1","RandomForest_r136_BAG_L1","RandomForest_r156_BAG_L1","RandomForest_r50_BAG_L1","RandomForest_r67_BAG_L1"],"47":["LightGBM_r168_BAG_L1","NeuralNetFastAI_r117_BAG_L1","NeuralNetFastAI_r121_BAG_L1","NeuralNetFastAI_r150_BAG_L1","NeuralNetFastAI_r187_BAG_L1","NeuralNetFastAI_r18_BAG_L1","NeuralNetFastAI_r190_BAG_L1","NeuralNetFastAI_r191_BAG_L1","NeuralNetFastAI_r1_BAG_L1","NeuralNetFastAI_r29_BAG_L1","NeuralNetFastAI_r30_BAG_L1","NeuralNetFastAI_r57_BAG_L1","NeuralNetFastAI_r66_BAG_L1","NeuralNetFastAI_r79_BAG_L1","NeuralNetFastAI_r86_BAG_L1","NeuralNetFastAI_r98_BAG_L1","NeuralNetTorch_r128_BAG_L1","NeuralNetTorch_r141_BAG_L1","NeuralNetTorch_r143_BAG_L1","NeuralNetTorch_r176_BAG_L1","NeuralNetTorch_r30_BAG_L1","NeuralNetTorch_r89_BAG_L1","RandomForest_r136_BAG_L1","RandomForest_r156_BAG_L1","RandomForest_r50_BAG_L1","RandomForest_r67_BAG_L1"],"48":["LightGBM_r168_BAG_L1","NeuralNetFastAI_r117_BAG_L1","NeuralNetFastAI_r121_BAG_L1","NeuralNetFastAI_r150_BAG_L1","NeuralNetFastAI_r187_BAG_L1","NeuralNetFastAI_r18_BAG_L1","NeuralNetFastAI_r190_BAG_L1","NeuralNetFastAI_r191_BAG_L1","NeuralNetFastAI_r1_BAG_L1","NeuralNetFastAI_r29_BAG_L1","NeuralNetFastAI_r30_BAG_L1","NeuralNetFastAI_r57_BAG_L1","NeuralNetFastAI_r79_BAG_L1","NeuralNetFastAI_r86_BAG_L1","NeuralNetFastAI_r88_BAG_L1","NeuralNetFastAI_r98_BAG_L1","NeuralNetTorch_r127_BAG_L1","NeuralNetTorch_r128_BAG_L1","NeuralNetTorch_r141_BAG_L1","NeuralNetTorch_r143_BAG_L1","NeuralNetTorch_r176_BAG_L1","NeuralNetTorch_r30_BAG_L1","NeuralNetTorch_r89_BAG_L1","RandomForest_r136_BAG_L1","RandomForest_r156_BAG_L1","RandomForest_r50_BAG_L1","RandomForest_r67_BAG_L1"]},"weights":{"0":[0.04,0.04,0.08,0.04,0.04,0.04,0.04,0.04,0.04,0.04,0.04,0.04,0.04,0.04,0.04,0.04,0.04,0.04,0.04,0.04,0.04,0.04,0.04,0.04],"1":[0.0357142857,0.0357142857,0.0357142857,0.0714285714,0.0357142857,0.0357142857,0.0357142857,0.0357142857,0.0357142857,0.0357142857,0.0357142857,0.0357142857,0.0357142857,0.0357142857,0.0357142857,0.0357142857,0.0357142857,0.0357142857,0.0357142857,0.0357142857,0.0357142857,0.0357142857,0.0357142857,0.0357142857,0.0357142857,0.0357142857,0.0357142857],"2":[0.037037037,0.037037037,0.037037037,0.0740740741,0.037037037,0.037037037,0.037037037,0.037037037,0.037037037,0.037037037,0.037037037,0.037037037,0.037037037,0.037037037,0.037037037,0.037037037,0.037037037,0.037037037,0.037037037,0.037037037,0.037037037,0.037037037,0.037037037,0.037037037,0.037037037,0.037037037],"3":[0.037037037,0.037037037,0.037037037,0.037037037,0.0740740741,0.037037037,0.037037037,0.037037037,0.037037037,0.037037037,0.037037037,0.037037037,0.037037037,0.037037037,0.037037037,0.037037037,0.037037037,0.037037037,0.037037037,0.037037037,0.037037037,0.037037037,0.037037037,0.037037037,0.037037037,0.037037037],"4":[0.0357142857,0.0357142857,0.0357142857,0.0714285714,0.0357142857,0.0357142857,0.0357142857,0.0357142857,0.0357142857,0.0357142857,0.0357142857,0.0357142857,0.0357142857,0.0357142857,0.0357142857,0.0357142857,0.0357142857,0.0357142857,0.0357142857,0.0357142857,0.0357142857,0.0357142857,0.0357142857,0.0357142857,0.0357142857,0.0357142857,0.0357142857],"5":[0.0344827586,0.0344827586,0.0689655172,0.0344827586,0.0344827586,0.0344827586,0.0344827586,0.0344827586,0.0344827586,0.0344827586,0.0344827586,0.0344827586,0.0344827586,0.0344827586,0.0344827586,0.0344827586,0.0344827586,0.0344827586,0.0344827586,0.0344827586,0.0344827586,0.0344827586,0.0344827586,0.0344827586,0.0344827586,0.0344827586,0.0344827586,0.0344827586],"6":[0.0333333333,0.0333333333,0.0666666667,0.0333333333,0.0333333333,0.0333333333,0.0333333333,0.0333333333,0.0333333333,0.0333333333,0.0333333333,0.0333333333,0.0333333333,0.0333333333,0.0333333333,0.0333333333,0.0333333333,0.0333333333,0.0333333333,0.0333333333,0.0333333333,0.0333333333,0.0333333333,0.0333333333,0.0333333333,0.0333333333,0.0333333333,0.0333333333,0.0333333333],"7":[0.037037037,0.037037037,0.037037037,0.0740740741,0.037037037,0.037037037,0.037037037,0.037037037,0.037037037,0.037037037,0.037037037,0.037037037,0.037037037,0.037037037,0.037037037,0.037037037,0.037037037,0.037037037,0.037037037,0.037037037,0.037037037,0.037037037,0.037037037,0.037037037,0.037037037,0.037037037],"8":[0.037037037,0.037037037,0.037037037,0.0740740741,0.037037037,0.037037037,0.037037037,0.037037037,0.037037037,0.037037037,0.037037037,0.037037037,0.037037037,0.037037037,0.037037037,0.037037037,0.037037037,0.037037037,0.037037037,0.037037037,0.037037037,0.037037037,0.037037037,0.037037037,0.037037037,0.037037037],"9":[0.037037037,0.037037037,0.037037037,0.0740740741,0.037037037,0.037037037,0.037037037,0.037037037,0.037037037,0.037037037,0.037037037,0.037037037,0.037037037,0.037037037,0.037037037,0.037037037,0.037037037,0.037037037,0.037037037,0.037037037,0.037037037,0.037037037,0.037037037,0.037037037,0.037037037,0.037037037],"10":[0.0357142857,0.0357142857,0.0357142857,0.0714285714,0.0357142857,0.0357142857,0.0357142857,0.0357142857,0.0357142857,0.0357142857,0.0357142857,0.0357142857,0.0357142857,0.0357142857,0.0357142857,0.0357142857,0.0357142857,0.0357142857,0.0357142857,0.0357142857,0.0357142857,0.0357142857,0.0357142857,0.0357142857,0.0357142857,0.0357142857,0.0357142857],"11":[0.0384615385,0.0384615385,0.0769230769,0.0384615385,0.0384615385,0.0384615385,0.0384615385,0.0384615385,0.0384615385,0.0384615385,0.0384615385,0.0384615385,0.0384615385,0.0384615385,0.0384615385,0.0384615385,0.0384615385,0.0384615385,0.0384615385,0.0384615385,0.0384615385,0.0384615385,0.0384615385,0.0384615385,0.0384615385],"12":[0.0357142857,0.0357142857,0.0357142857,0.0714285714,0.0357142857,0.0357142857,0.0357142857,0.0357142857,0.0357142857,0.0357142857,0.0357142857,0.0357142857,0.0357142857,0.0357142857,0.0357142857,0.0357142857,0.0357142857,0.0357142857,0.0357142857,0.0357142857,0.0357142857,0.0357142857,0.0357142857,0.0357142857,0.0357142857,0.0357142857,0.0357142857],"13":[0.037037037,0.037037037,0.037037037,0.0740740741,0.037037037,0.037037037,0.037037037,0.037037037,0.037037037,0.037037037,0.037037037,0.037037037,0.037037037,0.037037037,0.037037037,0.037037037,0.037037037,0.037037037,0.037037037,0.037037037,0.037037037,0.037037037,0.037037037,0.037037037,0.037037037,0.037037037],"14":[0.037037037,0.037037037,0.037037037,0.0740740741,0.037037037,0.037037037,0.037037037,0.037037037,0.037037037,0.037037037,0.037037037,0.037037037,0.037037037,0.037037037,0.037037037,0.037037037,0.037037037,0.037037037,0.037037037,0.037037037,0.037037037,0.037037037,0.037037037,0.037037037,0.037037037,0.037037037],"15":[0.037037037,0.037037037,0.037037037,0.0740740741,0.037037037,0.037037037,0.037037037,0.037037037,0.037037037,0.037037037,0.037037037,0.037037037,0.037037037,0.037037037,0.037037037,0.037037037,0.037037037,0.037037037,0.037037037,0.037037037,0.037037037,0.037037037,0.037037037,0.037037037,0.037037037,0.037037037],"16":[0.0344827586,0.0344827586,0.0344827586,0.0689655172,0.0344827586,0.0344827586,0.0344827586,0.0344827586,0.0344827586,0.0344827586,0.0344827586,0.0344827586,0.0344827586,0.0344827586,0.0344827586,0.0344827586,0.0344827586,0.0344827586,0.0344827586,0.0344827586,0.0344827586,0.0344827586,0.0344827586,0.0344827586,0.0344827586,0.0344827586,0.0344827586,0.0344827586],"17":[0.037037037,0.037037037,0.037037037,0.037037037,0.0740740741,0.037037037,0.037037037,0.037037037,0.037037037,0.037037037,0.037037037,0.037037037,0.037037037,0.037037037,0.037037037,0.037037037,0.037037037,0.037037037,0.037037037,0.037037037,0.037037037,0.037037037,0.037037037,0.037037037,0.037037037,0.037037037],"18":[0.037037037,0.037037037,0.0740740741,0.037037037,0.037037037,0.037037037,0.037037037,0.037037037,0.037037037,0.037037037,0.037037037,0.037037037,0.0740740741,0.037037037,0.037037037,0.037037037,0.037037037,0.037037037,0.037037037,0.037037037,0.037037037,0.037037037,0.037037037,0.037037037,0.037037037],"19":[0.0357142857,0.0357142857,0.0357142857,0.0357142857,0.0714285714,0.0357142857,0.0357142857,0.0357142857,0.0357142857,0.0357142857,0.0357142857,0.0357142857,0.0357142857,0.0357142857,0.0357142857,0.0357142857,0.0357142857,0.0357142857,0.0357142857,0.0357142857,0.0357142857,0.0357142857,0.0357142857,0.0357142857,0.0357142857,0.0357142857,0.0357142857],"20":[0.0357142857,0.0357142857,0.0357142857,0.0714285714,0.0357142857,0.0357142857,0.0357142857,0.0357142857,0.0357142857,0.0357142857,0.0357142857,0.0357142857,0.0357142857,0.0357142857,0.0357142857,0.0357142857,0.0357142857,0.0357142857,0.0357142857,0.0357142857,0.0357142857,0.0357142857,0.0357142857,0.0357142857,0.0357142857,0.0357142857,0.0357142857],"21":[0.0357142857,0.0357142857,0.0714285714,0.0357142857,0.0357142857,0.0357142857,0.0357142857,0.0357142857,0.0357142857,0.0357142857,0.0357142857,0.0357142857,0.0357142857,0.0357142857,0.0357142857,0.0357142857,0.0357142857,0.0357142857,0.0357142857,0.0357142857,0.0357142857,0.0357142857,0.0357142857,0.0357142857,0.0357142857,0.0357142857,0.0357142857],"22":[0.0344827586,0.0344827586,0.0689655172,0.0344827586,0.0344827586,0.0344827586,0.0344827586,0.0344827586,0.0344827586,0.0344827586,0.0344827586,0.0344827586,0.0344827586,0.0689655172,0.0344827586,0.0344827586,0.0344827586,0.0344827586,0.0344827586,0.0344827586,0.0344827586,0.0344827586,0.0344827586,0.0344827586,0.0344827586,0.0344827586,0.0344827586],"23":[0.0357142857,0.0357142857,0.0357142857,0.0714285714,0.0357142857,0.0357142857,0.0357142857,0.0357142857,0.0357142857,0.0357142857,0.0357142857,0.0357142857,0.0357142857,0.0357142857,0.0357142857,0.0357142857,0.0357142857,0.0357142857,0.0357142857,0.0357142857,0.0357142857,0.0357142857,0.0357142857,0.0357142857,0.0357142857,0.0357142857,0.0357142857],"24":[0.0322580645,0.0322580645,0.0322580645,0.0322580645,0.064516129,0.0322580645,0.0322580645,0.0322580645,0.0322580645,0.0322580645,0.0322580645,0.0322580645,0.0322580645,0.0322580645,0.0322580645,0.0322580645,0.0322580645,0.0322580645,0.0322580645,0.0322580645,0.0322580645,0.0322580645,0.0322580645,0.0322580645,0.0322580645,0.0322580645,0.0322580645,0.0322580645,0.0322580645,0.0322580645],"25":[0.0277777778,0.0277777778,0.0277777778,0.0277777778,0.0555555556,0.0277777778,0.0277777778,0.0277777778,0.0277777778,0.0277777778,0.0277777778,0.0277777778,0.0277777778,0.0277777778,0.0277777778,0.0277777778,0.0277777778,0.0277777778,0.0277777778,0.0277777778,0.0277777778,0.0277777778,0.0277777778,0.0277777778,0.0277777778,0.0277777778,0.0277777778,0.0277777778,0.0277777778,0.0277777778,0.0277777778,0.0277777778,0.0277777778,0.0277777778,0.0277777778],"26":[0.037037037,0.037037037,0.037037037,0.037037037,0.0740740741,0.037037037,0.037037037,0.037037037,0.037037037,0.037037037,0.037037037,0.037037037,0.037037037,0.037037037,0.037037037,0.037037037,0.037037037,0.037037037,0.037037037,0.037037037,0.037037037,0.037037037,0.037037037,0.037037037,0.037037037,0.037037037],"27":[0.037037037,0.037037037,0.0740740741,0.037037037,0.037037037,0.037037037,0.037037037,0.037037037,0.037037037,0.037037037,0.037037037,0.037037037,0.037037037,0.037037037,0.037037037,0.037037037,0.037037037,0.037037037,0.037037037,0.037037037,0.037037037,0.037037037,0.037037037,0.037037037,0.037037037,0.037037037],"28":[0.0357142857,0.0357142857,0.0714285714,0.0357142857,0.0357142857,0.0357142857,0.0357142857,0.0357142857,0.0357142857,0.0357142857,0.0357142857,0.0357142857,0.0357142857,0.0714285714,0.0357142857,0.0357142857,0.0357142857,0.0357142857,0.0357142857,0.0357142857,0.0357142857,0.0357142857,0.0357142857,0.0357142857,0.0357142857,0.0357142857],"29":[0.037037037,0.037037037,0.037037037,0.037037037,0.0740740741,0.037037037,0.037037037,0.037037037,0.037037037,0.037037037,0.037037037,0.037037037,0.037037037,0.037037037,0.037037037,0.037037037,0.037037037,0.037037037,0.037037037,0.037037037,0.037037037,0.037037037,0.037037037,0.037037037,0.037037037,0.037037037],"30":[0.037037037,0.037037037,0.037037037,0.0740740741,0.037037037,0.037037037,0.037037037,0.037037037,0.037037037,0.037037037,0.037037037,0.037037037,0.037037037,0.037037037,0.037037037,0.037037037,0.037037037,0.037037037,0.037037037,0.037037037,0.037037037,0.037037037,0.037037037,0.037037037,0.037037037,0.037037037],"31":[0.037037037,0.037037037,0.037037037,0.0740740741,0.037037037,0.037037037,0.037037037,0.037037037,0.037037037,0.037037037,0.037037037,0.037037037,0.037037037,0.037037037,0.037037037,0.037037037,0.037037037,0.037037037,0.037037037,0.037037037,0.037037037,0.037037037,0.037037037,0.037037037,0.037037037,0.037037037],"32":[0.0357142857,0.0357142857,0.0357142857,0.0714285714,0.0357142857,0.0357142857,0.0357142857,0.0357142857,0.0357142857,0.0357142857,0.0357142857,0.0357142857,0.0357142857,0.0357142857,0.0357142857,0.0357142857,0.0357142857,0.0357142857,0.0357142857,0.0357142857,0.0357142857,0.0357142857,0.0357142857,0.0357142857,0.0357142857,0.0357142857,0.0357142857],"33":[0.037037037,0.037037037,0.037037037,0.037037037,0.0740740741,0.037037037,0.037037037,0.037037037,0.037037037,0.037037037,0.037037037,0.037037037,0.037037037,0.037037037,0.037037037,0.037037037,0.037037037,0.037037037,0.037037037,0.037037037,0.037037037,0.037037037,0.037037037,0.037037037,0.037037037,0.037037037],"34":[0.0357142857,0.0357142857,0.0357142857,0.0714285714,0.0357142857,0.0357142857,0.0714285714,0.0357142857,0.0357142857,0.0357142857,0.0357142857,0.0357142857,0.0357142857,0.0357142857,0.0357142857,0.0357142857,0.0357142857,0.0357142857,0.0357142857,0.0357142857,0.0714285714,0.0357142857,0.0357142857,0.0357142857,0.0357142857],"35":[0.0384615385,0.0384615385,0.0769230769,0.0384615385,0.0384615385,0.0384615385,0.0384615385,0.0384615385,0.0384615385,0.0384615385,0.0384615385,0.0384615385,0.0384615385,0.0384615385,0.0384615385,0.0384615385,0.0384615385,0.0384615385,0.0384615385,0.0384615385,0.0384615385,0.0384615385,0.0384615385,0.0384615385,0.0384615385],"36":[0.037037037,0.037037037,0.037037037,0.0740740741,0.037037037,0.037037037,0.037037037,0.037037037,0.037037037,0.037037037,0.037037037,0.037037037,0.037037037,0.037037037,0.037037037,0.037037037,0.037037037,0.037037037,0.037037037,0.037037037,0.037037037,0.037037037,0.037037037,0.037037037,0.037037037,0.037037037],"37":[0.0357142857,0.0357142857,0.0714285714,0.0357142857,0.0357142857,0.0357142857,0.0357142857,0.0357142857,0.0357142857,0.0357142857,0.0357142857,0.0357142857,0.0357142857,0.0357142857,0.0357142857,0.0357142857,0.0357142857,0.0357142857,0.0357142857,0.0357142857,0.0357142857,0.0357142857,0.0357142857,0.0357142857,0.0357142857,0.0357142857,0.0357142857],"38":[0.0344827586,0.0344827586,0.0344827586,0.0689655172,0.0344827586,0.0344827586,0.0344827586,0.0344827586,0.0344827586,0.0344827586,0.0344827586,0.0344827586,0.0344827586,0.0344827586,0.0344827586,0.0344827586,0.0344827586,0.0344827586,0.0344827586,0.0344827586,0.0344827586,0.0344827586,0.0344827586,0.0344827586,0.0344827586,0.0344827586,0.0344827586,0.0344827586],"39":[0.0384615385,0.0769230769,0.0769230769,0.0384615385,0.0384615385,0.0384615385,0.0384615385,0.0384615385,0.0384615385,0.0384615385,0.0384615385,0.0384615385,0.0384615385,0.0384615385,0.0384615385,0.0384615385,0.0384615385,0.0384615385,0.0384615385,0.0384615385,0.0384615385,0.0384615385,0.0384615385,0.0384615385],"40":[0.0384615385,0.0384615385,0.0769230769,0.0384615385,0.0384615385,0.0384615385,0.0384615385,0.0384615385,0.0384615385,0.0384615385,0.0384615385,0.0384615385,0.0384615385,0.0384615385,0.0384615385,0.0384615385,0.0384615385,0.0384615385,0.0384615385,0.0384615385,0.0384615385,0.0384615385,0.0384615385,0.0384615385,0.0384615385],"41":[0.037037037,0.037037037,0.037037037,0.0740740741,0.037037037,0.037037037,0.037037037,0.037037037,0.037037037,0.037037037,0.037037037,0.037037037,0.037037037,0.037037037,0.037037037,0.037037037,0.037037037,0.037037037,0.037037037,0.037037037,0.037037037,0.037037037,0.037037037,0.037037037,0.037037037,0.037037037],"42":[0.0384615385,0.0384615385,0.0384615385,0.0769230769,0.0384615385,0.0384615385,0.0384615385,0.0384615385,0.0384615385,0.0384615385,0.0384615385,0.0384615385,0.0384615385,0.0384615385,0.0384615385,0.0384615385,0.0384615385,0.0384615385,0.0384615385,0.0384615385,0.0384615385,0.0384615385,0.0384615385,0.0384615385,0.0384615385],"43":[0.0333333333,0.0333333333,0.0333333333,0.0666666667,0.0333333333,0.0333333333,0.0333333333,0.0333333333,0.0333333333,0.0333333333,0.0333333333,0.0333333333,0.0333333333,0.0333333333,0.0333333333,0.0333333333,0.0333333333,0.0333333333,0.0333333333,0.0333333333,0.0333333333,0.0333333333,0.0333333333,0.0333333333,0.0333333333,0.0333333333,0.0333333333,0.0333333333,0.0333333333],"44":[0.0357142857,0.0357142857,0.0357142857,0.0357142857,0.0357142857,0.0714285714,0.0357142857,0.0357142857,0.0357142857,0.0357142857,0.0357142857,0.0357142857,0.0357142857,0.0357142857,0.0357142857,0.0357142857,0.0357142857,0.0357142857,0.0357142857,0.0357142857,0.0357142857,0.0357142857,0.0357142857,0.0357142857,0.0357142857,0.0357142857,0.0357142857],"45":[0.03125,0.03125,0.03125,0.0625,0.03125,0.03125,0.03125,0.03125,0.03125,0.03125,0.03125,0.03125,0.03125,0.03125,0.03125,0.03125,0.03125,0.03125,0.03125,0.03125,0.03125,0.03125,0.03125,0.03125,0.03125,0.03125,0.03125,0.03125,0.03125,0.03125,0.03125],"46":[0.037037037,0.037037037,0.037037037,0.0740740741,0.037037037,0.037037037,0.037037037,0.037037037,0.037037037,0.037037037,0.037037037,0.037037037,0.037037037,0.037037037,0.037037037,0.037037037,0.037037037,0.037037037,0.037037037,0.037037037,0.0740740741,0.037037037,0.037037037,0.037037037,0.037037037],"47":[0.037037037,0.037037037,0.037037037,0.0740740741,0.037037037,0.037037037,0.037037037,0.037037037,0.037037037,0.037037037,0.037037037,0.037037037,0.037037037,0.037037037,0.037037037,0.037037037,0.037037037,0.037037037,0.037037037,0.037037037,0.037037037,0.037037037,0.037037037,0.037037037,0.037037037,0.037037037],"48":[0.0357142857,0.0357142857,0.0357142857,0.0714285714,0.0357142857,0.0357142857,0.0357142857,0.0357142857,0.0357142857,0.0357142857,0.0357142857,0.0357142857,0.0357142857,0.0357142857,0.0357142857,0.0357142857,0.0357142857,0.0357142857,0.0357142857,0.0357142857,0.0357142857,0.0357142857,0.0357142857,0.0357142857,0.0357142857,0.0357142857,0.0357142857]},"meta":{"0":32,"1":27,"2":28,"3":28,"4":27,"5":27,"6":27,"7":27,"8":27,"9":26,"10":27,"11":30,"12":36,"13":27,"14":27,"15":26,"16":27,"17":28,"18":26,"19":27,"20":27,"21":27,"22":27,"23":28,"24":26,"25":28,"26":28,"27":27,"28":28,"29":27,"30":28,"31":28,"32":28,"33":29,"34":26,"35":25,"36":27,"37":29,"38":28,"39":30,"40":27,"41":27,"42":29,"43":28,"44":29,"45":28,"46":27,"47":28,"48":31},"task":{"0":"3690_1","1":"3690_1","2":"3690_1","3":"3690_1","4":"3690_1","5":"3690_1","6":"3690_1","7":"3690_1","8":"3690_1","9":"3690_1","10":"3690_1","11":"3690_1","12":"3690_1","13":"3690_1","14":"3690_1","15":"3690_1","16":"3690_1","17":"3690_1","18":"3690_1","19":"3690_1","20":"3690_1","21":"3690_1","22":"3690_1","23":"3690_1","24":"3690_1","25":"3690_1","26":"3690_1","27":"3690_1","28":"3690_1","29":"3690_1","30":"3690_1","31":"3690_1","32":"3690_1","33":"3690_1","34":"3690_1","35":"3690_1","36":"3690_1","37":"3690_1","38":"3690_1","39":"3690_1","40":"3690_1","41":"3690_1","42":"3690_1","43":"3690_1","44":"3690_1","45":"3690_1","46":"3690_1","47":"3690_1","48":"3690_1"},"dataset":{"0":"boston_corrected","1":"boston_corrected","2":"boston_corrected","3":"boston_corrected","4":"boston_corrected","5":"boston_corrected","6":"boston_corrected","7":"boston_corrected","8":"boston_corrected","9":"boston_corrected","10":"boston_corrected","11":"boston_corrected","12":"boston_corrected","13":"boston_corrected","14":"boston_corrected","15":"boston_corrected","16":"boston_corrected","17":"boston_corrected","18":"boston_corrected","19":"boston_corrected","20":"boston_corrected","21":"boston_corrected","22":"boston_corrected","23":"boston_corrected","24":"boston_corrected","25":"boston_corrected","26":"boston_corrected","27":"boston_corrected","28":"boston_corrected","29":"boston_corrected","30":"boston_corrected","31":"boston_corrected","32":"boston_corrected","33":"boston_corrected","34":"boston_corrected","35":"boston_corrected","36":"boston_corrected","37":"boston_corrected","38":"boston_corrected","39":"boston_corrected","40":"boston_corrected","41":"boston_corrected","42":"boston_corrected","43":"boston_corrected","44":"boston_corrected","45":"boston_corrected","46":"boston_corrected","47":"boston_corrected","48":"boston_corrected"},"fold":{"0":1,"1":1,"2":1,"3":1,"4":1,"5":1,"6":1,"7":1,"8":1,"9":1,"10":1,"11":1,"12":1,"13":1,"14":1,"15":1,"16":1,"17":1,"18":1,"19":1,"20":1,"21":1,"22":1,"23":1,"24":1,"25":1,"26":1,"27":1,"28":1,"29":1,"30":1,"31":1,"32":1,"33":1,"34":1,"35":1,"36":1,"37":1,"38":1,"39":1,"40":1,"41":1,"42":1,"43":1,"44":1,"45":1,"46":1,"47":1,"48":1},"method":{"0":"QO","1":"QO","2":"QO","3":"QO","4":"QO","5":"QO","6":"QO","7":"QO","8":"QO","9":"QO","10":"QO","11":"QO","12":"QO","13":"QO","14":"QO","15":"QO","16":"QO","17":"QO","18":"QO","19":"QO","20":"QO","21":"QO","22":"QO","23":"QO","24":"QO","25":"QO","26":"QO","27":"QO","28":"QO","29":"QO","30":"QO","31":"QO","32":"QO","33":"QO","34":"QO","35":"QO","36":"QO","37":"QO","38":"QO","39":"QO","40":"QO","41":"QO","42":"QO","43":"QO","44":"QO","45":"QO","46":"QO","47":"QO","48":"QO"}}