{"name":{"0":"QO_0","1":"QO_1","2":"QO_2","3":"QO_3","4":"QO_4","5":"QO_5","6":"QO_6","7":"QO_7","8":"QO_8","9":"QO_9","10":"QO_10","11":"QO_11","12":"QO_12","13":"QO_13","14":"QO_14","15":"QO_15","16":"QO_16","17":"QO_17","18":"QO_18","19":"QO_19","20":"QO_20","21":"QO_21","22":"QO_22","23":"QO_23","24":"QO_24","25":"QO_25","26":"QO_26","27":"QO_27","28":"QO_28","29":"QO_29","30":"QO_30","31":"QO_31","32":"QO_32","33":"QO_33","34":"QO_34","35":"QO_35","36":"QO_36","37":"QO_37","38":"QO_38","39":"QO_39","40":"QO_40","41":"QO_41","42":"QO_42","43":"QO_43","44":"QO_44","45":"QO_45","46":"QO_46","47":"QO_47","48":"QO_48"},"roc_auc_val":{"0":0.7675196736,"1":0.7676998411,"2":0.7675518464,"3":0.7677834902,"4":0.7675840191,"5":0.7679893959,"6":0.7676676683,"7":0.7674167208,"8":0.7674231554,"9":0.7675840191,"10":0.7674295899,"11":0.7676097574,"12":0.7676676683,"13":0.7678349666,"14":0.7682274742,"15":0.7674231554,"16":0.7676226265,"17":0.7678220975,"18":0.7678349666,"19":0.7675968883,"20":0.7678671394,"21":0.7679186158,"22":0.7680215686,"23":0.7675968883,"24":0.7680151341,"25":0.7675904537,"26":0.7677191447,"27":0.7677062756,"28":0.7675582809,"29":0.7674810663,"30":0.7681116523,"31":0.7680987832,"32":0.7677834902,"33":0.7675389773,"34":0.7678349666,"35":0.7675582809,"36":0.7676354956,"37":0.7675904537,"38":0.7677384484,"39":0.7678414012,"40":0.7682853852,"41":0.7675196736,"42":0.7675518464,"43":0.7677963593,"44":0.7676805374,"45":0.7674102863,"46":0.7673781135,"47":0.7675582809,"48":0.7675904537},"roc_auc_test":{"0":0.6242203742,"1":0.6242203742,"2":0.6237006237,"3":0.6252598753,"4":0.6211018711,"5":0.6221413721,"6":0.6242203742,"7":0.6247401247,"8":0.6237006237,"9":0.6237006237,"10":0.6226611227,"11":0.6247401247,"12":0.6247401247,"13":0.6247401247,"14":0.6242203742,"15":0.6257796258,"16":0.6242203742,"17":0.6252598753,"18":0.6242203742,"19":0.6231808732,"20":0.6237006237,"21":0.6247401247,"22":0.6242203742,"23":0.6231808732,"24":0.6237006237,"25":0.6247401247,"26":0.6247401247,"27":0.6237006237,"28":0.6237006237,"29":0.6237006237,"30":0.6247401247,"31":0.6257796258,"32":0.6257796258,"33":0.6252598753,"34":0.6226611227,"35":0.6231808732,"36":0.6242203742,"37":0.6247401247,"38":0.6247401247,"39":0.6247401247,"40":0.6242203742,"41":0.6226611227,"42":0.6247401247,"43":0.6237006237,"44":0.6247401247,"45":0.6216216216,"46":0.6221413721,"47":0.6237006237,"48":0.6242203742},"models_used":{"0":["CatBoost_r14_BAG_L1","CatBoost_r188_BAG_L1","CatBoost_r45_BAG_L1","CatBoost_r90_BAG_L1","ExtraTrees_r159_BAG_L1","ExtraTrees_r40_BAG_L1","ExtraTrees_r77_BAG_L1","LightGBM_r100_BAG_L1","NeuralNetFastAI_r102_BAG_L1","NeuralNetFastAI_r11_BAG_L1","NeuralNetFastAI_r127_BAG_L1","NeuralNetFastAI_r150_BAG_L1","NeuralNetFastAI_r152_BAG_L1","NeuralNetFastAI_r161_BAG_L1","NeuralNetFastAI_r29_BAG_L1","NeuralNetFastAI_r63_BAG_L1","NeuralNetFastAI_r81_BAG_L1","NeuralNetTorch_r103_BAG_L1","NeuralNetTorch_r117_BAG_L1","NeuralNetTorch_r135_BAG_L1","NeuralNetTorch_r144_BAG_L1","NeuralNetTorch_r149_BAG_L1","NeuralNetTorch_r158_BAG_L1","NeuralNetTorch_r161_BAG_L1","NeuralNetTorch_r167_BAG_L1","NeuralNetTorch_r168_BAG_L1","NeuralNetTorch_r24_BAG_L1","NeuralNetTorch_r30_BAG_L1","NeuralNetTorch_r32_BAG_L1","NeuralNetTorch_r37_BAG_L1","NeuralNetTorch_r41_BAG_L1","NeuralNetTorch_r45_BAG_L1","NeuralNetTorch_r4_BAG_L1","NeuralNetTorch_r59_BAG_L1","NeuralNetTorch_r66_BAG_L1","NeuralNetTorch_r69_BAG_L1","NeuralNetTorch_r79_BAG_L1","NeuralNetTorch_r83_BAG_L1","NeuralNetTorch_r95_BAG_L1","RandomForest_r117_BAG_L1","RandomForest_r199_BAG_L1","RandomForest_r29_BAG_L1","RandomForest_r99_BAG_L1","XGBoost_r110_BAG_L1","XGBoost_r128_BAG_L1","XGBoost_r131_BAG_L1","XGBoost_r197_BAG_L1"],"1":["CatBoost_r14_BAG_L1","CatBoost_r188_BAG_L1","CatBoost_r45_BAG_L1","CatBoost_r90_BAG_L1","ExtraTrees_r159_BAG_L1","ExtraTrees_r40_BAG_L1","ExtraTrees_r77_BAG_L1","LightGBM_r100_BAG_L1","NeuralNetFastAI_r102_BAG_L1","NeuralNetFastAI_r11_BAG_L1","NeuralNetFastAI_r127_BAG_L1","NeuralNetFastAI_r150_BAG_L1","NeuralNetFastAI_r152_BAG_L1","NeuralNetFastAI_r161_BAG_L1","NeuralNetFastAI_r29_BAG_L1","NeuralNetFastAI_r63_BAG_L1","NeuralNetFastAI_r81_BAG_L1","NeuralNetTorch_r103_BAG_L1","NeuralNetTorch_r106_BAG_L1","NeuralNetTorch_r117_BAG_L1","NeuralNetTorch_r135_BAG_L1","NeuralNetTorch_r144_BAG_L1","NeuralNetTorch_r149_BAG_L1","NeuralNetTorch_r158_BAG_L1","NeuralNetTorch_r161_BAG_L1","NeuralNetTorch_r167_BAG_L1","NeuralNetTorch_r168_BAG_L1","NeuralNetTorch_r24_BAG_L1","NeuralNetTorch_r30_BAG_L1","NeuralNetTorch_r32_BAG_L1","NeuralNetTorch_r37_BAG_L1","NeuralNetTorch_r41_BAG_L1","NeuralNetTorch_r45_BAG_L1","NeuralNetTorch_r4_BAG_L1","NeuralNetTorch_r59_BAG_L1","NeuralNetTorch_r66_BAG_L1","NeuralNetTorch_r69_BAG_L1","NeuralNetTorch_r79_BAG_L1","NeuralNetTorch_r83_BAG_L1","NeuralNetTorch_r95_BAG_L1","RandomForest_r117_BAG_L1","RandomForest_r199_BAG_L1","RandomForest_r29_BAG_L1","RandomForest_r99_BAG_L1","XGBoost_r128_BAG_L1","XGBoost_r131_BAG_L1","XGBoost_r197_BAG_L1"],"2":["CatBoost_r105_BAG_L1","CatBoost_r14_BAG_L1","CatBoost_r188_BAG_L1","CatBoost_r45_BAG_L1","CatBoost_r90_BAG_L1","ExtraTrees_r106_BAG_L1","ExtraTrees_r159_BAG_L1","ExtraTrees_r40_BAG_L1","ExtraTrees_r77_BAG_L1","LightGBM_r100_BAG_L1","NeuralNetFastAI_r102_BAG_L1","NeuralNetFastAI_r11_BAG_L1","NeuralNetFastAI_r127_BAG_L1","NeuralNetFastAI_r150_BAG_L1","NeuralNetFastAI_r152_BAG_L1","NeuralNetFastAI_r161_BAG_L1","NeuralNetFastAI_r29_BAG_L1","NeuralNetFastAI_r63_BAG_L1","NeuralNetFastAI_r81_BAG_L1","NeuralNetTorch_r103_BAG_L1","NeuralNetTorch_r117_BAG_L1","NeuralNetTorch_r135_BAG_L1","NeuralNetTorch_r144_BAG_L1","NeuralNetTorch_r149_BAG_L1","NeuralNetTorch_r158_BAG_L1","NeuralNetTorch_r161_BAG_L1","NeuralNetTorch_r167_BAG_L1","NeuralNetTorch_r168_BAG_L1","NeuralNetTorch_r24_BAG_L1","NeuralNetTorch_r30_BAG_L1","NeuralNetTorch_r32_BAG_L1","NeuralNetTorch_r37_BAG_L1","NeuralNetTorch_r41_BAG_L1","NeuralNetTorch_r45_BAG_L1","NeuralNetTorch_r4_BAG_L1","NeuralNetTorch_r59_BAG_L1","NeuralNetTorch_r66_BAG_L1","NeuralNetTorch_r69_BAG_L1","NeuralNetTorch_r79_BAG_L1","NeuralNetTorch_r83_BAG_L1","NeuralNetTorch_r95_BAG_L1","RandomForest_r117_BAG_L1","RandomForest_r199_BAG_L1","RandomForest_r29_BAG_L1","RandomForest_r99_BAG_L1","XGBoost_r128_BAG_L1","XGBoost_r131_BAG_L1","XGBoost_r197_BAG_L1"],"3":["CatBoost_r14_BAG_L1","CatBoost_r188_BAG_L1","CatBoost_r45_BAG_L1","CatBoost_r90_BAG_L1","ExtraTrees_r159_BAG_L1","ExtraTrees_r40_BAG_L1","ExtraTrees_r77_BAG_L1","LightGBM_r100_BAG_L1","NeuralNetFastAI_r102_BAG_L1","NeuralNetFastAI_r11_BAG_L1","NeuralNetFastAI_r127_BAG_L1","NeuralNetFastAI_r150_BAG_L1","NeuralNetFastAI_r152_BAG_L1","NeuralNetFastAI_r161_BAG_L1","NeuralNetFastAI_r29_BAG_L1","NeuralNetFastAI_r63_BAG_L1","NeuralNetFastAI_r81_BAG_L1","NeuralNetTorch_r103_BAG_L1","NeuralNetTorch_r117_BAG_L1","NeuralNetTorch_r135_BAG_L1","NeuralNetTorch_r144_BAG_L1","NeuralNetTorch_r149_BAG_L1","NeuralNetTorch_r158_BAG_L1","NeuralNetTorch_r161_BAG_L1","NeuralNetTorch_r167_BAG_L1","NeuralNetTorch_r168_BAG_L1","NeuralNetTorch_r24_BAG_L1","NeuralNetTorch_r30_BAG_L1","NeuralNetTorch_r32_BAG_L1","NeuralNetTorch_r37_BAG_L1","NeuralNetTorch_r41_BAG_L1","NeuralNetTorch_r45_BAG_L1","NeuralNetTorch_r4_BAG_L1","NeuralNetTorch_r59_BAG_L1","NeuralNetTorch_r66_BAG_L1","NeuralNetTorch_r69_BAG_L1","NeuralNetTorch_r79_BAG_L1","NeuralNetTorch_r83_BAG_L1","NeuralNetTorch_r95_BAG_L1","RandomForest_r117_BAG_L1","RandomForest_r199_BAG_L1","RandomForest_r29_BAG_L1","RandomForest_r61_BAG_L1","RandomForest_r99_BAG_L1","XGBoost_r128_BAG_L1","XGBoost_r131_BAG_L1","XGBoost_r197_BAG_L1"],"4":["CatBoost_r14_BAG_L1","CatBoost_r188_BAG_L1","CatBoost_r45_BAG_L1","CatBoost_r90_BAG_L1","ExtraTrees_r107_BAG_L1","ExtraTrees_r159_BAG_L1","ExtraTrees_r40_BAG_L1","ExtraTrees_r77_BAG_L1","LightGBM_r100_BAG_L1","NeuralNetFastAI_r102_BAG_L1","NeuralNetFastAI_r11_BAG_L1","NeuralNetFastAI_r127_BAG_L1","NeuralNetFastAI_r150_BAG_L1","NeuralNetFastAI_r152_BAG_L1","NeuralNetFastAI_r161_BAG_L1","NeuralNetFastAI_r29_BAG_L1","NeuralNetFastAI_r42_BAG_L1","NeuralNetFastAI_r63_BAG_L1","NeuralNetFastAI_r81_BAG_L1","NeuralNetTorch_r103_BAG_L1","NeuralNetTorch_r117_BAG_L1","NeuralNetTorch_r135_BAG_L1","NeuralNetTorch_r144_BAG_L1","NeuralNetTorch_r149_BAG_L1","NeuralNetTorch_r158_BAG_L1","NeuralNetTorch_r161_BAG_L1","NeuralNetTorch_r167_BAG_L1","NeuralNetTorch_r168_BAG_L1","NeuralNetTorch_r24_BAG_L1","NeuralNetTorch_r30_BAG_L1","NeuralNetTorch_r32_BAG_L1","NeuralNetTorch_r37_BAG_L1","NeuralNetTorch_r41_BAG_L1","NeuralNetTorch_r45_BAG_L1","NeuralNetTorch_r4_BAG_L1","NeuralNetTorch_r59_BAG_L1","NeuralNetTorch_r66_BAG_L1","NeuralNetTorch_r69_BAG_L1","NeuralNetTorch_r79_BAG_L1","NeuralNetTorch_r83_BAG_L1","NeuralNetTorch_r95_BAG_L1","RandomForest_r117_BAG_L1","RandomForest_r199_BAG_L1","RandomForest_r29_BAG_L1","RandomForest_r99_BAG_L1","XGBoost_r128_BAG_L1","XGBoost_r131_BAG_L1","XGBoost_r197_BAG_L1"],"5":["CatBoost_r14_BAG_L1","CatBoost_r188_BAG_L1","CatBoost_r45_BAG_L1","CatBoost_r90_BAG_L1","ExtraTrees_r106_BAG_L1","ExtraTrees_r159_BAG_L1","ExtraTrees_r40_BAG_L1","ExtraTrees_r77_BAG_L1","LightGBM_r100_BAG_L1","NeuralNetFastAI_r102_BAG_L1","NeuralNetFastAI_r11_BAG_L1","NeuralNetFastAI_r127_BAG_L1","NeuralNetFastAI_r150_BAG_L1","NeuralNetFastAI_r152_BAG_L1","NeuralNetFastAI_r161_BAG_L1","NeuralNetFastAI_r29_BAG_L1","NeuralNetFastAI_r63_BAG_L1","NeuralNetFastAI_r81_BAG_L1","NeuralNetTorch_r103_BAG_L1","NeuralNetTorch_r117_BAG_L1","NeuralNetTorch_r135_BAG_L1","NeuralNetTorch_r144_BAG_L1","NeuralNetTorch_r149_BAG_L1","NeuralNetTorch_r158_BAG_L1","NeuralNetTorch_r161_BAG_L1","NeuralNetTorch_r167_BAG_L1","NeuralNetTorch_r168_BAG_L1","NeuralNetTorch_r24_BAG_L1","NeuralNetTorch_r30_BAG_L1","NeuralNetTorch_r32_BAG_L1","NeuralNetTorch_r37_BAG_L1","NeuralNetTorch_r41_BAG_L1","NeuralNetTorch_r45_BAG_L1","NeuralNetTorch_r4_BAG_L1","NeuralNetTorch_r59_BAG_L1","NeuralNetTorch_r66_BAG_L1","NeuralNetTorch_r69_BAG_L1","NeuralNetTorch_r79_BAG_L1","NeuralNetTorch_r83_BAG_L1","NeuralNetTorch_r95_BAG_L1","RandomForest_r117_BAG_L1","RandomForest_r199_BAG_L1","RandomForest_r29_BAG_L1","RandomForest_r99_BAG_L1","XGBoost_r128_BAG_L1","XGBoost_r131_BAG_L1","XGBoost_r197_BAG_L1"],"6":["CatBoost_r14_BAG_L1","CatBoost_r188_BAG_L1","CatBoost_r45_BAG_L1","CatBoost_r90_BAG_L1","ExtraTrees_r159_BAG_L1","ExtraTrees_r40_BAG_L1","ExtraTrees_r77_BAG_L1","LightGBM_r100_BAG_L1","LightGBM_r142_BAG_L1","NeuralNetFastAI_r102_BAG_L1","NeuralNetFastAI_r11_BAG_L1","NeuralNetFastAI_r127_BAG_L1","NeuralNetFastAI_r150_BAG_L1","NeuralNetFastAI_r152_BAG_L1","NeuralNetFastAI_r161_BAG_L1","NeuralNetFastAI_r29_BAG_L1","NeuralNetFastAI_r63_BAG_L1","NeuralNetFastAI_r81_BAG_L1","NeuralNetTorch_r103_BAG_L1","NeuralNetTorch_r117_BAG_L1","NeuralNetTorch_r135_BAG_L1","NeuralNetTorch_r144_BAG_L1","NeuralNetTorch_r149_BAG_L1","NeuralNetTorch_r158_BAG_L1","NeuralNetTorch_r161_BAG_L1","NeuralNetTorch_r167_BAG_L1","NeuralNetTorch_r168_BAG_L1","NeuralNetTorch_r24_BAG_L1","NeuralNetTorch_r30_BAG_L1","NeuralNetTorch_r32_BAG_L1","NeuralNetTorch_r37_BAG_L1","NeuralNetTorch_r41_BAG_L1","NeuralNetTorch_r45_BAG_L1","NeuralNetTorch_r4_BAG_L1","NeuralNetTorch_r59_BAG_L1","NeuralNetTorch_r66_BAG_L1","NeuralNetTorch_r69_BAG_L1","NeuralNetTorch_r79_BAG_L1","NeuralNetTorch_r83_BAG_L1","NeuralNetTorch_r95_BAG_L1","RandomForest_r117_BAG_L1","RandomForest_r199_BAG_L1","RandomForest_r29_BAG_L1","RandomForest_r99_BAG_L1","XGBoost_r128_BAG_L1","XGBoost_r131_BAG_L1","XGBoost_r197_BAG_L1"],"7":["CatBoost_r14_BAG_L1","CatBoost_r188_BAG_L1","CatBoost_r45_BAG_L1","CatBoost_r90_BAG_L1","ExtraTrees_r130_BAG_L1","ExtraTrees_r159_BAG_L1","ExtraTrees_r186_BAG_L1","ExtraTrees_r40_BAG_L1","ExtraTrees_r77_BAG_L1","LightGBM_r100_BAG_L1","NeuralNetFastAI_r102_BAG_L1","NeuralNetFastAI_r11_BAG_L1","NeuralNetFastAI_r127_BAG_L1","NeuralNetFastAI_r150_BAG_L1","NeuralNetFastAI_r152_BAG_L1","NeuralNetFastAI_r161_BAG_L1","NeuralNetFastAI_r29_BAG_L1","NeuralNetFastAI_r63_BAG_L1","NeuralNetFastAI_r81_BAG_L1","NeuralNetTorch_r103_BAG_L1","NeuralNetTorch_r117_BAG_L1","NeuralNetTorch_r135_BAG_L1","NeuralNetTorch_r144_BAG_L1","NeuralNetTorch_r149_BAG_L1","NeuralNetTorch_r158_BAG_L1","NeuralNetTorch_r161_BAG_L1","NeuralNetTorch_r167_BAG_L1","NeuralNetTorch_r168_BAG_L1","NeuralNetTorch_r24_BAG_L1","NeuralNetTorch_r30_BAG_L1","NeuralNetTorch_r32_BAG_L1","NeuralNetTorch_r37_BAG_L1","NeuralNetTorch_r41_BAG_L1","NeuralNetTorch_r45_BAG_L1","NeuralNetTorch_r4_BAG_L1","NeuralNetTorch_r59_BAG_L1","NeuralNetTorch_r66_BAG_L1","NeuralNetTorch_r69_BAG_L1","NeuralNetTorch_r79_BAG_L1","NeuralNetTorch_r83_BAG_L1","NeuralNetTorch_r95_BAG_L1","RandomForest_r117_BAG_L1","RandomForest_r199_BAG_L1","RandomForest_r29_BAG_L1","RandomForest_r99_BAG_L1","XGBoost_r128_BAG_L1","XGBoost_r131_BAG_L1","XGBoost_r197_BAG_L1"],"8":["CatBoost_r14_BAG_L1","CatBoost_r188_BAG_L1","CatBoost_r32_BAG_L1","CatBoost_r45_BAG_L1","CatBoost_r90_BAG_L1","ExtraTrees_r159_BAG_L1","ExtraTrees_r40_BAG_L1","ExtraTrees_r77_BAG_L1","LightGBM_r100_BAG_L1","NeuralNetFastAI_r102_BAG_L1","NeuralNetFastAI_r11_BAG_L1","NeuralNetFastAI_r127_BAG_L1","NeuralNetFastAI_r150_BAG_L1","NeuralNetFastAI_r152_BAG_L1","NeuralNetFastAI_r161_BAG_L1","NeuralNetFastAI_r29_BAG_L1","NeuralNetFastAI_r63_BAG_L1","NeuralNetFastAI_r81_BAG_L1","NeuralNetTorch_r103_BAG_L1","NeuralNetTorch_r117_BAG_L1","NeuralNetTorch_r135_BAG_L1","NeuralNetTorch_r144_BAG_L1","NeuralNetTorch_r149_BAG_L1","NeuralNetTorch_r158_BAG_L1","NeuralNetTorch_r161_BAG_L1","NeuralNetTorch_r167_BAG_L1","NeuralNetTorch_r168_BAG_L1","NeuralNetTorch_r24_BAG_L1","NeuralNetTorch_r30_BAG_L1","NeuralNetTorch_r32_BAG_L1","NeuralNetTorch_r37_BAG_L1","NeuralNetTorch_r41_BAG_L1","NeuralNetTorch_r45_BAG_L1","NeuralNetTorch_r4_BAG_L1","NeuralNetTorch_r59_BAG_L1","NeuralNetTorch_r66_BAG_L1","NeuralNetTorch_r69_BAG_L1","NeuralNetTorch_r79_BAG_L1","NeuralNetTorch_r83_BAG_L1","NeuralNetTorch_r95_BAG_L1","RandomForest_r117_BAG_L1","RandomForest_r190_BAG_L1","RandomForest_r199_BAG_L1","RandomForest_r29_BAG_L1","RandomForest_r99_BAG_L1","XGBoost_r128_BAG_L1","XGBoost_r131_BAG_L1","XGBoost_r197_BAG_L1"],"9":["CatBoost_r14_BAG_L1","CatBoost_r188_BAG_L1","CatBoost_r45_BAG_L1","CatBoost_r90_BAG_L1","ExtraTrees_r159_BAG_L1","ExtraTrees_r40_BAG_L1","ExtraTrees_r77_BAG_L1","ExtraTrees_r95_BAG_L1","LightGBM_r100_BAG_L1","NeuralNetFastAI_r102_BAG_L1","NeuralNetFastAI_r11_BAG_L1","NeuralNetFastAI_r127_BAG_L1","NeuralNetFastAI_r150_BAG_L1","NeuralNetFastAI_r152_BAG_L1","NeuralNetFastAI_r161_BAG_L1","NeuralNetFastAI_r29_BAG_L1","NeuralNetFastAI_r63_BAG_L1","NeuralNetFastAI_r81_BAG_L1","NeuralNetTorch_r103_BAG_L1","NeuralNetTorch_r117_BAG_L1","NeuralNetTorch_r135_BAG_L1","NeuralNetTorch_r144_BAG_L1","NeuralNetTorch_r149_BAG_L1","NeuralNetTorch_r158_BAG_L1","NeuralNetTorch_r161_BAG_L1","NeuralNetTorch_r167_BAG_L1","NeuralNetTorch_r168_BAG_L1","NeuralNetTorch_r24_BAG_L1","NeuralNetTorch_r30_BAG_L1","NeuralNetTorch_r32_BAG_L1","NeuralNetTorch_r37_BAG_L1","NeuralNetTorch_r41_BAG_L1","NeuralNetTorch_r45_BAG_L1","NeuralNetTorch_r4_BAG_L1","NeuralNetTorch_r59_BAG_L1","NeuralNetTorch_r66_BAG_L1","NeuralNetTorch_r69_BAG_L1","NeuralNetTorch_r79_BAG_L1","NeuralNetTorch_r83_BAG_L1","NeuralNetTorch_r95_BAG_L1","RandomForest_r117_BAG_L1","RandomForest_r199_BAG_L1","RandomForest_r29_BAG_L1","RandomForest_r99_BAG_L1","XGBoost_r128_BAG_L1","XGBoost_r131_BAG_L1","XGBoost_r197_BAG_L1"],"10":["CatBoost_r14_BAG_L1","CatBoost_r188_BAG_L1","CatBoost_r45_BAG_L1","CatBoost_r90_BAG_L1","ExtraTrees_r159_BAG_L1","ExtraTrees_r186_BAG_L1","ExtraTrees_r40_BAG_L1","ExtraTrees_r77_BAG_L1","LightGBM_r100_BAG_L1","NeuralNetFastAI_r102_BAG_L1","NeuralNetFastAI_r11_BAG_L1","NeuralNetFastAI_r127_BAG_L1","NeuralNetFastAI_r150_BAG_L1","NeuralNetFastAI_r152_BAG_L1","NeuralNetFastAI_r161_BAG_L1","NeuralNetFastAI_r29_BAG_L1","NeuralNetFastAI_r63_BAG_L1","NeuralNetFastAI_r81_BAG_L1","NeuralNetTorch_r103_BAG_L1","NeuralNetTorch_r117_BAG_L1","NeuralNetTorch_r135_BAG_L1","NeuralNetTorch_r144_BAG_L1","NeuralNetTorch_r149_BAG_L1","NeuralNetTorch_r158_BAG_L1","NeuralNetTorch_r161_BAG_L1","NeuralNetTorch_r167_BAG_L1","NeuralNetTorch_r168_BAG_L1","NeuralNetTorch_r24_BAG_L1","NeuralNetTorch_r30_BAG_L1","NeuralNetTorch_r32_BAG_L1","NeuralNetTorch_r37_BAG_L1","NeuralNetTorch_r41_BAG_L1","NeuralNetTorch_r45_BAG_L1","NeuralNetTorch_r4_BAG_L1","NeuralNetTorch_r59_BAG_L1","NeuralNetTorch_r66_BAG_L1","NeuralNetTorch_r69_BAG_L1","NeuralNetTorch_r79_BAG_L1","NeuralNetTorch_r83_BAG_L1","NeuralNetTorch_r95_BAG_L1","RandomForest_r117_BAG_L1","RandomForest_r199_BAG_L1","RandomForest_r29_BAG_L1","RandomForest_r99_BAG_L1","XGBoost_r128_BAG_L1","XGBoost_r131_BAG_L1","XGBoost_r197_BAG_L1"],"11":["CatBoost_r14_BAG_L1","CatBoost_r188_BAG_L1","CatBoost_r45_BAG_L1","CatBoost_r90_BAG_L1","ExtraTrees_r159_BAG_L1","ExtraTrees_r40_BAG_L1","ExtraTrees_r61_BAG_L1","ExtraTrees_r77_BAG_L1","LightGBM_r100_BAG_L1","NeuralNetFastAI_r102_BAG_L1","NeuralNetFastAI_r11_BAG_L1","NeuralNetFastAI_r127_BAG_L1","NeuralNetFastAI_r150_BAG_L1","NeuralNetFastAI_r152_BAG_L1","NeuralNetFastAI_r161_BAG_L1","NeuralNetFastAI_r29_BAG_L1","NeuralNetFastAI_r63_BAG_L1","NeuralNetFastAI_r81_BAG_L1","NeuralNetTorch_r103_BAG_L1","NeuralNetTorch_r117_BAG_L1","NeuralNetTorch_r11_BAG_L1","NeuralNetTorch_r135_BAG_L1","NeuralNetTorch_r144_BAG_L1","NeuralNetTorch_r149_BAG_L1","NeuralNetTorch_r158_BAG_L1","NeuralNetTorch_r161_BAG_L1","NeuralNetTorch_r167_BAG_L1","NeuralNetTorch_r168_BAG_L1","NeuralNetTorch_r24_BAG_L1","NeuralNetTorch_r30_BAG_L1","NeuralNetTorch_r32_BAG_L1","NeuralNetTorch_r37_BAG_L1","NeuralNetTorch_r41_BAG_L1","NeuralNetTorch_r45_BAG_L1","NeuralNetTorch_r4_BAG_L1","NeuralNetTorch_r59_BAG_L1","NeuralNetTorch_r66_BAG_L1","NeuralNetTorch_r69_BAG_L1","NeuralNetTorch_r79_BAG_L1","NeuralNetTorch_r83_BAG_L1","NeuralNetTorch_r95_BAG_L1","RandomForest_r117_BAG_L1","RandomForest_r199_BAG_L1","RandomForest_r29_BAG_L1","RandomForest_r99_BAG_L1","XGBoost_r128_BAG_L1","XGBoost_r131_BAG_L1","XGBoost_r197_BAG_L1"],"12":["CatBoost_r12_BAG_L1","CatBoost_r14_BAG_L1","CatBoost_r188_BAG_L1","CatBoost_r45_BAG_L1","CatBoost_r90_BAG_L1","ExtraTrees_r159_BAG_L1","ExtraTrees_r40_BAG_L1","ExtraTrees_r77_BAG_L1","LightGBM_r100_BAG_L1","NeuralNetFastAI_r102_BAG_L1","NeuralNetFastAI_r11_BAG_L1","NeuralNetFastAI_r127_BAG_L1","NeuralNetFastAI_r150_BAG_L1","NeuralNetFastAI_r152_BAG_L1","NeuralNetFastAI_r161_BAG_L1","NeuralNetFastAI_r29_BAG_L1","NeuralNetFastAI_r63_BAG_L1","NeuralNetFastAI_r81_BAG_L1","NeuralNetTorch_r103_BAG_L1","NeuralNetTorch_r117_BAG_L1","NeuralNetTorch_r135_BAG_L1","NeuralNetTorch_r144_BAG_L1","NeuralNetTorch_r149_BAG_L1","NeuralNetTorch_r158_BAG_L1","NeuralNetTorch_r161_BAG_L1","NeuralNetTorch_r167_BAG_L1","NeuralNetTorch_r168_BAG_L1","NeuralNetTorch_r24_BAG_L1","NeuralNetTorch_r30_BAG_L1","NeuralNetTorch_r32_BAG_L1","NeuralNetTorch_r37_BAG_L1","NeuralNetTorch_r41_BAG_L1","NeuralNetTorch_r45_BAG_L1","NeuralNetTorch_r4_BAG_L1","NeuralNetTorch_r59_BAG_L1","NeuralNetTorch_r66_BAG_L1","NeuralNetTorch_r69_BAG_L1","NeuralNetTorch_r79_BAG_L1","NeuralNetTorch_r83_BAG_L1","NeuralNetTorch_r95_BAG_L1","RandomForest_r117_BAG_L1","RandomForest_r199_BAG_L1","RandomForest_r29_BAG_L1","RandomForest_r99_BAG_L1","XGBoost_r128_BAG_L1","XGBoost_r131_BAG_L1","XGBoost_r197_BAG_L1"],"13":["CatBoost_r14_BAG_L1","CatBoost_r188_BAG_L1","CatBoost_r45_BAG_L1","CatBoost_r90_BAG_L1","ExtraTrees_r100_BAG_L1","ExtraTrees_r159_BAG_L1","ExtraTrees_r40_BAG_L1","ExtraTrees_r77_BAG_L1","LightGBM_r100_BAG_L1","NeuralNetFastAI_r102_BAG_L1","NeuralNetFastAI_r11_BAG_L1","NeuralNetFastAI_r127_BAG_L1","NeuralNetFastAI_r150_BAG_L1","NeuralNetFastAI_r152_BAG_L1","NeuralNetFastAI_r161_BAG_L1","NeuralNetFastAI_r29_BAG_L1","NeuralNetFastAI_r63_BAG_L1","NeuralNetFastAI_r81_BAG_L1","NeuralNetTorch_r103_BAG_L1","NeuralNetTorch_r117_BAG_L1","NeuralNetTorch_r135_BAG_L1","NeuralNetTorch_r144_BAG_L1","NeuralNetTorch_r149_BAG_L1","NeuralNetTorch_r158_BAG_L1","NeuralNetTorch_r161_BAG_L1","NeuralNetTorch_r167_BAG_L1","NeuralNetTorch_r168_BAG_L1","NeuralNetTorch_r24_BAG_L1","NeuralNetTorch_r30_BAG_L1","NeuralNetTorch_r32_BAG_L1","NeuralNetTorch_r37_BAG_L1","NeuralNetTorch_r41_BAG_L1","NeuralNetTorch_r45_BAG_L1","NeuralNetTorch_r4_BAG_L1","NeuralNetTorch_r59_BAG_L1","NeuralNetTorch_r66_BAG_L1","NeuralNetTorch_r69_BAG_L1","NeuralNetTorch_r79_BAG_L1","NeuralNetTorch_r83_BAG_L1","NeuralNetTorch_r95_BAG_L1","RandomForest_r117_BAG_L1","RandomForest_r199_BAG_L1","RandomForest_r29_BAG_L1","RandomForest_r99_BAG_L1","XGBoost_r128_BAG_L1","XGBoost_r131_BAG_L1","XGBoost_r197_BAG_L1"],"14":["CatBoost_r14_BAG_L1","CatBoost_r188_BAG_L1","CatBoost_r45_BAG_L1","CatBoost_r90_BAG_L1","ExtraTrees_r159_BAG_L1","ExtraTrees_r40_BAG_L1","ExtraTrees_r77_BAG_L1","LightGBM_r100_BAG_L1","NeuralNetFastAI_r102_BAG_L1","NeuralNetFastAI_r11_BAG_L1","NeuralNetFastAI_r127_BAG_L1","NeuralNetFastAI_r150_BAG_L1","NeuralNetFastAI_r152_BAG_L1","NeuralNetFastAI_r161_BAG_L1","NeuralNetFastAI_r29_BAG_L1","NeuralNetFastAI_r63_BAG_L1","NeuralNetFastAI_r81_BAG_L1","NeuralNetFastAI_r93_BAG_L1","NeuralNetTorch_r103_BAG_L1","NeuralNetTorch_r117_BAG_L1","NeuralNetTorch_r135_BAG_L1","NeuralNetTorch_r144_BAG_L1","NeuralNetTorch_r149_BAG_L1","NeuralNetTorch_r158_BAG_L1","NeuralNetTorch_r161_BAG_L1","NeuralNetTorch_r167_BAG_L1","NeuralNetTorch_r168_BAG_L1","NeuralNetTorch_r24_BAG_L1","NeuralNetTorch_r30_BAG_L1","NeuralNetTorch_r32_BAG_L1","NeuralNetTorch_r37_BAG_L1","NeuralNetTorch_r41_BAG_L1","NeuralNetTorch_r45_BAG_L1","NeuralNetTorch_r4_BAG_L1","NeuralNetTorch_r59_BAG_L1","NeuralNetTorch_r66_BAG_L1","NeuralNetTorch_r69_BAG_L1","NeuralNetTorch_r79_BAG_L1","NeuralNetTorch_r83_BAG_L1","NeuralNetTorch_r95_BAG_L1","RandomForest_r117_BAG_L1","RandomForest_r199_BAG_L1","RandomForest_r29_BAG_L1","RandomForest_r99_BAG_L1","XGBoost_r128_BAG_L1","XGBoost_r131_BAG_L1","XGBoost_r197_BAG_L1"],"15":["CatBoost_r14_BAG_L1","CatBoost_r188_BAG_L1","CatBoost_r45_BAG_L1","CatBoost_r90_BAG_L1","ExtraTrees_r159_BAG_L1","ExtraTrees_r40_BAG_L1","ExtraTrees_r77_BAG_L1","LightGBM_r100_BAG_L1","NeuralNetFastAI_r102_BAG_L1","NeuralNetFastAI_r11_BAG_L1","NeuralNetFastAI_r127_BAG_L1","NeuralNetFastAI_r150_BAG_L1","NeuralNetFastAI_r152_BAG_L1","NeuralNetFastAI_r161_BAG_L1","NeuralNetFastAI_r29_BAG_L1","NeuralNetFastAI_r63_BAG_L1","NeuralNetFastAI_r81_BAG_L1","NeuralNetTorch_r103_BAG_L1","NeuralNetTorch_r117_BAG_L1","NeuralNetTorch_r135_BAG_L1","NeuralNetTorch_r144_BAG_L1","NeuralNetTorch_r149_BAG_L1","NeuralNetTorch_r158_BAG_L1","NeuralNetTorch_r161_BAG_L1","NeuralNetTorch_r167_BAG_L1","NeuralNetTorch_r168_BAG_L1","NeuralNetTorch_r24_BAG_L1","NeuralNetTorch_r30_BAG_L1","NeuralNetTorch_r32_BAG_L1","NeuralNetTorch_r37_BAG_L1","NeuralNetTorch_r41_BAG_L1","NeuralNetTorch_r45_BAG_L1","NeuralNetTorch_r4_BAG_L1","NeuralNetTorch_r59_BAG_L1","NeuralNetTorch_r66_BAG_L1","NeuralNetTorch_r69_BAG_L1","NeuralNetTorch_r79_BAG_L1","NeuralNetTorch_r83_BAG_L1","NeuralNetTorch_r95_BAG_L1","RandomForest_r117_BAG_L1","RandomForest_r199_BAG_L1","RandomForest_r29_BAG_L1","RandomForest_r49_BAG_L1","RandomForest_r99_BAG_L1","XGBoost_r128_BAG_L1","XGBoost_r131_BAG_L1","XGBoost_r197_BAG_L1"],"16":["CatBoost_r14_BAG_L1","CatBoost_r188_BAG_L1","CatBoost_r45_BAG_L1","CatBoost_r90_BAG_L1","ExtraTrees_r159_BAG_L1","ExtraTrees_r40_BAG_L1","ExtraTrees_r77_BAG_L1","LightGBM_r100_BAG_L1","NeuralNetFastAI_r102_BAG_L1","NeuralNetFastAI_r11_BAG_L1","NeuralNetFastAI_r127_BAG_L1","NeuralNetFastAI_r150_BAG_L1","NeuralNetFastAI_r152_BAG_L1","NeuralNetFastAI_r161_BAG_L1","NeuralNetFastAI_r29_BAG_L1","NeuralNetFastAI_r63_BAG_L1","NeuralNetFastAI_r81_BAG_L1","NeuralNetTorch_r103_BAG_L1","NeuralNetTorch_r117_BAG_L1","NeuralNetTorch_r135_BAG_L1","NeuralNetTorch_r144_BAG_L1","NeuralNetTorch_r149_BAG_L1","NeuralNetTorch_r158_BAG_L1","NeuralNetTorch_r161_BAG_L1","NeuralNetTorch_r167_BAG_L1","NeuralNetTorch_r168_BAG_L1","NeuralNetTorch_r24_BAG_L1","NeuralNetTorch_r30_BAG_L1","NeuralNetTorch_r32_BAG_L1","NeuralNetTorch_r37_BAG_L1","NeuralNetTorch_r41_BAG_L1","NeuralNetTorch_r45_BAG_L1","NeuralNetTorch_r4_BAG_L1","NeuralNetTorch_r59_BAG_L1","NeuralNetTorch_r66_BAG_L1","NeuralNetTorch_r69_BAG_L1","NeuralNetTorch_r79_BAG_L1","NeuralNetTorch_r83_BAG_L1","NeuralNetTorch_r95_BAG_L1","RandomForest_r104_BAG_L1","RandomForest_r117_BAG_L1","RandomForest_r199_BAG_L1","RandomForest_r29_BAG_L1","RandomForest_r99_BAG_L1","XGBoost_r128_BAG_L1","XGBoost_r131_BAG_L1","XGBoost_r197_BAG_L1"],"17":["CatBoost_r14_BAG_L1","CatBoost_r188_BAG_L1","CatBoost_r45_BAG_L1","CatBoost_r90_BAG_L1","ExtraTrees_r159_BAG_L1","ExtraTrees_r40_BAG_L1","ExtraTrees_r77_BAG_L1","LightGBM_r100_BAG_L1","NeuralNetFastAI_r102_BAG_L1","NeuralNetFastAI_r11_BAG_L1","NeuralNetFastAI_r127_BAG_L1","NeuralNetFastAI_r150_BAG_L1","NeuralNetFastAI_r152_BAG_L1","NeuralNetFastAI_r161_BAG_L1","NeuralNetFastAI_r29_BAG_L1","NeuralNetFastAI_r63_BAG_L1","NeuralNetFastAI_r81_BAG_L1","NeuralNetTorch_r103_BAG_L1","NeuralNetTorch_r117_BAG_L1","NeuralNetTorch_r135_BAG_L1","NeuralNetTorch_r144_BAG_L1","NeuralNetTorch_r149_BAG_L1","NeuralNetTorch_r158_BAG_L1","NeuralNetTorch_r161_BAG_L1","NeuralNetTorch_r167_BAG_L1","NeuralNetTorch_r168_BAG_L1","NeuralNetTorch_r24_BAG_L1","NeuralNetTorch_r30_BAG_L1","NeuralNetTorch_r32_BAG_L1","NeuralNetTorch_r37_BAG_L1","NeuralNetTorch_r41_BAG_L1","NeuralNetTorch_r45_BAG_L1","NeuralNetTorch_r4_BAG_L1","NeuralNetTorch_r59_BAG_L1","NeuralNetTorch_r66_BAG_L1","NeuralNetTorch_r69_BAG_L1","NeuralNetTorch_r79_BAG_L1","NeuralNetTorch_r83_BAG_L1","NeuralNetTorch_r95_BAG_L1","RandomForest_r117_BAG_L1","RandomForest_r199_BAG_L1","RandomForest_r29_BAG_L1","RandomForest_r88_BAG_L1","RandomForest_r99_BAG_L1","XGBoost_r128_BAG_L1","XGBoost_r131_BAG_L1","XGBoost_r197_BAG_L1"],"18":["CatBoost_r14_BAG_L1","CatBoost_r186_BAG_L1","CatBoost_r188_BAG_L1","CatBoost_r45_BAG_L1","CatBoost_r90_BAG_L1","ExtraTrees_r159_BAG_L1","ExtraTrees_r40_BAG_L1","ExtraTrees_r77_BAG_L1","LightGBM_r100_BAG_L1","NeuralNetFastAI_r102_BAG_L1","NeuralNetFastAI_r11_BAG_L1","NeuralNetFastAI_r127_BAG_L1","NeuralNetFastAI_r150_BAG_L1","NeuralNetFastAI_r152_BAG_L1","NeuralNetFastAI_r161_BAG_L1","NeuralNetFastAI_r29_BAG_L1","NeuralNetFastAI_r63_BAG_L1","NeuralNetFastAI_r81_BAG_L1","NeuralNetTorch_r103_BAG_L1","NeuralNetTorch_r117_BAG_L1","NeuralNetTorch_r135_BAG_L1","NeuralNetTorch_r144_BAG_L1","NeuralNetTorch_r149_BAG_L1","NeuralNetTorch_r158_BAG_L1","NeuralNetTorch_r161_BAG_L1","NeuralNetTorch_r167_BAG_L1","NeuralNetTorch_r168_BAG_L1","NeuralNetTorch_r24_BAG_L1","NeuralNetTorch_r30_BAG_L1","NeuralNetTorch_r32_BAG_L1","NeuralNetTorch_r37_BAG_L1","NeuralNetTorch_r41_BAG_L1","NeuralNetTorch_r45_BAG_L1","NeuralNetTorch_r4_BAG_L1","NeuralNetTorch_r59_BAG_L1","NeuralNetTorch_r66_BAG_L1","NeuralNetTorch_r69_BAG_L1","NeuralNetTorch_r79_BAG_L1","NeuralNetTorch_r83_BAG_L1","NeuralNetTorch_r95_BAG_L1","RandomForest_r117_BAG_L1","RandomForest_r199_BAG_L1","RandomForest_r29_BAG_L1","RandomForest_r99_BAG_L1","XGBoost_r128_BAG_L1","XGBoost_r131_BAG_L1","XGBoost_r197_BAG_L1"],"19":["CatBoost_r14_BAG_L1","CatBoost_r188_BAG_L1","CatBoost_r45_BAG_L1","CatBoost_r90_BAG_L1","ExtraTrees_r159_BAG_L1","ExtraTrees_r40_BAG_L1","ExtraTrees_r77_BAG_L1","LightGBM_r100_BAG_L1","NeuralNetFastAI_r102_BAG_L1","NeuralNetFastAI_r11_BAG_L1","NeuralNetFastAI_r127_BAG_L1","NeuralNetFastAI_r150_BAG_L1","NeuralNetFastAI_r152_BAG_L1","NeuralNetFastAI_r161_BAG_L1","NeuralNetFastAI_r29_BAG_L1","NeuralNetFastAI_r63_BAG_L1","NeuralNetFastAI_r81_BAG_L1","NeuralNetTorch_r103_BAG_L1","NeuralNetTorch_r117_BAG_L1","NeuralNetTorch_r135_BAG_L1","NeuralNetTorch_r144_BAG_L1","NeuralNetTorch_r149_BAG_L1","NeuralNetTorch_r158_BAG_L1","NeuralNetTorch_r161_BAG_L1","NeuralNetTorch_r167_BAG_L1","NeuralNetTorch_r168_BAG_L1","NeuralNetTorch_r24_BAG_L1","NeuralNetTorch_r30_BAG_L1","NeuralNetTorch_r32_BAG_L1","NeuralNetTorch_r37_BAG_L1","NeuralNetTorch_r41_BAG_L1","NeuralNetTorch_r45_BAG_L1","NeuralNetTorch_r4_BAG_L1","NeuralNetTorch_r59_BAG_L1","NeuralNetTorch_r66_BAG_L1","NeuralNetTorch_r69_BAG_L1","NeuralNetTorch_r79_BAG_L1","NeuralNetTorch_r83_BAG_L1","NeuralNetTorch_r95_BAG_L1","RandomForest_r117_BAG_L1","RandomForest_r199_BAG_L1","RandomForest_r29_BAG_L1","RandomForest_r99_BAG_L1","XGBoost_r128_BAG_L1","XGBoost_r131_BAG_L1","XGBoost_r197_BAG_L1"],"20":["CatBoost_r14_BAG_L1","CatBoost_r188_BAG_L1","CatBoost_r45_BAG_L1","CatBoost_r90_BAG_L1","ExtraTrees_r159_BAG_L1","ExtraTrees_r40_BAG_L1","ExtraTrees_r77_BAG_L1","LightGBM_r100_BAG_L1","NeuralNetFastAI_r102_BAG_L1","NeuralNetFastAI_r11_BAG_L1","NeuralNetFastAI_r127_BAG_L1","NeuralNetFastAI_r150_BAG_L1","NeuralNetFastAI_r152_BAG_L1","NeuralNetFastAI_r161_BAG_L1","NeuralNetFastAI_r29_BAG_L1","NeuralNetFastAI_r63_BAG_L1","NeuralNetFastAI_r81_BAG_L1","NeuralNetTorch_r103_BAG_L1","NeuralNetTorch_r117_BAG_L1","NeuralNetTorch_r135_BAG_L1","NeuralNetTorch_r144_BAG_L1","NeuralNetTorch_r149_BAG_L1","NeuralNetTorch_r158_BAG_L1","NeuralNetTorch_r161_BAG_L1","NeuralNetTorch_r167_BAG_L1","NeuralNetTorch_r168_BAG_L1","NeuralNetTorch_r24_BAG_L1","NeuralNetTorch_r30_BAG_L1","NeuralNetTorch_r32_BAG_L1","NeuralNetTorch_r37_BAG_L1","NeuralNetTorch_r41_BAG_L1","NeuralNetTorch_r45_BAG_L1","NeuralNetTorch_r4_BAG_L1","NeuralNetTorch_r59_BAG_L1","NeuralNetTorch_r66_BAG_L1","NeuralNetTorch_r69_BAG_L1","NeuralNetTorch_r79_BAG_L1","NeuralNetTorch_r83_BAG_L1","NeuralNetTorch_r95_BAG_L1","RandomForest_r117_BAG_L1","RandomForest_r199_BAG_L1","RandomForest_r29_BAG_L1","RandomForest_r99_BAG_L1","XGBoost_r115_BAG_L1","XGBoost_r128_BAG_L1","XGBoost_r131_BAG_L1","XGBoost_r197_BAG_L1"],"21":["CatBoost_r14_BAG_L1","CatBoost_r178_BAG_L1","CatBoost_r188_BAG_L1","CatBoost_r45_BAG_L1","CatBoost_r90_BAG_L1","ExtraTrees_r159_BAG_L1","ExtraTrees_r40_BAG_L1","ExtraTrees_r77_BAG_L1","LightGBM_r100_BAG_L1","NeuralNetFastAI_r102_BAG_L1","NeuralNetFastAI_r11_BAG_L1","NeuralNetFastAI_r127_BAG_L1","NeuralNetFastAI_r150_BAG_L1","NeuralNetFastAI_r152_BAG_L1","NeuralNetFastAI_r161_BAG_L1","NeuralNetFastAI_r29_BAG_L1","NeuralNetFastAI_r63_BAG_L1","NeuralNetFastAI_r81_BAG_L1","NeuralNetTorch_r103_BAG_L1","NeuralNetTorch_r117_BAG_L1","NeuralNetTorch_r135_BAG_L1","NeuralNetTorch_r144_BAG_L1","NeuralNetTorch_r149_BAG_L1","NeuralNetTorch_r158_BAG_L1","NeuralNetTorch_r161_BAG_L1","NeuralNetTorch_r167_BAG_L1","NeuralNetTorch_r168_BAG_L1","NeuralNetTorch_r24_BAG_L1","NeuralNetTorch_r30_BAG_L1","NeuralNetTorch_r32_BAG_L1","NeuralNetTorch_r37_BAG_L1","NeuralNetTorch_r41_BAG_L1","NeuralNetTorch_r45_BAG_L1","NeuralNetTorch_r4_BAG_L1","NeuralNetTorch_r59_BAG_L1","NeuralNetTorch_r66_BAG_L1","NeuralNetTorch_r69_BAG_L1","NeuralNetTorch_r79_BAG_L1","NeuralNetTorch_r83_BAG_L1","NeuralNetTorch_r95_BAG_L1","RandomForest_r117_BAG_L1","RandomForest_r199_BAG_L1","RandomForest_r29_BAG_L1","RandomForest_r99_BAG_L1","XGBoost_r128_BAG_L1","XGBoost_r131_BAG_L1","XGBoost_r197_BAG_L1"],"22":["CatBoost_r14_BAG_L1","CatBoost_r188_BAG_L1","CatBoost_r45_BAG_L1","CatBoost_r90_BAG_L1","ExtraTrees_r159_BAG_L1","ExtraTrees_r40_BAG_L1","ExtraTrees_r77_BAG_L1","LightGBM_r100_BAG_L1","NeuralNetFastAI_r102_BAG_L1","NeuralNetFastAI_r11_BAG_L1","NeuralNetFastAI_r127_BAG_L1","NeuralNetFastAI_r150_BAG_L1","NeuralNetFastAI_r152_BAG_L1","NeuralNetFastAI_r161_BAG_L1","NeuralNetFastAI_r29_BAG_L1","NeuralNetFastAI_r63_BAG_L1","NeuralNetFastAI_r81_BAG_L1","NeuralNetTorch_r103_BAG_L1","NeuralNetTorch_r117_BAG_L1","NeuralNetTorch_r135_BAG_L1","NeuralNetTorch_r144_BAG_L1","NeuralNetTorch_r149_BAG_L1","NeuralNetTorch_r158_BAG_L1","NeuralNetTorch_r161_BAG_L1","NeuralNetTorch_r167_BAG_L1","NeuralNetTorch_r168_BAG_L1","NeuralNetTorch_r24_BAG_L1","NeuralNetTorch_r30_BAG_L1","NeuralNetTorch_r32_BAG_L1","NeuralNetTorch_r37_BAG_L1","NeuralNetTorch_r41_BAG_L1","NeuralNetTorch_r45_BAG_L1","NeuralNetTorch_r4_BAG_L1","NeuralNetTorch_r59_BAG_L1","NeuralNetTorch_r66_BAG_L1","NeuralNetTorch_r69_BAG_L1","NeuralNetTorch_r79_BAG_L1","NeuralNetTorch_r83_BAG_L1","NeuralNetTorch_r95_BAG_L1","RandomForest_r117_BAG_L1","RandomForest_r199_BAG_L1","RandomForest_r29_BAG_L1","RandomForest_r99_BAG_L1","XGBoost_r128_BAG_L1","XGBoost_r131_BAG_L1","XGBoost_r162_BAG_L1","XGBoost_r197_BAG_L1"],"23":["CatBoost_r14_BAG_L1","CatBoost_r188_BAG_L1","CatBoost_r45_BAG_L1","CatBoost_r90_BAG_L1","ExtraTrees_r159_BAG_L1","ExtraTrees_r40_BAG_L1","ExtraTrees_r77_BAG_L1","LightGBM_r100_BAG_L1","NeuralNetFastAI_r102_BAG_L1","NeuralNetFastAI_r11_BAG_L1","NeuralNetFastAI_r127_BAG_L1","NeuralNetFastAI_r150_BAG_L1","NeuralNetFastAI_r152_BAG_L1","NeuralNetFastAI_r161_BAG_L1","NeuralNetFastAI_r29_BAG_L1","NeuralNetFastAI_r63_BAG_L1","NeuralNetFastAI_r81_BAG_L1","NeuralNetTorch_r103_BAG_L1","NeuralNetTorch_r117_BAG_L1","NeuralNetTorch_r135_BAG_L1","NeuralNetTorch_r144_BAG_L1","NeuralNetTorch_r149_BAG_L1","NeuralNetTorch_r158_BAG_L1","NeuralNetTorch_r161_BAG_L1","NeuralNetTorch_r167_BAG_L1","NeuralNetTorch_r168_BAG_L1","NeuralNetTorch_r24_BAG_L1","NeuralNetTorch_r30_BAG_L1","NeuralNetTorch_r32_BAG_L1","NeuralNetTorch_r37_BAG_L1","NeuralNetTorch_r41_BAG_L1","NeuralNetTorch_r45_BAG_L1","NeuralNetTorch_r4_BAG_L1","NeuralNetTorch_r59_BAG_L1","NeuralNetTorch_r66_BAG_L1","NeuralNetTorch_r69_BAG_L1","NeuralNetTorch_r79_BAG_L1","NeuralNetTorch_r83_BAG_L1","NeuralNetTorch_r95_BAG_L1","RandomForest_r117_BAG_L1","RandomForest_r199_BAG_L1","RandomForest_r29_BAG_L1","RandomForest_r99_BAG_L1","XGBoost_r128_BAG_L1","XGBoost_r131_BAG_L1","XGBoost_r197_BAG_L1"],"24":["CatBoost_r14_BAG_L1","CatBoost_r188_BAG_L1","CatBoost_r45_BAG_L1","CatBoost_r90_BAG_L1","ExtraTrees_r138_BAG_L1","ExtraTrees_r159_BAG_L1","ExtraTrees_r40_BAG_L1","ExtraTrees_r77_BAG_L1","LightGBM_r100_BAG_L1","NeuralNetFastAI_r102_BAG_L1","NeuralNetFastAI_r11_BAG_L1","NeuralNetFastAI_r127_BAG_L1","NeuralNetFastAI_r150_BAG_L1","NeuralNetFastAI_r152_BAG_L1","NeuralNetFastAI_r161_BAG_L1","NeuralNetFastAI_r29_BAG_L1","NeuralNetFastAI_r63_BAG_L1","NeuralNetFastAI_r81_BAG_L1","NeuralNetTorch_r103_BAG_L1","NeuralNetTorch_r117_BAG_L1","NeuralNetTorch_r135_BAG_L1","NeuralNetTorch_r144_BAG_L1","NeuralNetTorch_r149_BAG_L1","NeuralNetTorch_r158_BAG_L1","NeuralNetTorch_r161_BAG_L1","NeuralNetTorch_r167_BAG_L1","NeuralNetTorch_r168_BAG_L1","NeuralNetTorch_r24_BAG_L1","NeuralNetTorch_r30_BAG_L1","NeuralNetTorch_r32_BAG_L1","NeuralNetTorch_r37_BAG_L1","NeuralNetTorch_r41_BAG_L1","NeuralNetTorch_r45_BAG_L1","NeuralNetTorch_r4_BAG_L1","NeuralNetTorch_r59_BAG_L1","NeuralNetTorch_r66_BAG_L1","NeuralNetTorch_r69_BAG_L1","NeuralNetTorch_r79_BAG_L1","NeuralNetTorch_r83_BAG_L1","NeuralNetTorch_r95_BAG_L1","RandomForest_r117_BAG_L1","RandomForest_r199_BAG_L1","RandomForest_r29_BAG_L1","RandomForest_r99_BAG_L1","XGBoost_r128_BAG_L1","XGBoost_r131_BAG_L1","XGBoost_r197_BAG_L1"],"25":["CatBoost_r14_BAG_L1","CatBoost_r188_BAG_L1","CatBoost_r45_BAG_L1","CatBoost_r90_BAG_L1","ExtraTrees_r159_BAG_L1","ExtraTrees_r40_BAG_L1","ExtraTrees_r50_BAG_L1","ExtraTrees_r77_BAG_L1","LightGBM_r100_BAG_L1","NeuralNetFastAI_r102_BAG_L1","NeuralNetFastAI_r11_BAG_L1","NeuralNetFastAI_r127_BAG_L1","NeuralNetFastAI_r150_BAG_L1","NeuralNetFastAI_r152_BAG_L1","NeuralNetFastAI_r161_BAG_L1","NeuralNetFastAI_r29_BAG_L1","NeuralNetFastAI_r63_BAG_L1","NeuralNetFastAI_r81_BAG_L1","NeuralNetTorch_r103_BAG_L1","NeuralNetTorch_r117_BAG_L1","NeuralNetTorch_r135_BAG_L1","NeuralNetTorch_r144_BAG_L1","NeuralNetTorch_r149_BAG_L1","NeuralNetTorch_r158_BAG_L1","NeuralNetTorch_r161_BAG_L1","NeuralNetTorch_r167_BAG_L1","NeuralNetTorch_r168_BAG_L1","NeuralNetTorch_r17_BAG_L1","NeuralNetTorch_r24_BAG_L1","NeuralNetTorch_r30_BAG_L1","NeuralNetTorch_r32_BAG_L1","NeuralNetTorch_r37_BAG_L1","NeuralNetTorch_r41_BAG_L1","NeuralNetTorch_r45_BAG_L1","NeuralNetTorch_r4_BAG_L1","NeuralNetTorch_r59_BAG_L1","NeuralNetTorch_r66_BAG_L1","NeuralNetTorch_r69_BAG_L1","NeuralNetTorch_r79_BAG_L1","NeuralNetTorch_r83_BAG_L1","NeuralNetTorch_r95_BAG_L1","RandomForest_r117_BAG_L1","RandomForest_r199_BAG_L1","RandomForest_r29_BAG_L1","RandomForest_r99_BAG_L1","XGBoost_r128_BAG_L1","XGBoost_r131_BAG_L1","XGBoost_r197_BAG_L1"],"26":["CatBoost_r14_BAG_L1","CatBoost_r188_BAG_L1","CatBoost_r45_BAG_L1","CatBoost_r90_BAG_L1","CatBoost_r96_BAG_L1","ExtraTrees_r159_BAG_L1","ExtraTrees_r40_BAG_L1","ExtraTrees_r77_BAG_L1","LightGBM_r100_BAG_L1","NeuralNetFastAI_r102_BAG_L1","NeuralNetFastAI_r11_BAG_L1","NeuralNetFastAI_r127_BAG_L1","NeuralNetFastAI_r150_BAG_L1","NeuralNetFastAI_r152_BAG_L1","NeuralNetFastAI_r161_BAG_L1","NeuralNetFastAI_r29_BAG_L1","NeuralNetFastAI_r63_BAG_L1","NeuralNetFastAI_r81_BAG_L1","NeuralNetTorch_r103_BAG_L1","NeuralNetTorch_r117_BAG_L1","NeuralNetTorch_r135_BAG_L1","NeuralNetTorch_r144_BAG_L1","NeuralNetTorch_r149_BAG_L1","NeuralNetTorch_r158_BAG_L1","NeuralNetTorch_r161_BAG_L1","NeuralNetTorch_r167_BAG_L1","NeuralNetTorch_r168_BAG_L1","NeuralNetTorch_r24_BAG_L1","NeuralNetTorch_r30_BAG_L1","NeuralNetTorch_r32_BAG_L1","NeuralNetTorch_r37_BAG_L1","NeuralNetTorch_r41_BAG_L1","NeuralNetTorch_r45_BAG_L1","NeuralNetTorch_r4_BAG_L1","NeuralNetTorch_r59_BAG_L1","NeuralNetTorch_r66_BAG_L1","NeuralNetTorch_r69_BAG_L1","NeuralNetTorch_r79_BAG_L1","NeuralNetTorch_r83_BAG_L1","NeuralNetTorch_r95_BAG_L1","RandomForest_r117_BAG_L1","RandomForest_r199_BAG_L1","RandomForest_r29_BAG_L1","RandomForest_r99_BAG_L1","XGBoost_r128_BAG_L1","XGBoost_r131_BAG_L1","XGBoost_r197_BAG_L1"],"27":["CatBoost_r14_BAG_L1","CatBoost_r188_BAG_L1","CatBoost_r45_BAG_L1","CatBoost_r90_BAG_L1","ExtraTrees_r159_BAG_L1","ExtraTrees_r40_BAG_L1","ExtraTrees_r77_BAG_L1","LightGBM_r100_BAG_L1","NeuralNetFastAI_r102_BAG_L1","NeuralNetFastAI_r11_BAG_L1","NeuralNetFastAI_r127_BAG_L1","NeuralNetFastAI_r150_BAG_L1","NeuralNetFastAI_r152_BAG_L1","NeuralNetFastAI_r161_BAG_L1","NeuralNetFastAI_r29_BAG_L1","NeuralNetFastAI_r63_BAG_L1","NeuralNetFastAI_r81_BAG_L1","NeuralNetTorch_r103_BAG_L1","NeuralNetTorch_r117_BAG_L1","NeuralNetTorch_r135_BAG_L1","NeuralNetTorch_r144_BAG_L1","NeuralNetTorch_r149_BAG_L1","NeuralNetTorch_r158_BAG_L1","NeuralNetTorch_r161_BAG_L1","NeuralNetTorch_r167_BAG_L1","NeuralNetTorch_r168_BAG_L1","NeuralNetTorch_r24_BAG_L1","NeuralNetTorch_r30_BAG_L1","NeuralNetTorch_r32_BAG_L1","NeuralNetTorch_r37_BAG_L1","NeuralNetTorch_r41_BAG_L1","NeuralNetTorch_r45_BAG_L1","NeuralNetTorch_r4_BAG_L1","NeuralNetTorch_r59_BAG_L1","NeuralNetTorch_r66_BAG_L1","NeuralNetTorch_r69_BAG_L1","NeuralNetTorch_r79_BAG_L1","NeuralNetTorch_r83_BAG_L1","NeuralNetTorch_r95_BAG_L1","RandomForest_r117_BAG_L1","RandomForest_r199_BAG_L1","RandomForest_r29_BAG_L1","RandomForest_r67_BAG_L1","RandomForest_r99_BAG_L1","XGBoost_r128_BAG_L1","XGBoost_r131_BAG_L1","XGBoost_r197_BAG_L1"],"28":["CatBoost_r14_BAG_L1","CatBoost_r188_BAG_L1","CatBoost_r45_BAG_L1","CatBoost_r90_BAG_L1","ExtraTrees_r159_BAG_L1","ExtraTrees_r40_BAG_L1","ExtraTrees_r77_BAG_L1","LightGBM_r100_BAG_L1","NeuralNetFastAI_r102_BAG_L1","NeuralNetFastAI_r11_BAG_L1","NeuralNetFastAI_r127_BAG_L1","NeuralNetFastAI_r150_BAG_L1","NeuralNetFastAI_r152_BAG_L1","NeuralNetFastAI_r161_BAG_L1","NeuralNetFastAI_r29_BAG_L1","NeuralNetFastAI_r63_BAG_L1","NeuralNetFastAI_r81_BAG_L1","NeuralNetTorch_r117_BAG_L1","NeuralNetTorch_r135_BAG_L1","NeuralNetTorch_r144_BAG_L1","NeuralNetTorch_r149_BAG_L1","NeuralNetTorch_r158_BAG_L1","NeuralNetTorch_r161_BAG_L1","NeuralNetTorch_r167_BAG_L1","NeuralNetTorch_r168_BAG_L1","NeuralNetTorch_r24_BAG_L1","NeuralNetTorch_r30_BAG_L1","NeuralNetTorch_r32_BAG_L1","NeuralNetTorch_r37_BAG_L1","NeuralNetTorch_r41_BAG_L1","NeuralNetTorch_r45_BAG_L1","NeuralNetTorch_r4_BAG_L1","NeuralNetTorch_r59_BAG_L1","NeuralNetTorch_r66_BAG_L1","NeuralNetTorch_r69_BAG_L1","NeuralNetTorch_r79_BAG_L1","NeuralNetTorch_r83_BAG_L1","NeuralNetTorch_r95_BAG_L1","RandomForest_r117_BAG_L1","RandomForest_r199_BAG_L1","RandomForest_r29_BAG_L1","RandomForest_r99_BAG_L1","XGBoost_r128_BAG_L1","XGBoost_r131_BAG_L1","XGBoost_r197_BAG_L1"],"29":["CatBoost_r14_BAG_L1","CatBoost_r188_BAG_L1","CatBoost_r45_BAG_L1","CatBoost_r90_BAG_L1","ExtraTrees_r159_BAG_L1","ExtraTrees_r40_BAG_L1","ExtraTrees_r77_BAG_L1","LightGBM_r100_BAG_L1","NeuralNetFastAI_r102_BAG_L1","NeuralNetFastAI_r11_BAG_L1","NeuralNetFastAI_r127_BAG_L1","NeuralNetFastAI_r150_BAG_L1","NeuralNetFastAI_r152_BAG_L1","NeuralNetFastAI_r161_BAG_L1","NeuralNetFastAI_r29_BAG_L1","NeuralNetFastAI_r63_BAG_L1","NeuralNetFastAI_r81_BAG_L1","NeuralNetTorch_r103_BAG_L1","NeuralNetTorch_r117_BAG_L1","NeuralNetTorch_r135_BAG_L1","NeuralNetTorch_r144_BAG_L1","NeuralNetTorch_r149_BAG_L1","NeuralNetTorch_r158_BAG_L1","NeuralNetTorch_r161_BAG_L1","NeuralNetTorch_r167_BAG_L1","NeuralNetTorch_r168_BAG_L1","NeuralNetTorch_r24_BAG_L1","NeuralNetTorch_r30_BAG_L1","NeuralNetTorch_r32_BAG_L1","NeuralNetTorch_r37_BAG_L1","NeuralNetTorch_r41_BAG_L1","NeuralNetTorch_r45_BAG_L1","NeuralNetTorch_r4_BAG_L1","NeuralNetTorch_r59_BAG_L1","NeuralNetTorch_r66_BAG_L1","NeuralNetTorch_r69_BAG_L1","NeuralNetTorch_r79_BAG_L1","NeuralNetTorch_r83_BAG_L1","NeuralNetTorch_r95_BAG_L1","RandomForest_r117_BAG_L1","RandomForest_r199_BAG_L1","RandomForest_r29_BAG_L1","RandomForest_r99_BAG_L1","XGBoost_r126_BAG_L1","XGBoost_r128_BAG_L1","XGBoost_r131_BAG_L1","XGBoost_r197_BAG_L1"],"30":["CatBoost_r14_BAG_L1","CatBoost_r188_BAG_L1","CatBoost_r45_BAG_L1","CatBoost_r90_BAG_L1","ExtraTrees_r159_BAG_L1","ExtraTrees_r40_BAG_L1","ExtraTrees_r77_BAG_L1","LightGBM_r100_BAG_L1","NeuralNetFastAI_r102_BAG_L1","NeuralNetFastAI_r11_BAG_L1","NeuralNetFastAI_r127_BAG_L1","NeuralNetFastAI_r150_BAG_L1","NeuralNetFastAI_r152_BAG_L1","NeuralNetFastAI_r161_BAG_L1","NeuralNetFastAI_r29_BAG_L1","NeuralNetFastAI_r63_BAG_L1","NeuralNetFastAI_r81_BAG_L1","NeuralNetTorch_r103_BAG_L1","NeuralNetTorch_r117_BAG_L1","NeuralNetTorch_r135_BAG_L1","NeuralNetTorch_r144_BAG_L1","NeuralNetTorch_r149_BAG_L1","NeuralNetTorch_r158_BAG_L1","NeuralNetTorch_r161_BAG_L1","NeuralNetTorch_r167_BAG_L1","NeuralNetTorch_r168_BAG_L1","NeuralNetTorch_r24_BAG_L1","NeuralNetTorch_r30_BAG_L1","NeuralNetTorch_r32_BAG_L1","NeuralNetTorch_r37_BAG_L1","NeuralNetTorch_r41_BAG_L1","NeuralNetTorch_r45_BAG_L1","NeuralNetTorch_r4_BAG_L1","NeuralNetTorch_r59_BAG_L1","NeuralNetTorch_r66_BAG_L1","NeuralNetTorch_r69_BAG_L1","NeuralNetTorch_r79_BAG_L1","NeuralNetTorch_r83_BAG_L1","NeuralNetTorch_r95_BAG_L1","RandomForest_r117_BAG_L1","RandomForest_r199_BAG_L1","RandomForest_r29_BAG_L1","RandomForest_r99_BAG_L1","XGBoost_r128_BAG_L1","XGBoost_r131_BAG_L1","XGBoost_r197_BAG_L1"],"31":["CatBoost_r14_BAG_L1","CatBoost_r188_BAG_L1","CatBoost_r45_BAG_L1","CatBoost_r90_BAG_L1","ExtraTrees_r159_BAG_L1","ExtraTrees_r40_BAG_L1","ExtraTrees_r77_BAG_L1","LightGBM_r100_BAG_L1","NeuralNetFastAI_r102_BAG_L1","NeuralNetFastAI_r11_BAG_L1","NeuralNetFastAI_r127_BAG_L1","NeuralNetFastAI_r150_BAG_L1","NeuralNetFastAI_r152_BAG_L1","NeuralNetFastAI_r161_BAG_L1","NeuralNetFastAI_r29_BAG_L1","NeuralNetFastAI_r63_BAG_L1","NeuralNetFastAI_r81_BAG_L1","NeuralNetTorch_r103_BAG_L1","NeuralNetTorch_r117_BAG_L1","NeuralNetTorch_r135_BAG_L1","NeuralNetTorch_r144_BAG_L1","NeuralNetTorch_r149_BAG_L1","NeuralNetTorch_r158_BAG_L1","NeuralNetTorch_r161_BAG_L1","NeuralNetTorch_r167_BAG_L1","NeuralNetTorch_r168_BAG_L1","NeuralNetTorch_r24_BAG_L1","NeuralNetTorch_r30_BAG_L1","NeuralNetTorch_r32_BAG_L1","NeuralNetTorch_r37_BAG_L1","NeuralNetTorch_r41_BAG_L1","NeuralNetTorch_r45_BAG_L1","NeuralNetTorch_r4_BAG_L1","NeuralNetTorch_r59_BAG_L1","NeuralNetTorch_r66_BAG_L1","NeuralNetTorch_r69_BAG_L1","NeuralNetTorch_r79_BAG_L1","NeuralNetTorch_r83_BAG_L1","NeuralNetTorch_r95_BAG_L1","RandomForest_r117_BAG_L1","RandomForest_r199_BAG_L1","RandomForest_r29_BAG_L1","RandomForest_r99_BAG_L1","XGBoost_r128_BAG_L1","XGBoost_r131_BAG_L1","XGBoost_r197_BAG_L1"],"32":["CatBoost_r14_BAG_L1","CatBoost_r188_BAG_L1","CatBoost_r45_BAG_L1","CatBoost_r90_BAG_L1","ExtraTrees_r159_BAG_L1","ExtraTrees_r40_BAG_L1","ExtraTrees_r77_BAG_L1","LightGBM_r100_BAG_L1","NeuralNetFastAI_r102_BAG_L1","NeuralNetFastAI_r11_BAG_L1","NeuralNetFastAI_r127_BAG_L1","NeuralNetFastAI_r150_BAG_L1","NeuralNetFastAI_r152_BAG_L1","NeuralNetFastAI_r161_BAG_L1","NeuralNetFastAI_r29_BAG_L1","NeuralNetFastAI_r63_BAG_L1","NeuralNetFastAI_r81_BAG_L1","NeuralNetTorch_r103_BAG_L1","NeuralNetTorch_r117_BAG_L1","NeuralNetTorch_r135_BAG_L1","NeuralNetTorch_r144_BAG_L1","NeuralNetTorch_r149_BAG_L1","NeuralNetTorch_r158_BAG_L1","NeuralNetTorch_r161_BAG_L1","NeuralNetTorch_r167_BAG_L1","NeuralNetTorch_r168_BAG_L1","NeuralNetTorch_r24_BAG_L1","NeuralNetTorch_r30_BAG_L1","NeuralNetTorch_r32_BAG_L1","NeuralNetTorch_r37_BAG_L1","NeuralNetTorch_r41_BAG_L1","NeuralNetTorch_r45_BAG_L1","NeuralNetTorch_r4_BAG_L1","NeuralNetTorch_r59_BAG_L1","NeuralNetTorch_r66_BAG_L1","NeuralNetTorch_r67_BAG_L1","NeuralNetTorch_r69_BAG_L1","NeuralNetTorch_r79_BAG_L1","NeuralNetTorch_r83_BAG_L1","NeuralNetTorch_r95_BAG_L1","RandomForest_r117_BAG_L1","RandomForest_r199_BAG_L1","RandomForest_r29_BAG_L1","RandomForest_r99_BAG_L1","XGBoost_r128_BAG_L1","XGBoost_r131_BAG_L1","XGBoost_r197_BAG_L1"],"33":["CatBoost_r14_BAG_L1","CatBoost_r188_BAG_L1","CatBoost_r45_BAG_L1","CatBoost_r90_BAG_L1","ExtraTrees_r159_BAG_L1","ExtraTrees_r40_BAG_L1","ExtraTrees_r77_BAG_L1","LightGBM_r100_BAG_L1","NeuralNetFastAI_r102_BAG_L1","NeuralNetFastAI_r11_BAG_L1","NeuralNetFastAI_r127_BAG_L1","NeuralNetFastAI_r150_BAG_L1","NeuralNetFastAI_r152_BAG_L1","NeuralNetFastAI_r161_BAG_L1","NeuralNetFastAI_r29_BAG_L1","NeuralNetFastAI_r63_BAG_L1","NeuralNetFastAI_r81_BAG_L1","NeuralNetTorch_r103_BAG_L1","NeuralNetTorch_r117_BAG_L1","NeuralNetTorch_r135_BAG_L1","NeuralNetTorch_r144_BAG_L1","NeuralNetTorch_r149_BAG_L1","NeuralNetTorch_r158_BAG_L1","NeuralNetTorch_r161_BAG_L1","NeuralNetTorch_r167_BAG_L1","NeuralNetTorch_r168_BAG_L1","NeuralNetTorch_r24_BAG_L1","NeuralNetTorch_r30_BAG_L1","NeuralNetTorch_r32_BAG_L1","NeuralNetTorch_r37_BAG_L1","NeuralNetTorch_r41_BAG_L1","NeuralNetTorch_r45_BAG_L1","NeuralNetTorch_r4_BAG_L1","NeuralNetTorch_r59_BAG_L1","NeuralNetTorch_r66_BAG_L1","NeuralNetTorch_r69_BAG_L1","NeuralNetTorch_r79_BAG_L1","NeuralNetTorch_r83_BAG_L1","NeuralNetTorch_r95_BAG_L1","RandomForest_r117_BAG_L1","RandomForest_r151_BAG_L1","RandomForest_r199_BAG_L1","RandomForest_r29_BAG_L1","RandomForest_r99_BAG_L1","XGBoost_r128_BAG_L1","XGBoost_r131_BAG_L1","XGBoost_r197_BAG_L1"],"34":["CatBoost_r14_BAG_L1","CatBoost_r188_BAG_L1","CatBoost_r45_BAG_L1","CatBoost_r90_BAG_L1","ExtraTrees_r159_BAG_L1","ExtraTrees_r40_BAG_L1","ExtraTrees_r77_BAG_L1","LightGBM_r100_BAG_L1","NeuralNetFastAI_r102_BAG_L1","NeuralNetFastAI_r11_BAG_L1","NeuralNetFastAI_r127_BAG_L1","NeuralNetFastAI_r150_BAG_L1","NeuralNetFastAI_r152_BAG_L1","NeuralNetFastAI_r161_BAG_L1","NeuralNetFastAI_r29_BAG_L1","NeuralNetFastAI_r63_BAG_L1","NeuralNetFastAI_r81_BAG_L1","NeuralNetTorch_r103_BAG_L1","NeuralNetTorch_r117_BAG_L1","NeuralNetTorch_r135_BAG_L1","NeuralNetTorch_r144_BAG_L1","NeuralNetTorch_r149_BAG_L1","NeuralNetTorch_r158_BAG_L1","NeuralNetTorch_r161_BAG_L1","NeuralNetTorch_r167_BAG_L1","NeuralNetTorch_r168_BAG_L1","NeuralNetTorch_r24_BAG_L1","NeuralNetTorch_r30_BAG_L1","NeuralNetTorch_r32_BAG_L1","NeuralNetTorch_r37_BAG_L1","NeuralNetTorch_r41_BAG_L1","NeuralNetTorch_r45_BAG_L1","NeuralNetTorch_r4_BAG_L1","NeuralNetTorch_r59_BAG_L1","NeuralNetTorch_r66_BAG_L1","NeuralNetTorch_r69_BAG_L1","NeuralNetTorch_r79_BAG_L1","NeuralNetTorch_r83_BAG_L1","NeuralNetTorch_r95_BAG_L1","RandomForest_r117_BAG_L1","RandomForest_r199_BAG_L1","RandomForest_r29_BAG_L1","RandomForest_r99_BAG_L1","XGBoost_r128_BAG_L1","XGBoost_r131_BAG_L1","XGBoost_r197_BAG_L1","XGBoost_r52_BAG_L1"],"35":["CatBoost_r14_BAG_L1","CatBoost_r153_BAG_L1","CatBoost_r188_BAG_L1","CatBoost_r45_BAG_L1","CatBoost_r90_BAG_L1","ExtraTrees_r107_BAG_L1","ExtraTrees_r159_BAG_L1","ExtraTrees_r40_BAG_L1","ExtraTrees_r77_BAG_L1","LightGBM_r100_BAG_L1","NeuralNetFastAI_r102_BAG_L1","NeuralNetFastAI_r11_BAG_L1","NeuralNetFastAI_r127_BAG_L1","NeuralNetFastAI_r150_BAG_L1","NeuralNetFastAI_r152_BAG_L1","NeuralNetFastAI_r161_BAG_L1","NeuralNetFastAI_r29_BAG_L1","NeuralNetFastAI_r63_BAG_L1","NeuralNetFastAI_r81_BAG_L1","NeuralNetTorch_r103_BAG_L1","NeuralNetTorch_r117_BAG_L1","NeuralNetTorch_r135_BAG_L1","NeuralNetTorch_r144_BAG_L1","NeuralNetTorch_r149_BAG_L1","NeuralNetTorch_r158_BAG_L1","NeuralNetTorch_r161_BAG_L1","NeuralNetTorch_r167_BAG_L1","NeuralNetTorch_r168_BAG_L1","NeuralNetTorch_r24_BAG_L1","NeuralNetTorch_r30_BAG_L1","NeuralNetTorch_r32_BAG_L1","NeuralNetTorch_r37_BAG_L1","NeuralNetTorch_r41_BAG_L1","NeuralNetTorch_r45_BAG_L1","NeuralNetTorch_r4_BAG_L1","NeuralNetTorch_r59_BAG_L1","NeuralNetTorch_r66_BAG_L1","NeuralNetTorch_r69_BAG_L1","NeuralNetTorch_r79_BAG_L1","NeuralNetTorch_r83_BAG_L1","NeuralNetTorch_r95_BAG_L1","RandomForest_r117_BAG_L1","RandomForest_r199_BAG_L1","RandomForest_r29_BAG_L1","RandomForest_r99_BAG_L1","XGBoost_r128_BAG_L1","XGBoost_r131_BAG_L1","XGBoost_r197_BAG_L1"],"36":["CatBoost_r14_BAG_L1","CatBoost_r188_BAG_L1","CatBoost_r45_BAG_L1","CatBoost_r90_BAG_L1","ExtraTrees_r159_BAG_L1","ExtraTrees_r40_BAG_L1","ExtraTrees_r77_BAG_L1","LightGBM_r100_BAG_L1","LightGBM_r92_BAG_L1","NeuralNetFastAI_r102_BAG_L1","NeuralNetFastAI_r11_BAG_L1","NeuralNetFastAI_r127_BAG_L1","NeuralNetFastAI_r150_BAG_L1","NeuralNetFastAI_r152_BAG_L1","NeuralNetFastAI_r161_BAG_L1","NeuralNetFastAI_r29_BAG_L1","NeuralNetFastAI_r63_BAG_L1","NeuralNetFastAI_r81_BAG_L1","NeuralNetTorch_r103_BAG_L1","NeuralNetTorch_r117_BAG_L1","NeuralNetTorch_r135_BAG_L1","NeuralNetTorch_r144_BAG_L1","NeuralNetTorch_r149_BAG_L1","NeuralNetTorch_r158_BAG_L1","NeuralNetTorch_r161_BAG_L1","NeuralNetTorch_r167_BAG_L1","NeuralNetTorch_r168_BAG_L1","NeuralNetTorch_r24_BAG_L1","NeuralNetTorch_r30_BAG_L1","NeuralNetTorch_r32_BAG_L1","NeuralNetTorch_r37_BAG_L1","NeuralNetTorch_r41_BAG_L1","NeuralNetTorch_r45_BAG_L1","NeuralNetTorch_r4_BAG_L1","NeuralNetTorch_r59_BAG_L1","NeuralNetTorch_r66_BAG_L1","NeuralNetTorch_r69_BAG_L1","NeuralNetTorch_r79_BAG_L1","NeuralNetTorch_r83_BAG_L1","NeuralNetTorch_r95_BAG_L1","RandomForest_r117_BAG_L1","RandomForest_r199_BAG_L1","RandomForest_r29_BAG_L1","RandomForest_r99_BAG_L1","XGBoost_r128_BAG_L1","XGBoost_r131_BAG_L1","XGBoost_r197_BAG_L1"],"37":["CatBoost_r14_BAG_L1","CatBoost_r188_BAG_L1","CatBoost_r45_BAG_L1","CatBoost_r90_BAG_L1","ExtraTrees_r159_BAG_L1","ExtraTrees_r40_BAG_L1","ExtraTrees_r77_BAG_L1","LightGBM_r100_BAG_L1","LightGBM_r88_BAG_L1","NeuralNetFastAI_r102_BAG_L1","NeuralNetFastAI_r11_BAG_L1","NeuralNetFastAI_r127_BAG_L1","NeuralNetFastAI_r150_BAG_L1","NeuralNetFastAI_r152_BAG_L1","NeuralNetFastAI_r161_BAG_L1","NeuralNetFastAI_r29_BAG_L1","NeuralNetFastAI_r63_BAG_L1","NeuralNetFastAI_r81_BAG_L1","NeuralNetTorch_r103_BAG_L1","NeuralNetTorch_r117_BAG_L1","NeuralNetTorch_r135_BAG_L1","NeuralNetTorch_r144_BAG_L1","NeuralNetTorch_r149_BAG_L1","NeuralNetTorch_r158_BAG_L1","NeuralNetTorch_r161_BAG_L1","NeuralNetTorch_r167_BAG_L1","NeuralNetTorch_r168_BAG_L1","NeuralNetTorch_r24_BAG_L1","NeuralNetTorch_r30_BAG_L1","NeuralNetTorch_r32_BAG_L1","NeuralNetTorch_r37_BAG_L1","NeuralNetTorch_r41_BAG_L1","NeuralNetTorch_r45_BAG_L1","NeuralNetTorch_r4_BAG_L1","NeuralNetTorch_r59_BAG_L1","NeuralNetTorch_r66_BAG_L1","NeuralNetTorch_r69_BAG_L1","NeuralNetTorch_r79_BAG_L1","NeuralNetTorch_r83_BAG_L1","NeuralNetTorch_r95_BAG_L1","RandomForest_r117_BAG_L1","RandomForest_r199_BAG_L1","RandomForest_r29_BAG_L1","RandomForest_r99_BAG_L1","XGBoost_r128_BAG_L1","XGBoost_r131_BAG_L1","XGBoost_r197_BAG_L1"],"38":["CatBoost_r14_BAG_L1","CatBoost_r188_BAG_L1","CatBoost_r45_BAG_L1","CatBoost_r90_BAG_L1","ExtraTrees_r159_BAG_L1","ExtraTrees_r40_BAG_L1","ExtraTrees_r77_BAG_L1","LightGBM_r100_BAG_L1","NeuralNetFastAI_r102_BAG_L1","NeuralNetFastAI_r11_BAG_L1","NeuralNetFastAI_r127_BAG_L1","NeuralNetFastAI_r150_BAG_L1","NeuralNetFastAI_r152_BAG_L1","NeuralNetFastAI_r161_BAG_L1","NeuralNetFastAI_r29_BAG_L1","NeuralNetFastAI_r63_BAG_L1","NeuralNetFastAI_r81_BAG_L1","NeuralNetTorch_r103_BAG_L1","NeuralNetTorch_r117_BAG_L1","NeuralNetTorch_r135_BAG_L1","NeuralNetTorch_r144_BAG_L1","NeuralNetTorch_r149_BAG_L1","NeuralNetTorch_r158_BAG_L1","NeuralNetTorch_r161_BAG_L1","NeuralNetTorch_r167_BAG_L1","NeuralNetTorch_r168_BAG_L1","NeuralNetTorch_r178_BAG_L1","NeuralNetTorch_r24_BAG_L1","NeuralNetTorch_r30_BAG_L1","NeuralNetTorch_r32_BAG_L1","NeuralNetTorch_r37_BAG_L1","NeuralNetTorch_r41_BAG_L1","NeuralNetTorch_r45_BAG_L1","NeuralNetTorch_r4_BAG_L1","NeuralNetTorch_r59_BAG_L1","NeuralNetTorch_r66_BAG_L1","NeuralNetTorch_r69_BAG_L1","NeuralNetTorch_r79_BAG_L1","NeuralNetTorch_r83_BAG_L1","NeuralNetTorch_r95_BAG_L1","RandomForest_r117_BAG_L1","RandomForest_r199_BAG_L1","RandomForest_r29_BAG_L1","RandomForest_r99_BAG_L1","XGBoost_r128_BAG_L1","XGBoost_r131_BAG_L1","XGBoost_r197_BAG_L1"],"39":["CatBoost_r14_BAG_L1","CatBoost_r188_BAG_L1","CatBoost_r38_BAG_L1","CatBoost_r45_BAG_L1","CatBoost_r90_BAG_L1","ExtraTrees_r159_BAG_L1","ExtraTrees_r40_BAG_L1","ExtraTrees_r77_BAG_L1","LightGBM_r100_BAG_L1","NeuralNetFastAI_r102_BAG_L1","NeuralNetFastAI_r11_BAG_L1","NeuralNetFastAI_r127_BAG_L1","NeuralNetFastAI_r150_BAG_L1","NeuralNetFastAI_r152_BAG_L1","NeuralNetFastAI_r161_BAG_L1","NeuralNetFastAI_r29_BAG_L1","NeuralNetFastAI_r63_BAG_L1","NeuralNetFastAI_r81_BAG_L1","NeuralNetTorch_r103_BAG_L1","NeuralNetTorch_r117_BAG_L1","NeuralNetTorch_r135_BAG_L1","NeuralNetTorch_r144_BAG_L1","NeuralNetTorch_r149_BAG_L1","NeuralNetTorch_r158_BAG_L1","NeuralNetTorch_r161_BAG_L1","NeuralNetTorch_r167_BAG_L1","NeuralNetTorch_r168_BAG_L1","NeuralNetTorch_r24_BAG_L1","NeuralNetTorch_r30_BAG_L1","NeuralNetTorch_r32_BAG_L1","NeuralNetTorch_r37_BAG_L1","NeuralNetTorch_r41_BAG_L1","NeuralNetTorch_r45_BAG_L1","NeuralNetTorch_r4_BAG_L1","NeuralNetTorch_r59_BAG_L1","NeuralNetTorch_r66_BAG_L1","NeuralNetTorch_r69_BAG_L1","NeuralNetTorch_r79_BAG_L1","NeuralNetTorch_r83_BAG_L1","NeuralNetTorch_r95_BAG_L1","RandomForest_r117_BAG_L1","RandomForest_r199_BAG_L1","RandomForest_r29_BAG_L1","RandomForest_r99_BAG_L1","XGBoost_r128_BAG_L1","XGBoost_r131_BAG_L1","XGBoost_r197_BAG_L1"],"40":["CatBoost_r14_BAG_L1","CatBoost_r188_BAG_L1","CatBoost_r45_BAG_L1","CatBoost_r90_BAG_L1","ExtraTrees_r159_BAG_L1","ExtraTrees_r40_BAG_L1","ExtraTrees_r77_BAG_L1","LightGBM_r100_BAG_L1","NeuralNetFastAI_r102_BAG_L1","NeuralNetFastAI_r11_BAG_L1","NeuralNetFastAI_r127_BAG_L1","NeuralNetFastAI_r150_BAG_L1","NeuralNetFastAI_r152_BAG_L1","NeuralNetFastAI_r161_BAG_L1","NeuralNetFastAI_r29_BAG_L1","NeuralNetFastAI_r63_BAG_L1","NeuralNetFastAI_r81_BAG_L1","NeuralNetTorch_r103_BAG_L1","NeuralNetTorch_r117_BAG_L1","NeuralNetTorch_r135_BAG_L1","NeuralNetTorch_r144_BAG_L1","NeuralNetTorch_r149_BAG_L1","NeuralNetTorch_r158_BAG_L1","NeuralNetTorch_r161_BAG_L1","NeuralNetTorch_r167_BAG_L1","NeuralNetTorch_r168_BAG_L1","NeuralNetTorch_r24_BAG_L1","NeuralNetTorch_r30_BAG_L1","NeuralNetTorch_r32_BAG_L1","NeuralNetTorch_r37_BAG_L1","NeuralNetTorch_r41_BAG_L1","NeuralNetTorch_r45_BAG_L1","NeuralNetTorch_r4_BAG_L1","NeuralNetTorch_r59_BAG_L1","NeuralNetTorch_r66_BAG_L1","NeuralNetTorch_r69_BAG_L1","NeuralNetTorch_r79_BAG_L1","NeuralNetTorch_r83_BAG_L1","NeuralNetTorch_r95_BAG_L1","RandomForest_r117_BAG_L1","RandomForest_r199_BAG_L1","RandomForest_r29_BAG_L1","RandomForest_r99_BAG_L1","XGBoost_r128_BAG_L1","XGBoost_r131_BAG_L1","XGBoost_r197_BAG_L1"],"41":["CatBoost_r14_BAG_L1","CatBoost_r188_BAG_L1","CatBoost_r45_BAG_L1","CatBoost_r90_BAG_L1","ExtraTrees_r159_BAG_L1","ExtraTrees_r40_BAG_L1","ExtraTrees_r77_BAG_L1","LightGBM_r100_BAG_L1","LightGBM_r87_BAG_L1","NeuralNetFastAI_r102_BAG_L1","NeuralNetFastAI_r11_BAG_L1","NeuralNetFastAI_r127_BAG_L1","NeuralNetFastAI_r150_BAG_L1","NeuralNetFastAI_r152_BAG_L1","NeuralNetFastAI_r161_BAG_L1","NeuralNetFastAI_r29_BAG_L1","NeuralNetFastAI_r63_BAG_L1","NeuralNetFastAI_r81_BAG_L1","NeuralNetTorch_r117_BAG_L1","NeuralNetTorch_r135_BAG_L1","NeuralNetTorch_r144_BAG_L1","NeuralNetTorch_r149_BAG_L1","NeuralNetTorch_r158_BAG_L1","NeuralNetTorch_r161_BAG_L1","NeuralNetTorch_r167_BAG_L1","NeuralNetTorch_r168_BAG_L1","NeuralNetTorch_r24_BAG_L1","NeuralNetTorch_r30_BAG_L1","NeuralNetTorch_r32_BAG_L1","NeuralNetTorch_r37_BAG_L1","NeuralNetTorch_r41_BAG_L1","NeuralNetTorch_r45_BAG_L1","NeuralNetTorch_r4_BAG_L1","NeuralNetTorch_r59_BAG_L1","NeuralNetTorch_r66_BAG_L1","NeuralNetTorch_r69_BAG_L1","NeuralNetTorch_r79_BAG_L1","NeuralNetTorch_r83_BAG_L1","NeuralNetTorch_r95_BAG_L1","RandomForest_r117_BAG_L1","RandomForest_r199_BAG_L1","RandomForest_r29_BAG_L1","RandomForest_r99_BAG_L1","XGBoost_r128_BAG_L1","XGBoost_r131_BAG_L1","XGBoost_r197_BAG_L1"],"42":["CatBoost_r14_BAG_L1","CatBoost_r188_BAG_L1","CatBoost_r45_BAG_L1","CatBoost_r90_BAG_L1","ExtraTrees_r159_BAG_L1","ExtraTrees_r40_BAG_L1","ExtraTrees_r77_BAG_L1","LightGBM_r100_BAG_L1","NeuralNetFastAI_r102_BAG_L1","NeuralNetFastAI_r11_BAG_L1","NeuralNetFastAI_r127_BAG_L1","NeuralNetFastAI_r150_BAG_L1","NeuralNetFastAI_r152_BAG_L1","NeuralNetFastAI_r161_BAG_L1","NeuralNetFastAI_r29_BAG_L1","NeuralNetFastAI_r63_BAG_L1","NeuralNetFastAI_r81_BAG_L1","NeuralNetTorch_r103_BAG_L1","NeuralNetTorch_r117_BAG_L1","NeuralNetTorch_r135_BAG_L1","NeuralNetTorch_r144_BAG_L1","NeuralNetTorch_r149_BAG_L1","NeuralNetTorch_r158_BAG_L1","NeuralNetTorch_r161_BAG_L1","NeuralNetTorch_r167_BAG_L1","NeuralNetTorch_r168_BAG_L1","NeuralNetTorch_r24_BAG_L1","NeuralNetTorch_r30_BAG_L1","NeuralNetTorch_r32_BAG_L1","NeuralNetTorch_r37_BAG_L1","NeuralNetTorch_r41_BAG_L1","NeuralNetTorch_r45_BAG_L1","NeuralNetTorch_r4_BAG_L1","NeuralNetTorch_r59_BAG_L1","NeuralNetTorch_r66_BAG_L1","NeuralNetTorch_r69_BAG_L1","NeuralNetTorch_r79_BAG_L1","NeuralNetTorch_r83_BAG_L1","NeuralNetTorch_r95_BAG_L1","RandomForest_r117_BAG_L1","RandomForest_r199_BAG_L1","RandomForest_r29_BAG_L1","RandomForest_r99_BAG_L1","XGBoost_r128_BAG_L1","XGBoost_r131_BAG_L1","XGBoost_r197_BAG_L1","XGBoost_r53_BAG_L1"],"43":["CatBoost_r14_BAG_L1","CatBoost_r188_BAG_L1","CatBoost_r45_BAG_L1","CatBoost_r90_BAG_L1","ExtraTrees_r159_BAG_L1","ExtraTrees_r40_BAG_L1","ExtraTrees_r77_BAG_L1","LightGBM_r100_BAG_L1","NeuralNetFastAI_r102_BAG_L1","NeuralNetFastAI_r11_BAG_L1","NeuralNetFastAI_r127_BAG_L1","NeuralNetFastAI_r150_BAG_L1","NeuralNetFastAI_r152_BAG_L1","NeuralNetFastAI_r161_BAG_L1","NeuralNetFastAI_r29_BAG_L1","NeuralNetFastAI_r63_BAG_L1","NeuralNetFastAI_r81_BAG_L1","NeuralNetFastAI_r94_BAG_L1","NeuralNetTorch_r103_BAG_L1","NeuralNetTorch_r117_BAG_L1","NeuralNetTorch_r135_BAG_L1","NeuralNetTorch_r144_BAG_L1","NeuralNetTorch_r149_BAG_L1","NeuralNetTorch_r158_BAG_L1","NeuralNetTorch_r161_BAG_L1","NeuralNetTorch_r167_BAG_L1","NeuralNetTorch_r168_BAG_L1","NeuralNetTorch_r24_BAG_L1","NeuralNetTorch_r30_BAG_L1","NeuralNetTorch_r32_BAG_L1","NeuralNetTorch_r37_BAG_L1","NeuralNetTorch_r41_BAG_L1","NeuralNetTorch_r45_BAG_L1","NeuralNetTorch_r4_BAG_L1","NeuralNetTorch_r59_BAG_L1","NeuralNetTorch_r66_BAG_L1","NeuralNetTorch_r69_BAG_L1","NeuralNetTorch_r79_BAG_L1","NeuralNetTorch_r83_BAG_L1","NeuralNetTorch_r95_BAG_L1","RandomForest_r117_BAG_L1","RandomForest_r199_BAG_L1","RandomForest_r29_BAG_L1","RandomForest_r99_BAG_L1","XGBoost_r128_BAG_L1","XGBoost_r131_BAG_L1","XGBoost_r197_BAG_L1"],"44":["CatBoost_r14_BAG_L1","CatBoost_r188_BAG_L1","CatBoost_r32_BAG_L1","CatBoost_r45_BAG_L1","CatBoost_r90_BAG_L1","ExtraTrees_r159_BAG_L1","ExtraTrees_r40_BAG_L1","ExtraTrees_r77_BAG_L1","LightGBM_r100_BAG_L1","NeuralNetFastAI_r102_BAG_L1","NeuralNetFastAI_r11_BAG_L1","NeuralNetFastAI_r127_BAG_L1","NeuralNetFastAI_r150_BAG_L1","NeuralNetFastAI_r152_BAG_L1","NeuralNetFastAI_r161_BAG_L1","NeuralNetFastAI_r29_BAG_L1","NeuralNetFastAI_r63_BAG_L1","NeuralNetFastAI_r81_BAG_L1","NeuralNetTorch_r103_BAG_L1","NeuralNetTorch_r117_BAG_L1","NeuralNetTorch_r135_BAG_L1","NeuralNetTorch_r144_BAG_L1","NeuralNetTorch_r149_BAG_L1","NeuralNetTorch_r158_BAG_L1","NeuralNetTorch_r161_BAG_L1","NeuralNetTorch_r167_BAG_L1","NeuralNetTorch_r168_BAG_L1","NeuralNetTorch_r24_BAG_L1","NeuralNetTorch_r30_BAG_L1","NeuralNetTorch_r32_BAG_L1","NeuralNetTorch_r37_BAG_L1","NeuralNetTorch_r41_BAG_L1","NeuralNetTorch_r45_BAG_L1","NeuralNetTorch_r4_BAG_L1","NeuralNetTorch_r59_BAG_L1","NeuralNetTorch_r66_BAG_L1","NeuralNetTorch_r69_BAG_L1","NeuralNetTorch_r79_BAG_L1","NeuralNetTorch_r83_BAG_L1","NeuralNetTorch_r95_BAG_L1","RandomForest_r117_BAG_L1","RandomForest_r199_BAG_L1","RandomForest_r29_BAG_L1","RandomForest_r99_BAG_L1","XGBoost_r128_BAG_L1","XGBoost_r131_BAG_L1","XGBoost_r197_BAG_L1"],"45":["CatBoost_r14_BAG_L1","CatBoost_r188_BAG_L1","CatBoost_r45_BAG_L1","CatBoost_r90_BAG_L1","ExtraTrees_r107_BAG_L1","ExtraTrees_r159_BAG_L1","ExtraTrees_r40_BAG_L1","ExtraTrees_r77_BAG_L1","LightGBM_r100_BAG_L1","NeuralNetFastAI_r102_BAG_L1","NeuralNetFastAI_r11_BAG_L1","NeuralNetFastAI_r127_BAG_L1","NeuralNetFastAI_r150_BAG_L1","NeuralNetFastAI_r152_BAG_L1","NeuralNetFastAI_r161_BAG_L1","NeuralNetFastAI_r29_BAG_L1","NeuralNetFastAI_r63_BAG_L1","NeuralNetFastAI_r81_BAG_L1","NeuralNetFastAI_r94_BAG_L1","NeuralNetTorch_r103_BAG_L1","NeuralNetTorch_r117_BAG_L1","NeuralNetTorch_r135_BAG_L1","NeuralNetTorch_r144_BAG_L1","NeuralNetTorch_r149_BAG_L1","NeuralNetTorch_r158_BAG_L1","NeuralNetTorch_r161_BAG_L1","NeuralNetTorch_r167_BAG_L1","NeuralNetTorch_r168_BAG_L1","NeuralNetTorch_r24_BAG_L1","NeuralNetTorch_r30_BAG_L1","NeuralNetTorch_r32_BAG_L1","NeuralNetTorch_r37_BAG_L1","NeuralNetTorch_r41_BAG_L1","NeuralNetTorch_r45_BAG_L1","NeuralNetTorch_r4_BAG_L1","NeuralNetTorch_r59_BAG_L1","NeuralNetTorch_r66_BAG_L1","NeuralNetTorch_r69_BAG_L1","NeuralNetTorch_r79_BAG_L1","NeuralNetTorch_r83_BAG_L1","NeuralNetTorch_r95_BAG_L1","RandomForest_r117_BAG_L1","RandomForest_r199_BAG_L1","RandomForest_r29_BAG_L1","RandomForest_r99_BAG_L1","XGBoost_r128_BAG_L1","XGBoost_r131_BAG_L1","XGBoost_r197_BAG_L1"],"46":["CatBoost_r14_BAG_L1","CatBoost_r188_BAG_L1","CatBoost_r45_BAG_L1","CatBoost_r90_BAG_L1","ExtraTrees_r159_BAG_L1","ExtraTrees_r40_BAG_L1","ExtraTrees_r77_BAG_L1","LightGBM_r100_BAG_L1","NeuralNetFastAI_r102_BAG_L1","NeuralNetFastAI_r11_BAG_L1","NeuralNetFastAI_r127_BAG_L1","NeuralNetFastAI_r150_BAG_L1","NeuralNetFastAI_r152_BAG_L1","NeuralNetFastAI_r161_BAG_L1","NeuralNetFastAI_r29_BAG_L1","NeuralNetFastAI_r63_BAG_L1","NeuralNetFastAI_r81_BAG_L1","NeuralNetTorch_r117_BAG_L1","NeuralNetTorch_r135_BAG_L1","NeuralNetTorch_r144_BAG_L1","NeuralNetTorch_r149_BAG_L1","NeuralNetTorch_r158_BAG_L1","NeuralNetTorch_r161_BAG_L1","NeuralNetTorch_r167_BAG_L1","NeuralNetTorch_r168_BAG_L1","NeuralNetTorch_r24_BAG_L1","NeuralNetTorch_r30_BAG_L1","NeuralNetTorch_r32_BAG_L1","NeuralNetTorch_r37_BAG_L1","NeuralNetTorch_r41_BAG_L1","NeuralNetTorch_r45_BAG_L1","NeuralNetTorch_r4_BAG_L1","NeuralNetTorch_r59_BAG_L1","NeuralNetTorch_r66_BAG_L1","NeuralNetTorch_r69_BAG_L1","NeuralNetTorch_r79_BAG_L1","NeuralNetTorch_r83_BAG_L1","NeuralNetTorch_r95_BAG_L1","RandomForest_r117_BAG_L1","RandomForest_r199_BAG_L1","RandomForest_r29_BAG_L1","RandomForest_r40_BAG_L1","RandomForest_r99_BAG_L1","XGBoost_r128_BAG_L1","XGBoost_r131_BAG_L1","XGBoost_r197_BAG_L1"],"47":["CatBoost_r14_BAG_L1","CatBoost_r188_BAG_L1","CatBoost_r45_BAG_L1","CatBoost_r90_BAG_L1","ExtraTrees_r159_BAG_L1","ExtraTrees_r40_BAG_L1","ExtraTrees_r77_BAG_L1","LightGBM_r100_BAG_L1","NeuralNetFastAI_r102_BAG_L1","NeuralNetFastAI_r11_BAG_L1","NeuralNetFastAI_r127_BAG_L1","NeuralNetFastAI_r150_BAG_L1","NeuralNetFastAI_r152_BAG_L1","NeuralNetFastAI_r161_BAG_L1","NeuralNetFastAI_r29_BAG_L1","NeuralNetFastAI_r63_BAG_L1","NeuralNetFastAI_r81_BAG_L1","NeuralNetTorch_r117_BAG_L1","NeuralNetTorch_r135_BAG_L1","NeuralNetTorch_r144_BAG_L1","NeuralNetTorch_r149_BAG_L1","NeuralNetTorch_r158_BAG_L1","NeuralNetTorch_r161_BAG_L1","NeuralNetTorch_r167_BAG_L1","NeuralNetTorch_r168_BAG_L1","NeuralNetTorch_r24_BAG_L1","NeuralNetTorch_r30_BAG_L1","NeuralNetTorch_r32_BAG_L1","NeuralNetTorch_r37_BAG_L1","NeuralNetTorch_r41_BAG_L1","NeuralNetTorch_r45_BAG_L1","NeuralNetTorch_r4_BAG_L1","NeuralNetTorch_r59_BAG_L1","NeuralNetTorch_r66_BAG_L1","NeuralNetTorch_r69_BAG_L1","NeuralNetTorch_r79_BAG_L1","NeuralNetTorch_r83_BAG_L1","NeuralNetTorch_r95_BAG_L1","RandomForest_r117_BAG_L1","RandomForest_r199_BAG_L1","RandomForest_r29_BAG_L1","RandomForest_r99_BAG_L1","XGBoost_r128_BAG_L1","XGBoost_r131_BAG_L1","XGBoost_r197_BAG_L1"],"48":["CatBoost_r14_BAG_L1","CatBoost_r188_BAG_L1","CatBoost_r45_BAG_L1","CatBoost_r90_BAG_L1","ExtraTrees_r159_BAG_L1","ExtraTrees_r40_BAG_L1","ExtraTrees_r77_BAG_L1","LightGBM_r100_BAG_L1","LightGBM_r34_BAG_L1","NeuralNetFastAI_r102_BAG_L1","NeuralNetFastAI_r11_BAG_L1","NeuralNetFastAI_r127_BAG_L1","NeuralNetFastAI_r150_BAG_L1","NeuralNetFastAI_r152_BAG_L1","NeuralNetFastAI_r161_BAG_L1","NeuralNetFastAI_r29_BAG_L1","NeuralNetFastAI_r63_BAG_L1","NeuralNetFastAI_r81_BAG_L1","NeuralNetTorch_r103_BAG_L1","NeuralNetTorch_r117_BAG_L1","NeuralNetTorch_r135_BAG_L1","NeuralNetTorch_r144_BAG_L1","NeuralNetTorch_r149_BAG_L1","NeuralNetTorch_r158_BAG_L1","NeuralNetTorch_r161_BAG_L1","NeuralNetTorch_r167_BAG_L1","NeuralNetTorch_r168_BAG_L1","NeuralNetTorch_r24_BAG_L1","NeuralNetTorch_r30_BAG_L1","NeuralNetTorch_r32_BAG_L1","NeuralNetTorch_r37_BAG_L1","NeuralNetTorch_r41_BAG_L1","NeuralNetTorch_r45_BAG_L1","NeuralNetTorch_r4_BAG_L1","NeuralNetTorch_r59_BAG_L1","NeuralNetTorch_r66_BAG_L1","NeuralNetTorch_r69_BAG_L1","NeuralNetTorch_r79_BAG_L1","NeuralNetTorch_r83_BAG_L1","NeuralNetTorch_r95_BAG_L1","RandomForest_r117_BAG_L1","RandomForest_r199_BAG_L1","RandomForest_r29_BAG_L1","RandomForest_r99_BAG_L1","XGBoost_r128_BAG_L1","XGBoost_r131_BAG_L1","XGBoost_r197_BAG_L1"]},"weights":{"0":[0.0178571429,0.0178571429,0.0178571429,0.0178571429,0.0178571429,0.0178571429,0.0178571429,0.0178571429,0.0178571429,0.0178571429,0.0178571429,0.0178571429,0.0357142857,0.0178571429,0.0178571429,0.0178571429,0.0178571429,0.0357142857,0.0357142857,0.0178571429,0.0178571429,0.0178571429,0.0178571429,0.0178571429,0.0178571429,0.0357142857,0.0178571429,0.0178571429,0.0178571429,0.0178571429,0.0178571429,0.0178571429,0.0178571429,0.0357142857,0.0535714286,0.0178571429,0.0178571429,0.0535714286,0.0178571429,0.0178571429,0.0178571429,0.0178571429,0.0178571429,0.0178571429,0.0178571429,0.0178571429,0.0178571429],"1":[0.0181818182,0.0181818182,0.0181818182,0.0181818182,0.0181818182,0.0181818182,0.0181818182,0.0181818182,0.0181818182,0.0181818182,0.0181818182,0.0181818182,0.0363636364,0.0181818182,0.0181818182,0.0181818182,0.0181818182,0.0181818182,0.0181818182,0.0363636364,0.0181818182,0.0181818182,0.0181818182,0.0181818182,0.0181818182,0.0181818182,0.0363636364,0.0181818182,0.0181818182,0.0181818182,0.0181818182,0.0181818182,0.0181818182,0.0181818182,0.0363636364,0.0545454545,0.0181818182,0.0181818182,0.0363636364,0.0363636364,0.0181818182,0.0181818182,0.0181818182,0.0181818182,0.0181818182,0.0181818182,0.0181818182],"2":[0.0178571429,0.0178571429,0.0178571429,0.0178571429,0.0178571429,0.0178571429,0.0178571429,0.0178571429,0.0178571429,0.0178571429,0.0178571429,0.0178571429,0.0178571429,0.0178571429,0.0357142857,0.0178571429,0.0178571429,0.0178571429,0.0178571429,0.0178571429,0.0357142857,0.0178571429,0.0178571429,0.0178571429,0.0178571429,0.0178571429,0.0178571429,0.0357142857,0.0178571429,0.0178571429,0.0178571429,0.0178571429,0.0178571429,0.0178571429,0.0178571429,0.0357142857,0.0535714286,0.0178571429,0.0178571429,0.0535714286,0.0178571429,0.0178571429,0.0178571429,0.0178571429,0.0178571429,0.0178571429,0.0178571429,0.0178571429],"3":[0.0178571429,0.0178571429,0.0178571429,0.0178571429,0.0178571429,0.0178571429,0.0178571429,0.0178571429,0.0178571429,0.0178571429,0.0178571429,0.0178571429,0.0357142857,0.0178571429,0.0178571429,0.0178571429,0.0178571429,0.0357142857,0.0357142857,0.0178571429,0.0178571429,0.0178571429,0.0178571429,0.0178571429,0.0178571429,0.0357142857,0.0178571429,0.0178571429,0.0178571429,0.0178571429,0.0178571429,0.0178571429,0.0178571429,0.0357142857,0.0535714286,0.0178571429,0.0178571429,0.0535714286,0.0178571429,0.0178571429,0.0178571429,0.0178571429,0.0178571429,0.0178571429,0.0178571429,0.0178571429,0.0178571429],"4":[0.0178571429,0.0178571429,0.0178571429,0.0178571429,0.0178571429,0.0178571429,0.0178571429,0.0178571429,0.0178571429,0.0178571429,0.0178571429,0.0178571429,0.0178571429,0.0357142857,0.0178571429,0.0178571429,0.0178571429,0.0178571429,0.0178571429,0.0178571429,0.0357142857,0.0178571429,0.0178571429,0.0178571429,0.0178571429,0.0178571429,0.0178571429,0.0357142857,0.0178571429,0.0178571429,0.0178571429,0.0178571429,0.0178571429,0.0178571429,0.0178571429,0.0357142857,0.0535714286,0.0178571429,0.0178571429,0.0535714286,0.0178571429,0.0178571429,0.0178571429,0.0178571429,0.0178571429,0.0178571429,0.0178571429,0.0178571429],"5":[0.0181818182,0.0181818182,0.0181818182,0.0181818182,0.0181818182,0.0181818182,0.0181818182,0.0181818182,0.0181818182,0.0181818182,0.0181818182,0.0181818182,0.0181818182,0.0363636364,0.0181818182,0.0181818182,0.0181818182,0.0181818182,0.0181818182,0.0363636364,0.0181818182,0.0181818182,0.0181818182,0.0181818182,0.0181818182,0.0181818182,0.0363636364,0.0181818182,0.0181818182,0.0181818182,0.0181818182,0.0181818182,0.0181818182,0.0181818182,0.0363636364,0.0545454545,0.0181818182,0.0181818182,0.0545454545,0.0181818182,0.0181818182,0.0181818182,0.0181818182,0.0181818182,0.0181818182,0.0181818182,0.0181818182],"6":[0.0178571429,0.0178571429,0.0178571429,0.0178571429,0.0178571429,0.0178571429,0.0178571429,0.0178571429,0.0178571429,0.0178571429,0.0178571429,0.0178571429,0.0178571429,0.0357142857,0.0178571429,0.0178571429,0.0178571429,0.0178571429,0.0357142857,0.0357142857,0.0178571429,0.0178571429,0.0178571429,0.0178571429,0.0178571429,0.0178571429,0.0357142857,0.0178571429,0.0178571429,0.0178571429,0.0178571429,0.0178571429,0.0178571429,0.0178571429,0.0357142857,0.0535714286,0.0178571429,0.0178571429,0.0535714286,0.0178571429,0.0178571429,0.0178571429,0.0178571429,0.0178571429,0.0178571429,0.0178571429,0.0178571429],"7":[0.0175438596,0.0175438596,0.0175438596,0.0175438596,0.0175438596,0.0175438596,0.0175438596,0.0175438596,0.0175438596,0.0175438596,0.0175438596,0.0175438596,0.0175438596,0.0175438596,0.0350877193,0.0175438596,0.0175438596,0.0175438596,0.0175438596,0.0350877193,0.0350877193,0.0175438596,0.0175438596,0.0175438596,0.0175438596,0.0175438596,0.0175438596,0.0350877193,0.0175438596,0.0175438596,0.0175438596,0.0175438596,0.0175438596,0.0175438596,0.0175438596,0.0350877193,0.0526315789,0.0175438596,0.0175438596,0.0526315789,0.0175438596,0.0175438596,0.0175438596,0.0175438596,0.0175438596,0.0175438596,0.0175438596,0.0175438596],"8":[0.0175438596,0.0175438596,0.0175438596,0.0175438596,0.0175438596,0.0175438596,0.0175438596,0.0175438596,0.0175438596,0.0175438596,0.0175438596,0.0175438596,0.0175438596,0.0350877193,0.0175438596,0.0175438596,0.0175438596,0.0175438596,0.0350877193,0.0350877193,0.0175438596,0.0175438596,0.0175438596,0.0175438596,0.0175438596,0.0175438596,0.0350877193,0.0175438596,0.0175438596,0.0175438596,0.0175438596,0.0175438596,0.0175438596,0.0175438596,0.0350877193,0.0526315789,0.0175438596,0.0175438596,0.0526315789,0.0175438596,0.0175438596,0.0175438596,0.0175438596,0.0175438596,0.0175438596,0.0175438596,0.0175438596,0.0175438596],"9":[0.0178571429,0.0178571429,0.0178571429,0.0178571429,0.0178571429,0.0178571429,0.0178571429,0.0178571429,0.0178571429,0.0178571429,0.0178571429,0.0178571429,0.0178571429,0.0357142857,0.0178571429,0.0178571429,0.0178571429,0.0178571429,0.0357142857,0.0357142857,0.0178571429,0.0178571429,0.0178571429,0.0178571429,0.0178571429,0.0178571429,0.0357142857,0.0178571429,0.0178571429,0.0178571429,0.0178571429,0.0178571429,0.0178571429,0.0178571429,0.0357142857,0.0535714286,0.0178571429,0.0178571429,0.0535714286,0.0178571429,0.0178571429,0.0178571429,0.0178571429,0.0178571429,0.0178571429,0.0178571429,0.0178571429],"10":[0.0188679245,0.0188679245,0.0188679245,0.0188679245,0.0188679245,0.0188679245,0.0188679245,0.0188679245,0.0188679245,0.0188679245,0.0188679245,0.0188679245,0.0188679245,0.0377358491,0.0188679245,0.0188679245,0.0188679245,0.0188679245,0.0188679245,0.0377358491,0.0188679245,0.0188679245,0.0188679245,0.0188679245,0.0188679245,0.0188679245,0.0377358491,0.0188679245,0.0188679245,0.0188679245,0.0188679245,0.0188679245,0.0188679245,0.0188679245,0.0377358491,0.0377358491,0.0188679245,0.0188679245,0.0377358491,0.0188679245,0.0188679245,0.0188679245,0.0188679245,0.0188679245,0.0188679245,0.0188679245,0.0188679245],"11":[0.0175438596,0.0175438596,0.0175438596,0.0175438596,0.0175438596,0.0175438596,0.0175438596,0.0175438596,0.0175438596,0.0175438596,0.0175438596,0.0175438596,0.0175438596,0.0350877193,0.0175438596,0.0175438596,0.0175438596,0.0175438596,0.0350877193,0.0350877193,0.0175438596,0.0175438596,0.0175438596,0.0175438596,0.0175438596,0.0175438596,0.0175438596,0.0350877193,0.0175438596,0.0175438596,0.0175438596,0.0175438596,0.0175438596,0.0175438596,0.0175438596,0.0350877193,0.0526315789,0.0175438596,0.0175438596,0.0526315789,0.0175438596,0.0175438596,0.0175438596,0.0175438596,0.0175438596,0.0175438596,0.0175438596,0.0175438596],"12":[0.0178571429,0.0178571429,0.0178571429,0.0178571429,0.0178571429,0.0178571429,0.0178571429,0.0178571429,0.0178571429,0.0178571429,0.0178571429,0.0178571429,0.0178571429,0.0357142857,0.0178571429,0.0178571429,0.0178571429,0.0178571429,0.0357142857,0.0357142857,0.0178571429,0.0178571429,0.0178571429,0.0178571429,0.0178571429,0.0178571429,0.0357142857,0.0178571429,0.0178571429,0.0178571429,0.0178571429,0.0178571429,0.0178571429,0.0178571429,0.0357142857,0.0535714286,0.0178571429,0.0178571429,0.0535714286,0.0178571429,0.0178571429,0.0178571429,0.0178571429,0.0178571429,0.0178571429,0.0178571429,0.0178571429],"13":[0.0178571429,0.0178571429,0.0178571429,0.0178571429,0.0178571429,0.0178571429,0.0178571429,0.0178571429,0.0178571429,0.0178571429,0.0178571429,0.0178571429,0.0178571429,0.0357142857,0.0178571429,0.0178571429,0.0178571429,0.0178571429,0.0357142857,0.0357142857,0.0178571429,0.0178571429,0.0178571429,0.0178571429,0.0178571429,0.0178571429,0.0357142857,0.0178571429,0.0178571429,0.0178571429,0.0178571429,0.0178571429,0.0178571429,0.0178571429,0.0357142857,0.0535714286,0.0178571429,0.0178571429,0.0535714286,0.0178571429,0.0178571429,0.0178571429,0.0178571429,0.0178571429,0.0178571429,0.0178571429,0.0178571429],"14":[0.0178571429,0.0178571429,0.0178571429,0.0178571429,0.0178571429,0.0178571429,0.0178571429,0.0178571429,0.0178571429,0.0178571429,0.0178571429,0.0178571429,0.0357142857,0.0178571429,0.0178571429,0.0178571429,0.0178571429,0.0178571429,0.0357142857,0.0357142857,0.0178571429,0.0178571429,0.0178571429,0.0178571429,0.0178571429,0.0178571429,0.0357142857,0.0178571429,0.0178571429,0.0178571429,0.0178571429,0.0178571429,0.0178571429,0.0178571429,0.0357142857,0.0535714286,0.0178571429,0.0178571429,0.0535714286,0.0178571429,0.0178571429,0.0178571429,0.0178571429,0.0178571429,0.0178571429,0.0178571429,0.0178571429],"15":[0.0178571429,0.0178571429,0.0178571429,0.0178571429,0.0178571429,0.0178571429,0.0178571429,0.0178571429,0.0178571429,0.0178571429,0.0178571429,0.0178571429,0.0357142857,0.0178571429,0.0178571429,0.0178571429,0.0178571429,0.0357142857,0.0357142857,0.0178571429,0.0178571429,0.0178571429,0.0178571429,0.0178571429,0.0178571429,0.0357142857,0.0178571429,0.0178571429,0.0178571429,0.0178571429,0.0178571429,0.0178571429,0.0178571429,0.0357142857,0.0535714286,0.0178571429,0.0178571429,0.0535714286,0.0178571429,0.0178571429,0.0178571429,0.0178571429,0.0178571429,0.0178571429,0.0178571429,0.0178571429,0.0178571429],"16":[0.0178571429,0.0178571429,0.0178571429,0.0178571429,0.0178571429,0.0178571429,0.0178571429,0.0178571429,0.0178571429,0.0178571429,0.0178571429,0.0178571429,0.0357142857,0.0178571429,0.0178571429,0.0178571429,0.0178571429,0.0357142857,0.0357142857,0.0178571429,0.0178571429,0.0178571429,0.0178571429,0.0178571429,0.0178571429,0.0357142857,0.0178571429,0.0178571429,0.0178571429,0.0178571429,0.0178571429,0.0178571429,0.0178571429,0.0357142857,0.0535714286,0.0178571429,0.0178571429,0.0535714286,0.0178571429,0.0178571429,0.0178571429,0.0178571429,0.0178571429,0.0178571429,0.0178571429,0.0178571429,0.0178571429],"17":[0.0178571429,0.0178571429,0.0178571429,0.0178571429,0.0178571429,0.0178571429,0.0178571429,0.0178571429,0.0178571429,0.0178571429,0.0178571429,0.0178571429,0.0357142857,0.0178571429,0.0178571429,0.0178571429,0.0178571429,0.0357142857,0.0357142857,0.0178571429,0.0178571429,0.0178571429,0.0178571429,0.0178571429,0.0178571429,0.0357142857,0.0178571429,0.0178571429,0.0178571429,0.0178571429,0.0178571429,0.0178571429,0.0178571429,0.0357142857,0.0535714286,0.0178571429,0.0178571429,0.0535714286,0.0178571429,0.0178571429,0.0178571429,0.0178571429,0.0178571429,0.0178571429,0.0178571429,0.0178571429,0.0178571429],"18":[0.0178571429,0.0178571429,0.0178571429,0.0178571429,0.0178571429,0.0178571429,0.0178571429,0.0178571429,0.0178571429,0.0178571429,0.0178571429,0.0178571429,0.0178571429,0.0357142857,0.0178571429,0.0178571429,0.0178571429,0.0178571429,0.0357142857,0.0357142857,0.0178571429,0.0178571429,0.0178571429,0.0178571429,0.0178571429,0.0178571429,0.0357142857,0.0178571429,0.0178571429,0.0178571429,0.0178571429,0.0178571429,0.0178571429,0.0178571429,0.0357142857,0.0535714286,0.0178571429,0.0178571429,0.0535714286,0.0178571429,0.0178571429,0.0178571429,0.0178571429,0.0178571429,0.0178571429,0.0178571429,0.0178571429],"19":[0.0192307692,0.0192307692,0.0192307692,0.0192307692,0.0192307692,0.0192307692,0.0192307692,0.0192307692,0.0192307692,0.0192307692,0.0192307692,0.0192307692,0.0384615385,0.0192307692,0.0192307692,0.0192307692,0.0192307692,0.0192307692,0.0384615385,0.0192307692,0.0192307692,0.0192307692,0.0192307692,0.0192307692,0.0192307692,0.0384615385,0.0192307692,0.0192307692,0.0192307692,0.0192307692,0.0192307692,0.0192307692,0.0192307692,0.0384615385,0.0384615385,0.0192307692,0.0192307692,0.0384615385,0.0192307692,0.0192307692,0.0192307692,0.0192307692,0.0192307692,0.0192307692,0.0192307692,0.0192307692],"20":[0.0178571429,0.0178571429,0.0178571429,0.0178571429,0.0178571429,0.0178571429,0.0178571429,0.0178571429,0.0178571429,0.0178571429,0.0178571429,0.0178571429,0.0357142857,0.0178571429,0.0178571429,0.0178571429,0.0178571429,0.0357142857,0.0357142857,0.0178571429,0.0178571429,0.0178571429,0.0178571429,0.0178571429,0.0178571429,0.0357142857,0.0178571429,0.0178571429,0.0178571429,0.0178571429,0.0178571429,0.0178571429,0.0178571429,0.0357142857,0.0535714286,0.0178571429,0.0178571429,0.0535714286,0.0178571429,0.0178571429,0.0178571429,0.0178571429,0.0178571429,0.0178571429,0.0178571429,0.0178571429,0.0178571429],"21":[0.0178571429,0.0178571429,0.0178571429,0.0178571429,0.0178571429,0.0178571429,0.0178571429,0.0178571429,0.0178571429,0.0178571429,0.0178571429,0.0178571429,0.0178571429,0.0357142857,0.0178571429,0.0178571429,0.0178571429,0.0178571429,0.0357142857,0.0357142857,0.0178571429,0.0178571429,0.0178571429,0.0178571429,0.0178571429,0.0178571429,0.0357142857,0.0178571429,0.0178571429,0.0178571429,0.0178571429,0.0178571429,0.0178571429,0.0178571429,0.0357142857,0.0535714286,0.0178571429,0.0178571429,0.0535714286,0.0178571429,0.0178571429,0.0178571429,0.0178571429,0.0178571429,0.0178571429,0.0178571429,0.0178571429],"22":[0.0178571429,0.0178571429,0.0178571429,0.0178571429,0.0178571429,0.0178571429,0.0178571429,0.0178571429,0.0178571429,0.0178571429,0.0178571429,0.0178571429,0.0357142857,0.0178571429,0.0178571429,0.0178571429,0.0178571429,0.0357142857,0.0357142857,0.0178571429,0.0178571429,0.0178571429,0.0178571429,0.0178571429,0.0178571429,0.0357142857,0.0178571429,0.0178571429,0.0178571429,0.0178571429,0.0178571429,0.0178571429,0.0178571429,0.0357142857,0.0535714286,0.0178571429,0.0178571429,0.0535714286,0.0178571429,0.0178571429,0.0178571429,0.0178571429,0.0178571429,0.0178571429,0.0178571429,0.0178571429,0.0178571429],"23":[0.0192307692,0.0192307692,0.0192307692,0.0192307692,0.0192307692,0.0192307692,0.0192307692,0.0192307692,0.0192307692,0.0192307692,0.0192307692,0.0192307692,0.0384615385,0.0192307692,0.0192307692,0.0192307692,0.0192307692,0.0192307692,0.0384615385,0.0192307692,0.0192307692,0.0192307692,0.0192307692,0.0192307692,0.0192307692,0.0384615385,0.0192307692,0.0192307692,0.0192307692,0.0192307692,0.0192307692,0.0192307692,0.0192307692,0.0384615385,0.0384615385,0.0192307692,0.0192307692,0.0384615385,0.0192307692,0.0192307692,0.0192307692,0.0192307692,0.0192307692,0.0192307692,0.0192307692,0.0192307692],"24":[0.0178571429,0.0178571429,0.0178571429,0.0178571429,0.0178571429,0.0178571429,0.0178571429,0.0178571429,0.0178571429,0.0178571429,0.0178571429,0.0178571429,0.0178571429,0.0357142857,0.0178571429,0.0178571429,0.0178571429,0.0178571429,0.0357142857,0.0357142857,0.0178571429,0.0178571429,0.0178571429,0.0178571429,0.0178571429,0.0178571429,0.0357142857,0.0178571429,0.0178571429,0.0178571429,0.0178571429,0.0178571429,0.0178571429,0.0178571429,0.0357142857,0.0535714286,0.0178571429,0.0178571429,0.0535714286,0.0178571429,0.0178571429,0.0178571429,0.0178571429,0.0178571429,0.0178571429,0.0178571429,0.0178571429],"25":[0.0175438596,0.0175438596,0.0175438596,0.0175438596,0.0175438596,0.0175438596,0.0175438596,0.0175438596,0.0175438596,0.0175438596,0.0175438596,0.0175438596,0.0175438596,0.0350877193,0.0175438596,0.0175438596,0.0175438596,0.0175438596,0.0350877193,0.0350877193,0.0175438596,0.0175438596,0.0175438596,0.0175438596,0.0175438596,0.0175438596,0.0350877193,0.0175438596,0.0175438596,0.0175438596,0.0175438596,0.0175438596,0.0175438596,0.0175438596,0.0175438596,0.0350877193,0.0526315789,0.0175438596,0.0175438596,0.0526315789,0.0175438596,0.0175438596,0.0175438596,0.0175438596,0.0175438596,0.0175438596,0.0175438596,0.0175438596],"26":[0.0178571429,0.0178571429,0.0178571429,0.0178571429,0.0178571429,0.0178571429,0.0178571429,0.0178571429,0.0178571429,0.0178571429,0.0178571429,0.0178571429,0.0178571429,0.0357142857,0.0178571429,0.0178571429,0.0178571429,0.0178571429,0.0357142857,0.0357142857,0.0178571429,0.0178571429,0.0178571429,0.0178571429,0.0178571429,0.0178571429,0.0357142857,0.0178571429,0.0178571429,0.0178571429,0.0178571429,0.0178571429,0.0178571429,0.0178571429,0.0357142857,0.0535714286,0.0178571429,0.0178571429,0.0535714286,0.0178571429,0.0178571429,0.0178571429,0.0178571429,0.0178571429,0.0178571429,0.0178571429,0.0178571429],"27":[0.0178571429,0.0178571429,0.0178571429,0.0178571429,0.0178571429,0.0178571429,0.0178571429,0.0178571429,0.0178571429,0.0178571429,0.0178571429,0.0178571429,0.0357142857,0.0178571429,0.0178571429,0.0178571429,0.0178571429,0.0357142857,0.0357142857,0.0178571429,0.0178571429,0.0178571429,0.0178571429,0.0178571429,0.0178571429,0.0357142857,0.0178571429,0.0178571429,0.0178571429,0.0178571429,0.0178571429,0.0178571429,0.0178571429,0.0357142857,0.0535714286,0.0178571429,0.0178571429,0.0535714286,0.0178571429,0.0178571429,0.0178571429,0.0178571429,0.0178571429,0.0178571429,0.0178571429,0.0178571429,0.0178571429],"28":[0.0196078431,0.0196078431,0.0196078431,0.0196078431,0.0196078431,0.0196078431,0.0196078431,0.0196078431,0.0196078431,0.0196078431,0.0196078431,0.0196078431,0.0392156863,0.0196078431,0.0196078431,0.0196078431,0.0196078431,0.0392156863,0.0196078431,0.0196078431,0.0196078431,0.0196078431,0.0196078431,0.0196078431,0.0392156863,0.0196078431,0.0196078431,0.0196078431,0.0196078431,0.0196078431,0.0196078431,0.0196078431,0.0392156863,0.0392156863,0.0196078431,0.0196078431,0.0392156863,0.0196078431,0.0196078431,0.0196078431,0.0196078431,0.0196078431,0.0196078431,0.0196078431,0.0196078431],"29":[0.0178571429,0.0178571429,0.0178571429,0.0178571429,0.0178571429,0.0178571429,0.0178571429,0.0178571429,0.0178571429,0.0178571429,0.0178571429,0.0178571429,0.0357142857,0.0178571429,0.0178571429,0.0178571429,0.0178571429,0.0357142857,0.0357142857,0.0178571429,0.0178571429,0.0178571429,0.0178571429,0.0178571429,0.0178571429,0.0357142857,0.0178571429,0.0178571429,0.0178571429,0.0178571429,0.0178571429,0.0178571429,0.0178571429,0.0357142857,0.0535714286,0.0178571429,0.0178571429,0.0535714286,0.0178571429,0.0178571429,0.0178571429,0.0178571429,0.0178571429,0.0178571429,0.0178571429,0.0178571429,0.0178571429],"30":[0.0181818182,0.0181818182,0.0181818182,0.0181818182,0.0181818182,0.0181818182,0.0181818182,0.0181818182,0.0181818182,0.0181818182,0.0181818182,0.0181818182,0.0363636364,0.0181818182,0.0181818182,0.0181818182,0.0181818182,0.0181818182,0.0363636364,0.0181818182,0.0181818182,0.0181818182,0.0181818182,0.0181818182,0.0181818182,0.0363636364,0.0181818182,0.0181818182,0.0181818182,0.0181818182,0.0181818182,0.0181818182,0.0181818182,0.0363636364,0.0545454545,0.0181818182,0.0181818182,0.0545454545,0.0363636364,0.0181818182,0.0181818182,0.0181818182,0.0181818182,0.0181818182,0.0181818182,0.0181818182],"31":[0.0178571429,0.0178571429,0.0178571429,0.0178571429,0.0178571429,0.0178571429,0.0178571429,0.0178571429,0.0178571429,0.0178571429,0.0178571429,0.0178571429,0.0357142857,0.0178571429,0.0178571429,0.0178571429,0.0178571429,0.0357142857,0.0357142857,0.0178571429,0.0178571429,0.0178571429,0.0178571429,0.0178571429,0.0178571429,0.0357142857,0.0178571429,0.0178571429,0.0178571429,0.0178571429,0.0178571429,0.0357142857,0.0178571429,0.0357142857,0.0535714286,0.0178571429,0.0178571429,0.0535714286,0.0178571429,0.0178571429,0.0178571429,0.0178571429,0.0178571429,0.0178571429,0.0178571429,0.0178571429],"32":[0.0178571429,0.0178571429,0.0178571429,0.0178571429,0.0178571429,0.0178571429,0.0178571429,0.0178571429,0.0178571429,0.0178571429,0.0178571429,0.0178571429,0.0357142857,0.0178571429,0.0178571429,0.0178571429,0.0178571429,0.0357142857,0.0357142857,0.0178571429,0.0178571429,0.0178571429,0.0178571429,0.0178571429,0.0178571429,0.0357142857,0.0178571429,0.0178571429,0.0178571429,0.0178571429,0.0178571429,0.0178571429,0.0178571429,0.0357142857,0.0535714286,0.0178571429,0.0178571429,0.0178571429,0.0535714286,0.0178571429,0.0178571429,0.0178571429,0.0178571429,0.0178571429,0.0178571429,0.0178571429,0.0178571429],"33":[0.0178571429,0.0178571429,0.0178571429,0.0178571429,0.0178571429,0.0178571429,0.0178571429,0.0178571429,0.0178571429,0.0178571429,0.0178571429,0.0178571429,0.0357142857,0.0178571429,0.0178571429,0.0178571429,0.0178571429,0.0357142857,0.0357142857,0.0178571429,0.0178571429,0.0178571429,0.0178571429,0.0178571429,0.0178571429,0.0357142857,0.0178571429,0.0178571429,0.0178571429,0.0178571429,0.0178571429,0.0178571429,0.0178571429,0.0357142857,0.0535714286,0.0178571429,0.0178571429,0.0535714286,0.0178571429,0.0178571429,0.0178571429,0.0178571429,0.0178571429,0.0178571429,0.0178571429,0.0178571429,0.0178571429],"34":[0.0178571429,0.0178571429,0.0178571429,0.0178571429,0.0178571429,0.0178571429,0.0178571429,0.0178571429,0.0178571429,0.0178571429,0.0178571429,0.0178571429,0.0357142857,0.0178571429,0.0178571429,0.0178571429,0.0178571429,0.0357142857,0.0357142857,0.0178571429,0.0178571429,0.0178571429,0.0178571429,0.0178571429,0.0178571429,0.0357142857,0.0178571429,0.0178571429,0.0178571429,0.0178571429,0.0178571429,0.0178571429,0.0178571429,0.0357142857,0.0535714286,0.0178571429,0.0178571429,0.0535714286,0.0178571429,0.0178571429,0.0178571429,0.0178571429,0.0178571429,0.0178571429,0.0178571429,0.0178571429,0.0178571429],"35":[0.0178571429,0.0178571429,0.0178571429,0.0178571429,0.0178571429,0.0178571429,0.0178571429,0.0178571429,0.0178571429,0.0178571429,0.0178571429,0.0178571429,0.0178571429,0.0178571429,0.0357142857,0.0178571429,0.0178571429,0.0178571429,0.0178571429,0.0178571429,0.0357142857,0.0178571429,0.0178571429,0.0178571429,0.0178571429,0.0178571429,0.0178571429,0.0357142857,0.0178571429,0.0178571429,0.0178571429,0.0178571429,0.0178571429,0.0178571429,0.0178571429,0.0357142857,0.0535714286,0.0178571429,0.0178571429,0.0535714286,0.0178571429,0.0178571429,0.0178571429,0.0178571429,0.0178571429,0.0178571429,0.0178571429,0.0178571429],"36":[0.0178571429,0.0178571429,0.0178571429,0.0178571429,0.0178571429,0.0178571429,0.0178571429,0.0178571429,0.0178571429,0.0178571429,0.0178571429,0.0178571429,0.0178571429,0.0357142857,0.0178571429,0.0178571429,0.0178571429,0.0178571429,0.0357142857,0.0357142857,0.0178571429,0.0178571429,0.0178571429,0.0178571429,0.0178571429,0.0178571429,0.0357142857,0.0178571429,0.0178571429,0.0178571429,0.0178571429,0.0178571429,0.0178571429,0.0178571429,0.0357142857,0.0535714286,0.0178571429,0.0178571429,0.0535714286,0.0178571429,0.0178571429,0.0178571429,0.0178571429,0.0178571429,0.0178571429,0.0178571429,0.0178571429],"37":[0.0178571429,0.0178571429,0.0178571429,0.0178571429,0.0178571429,0.0178571429,0.0178571429,0.0178571429,0.0178571429,0.0178571429,0.0178571429,0.0178571429,0.0178571429,0.0357142857,0.0178571429,0.0178571429,0.0178571429,0.0178571429,0.0357142857,0.0357142857,0.0178571429,0.0178571429,0.0178571429,0.0178571429,0.0178571429,0.0178571429,0.0357142857,0.0178571429,0.0178571429,0.0178571429,0.0178571429,0.0178571429,0.0178571429,0.0178571429,0.0357142857,0.0535714286,0.0178571429,0.0178571429,0.0535714286,0.0178571429,0.0178571429,0.0178571429,0.0178571429,0.0178571429,0.0178571429,0.0178571429,0.0178571429],"38":[0.0178571429,0.0178571429,0.0178571429,0.0178571429,0.0178571429,0.0178571429,0.0178571429,0.0178571429,0.0178571429,0.0178571429,0.0178571429,0.0178571429,0.0357142857,0.0178571429,0.0178571429,0.0178571429,0.0178571429,0.0357142857,0.0357142857,0.0178571429,0.0178571429,0.0178571429,0.0178571429,0.0178571429,0.0178571429,0.0357142857,0.0178571429,0.0178571429,0.0178571429,0.0178571429,0.0178571429,0.0178571429,0.0178571429,0.0178571429,0.0357142857,0.0535714286,0.0178571429,0.0178571429,0.0535714286,0.0178571429,0.0178571429,0.0178571429,0.0178571429,0.0178571429,0.0178571429,0.0178571429,0.0178571429],"39":[0.0178571429,0.0178571429,0.0178571429,0.0178571429,0.0178571429,0.0178571429,0.0178571429,0.0178571429,0.0178571429,0.0178571429,0.0178571429,0.0178571429,0.0178571429,0.0357142857,0.0178571429,0.0178571429,0.0178571429,0.0178571429,0.0357142857,0.0357142857,0.0178571429,0.0178571429,0.0178571429,0.0178571429,0.0178571429,0.0178571429,0.0357142857,0.0178571429,0.0178571429,0.0178571429,0.0178571429,0.0178571429,0.0178571429,0.0178571429,0.0357142857,0.0535714286,0.0178571429,0.0178571429,0.0535714286,0.0178571429,0.0178571429,0.0178571429,0.0178571429,0.0178571429,0.0178571429,0.0178571429,0.0178571429],"40":[0.0181818182,0.0181818182,0.0181818182,0.0181818182,0.0181818182,0.0181818182,0.0181818182,0.0181818182,0.0181818182,0.0181818182,0.0181818182,0.0181818182,0.0363636364,0.0181818182,0.0181818182,0.0181818182,0.0181818182,0.0363636364,0.0363636364,0.0181818182,0.0181818182,0.0181818182,0.0181818182,0.0181818182,0.0181818182,0.0363636364,0.0181818182,0.0181818182,0.0181818182,0.0181818182,0.0181818182,0.0181818182,0.0181818182,0.0363636364,0.0545454545,0.0181818182,0.0181818182,0.0545454545,0.0181818182,0.0181818182,0.0181818182,0.0181818182,0.0181818182,0.0181818182,0.0181818182,0.0181818182],"41":[0.0192307692,0.0192307692,0.0192307692,0.0192307692,0.0192307692,0.0192307692,0.0192307692,0.0192307692,0.0192307692,0.0192307692,0.0192307692,0.0192307692,0.0192307692,0.0384615385,0.0192307692,0.0192307692,0.0192307692,0.0192307692,0.0384615385,0.0192307692,0.0192307692,0.0192307692,0.0192307692,0.0192307692,0.0192307692,0.0384615385,0.0192307692,0.0192307692,0.0192307692,0.0192307692,0.0192307692,0.0192307692,0.0192307692,0.0384615385,0.0384615385,0.0192307692,0.0192307692,0.0384615385,0.0192307692,0.0192307692,0.0192307692,0.0192307692,0.0192307692,0.0192307692,0.0192307692,0.0192307692],"42":[0.0178571429,0.0178571429,0.0178571429,0.0178571429,0.0178571429,0.0178571429,0.0178571429,0.0178571429,0.0178571429,0.0178571429,0.0178571429,0.0178571429,0.0357142857,0.0178571429,0.0178571429,0.0178571429,0.0178571429,0.0357142857,0.0357142857,0.0178571429,0.0178571429,0.0178571429,0.0178571429,0.0178571429,0.0178571429,0.0357142857,0.0178571429,0.0178571429,0.0178571429,0.0178571429,0.0178571429,0.0178571429,0.0178571429,0.0357142857,0.0535714286,0.0178571429,0.0178571429,0.0535714286,0.0178571429,0.0178571429,0.0178571429,0.0178571429,0.0178571429,0.0178571429,0.0178571429,0.0178571429,0.0178571429],"43":[0.0178571429,0.0178571429,0.0178571429,0.0178571429,0.0178571429,0.0178571429,0.0178571429,0.0178571429,0.0178571429,0.0178571429,0.0178571429,0.0178571429,0.0357142857,0.0178571429,0.0178571429,0.0178571429,0.0178571429,0.0178571429,0.0357142857,0.0357142857,0.0178571429,0.0178571429,0.0178571429,0.0178571429,0.0178571429,0.0178571429,0.0357142857,0.0178571429,0.0178571429,0.0178571429,0.0178571429,0.0178571429,0.0178571429,0.0178571429,0.0357142857,0.0535714286,0.0178571429,0.0178571429,0.0535714286,0.0178571429,0.0178571429,0.0178571429,0.0178571429,0.0178571429,0.0178571429,0.0178571429,0.0178571429],"44":[0.0178571429,0.0178571429,0.0178571429,0.0178571429,0.0178571429,0.0178571429,0.0178571429,0.0178571429,0.0178571429,0.0178571429,0.0178571429,0.0178571429,0.0178571429,0.0357142857,0.0178571429,0.0178571429,0.0178571429,0.0178571429,0.0357142857,0.0357142857,0.0178571429,0.0178571429,0.0178571429,0.0178571429,0.0178571429,0.0178571429,0.0357142857,0.0178571429,0.0178571429,0.0178571429,0.0178571429,0.0178571429,0.0178571429,0.0178571429,0.0357142857,0.0535714286,0.0178571429,0.0178571429,0.0535714286,0.0178571429,0.0178571429,0.0178571429,0.0178571429,0.0178571429,0.0178571429,0.0178571429,0.0178571429],"45":[0.0178571429,0.0178571429,0.0178571429,0.0178571429,0.0178571429,0.0178571429,0.0178571429,0.0178571429,0.0178571429,0.0178571429,0.0178571429,0.0178571429,0.0178571429,0.0357142857,0.0178571429,0.0178571429,0.0178571429,0.0178571429,0.0178571429,0.0178571429,0.0357142857,0.0178571429,0.0178571429,0.0178571429,0.0178571429,0.0178571429,0.0178571429,0.0357142857,0.0178571429,0.0178571429,0.0178571429,0.0178571429,0.0178571429,0.0178571429,0.0178571429,0.0357142857,0.0535714286,0.0178571429,0.0178571429,0.0535714286,0.0178571429,0.0178571429,0.0178571429,0.0178571429,0.0178571429,0.0178571429,0.0178571429,0.0178571429],"46":[0.0192307692,0.0192307692,0.0192307692,0.0192307692,0.0192307692,0.0192307692,0.0192307692,0.0192307692,0.0192307692,0.0192307692,0.0192307692,0.0192307692,0.0384615385,0.0192307692,0.0192307692,0.0192307692,0.0192307692,0.0384615385,0.0192307692,0.0192307692,0.0192307692,0.0192307692,0.0192307692,0.0192307692,0.0384615385,0.0192307692,0.0192307692,0.0192307692,0.0192307692,0.0192307692,0.0192307692,0.0192307692,0.0384615385,0.0384615385,0.0192307692,0.0192307692,0.0384615385,0.0192307692,0.0192307692,0.0192307692,0.0192307692,0.0192307692,0.0192307692,0.0192307692,0.0192307692,0.0192307692],"47":[0.0196078431,0.0196078431,0.0196078431,0.0196078431,0.0196078431,0.0196078431,0.0196078431,0.0196078431,0.0196078431,0.0196078431,0.0196078431,0.0196078431,0.0392156863,0.0196078431,0.0196078431,0.0196078431,0.0196078431,0.0392156863,0.0196078431,0.0196078431,0.0196078431,0.0196078431,0.0196078431,0.0196078431,0.0392156863,0.0196078431,0.0196078431,0.0196078431,0.0196078431,0.0196078431,0.0196078431,0.0196078431,0.0392156863,0.0392156863,0.0196078431,0.0196078431,0.0392156863,0.0196078431,0.0196078431,0.0196078431,0.0196078431,0.0196078431,0.0196078431,0.0196078431,0.0196078431],"48":[0.0178571429,0.0178571429,0.0178571429,0.0178571429,0.0178571429,0.0178571429,0.0178571429,0.0178571429,0.0178571429,0.0178571429,0.0178571429,0.0178571429,0.0178571429,0.0357142857,0.0178571429,0.0178571429,0.0178571429,0.0178571429,0.0357142857,0.0357142857,0.0178571429,0.0178571429,0.0178571429,0.0178571429,0.0178571429,0.0178571429,0.0357142857,0.0178571429,0.0178571429,0.0178571429,0.0178571429,0.0178571429,0.0178571429,0.0178571429,0.0357142857,0.0535714286,0.0178571429,0.0178571429,0.0535714286,0.0178571429,0.0178571429,0.0178571429,0.0178571429,0.0178571429,0.0178571429,0.0178571429,0.0178571429]},"meta":{"0":56,"1":56,"2":56,"3":56,"4":57,"5":53,"6":56,"7":51,"8":52,"9":56,"10":56,"11":56,"12":56,"13":51,"14":56,"15":56,"16":56,"17":55,"18":56,"19":55,"20":56,"21":56,"22":56,"23":56,"24":56,"25":57,"26":55,"27":56,"28":56,"29":56,"30":56,"31":52,"32":57,"33":56,"34":52,"35":56,"36":56,"37":52,"38":56,"39":56,"40":55,"41":56,"42":56,"43":56,"44":56,"45":56,"46":57,"47":56,"48":56},"task":{"0":"9909_2","1":"9909_2","2":"9909_2","3":"9909_2","4":"9909_2","5":"9909_2","6":"9909_2","7":"9909_2","8":"9909_2","9":"9909_2","10":"9909_2","11":"9909_2","12":"9909_2","13":"9909_2","14":"9909_2","15":"9909_2","16":"9909_2","17":"9909_2","18":"9909_2","19":"9909_2","20":"9909_2","21":"9909_2","22":"9909_2","23":"9909_2","24":"9909_2","25":"9909_2","26":"9909_2","27":"9909_2","28":"9909_2","29":"9909_2","30":"9909_2","31":"9909_2","32":"9909_2","33":"9909_2","34":"9909_2","35":"9909_2","36":"9909_2","37":"9909_2","38":"9909_2","39":"9909_2","40":"9909_2","41":"9909_2","42":"9909_2","43":"9909_2","44":"9909_2","45":"9909_2","46":"9909_2","47":"9909_2","48":"9909_2"},"dataset":{"0":"autoUniv-au1-1000","1":"autoUniv-au1-1000","2":"autoUniv-au1-1000","3":"autoUniv-au1-1000","4":"autoUniv-au1-1000","5":"autoUniv-au1-1000","6":"autoUniv-au1-1000","7":"autoUniv-au1-1000","8":"autoUniv-au1-1000","9":"autoUniv-au1-1000","10":"autoUniv-au1-1000","11":"autoUniv-au1-1000","12":"autoUniv-au1-1000","13":"autoUniv-au1-1000","14":"autoUniv-au1-1000","15":"autoUniv-au1-1000","16":"autoUniv-au1-1000","17":"autoUniv-au1-1000","18":"autoUniv-au1-1000","19":"autoUniv-au1-1000","20":"autoUniv-au1-1000","21":"autoUniv-au1-1000","22":"autoUniv-au1-1000","23":"autoUniv-au1-1000","24":"autoUniv-au1-1000","25":"autoUniv-au1-1000","26":"autoUniv-au1-1000","27":"autoUniv-au1-1000","28":"autoUniv-au1-1000","29":"autoUniv-au1-1000","30":"autoUniv-au1-1000","31":"autoUniv-au1-1000","32":"autoUniv-au1-1000","33":"autoUniv-au1-1000","34":"autoUniv-au1-1000","35":"autoUniv-au1-1000","36":"autoUniv-au1-1000","37":"autoUniv-au1-1000","38":"autoUniv-au1-1000","39":"autoUniv-au1-1000","40":"autoUniv-au1-1000","41":"autoUniv-au1-1000","42":"autoUniv-au1-1000","43":"autoUniv-au1-1000","44":"autoUniv-au1-1000","45":"autoUniv-au1-1000","46":"autoUniv-au1-1000","47":"autoUniv-au1-1000","48":"autoUniv-au1-1000"},"fold":{"0":2,"1":2,"2":2,"3":2,"4":2,"5":2,"6":2,"7":2,"8":2,"9":2,"10":2,"11":2,"12":2,"13":2,"14":2,"15":2,"16":2,"17":2,"18":2,"19":2,"20":2,"21":2,"22":2,"23":2,"24":2,"25":2,"26":2,"27":2,"28":2,"29":2,"30":2,"31":2,"32":2,"33":2,"34":2,"35":2,"36":2,"37":2,"38":2,"39":2,"40":2,"41":2,"42":2,"43":2,"44":2,"45":2,"46":2,"47":2,"48":2},"method":{"0":"QO","1":"QO","2":"QO","3":"QO","4":"QO","5":"QO","6":"QO","7":"QO","8":"QO","9":"QO","10":"QO","11":"QO","12":"QO","13":"QO","14":"QO","15":"QO","16":"QO","17":"QO","18":"QO","19":"QO","20":"QO","21":"QO","22":"QO","23":"QO","24":"QO","25":"QO","26":"QO","27":"QO","28":"QO","29":"QO","30":"QO","31":"QO","32":"QO","33":"QO","34":"QO","35":"QO","36":"QO","37":"QO","38":"QO","39":"QO","40":"QO","41":"QO","42":"QO","43":"QO","44":"QO","45":"QO","46":"QO","47":"QO","48":"QO"}}