{"name":{"0":"QO_0","1":"QO_1","2":"QO_2","3":"QO_3","4":"QO_4","5":"QO_5","6":"QO_6","7":"QO_7","8":"QO_8","9":"QO_9","10":"QO_10","11":"QO_11","12":"QO_12","13":"QO_13","14":"QO_14","15":"QO_15","16":"QO_16","17":"QO_17","18":"QO_18","19":"QO_19","20":"QO_20","21":"QO_21","22":"QO_22","23":"QO_23","24":"QO_24","25":"QO_25","26":"QO_26","27":"QO_27","28":"QO_28","29":"QO_29","30":"QO_30","31":"QO_31","32":"QO_32","33":"QO_33","34":"QO_34","35":"QO_35","36":"QO_36","37":"QO_37","38":"QO_38","39":"QO_39","40":"QO_40","41":"QO_41","42":"QO_42","43":"QO_43","44":"QO_44","45":"QO_45","46":"QO_46","47":"QO_47","48":"QO_48"},"roc_auc_val":{"0":0.929945679,"1":0.9300918241,"2":0.9299655134,"3":0.9299830041,"4":0.9300980951,"5":0.9299566949,"6":0.9299461461,"7":0.9299374241,"8":0.9299384476,"9":0.930040844,"10":0.9299306044,"11":0.9300998916,"12":0.9299551268,"13":0.9299309891,"14":0.9300815405,"15":0.9299695678,"16":0.929945679,"17":0.9299533808,"18":0.9299190879,"19":0.9300006435,"20":0.9300239133,"21":0.9299523328,"22":0.9300181354,"23":0.9299306831,"24":0.9299949805,"25":0.9300255057,"26":0.9299318956,"27":0.9300808381,"28":0.929945679,"29":0.9300355719,"30":0.9299902623,"31":0.929975197,"32":0.9299237058,"33":0.9300286642,"34":0.9299468996,"35":0.9299218459,"36":0.9299291083,"37":0.9299492561,"38":0.9300918661,"39":0.9301331809,"40":0.9301029374,"41":0.9300148975,"42":0.9300806746,"43":0.9299289317,"44":0.9299217954,"45":0.9299780721,"46":0.930014674,"47":0.9299673208,"48":0.9299174435},"roc_auc_test":{"0":0.9370973547,"1":0.9371823887,"2":0.9361961546,"3":0.936595654,"4":0.9371823887,"5":0.9356568862,"6":0.9369510198,"7":0.9363662226,"8":0.9359667232,"9":0.9362811886,"10":0.9374118201,"11":0.9366193872,"12":0.9366741221,"13":0.9365515204,"14":0.9361130581,"15":0.9361176865,"16":0.9370973547,"17":0.9368679233,"18":0.9368250854,"19":0.9363662226,"20":0.9366978553,"21":0.9361961546,"22":0.9365343532,"23":0.9369529573,"24":0.9371586556,"25":0.936680688,"26":0.9366978553,"27":0.9370736215,"28":0.9370973547,"29":0.9364512566,"30":0.9368679233,"31":0.9364493192,"32":0.9370973547,"33":0.9365343532,"34":0.9369529573,"35":0.9372245848,"36":0.9367637846,"37":0.9367400514,"38":0.9369951534,"39":0.9363662226,"40":0.9363662226,"41":0.9375390503,"42":0.9361130581,"43":0.9361961546,"44":0.9361111206,"45":0.9364275235,"46":0.9365343532,"47":0.9365343532,"48":0.9379557169},"models_used":{"0":["ExtraTrees_r147_BAG_L1","LightGBM_r106_BAG_L1","LightGBM_r144_BAG_L1","LightGBM_r29_BAG_L1","LightGBM_r3_BAG_L1","LightGBM_r5_BAG_L1","LinearModel_r15_BAG_L1","NeuralNetFastAI_r147_BAG_L1","NeuralNetFastAI_r156_BAG_L1","NeuralNetFastAI_r162_BAG_L1","NeuralNetFastAI_r163_BAG_L1","NeuralNetFastAI_r169_BAG_L1","NeuralNetFastAI_r180_BAG_L1","NeuralNetFastAI_r190_BAG_L1","NeuralNetFastAI_r53_BAG_L1","NeuralNetFastAI_r88_BAG_L1","NeuralNetFastAI_r98_BAG_L1","NeuralNetTorch_r117_BAG_L1","NeuralNetTorch_r142_BAG_L1","NeuralNetTorch_r144_BAG_L1","NeuralNetTorch_r157_BAG_L1","NeuralNetTorch_r168_BAG_L1","NeuralNetTorch_r169_BAG_L1","NeuralNetTorch_r176_BAG_L1","NeuralNetTorch_r184_BAG_L1","NeuralNetTorch_r185_BAG_L1","NeuralNetTorch_r42_BAG_L1","NeuralNetTorch_r59_BAG_L1","NeuralNetTorch_r65_BAG_L1","NeuralNetTorch_r91_BAG_L1"],"1":["LightGBM_r106_BAG_L1","LightGBM_r144_BAG_L1","LightGBM_r29_BAG_L1","LightGBM_r3_BAG_L1","LightGBM_r5_BAG_L1","LinearModel_r15_BAG_L1","NeuralNetFastAI_r147_BAG_L1","NeuralNetFastAI_r156_BAG_L1","NeuralNetFastAI_r162_BAG_L1","NeuralNetFastAI_r163_BAG_L1","NeuralNetFastAI_r169_BAG_L1","NeuralNetFastAI_r180_BAG_L1","NeuralNetFastAI_r190_BAG_L1","NeuralNetFastAI_r53_BAG_L1","NeuralNetFastAI_r88_BAG_L1","NeuralNetFastAI_r98_BAG_L1","NeuralNetTorch_r117_BAG_L1","NeuralNetTorch_r142_BAG_L1","NeuralNetTorch_r144_BAG_L1","NeuralNetTorch_r157_BAG_L1","NeuralNetTorch_r168_BAG_L1","NeuralNetTorch_r169_BAG_L1","NeuralNetTorch_r176_BAG_L1","NeuralNetTorch_r184_BAG_L1","NeuralNetTorch_r185_BAG_L1","NeuralNetTorch_r42_BAG_L1","NeuralNetTorch_r59_BAG_L1","NeuralNetTorch_r65_BAG_L1","NeuralNetTorch_r91_BAG_L1","NeuralNetTorch_r98_BAG_L1"],"2":["LightGBM_r106_BAG_L1","LightGBM_r144_BAG_L1","LightGBM_r29_BAG_L1","LightGBM_r3_BAG_L1","LinearModel_r15_BAG_L1","NeuralNetFastAI_r147_BAG_L1","NeuralNetFastAI_r156_BAG_L1","NeuralNetFastAI_r162_BAG_L1","NeuralNetFastAI_r163_BAG_L1","NeuralNetFastAI_r169_BAG_L1","NeuralNetFastAI_r180_BAG_L1","NeuralNetFastAI_r190_BAG_L1","NeuralNetFastAI_r53_BAG_L1","NeuralNetFastAI_r88_BAG_L1","NeuralNetFastAI_r98_BAG_L1","NeuralNetTorch_r117_BAG_L1","NeuralNetTorch_r128_BAG_L1","NeuralNetTorch_r142_BAG_L1","NeuralNetTorch_r144_BAG_L1","NeuralNetTorch_r157_BAG_L1","NeuralNetTorch_r168_BAG_L1","NeuralNetTorch_r169_BAG_L1","NeuralNetTorch_r176_BAG_L1","NeuralNetTorch_r184_BAG_L1","NeuralNetTorch_r185_BAG_L1","NeuralNetTorch_r42_BAG_L1","NeuralNetTorch_r59_BAG_L1","NeuralNetTorch_r65_BAG_L1","NeuralNetTorch_r91_BAG_L1"],"3":["LightGBM_r106_BAG_L1","LightGBM_r144_BAG_L1","LightGBM_r29_BAG_L1","LightGBM_r3_BAG_L1","LightGBM_r5_BAG_L1","LinearModel_r15_BAG_L1","NeuralNetFastAI_r147_BAG_L1","NeuralNetFastAI_r156_BAG_L1","NeuralNetFastAI_r162_BAG_L1","NeuralNetFastAI_r163_BAG_L1","NeuralNetFastAI_r169_BAG_L1","NeuralNetFastAI_r180_BAG_L1","NeuralNetFastAI_r190_BAG_L1","NeuralNetFastAI_r53_BAG_L1","NeuralNetFastAI_r88_BAG_L1","NeuralNetFastAI_r98_BAG_L1","NeuralNetTorch_r115_BAG_L1","NeuralNetTorch_r117_BAG_L1","NeuralNetTorch_r142_BAG_L1","NeuralNetTorch_r144_BAG_L1","NeuralNetTorch_r157_BAG_L1","NeuralNetTorch_r168_BAG_L1","NeuralNetTorch_r169_BAG_L1","NeuralNetTorch_r176_BAG_L1","NeuralNetTorch_r184_BAG_L1","NeuralNetTorch_r185_BAG_L1","NeuralNetTorch_r42_BAG_L1","NeuralNetTorch_r59_BAG_L1","NeuralNetTorch_r65_BAG_L1","NeuralNetTorch_r91_BAG_L1"],"4":["LightGBM_r106_BAG_L1","LightGBM_r144_BAG_L1","LightGBM_r29_BAG_L1","LightGBM_r3_BAG_L1","LightGBM_r5_BAG_L1","LinearModel_r15_BAG_L1","NeuralNetFastAI_r147_BAG_L1","NeuralNetFastAI_r156_BAG_L1","NeuralNetFastAI_r162_BAG_L1","NeuralNetFastAI_r163_BAG_L1","NeuralNetFastAI_r169_BAG_L1","NeuralNetFastAI_r180_BAG_L1","NeuralNetFastAI_r190_BAG_L1","NeuralNetFastAI_r53_BAG_L1","NeuralNetFastAI_r88_BAG_L1","NeuralNetFastAI_r98_BAG_L1","NeuralNetTorch_r117_BAG_L1","NeuralNetTorch_r142_BAG_L1","NeuralNetTorch_r144_BAG_L1","NeuralNetTorch_r157_BAG_L1","NeuralNetTorch_r168_BAG_L1","NeuralNetTorch_r169_BAG_L1","NeuralNetTorch_r176_BAG_L1","NeuralNetTorch_r184_BAG_L1","NeuralNetTorch_r185_BAG_L1","NeuralNetTorch_r42_BAG_L1","NeuralNetTorch_r59_BAG_L1","NeuralNetTorch_r65_BAG_L1","NeuralNetTorch_r91_BAG_L1"],"5":["LightGBM_r106_BAG_L1","LightGBM_r144_BAG_L1","LightGBM_r29_BAG_L1","LightGBM_r3_BAG_L1","LightGBM_r5_BAG_L1","LinearModel_r15_BAG_L1","NeuralNetFastAI_r147_BAG_L1","NeuralNetFastAI_r156_BAG_L1","NeuralNetFastAI_r162_BAG_L1","NeuralNetFastAI_r163_BAG_L1","NeuralNetFastAI_r169_BAG_L1","NeuralNetFastAI_r180_BAG_L1","NeuralNetFastAI_r190_BAG_L1","NeuralNetFastAI_r53_BAG_L1","NeuralNetFastAI_r5_BAG_L1","NeuralNetFastAI_r88_BAG_L1","NeuralNetFastAI_r98_BAG_L1","NeuralNetTorch_r117_BAG_L1","NeuralNetTorch_r142_BAG_L1","NeuralNetTorch_r144_BAG_L1","NeuralNetTorch_r145_BAG_L1","NeuralNetTorch_r157_BAG_L1","NeuralNetTorch_r168_BAG_L1","NeuralNetTorch_r169_BAG_L1","NeuralNetTorch_r176_BAG_L1","NeuralNetTorch_r184_BAG_L1","NeuralNetTorch_r185_BAG_L1","NeuralNetTorch_r188_BAG_L1","NeuralNetTorch_r42_BAG_L1","NeuralNetTorch_r59_BAG_L1","NeuralNetTorch_r65_BAG_L1","NeuralNetTorch_r91_BAG_L1","NeuralNetTorch_r98_BAG_L1"],"6":["LightGBM_r106_BAG_L1","LightGBM_r144_BAG_L1","LightGBM_r29_BAG_L1","LightGBM_r3_BAG_L1","LightGBM_r5_BAG_L1","LinearModel_r15_BAG_L1","NeuralNetFastAI_r147_BAG_L1","NeuralNetFastAI_r156_BAG_L1","NeuralNetFastAI_r162_BAG_L1","NeuralNetFastAI_r163_BAG_L1","NeuralNetFastAI_r169_BAG_L1","NeuralNetFastAI_r180_BAG_L1","NeuralNetFastAI_r190_BAG_L1","NeuralNetFastAI_r53_BAG_L1","NeuralNetFastAI_r88_BAG_L1","NeuralNetFastAI_r93_BAG_L1","NeuralNetFastAI_r98_BAG_L1","NeuralNetTorch_r117_BAG_L1","NeuralNetTorch_r142_BAG_L1","NeuralNetTorch_r144_BAG_L1","NeuralNetTorch_r145_BAG_L1","NeuralNetTorch_r157_BAG_L1","NeuralNetTorch_r168_BAG_L1","NeuralNetTorch_r169_BAG_L1","NeuralNetTorch_r176_BAG_L1","NeuralNetTorch_r184_BAG_L1","NeuralNetTorch_r185_BAG_L1","NeuralNetTorch_r42_BAG_L1","NeuralNetTorch_r59_BAG_L1","NeuralNetTorch_r65_BAG_L1","NeuralNetTorch_r91_BAG_L1","NeuralNetTorch_r98_BAG_L1"],"7":["LightGBM_r106_BAG_L1","LightGBM_r144_BAG_L1","LightGBM_r29_BAG_L1","LightGBM_r3_BAG_L1","LightGBM_r5_BAG_L1","LinearModel_r15_BAG_L1","NeuralNetFastAI_r147_BAG_L1","NeuralNetFastAI_r156_BAG_L1","NeuralNetFastAI_r162_BAG_L1","NeuralNetFastAI_r163_BAG_L1","NeuralNetFastAI_r169_BAG_L1","NeuralNetFastAI_r180_BAG_L1","NeuralNetFastAI_r190_BAG_L1","NeuralNetFastAI_r191_BAG_L1","NeuralNetFastAI_r53_BAG_L1","NeuralNetFastAI_r74_BAG_L1","NeuralNetFastAI_r88_BAG_L1","NeuralNetFastAI_r98_BAG_L1","NeuralNetTorch_r117_BAG_L1","NeuralNetTorch_r142_BAG_L1","NeuralNetTorch_r144_BAG_L1","NeuralNetTorch_r157_BAG_L1","NeuralNetTorch_r168_BAG_L1","NeuralNetTorch_r169_BAG_L1","NeuralNetTorch_r176_BAG_L1","NeuralNetTorch_r184_BAG_L1","NeuralNetTorch_r185_BAG_L1","NeuralNetTorch_r42_BAG_L1","NeuralNetTorch_r59_BAG_L1","NeuralNetTorch_r65_BAG_L1","NeuralNetTorch_r91_BAG_L1"],"8":["LightGBM_r106_BAG_L1","LightGBM_r144_BAG_L1","LightGBM_r29_BAG_L1","LightGBM_r3_BAG_L1","LinearModel_r15_BAG_L1","NeuralNetFastAI_r147_BAG_L1","NeuralNetFastAI_r156_BAG_L1","NeuralNetFastAI_r162_BAG_L1","NeuralNetFastAI_r163_BAG_L1","NeuralNetFastAI_r169_BAG_L1","NeuralNetFastAI_r180_BAG_L1","NeuralNetFastAI_r190_BAG_L1","NeuralNetFastAI_r53_BAG_L1","NeuralNetFastAI_r88_BAG_L1","NeuralNetFastAI_r98_BAG_L1","NeuralNetTorch_r112_BAG_L1","NeuralNetTorch_r117_BAG_L1","NeuralNetTorch_r142_BAG_L1","NeuralNetTorch_r144_BAG_L1","NeuralNetTorch_r157_BAG_L1","NeuralNetTorch_r168_BAG_L1","NeuralNetTorch_r169_BAG_L1","NeuralNetTorch_r176_BAG_L1","NeuralNetTorch_r184_BAG_L1","NeuralNetTorch_r185_BAG_L1","NeuralNetTorch_r42_BAG_L1","NeuralNetTorch_r59_BAG_L1","NeuralNetTorch_r65_BAG_L1","NeuralNetTorch_r91_BAG_L1"],"9":["LightGBM_r106_BAG_L1","LightGBM_r144_BAG_L1","LightGBM_r29_BAG_L1","LightGBM_r3_BAG_L1","LightGBM_r5_BAG_L1","LinearModel_r15_BAG_L1","NeuralNetFastAI_r147_BAG_L1","NeuralNetFastAI_r156_BAG_L1","NeuralNetFastAI_r162_BAG_L1","NeuralNetFastAI_r163_BAG_L1","NeuralNetFastAI_r169_BAG_L1","NeuralNetFastAI_r180_BAG_L1","NeuralNetFastAI_r190_BAG_L1","NeuralNetFastAI_r53_BAG_L1","NeuralNetFastAI_r88_BAG_L1","NeuralNetFastAI_r98_BAG_L1","NeuralNetTorch_r101_BAG_L1","NeuralNetTorch_r117_BAG_L1","NeuralNetTorch_r142_BAG_L1","NeuralNetTorch_r144_BAG_L1","NeuralNetTorch_r145_BAG_L1","NeuralNetTorch_r148_BAG_L1","NeuralNetTorch_r157_BAG_L1","NeuralNetTorch_r168_BAG_L1","NeuralNetTorch_r169_BAG_L1","NeuralNetTorch_r176_BAG_L1","NeuralNetTorch_r184_BAG_L1","NeuralNetTorch_r185_BAG_L1","NeuralNetTorch_r42_BAG_L1","NeuralNetTorch_r59_BAG_L1","NeuralNetTorch_r65_BAG_L1","NeuralNetTorch_r91_BAG_L1"],"10":["FTTransformer_c1_BAG_L1","LightGBM_r106_BAG_L1","LightGBM_r144_BAG_L1","LightGBM_r29_BAG_L1","LightGBM_r3_BAG_L1","LightGBM_r5_BAG_L1","LinearModel_r15_BAG_L1","NeuralNetFastAI_r147_BAG_L1","NeuralNetFastAI_r156_BAG_L1","NeuralNetFastAI_r162_BAG_L1","NeuralNetFastAI_r163_BAG_L1","NeuralNetFastAI_r169_BAG_L1","NeuralNetFastAI_r180_BAG_L1","NeuralNetFastAI_r190_BAG_L1","NeuralNetFastAI_r53_BAG_L1","NeuralNetFastAI_r88_BAG_L1","NeuralNetFastAI_r98_BAG_L1","NeuralNetTorch_r117_BAG_L1","NeuralNetTorch_r142_BAG_L1","NeuralNetTorch_r144_BAG_L1","NeuralNetTorch_r157_BAG_L1","NeuralNetTorch_r168_BAG_L1","NeuralNetTorch_r169_BAG_L1","NeuralNetTorch_r176_BAG_L1","NeuralNetTorch_r184_BAG_L1","NeuralNetTorch_r185_BAG_L1","NeuralNetTorch_r42_BAG_L1","NeuralNetTorch_r59_BAG_L1","NeuralNetTorch_r65_BAG_L1","NeuralNetTorch_r91_BAG_L1"],"11":["LightGBM_r106_BAG_L1","LightGBM_r144_BAG_L1","LightGBM_r29_BAG_L1","LightGBM_r3_BAG_L1","LightGBM_r5_BAG_L1","LinearModel_r15_BAG_L1","NeuralNetFastAI_r147_BAG_L1","NeuralNetFastAI_r156_BAG_L1","NeuralNetFastAI_r162_BAG_L1","NeuralNetFastAI_r163_BAG_L1","NeuralNetFastAI_r169_BAG_L1","NeuralNetFastAI_r180_BAG_L1","NeuralNetFastAI_r190_BAG_L1","NeuralNetFastAI_r53_BAG_L1","NeuralNetFastAI_r88_BAG_L1","NeuralNetFastAI_r98_BAG_L1","NeuralNetTorch_r117_BAG_L1","NeuralNetTorch_r142_BAG_L1","NeuralNetTorch_r144_BAG_L1","NeuralNetTorch_r145_BAG_L1","NeuralNetTorch_r157_BAG_L1","NeuralNetTorch_r168_BAG_L1","NeuralNetTorch_r169_BAG_L1","NeuralNetTorch_r176_BAG_L1","NeuralNetTorch_r184_BAG_L1","NeuralNetTorch_r185_BAG_L1","NeuralNetTorch_r42_BAG_L1","NeuralNetTorch_r59_BAG_L1","NeuralNetTorch_r65_BAG_L1","NeuralNetTorch_r91_BAG_L1","NeuralNetTorch_r98_BAG_L1"],"12":["LightGBM_r106_BAG_L1","LightGBM_r144_BAG_L1","LightGBM_r15_BAG_L1","LightGBM_r29_BAG_L1","LightGBM_r3_BAG_L1","LinearModel_r15_BAG_L1","NeuralNetFastAI_r147_BAG_L1","NeuralNetFastAI_r156_BAG_L1","NeuralNetFastAI_r162_BAG_L1","NeuralNetFastAI_r163_BAG_L1","NeuralNetFastAI_r169_BAG_L1","NeuralNetFastAI_r180_BAG_L1","NeuralNetFastAI_r190_BAG_L1","NeuralNetFastAI_r53_BAG_L1","NeuralNetFastAI_r88_BAG_L1","NeuralNetFastAI_r98_BAG_L1","NeuralNetTorch_r117_BAG_L1","NeuralNetTorch_r142_BAG_L1","NeuralNetTorch_r144_BAG_L1","NeuralNetTorch_r157_BAG_L1","NeuralNetTorch_r168_BAG_L1","NeuralNetTorch_r169_BAG_L1","NeuralNetTorch_r176_BAG_L1","NeuralNetTorch_r184_BAG_L1","NeuralNetTorch_r185_BAG_L1","NeuralNetTorch_r42_BAG_L1","NeuralNetTorch_r59_BAG_L1","NeuralNetTorch_r65_BAG_L1","NeuralNetTorch_r91_BAG_L1"],"13":["LightGBM_r106_BAG_L1","LightGBM_r144_BAG_L1","LightGBM_r29_BAG_L1","LightGBM_r3_BAG_L1","LightGBM_r5_BAG_L1","LinearModel_r15_BAG_L1","NeuralNetFastAI_r147_BAG_L1","NeuralNetFastAI_r156_BAG_L1","NeuralNetFastAI_r162_BAG_L1","NeuralNetFastAI_r163_BAG_L1","NeuralNetFastAI_r169_BAG_L1","NeuralNetFastAI_r180_BAG_L1","NeuralNetFastAI_r190_BAG_L1","NeuralNetFastAI_r53_BAG_L1","NeuralNetFastAI_r88_BAG_L1","NeuralNetFastAI_r98_BAG_L1","NeuralNetTorch_r117_BAG_L1","NeuralNetTorch_r142_BAG_L1","NeuralNetTorch_r144_BAG_L1","NeuralNetTorch_r157_BAG_L1","NeuralNetTorch_r168_BAG_L1","NeuralNetTorch_r169_BAG_L1","NeuralNetTorch_r176_BAG_L1","NeuralNetTorch_r184_BAG_L1","NeuralNetTorch_r185_BAG_L1","NeuralNetTorch_r188_BAG_L1","NeuralNetTorch_r42_BAG_L1","NeuralNetTorch_r59_BAG_L1","NeuralNetTorch_r65_BAG_L1","NeuralNetTorch_r91_BAG_L1"],"14":["LightGBM_r106_BAG_L1","LightGBM_r144_BAG_L1","LightGBM_r29_BAG_L1","LightGBM_r3_BAG_L1","LightGBM_r5_BAG_L1","LinearModel_r15_BAG_L1","NeuralNetFastAI_r147_BAG_L1","NeuralNetFastAI_r156_BAG_L1","NeuralNetFastAI_r162_BAG_L1","NeuralNetFastAI_r163_BAG_L1","NeuralNetFastAI_r169_BAG_L1","NeuralNetFastAI_r180_BAG_L1","NeuralNetFastAI_r190_BAG_L1","NeuralNetFastAI_r191_BAG_L1","NeuralNetFastAI_r53_BAG_L1","NeuralNetFastAI_r88_BAG_L1","NeuralNetFastAI_r98_BAG_L1","NeuralNetTorch_r117_BAG_L1","NeuralNetTorch_r142_BAG_L1","NeuralNetTorch_r144_BAG_L1","NeuralNetTorch_r157_BAG_L1","NeuralNetTorch_r168_BAG_L1","NeuralNetTorch_r169_BAG_L1","NeuralNetTorch_r176_BAG_L1","NeuralNetTorch_r184_BAG_L1","NeuralNetTorch_r185_BAG_L1","NeuralNetTorch_r26_BAG_L1","NeuralNetTorch_r42_BAG_L1","NeuralNetTorch_r59_BAG_L1","NeuralNetTorch_r65_BAG_L1","NeuralNetTorch_r91_BAG_L1"],"15":["LightGBM_r106_BAG_L1","LightGBM_r144_BAG_L1","LightGBM_r29_BAG_L1","LightGBM_r3_BAG_L1","LightGBM_r5_BAG_L1","LinearModel_r15_BAG_L1","NeuralNetFastAI_r147_BAG_L1","NeuralNetFastAI_r156_BAG_L1","NeuralNetFastAI_r162_BAG_L1","NeuralNetFastAI_r163_BAG_L1","NeuralNetFastAI_r169_BAG_L1","NeuralNetFastAI_r180_BAG_L1","NeuralNetFastAI_r190_BAG_L1","NeuralNetFastAI_r53_BAG_L1","NeuralNetFastAI_r88_BAG_L1","NeuralNetFastAI_r98_BAG_L1","NeuralNetTorch_r112_BAG_L1","NeuralNetTorch_r117_BAG_L1","NeuralNetTorch_r142_BAG_L1","NeuralNetTorch_r144_BAG_L1","NeuralNetTorch_r145_BAG_L1","NeuralNetTorch_r157_BAG_L1","NeuralNetTorch_r168_BAG_L1","NeuralNetTorch_r169_BAG_L1","NeuralNetTorch_r176_BAG_L1","NeuralNetTorch_r184_BAG_L1","NeuralNetTorch_r185_BAG_L1","NeuralNetTorch_r42_BAG_L1","NeuralNetTorch_r59_BAG_L1","NeuralNetTorch_r65_BAG_L1","NeuralNetTorch_r91_BAG_L1","NeuralNetTorch_r98_BAG_L1"],"16":["ExtraTrees_r14_BAG_L1","LightGBM_r106_BAG_L1","LightGBM_r144_BAG_L1","LightGBM_r29_BAG_L1","LightGBM_r3_BAG_L1","LightGBM_r5_BAG_L1","LinearModel_r15_BAG_L1","NeuralNetFastAI_r147_BAG_L1","NeuralNetFastAI_r156_BAG_L1","NeuralNetFastAI_r162_BAG_L1","NeuralNetFastAI_r163_BAG_L1","NeuralNetFastAI_r169_BAG_L1","NeuralNetFastAI_r180_BAG_L1","NeuralNetFastAI_r190_BAG_L1","NeuralNetFastAI_r53_BAG_L1","NeuralNetFastAI_r88_BAG_L1","NeuralNetFastAI_r98_BAG_L1","NeuralNetTorch_r117_BAG_L1","NeuralNetTorch_r142_BAG_L1","NeuralNetTorch_r144_BAG_L1","NeuralNetTorch_r157_BAG_L1","NeuralNetTorch_r168_BAG_L1","NeuralNetTorch_r169_BAG_L1","NeuralNetTorch_r176_BAG_L1","NeuralNetTorch_r184_BAG_L1","NeuralNetTorch_r185_BAG_L1","NeuralNetTorch_r42_BAG_L1","NeuralNetTorch_r59_BAG_L1","NeuralNetTorch_r65_BAG_L1","NeuralNetTorch_r91_BAG_L1"],"17":["LightGBM_r106_BAG_L1","LightGBM_r144_BAG_L1","LightGBM_r29_BAG_L1","LightGBM_r3_BAG_L1","LightGBM_r5_BAG_L1","LinearModel_r15_BAG_L1","NeuralNetFastAI_r147_BAG_L1","NeuralNetFastAI_r156_BAG_L1","NeuralNetFastAI_r162_BAG_L1","NeuralNetFastAI_r163_BAG_L1","NeuralNetFastAI_r169_BAG_L1","NeuralNetFastAI_r180_BAG_L1","NeuralNetFastAI_r190_BAG_L1","NeuralNetFastAI_r53_BAG_L1","NeuralNetFastAI_r88_BAG_L1","NeuralNetFastAI_r98_BAG_L1","NeuralNetTorch_r117_BAG_L1","NeuralNetTorch_r142_BAG_L1","NeuralNetTorch_r144_BAG_L1","NeuralNetTorch_r157_BAG_L1","NeuralNetTorch_r168_BAG_L1","NeuralNetTorch_r169_BAG_L1","NeuralNetTorch_r176_BAG_L1","NeuralNetTorch_r181_BAG_L1","NeuralNetTorch_r184_BAG_L1","NeuralNetTorch_r185_BAG_L1","NeuralNetTorch_r42_BAG_L1","NeuralNetTorch_r59_BAG_L1","NeuralNetTorch_r65_BAG_L1","NeuralNetTorch_r91_BAG_L1"],"18":["LightGBM_r106_BAG_L1","LightGBM_r144_BAG_L1","LightGBM_r29_BAG_L1","LightGBM_r3_BAG_L1","LinearModel_r15_BAG_L1","NeuralNetFastAI_r126_BAG_L1","NeuralNetFastAI_r147_BAG_L1","NeuralNetFastAI_r156_BAG_L1","NeuralNetFastAI_r162_BAG_L1","NeuralNetFastAI_r163_BAG_L1","NeuralNetFastAI_r169_BAG_L1","NeuralNetFastAI_r180_BAG_L1","NeuralNetFastAI_r190_BAG_L1","NeuralNetFastAI_r53_BAG_L1","NeuralNetFastAI_r88_BAG_L1","NeuralNetFastAI_r98_BAG_L1","NeuralNetTorch_r117_BAG_L1","NeuralNetTorch_r142_BAG_L1","NeuralNetTorch_r144_BAG_L1","NeuralNetTorch_r157_BAG_L1","NeuralNetTorch_r168_BAG_L1","NeuralNetTorch_r169_BAG_L1","NeuralNetTorch_r176_BAG_L1","NeuralNetTorch_r184_BAG_L1","NeuralNetTorch_r185_BAG_L1","NeuralNetTorch_r42_BAG_L1","NeuralNetTorch_r59_BAG_L1","NeuralNetTorch_r65_BAG_L1","NeuralNetTorch_r91_BAG_L1"],"19":["ExtraTrees_r138_BAG_L1","LightGBM_r106_BAG_L1","LightGBM_r144_BAG_L1","LightGBM_r29_BAG_L1","LightGBM_r3_BAG_L1","LightGBM_r5_BAG_L1","LinearModel_r15_BAG_L1","NeuralNetFastAI_r147_BAG_L1","NeuralNetFastAI_r156_BAG_L1","NeuralNetFastAI_r162_BAG_L1","NeuralNetFastAI_r163_BAG_L1","NeuralNetFastAI_r169_BAG_L1","NeuralNetFastAI_r180_BAG_L1","NeuralNetFastAI_r190_BAG_L1","NeuralNetFastAI_r191_BAG_L1","NeuralNetFastAI_r53_BAG_L1","NeuralNetFastAI_r88_BAG_L1","NeuralNetFastAI_r98_BAG_L1","NeuralNetTorch_r117_BAG_L1","NeuralNetTorch_r142_BAG_L1","NeuralNetTorch_r144_BAG_L1","NeuralNetTorch_r157_BAG_L1","NeuralNetTorch_r168_BAG_L1","NeuralNetTorch_r169_BAG_L1","NeuralNetTorch_r176_BAG_L1","NeuralNetTorch_r184_BAG_L1","NeuralNetTorch_r185_BAG_L1","NeuralNetTorch_r42_BAG_L1","NeuralNetTorch_r59_BAG_L1","NeuralNetTorch_r65_BAG_L1","NeuralNetTorch_r91_BAG_L1"],"20":["LightGBM_r106_BAG_L1","LightGBM_r144_BAG_L1","LightGBM_r29_BAG_L1","LightGBM_r3_BAG_L1","LinearModel_r15_BAG_L1","NeuralNetFastAI_r147_BAG_L1","NeuralNetFastAI_r156_BAG_L1","NeuralNetFastAI_r162_BAG_L1","NeuralNetFastAI_r163_BAG_L1","NeuralNetFastAI_r169_BAG_L1","NeuralNetFastAI_r180_BAG_L1","NeuralNetFastAI_r190_BAG_L1","NeuralNetFastAI_r53_BAG_L1","NeuralNetFastAI_r88_BAG_L1","NeuralNetFastAI_r98_BAG_L1","NeuralNetTorch_r117_BAG_L1","NeuralNetTorch_r142_BAG_L1","NeuralNetTorch_r144_BAG_L1","NeuralNetTorch_r157_BAG_L1","NeuralNetTorch_r168_BAG_L1","NeuralNetTorch_r169_BAG_L1","NeuralNetTorch_r176_BAG_L1","NeuralNetTorch_r184_BAG_L1","NeuralNetTorch_r185_BAG_L1","NeuralNetTorch_r42_BAG_L1","NeuralNetTorch_r59_BAG_L1","NeuralNetTorch_r65_BAG_L1","NeuralNetTorch_r91_BAG_L1"],"21":["LightGBM_r106_BAG_L1","LightGBM_r144_BAG_L1","LightGBM_r29_BAG_L1","LightGBM_r3_BAG_L1","LinearModel_r15_BAG_L1","NeuralNetFastAI_r147_BAG_L1","NeuralNetFastAI_r156_BAG_L1","NeuralNetFastAI_r162_BAG_L1","NeuralNetFastAI_r163_BAG_L1","NeuralNetFastAI_r169_BAG_L1","NeuralNetFastAI_r180_BAG_L1","NeuralNetFastAI_r190_BAG_L1","NeuralNetFastAI_r53_BAG_L1","NeuralNetFastAI_r88_BAG_L1","NeuralNetFastAI_r98_BAG_L1","NeuralNetTorch_r117_BAG_L1","NeuralNetTorch_r142_BAG_L1","NeuralNetTorch_r144_BAG_L1","NeuralNetTorch_r157_BAG_L1","NeuralNetTorch_r168_BAG_L1","NeuralNetTorch_r169_BAG_L1","NeuralNetTorch_r176_BAG_L1","NeuralNetTorch_r184_BAG_L1","NeuralNetTorch_r185_BAG_L1","NeuralNetTorch_r42_BAG_L1","NeuralNetTorch_r59_BAG_L1","NeuralNetTorch_r65_BAG_L1","NeuralNetTorch_r85_BAG_L1","NeuralNetTorch_r91_BAG_L1"],"22":["ExtraTrees_r10_BAG_L1","LightGBM_r106_BAG_L1","LightGBM_r144_BAG_L1","LightGBM_r29_BAG_L1","LightGBM_r3_BAG_L1","LightGBM_r5_BAG_L1","LinearModel_r15_BAG_L1","NeuralNetFastAI_r147_BAG_L1","NeuralNetFastAI_r156_BAG_L1","NeuralNetFastAI_r162_BAG_L1","NeuralNetFastAI_r163_BAG_L1","NeuralNetFastAI_r169_BAG_L1","NeuralNetFastAI_r180_BAG_L1","NeuralNetFastAI_r190_BAG_L1","NeuralNetFastAI_r53_BAG_L1","NeuralNetFastAI_r88_BAG_L1","NeuralNetFastAI_r98_BAG_L1","NeuralNetTorch_r117_BAG_L1","NeuralNetTorch_r142_BAG_L1","NeuralNetTorch_r144_BAG_L1","NeuralNetTorch_r145_BAG_L1","NeuralNetTorch_r157_BAG_L1","NeuralNetTorch_r168_BAG_L1","NeuralNetTorch_r169_BAG_L1","NeuralNetTorch_r176_BAG_L1","NeuralNetTorch_r184_BAG_L1","NeuralNetTorch_r185_BAG_L1","NeuralNetTorch_r42_BAG_L1","NeuralNetTorch_r59_BAG_L1","NeuralNetTorch_r65_BAG_L1","NeuralNetTorch_r91_BAG_L1","NeuralNetTorch_r98_BAG_L1"],"23":["LightGBM_r106_BAG_L1","LightGBM_r144_BAG_L1","LightGBM_r29_BAG_L1","LightGBM_r3_BAG_L1","LinearModel_r15_BAG_L1","NeuralNetFastAI_r147_BAG_L1","NeuralNetFastAI_r156_BAG_L1","NeuralNetFastAI_r162_BAG_L1","NeuralNetFastAI_r163_BAG_L1","NeuralNetFastAI_r169_BAG_L1","NeuralNetFastAI_r180_BAG_L1","NeuralNetFastAI_r190_BAG_L1","NeuralNetFastAI_r53_BAG_L1","NeuralNetFastAI_r88_BAG_L1","NeuralNetFastAI_r98_BAG_L1","NeuralNetTorch_r117_BAG_L1","NeuralNetTorch_r142_BAG_L1","NeuralNetTorch_r144_BAG_L1","NeuralNetTorch_r157_BAG_L1","NeuralNetTorch_r168_BAG_L1","NeuralNetTorch_r169_BAG_L1","NeuralNetTorch_r176_BAG_L1","NeuralNetTorch_r184_BAG_L1","NeuralNetTorch_r185_BAG_L1","NeuralNetTorch_r42_BAG_L1","NeuralNetTorch_r59_BAG_L1","NeuralNetTorch_r65_BAG_L1","NeuralNetTorch_r91_BAG_L1"],"24":["LightGBM_r106_BAG_L1","LightGBM_r144_BAG_L1","LightGBM_r15_BAG_L1","LightGBM_r29_BAG_L1","LightGBM_r3_BAG_L1","LinearModel_r15_BAG_L1","NeuralNetFastAI_r147_BAG_L1","NeuralNetFastAI_r156_BAG_L1","NeuralNetFastAI_r162_BAG_L1","NeuralNetFastAI_r163_BAG_L1","NeuralNetFastAI_r169_BAG_L1","NeuralNetFastAI_r180_BAG_L1","NeuralNetFastAI_r190_BAG_L1","NeuralNetFastAI_r53_BAG_L1","NeuralNetFastAI_r88_BAG_L1","NeuralNetFastAI_r98_BAG_L1","NeuralNetTorch_r117_BAG_L1","NeuralNetTorch_r142_BAG_L1","NeuralNetTorch_r144_BAG_L1","NeuralNetTorch_r157_BAG_L1","NeuralNetTorch_r168_BAG_L1","NeuralNetTorch_r169_BAG_L1","NeuralNetTorch_r176_BAG_L1","NeuralNetTorch_r184_BAG_L1","NeuralNetTorch_r185_BAG_L1","NeuralNetTorch_r42_BAG_L1","NeuralNetTorch_r59_BAG_L1","NeuralNetTorch_r65_BAG_L1","NeuralNetTorch_r91_BAG_L1"],"25":["LightGBM_r106_BAG_L1","LightGBM_r144_BAG_L1","LightGBM_r29_BAG_L1","LightGBM_r3_BAG_L1","LightGBM_r5_BAG_L1","LinearModel_r15_BAG_L1","NeuralNetFastAI_r126_BAG_L1","NeuralNetFastAI_r147_BAG_L1","NeuralNetFastAI_r156_BAG_L1","NeuralNetFastAI_r162_BAG_L1","NeuralNetFastAI_r163_BAG_L1","NeuralNetFastAI_r169_BAG_L1","NeuralNetFastAI_r180_BAG_L1","NeuralNetFastAI_r190_BAG_L1","NeuralNetFastAI_r53_BAG_L1","NeuralNetFastAI_r88_BAG_L1","NeuralNetFastAI_r98_BAG_L1","NeuralNetTorch_r117_BAG_L1","NeuralNetTorch_r142_BAG_L1","NeuralNetTorch_r144_BAG_L1","NeuralNetTorch_r157_BAG_L1","NeuralNetTorch_r168_BAG_L1","NeuralNetTorch_r169_BAG_L1","NeuralNetTorch_r176_BAG_L1","NeuralNetTorch_r184_BAG_L1","NeuralNetTorch_r185_BAG_L1","NeuralNetTorch_r42_BAG_L1","NeuralNetTorch_r59_BAG_L1","NeuralNetTorch_r65_BAG_L1","NeuralNetTorch_r91_BAG_L1"],"26":["LightGBM_r106_BAG_L1","LightGBM_r144_BAG_L1","LightGBM_r29_BAG_L1","LightGBM_r3_BAG_L1","LinearModel_r15_BAG_L1","NeuralNetFastAI_r147_BAG_L1","NeuralNetFastAI_r156_BAG_L1","NeuralNetFastAI_r162_BAG_L1","NeuralNetFastAI_r163_BAG_L1","NeuralNetFastAI_r169_BAG_L1","NeuralNetFastAI_r180_BAG_L1","NeuralNetFastAI_r190_BAG_L1","NeuralNetFastAI_r53_BAG_L1","NeuralNetFastAI_r88_BAG_L1","NeuralNetFastAI_r98_BAG_L1","NeuralNetTorch_r117_BAG_L1","NeuralNetTorch_r142_BAG_L1","NeuralNetTorch_r144_BAG_L1","NeuralNetTorch_r157_BAG_L1","NeuralNetTorch_r168_BAG_L1","NeuralNetTorch_r169_BAG_L1","NeuralNetTorch_r176_BAG_L1","NeuralNetTorch_r184_BAG_L1","NeuralNetTorch_r185_BAG_L1","NeuralNetTorch_r42_BAG_L1","NeuralNetTorch_r59_BAG_L1","NeuralNetTorch_r65_BAG_L1","NeuralNetTorch_r91_BAG_L1"],"27":["LightGBM_r106_BAG_L1","LightGBM_r144_BAG_L1","LightGBM_r15_BAG_L1","LightGBM_r29_BAG_L1","LightGBM_r3_BAG_L1","LinearModel_r15_BAG_L1","NeuralNetFastAI_r147_BAG_L1","NeuralNetFastAI_r156_BAG_L1","NeuralNetFastAI_r162_BAG_L1","NeuralNetFastAI_r163_BAG_L1","NeuralNetFastAI_r169_BAG_L1","NeuralNetFastAI_r180_BAG_L1","NeuralNetFastAI_r190_BAG_L1","NeuralNetFastAI_r53_BAG_L1","NeuralNetFastAI_r88_BAG_L1","NeuralNetFastAI_r98_BAG_L1","NeuralNetTorch_r117_BAG_L1","NeuralNetTorch_r142_BAG_L1","NeuralNetTorch_r144_BAG_L1","NeuralNetTorch_r148_BAG_L1","NeuralNetTorch_r157_BAG_L1","NeuralNetTorch_r168_BAG_L1","NeuralNetTorch_r169_BAG_L1","NeuralNetTorch_r176_BAG_L1","NeuralNetTorch_r184_BAG_L1","NeuralNetTorch_r185_BAG_L1","NeuralNetTorch_r42_BAG_L1","NeuralNetTorch_r59_BAG_L1","NeuralNetTorch_r65_BAG_L1","NeuralNetTorch_r91_BAG_L1"],"28":["ExtraTrees_r106_BAG_L1","LightGBM_r106_BAG_L1","LightGBM_r144_BAG_L1","LightGBM_r29_BAG_L1","LightGBM_r3_BAG_L1","LightGBM_r5_BAG_L1","LinearModel_r15_BAG_L1","NeuralNetFastAI_r147_BAG_L1","NeuralNetFastAI_r156_BAG_L1","NeuralNetFastAI_r162_BAG_L1","NeuralNetFastAI_r163_BAG_L1","NeuralNetFastAI_r169_BAG_L1","NeuralNetFastAI_r180_BAG_L1","NeuralNetFastAI_r190_BAG_L1","NeuralNetFastAI_r53_BAG_L1","NeuralNetFastAI_r88_BAG_L1","NeuralNetFastAI_r98_BAG_L1","NeuralNetTorch_r117_BAG_L1","NeuralNetTorch_r142_BAG_L1","NeuralNetTorch_r144_BAG_L1","NeuralNetTorch_r157_BAG_L1","NeuralNetTorch_r168_BAG_L1","NeuralNetTorch_r169_BAG_L1","NeuralNetTorch_r176_BAG_L1","NeuralNetTorch_r184_BAG_L1","NeuralNetTorch_r185_BAG_L1","NeuralNetTorch_r42_BAG_L1","NeuralNetTorch_r59_BAG_L1","NeuralNetTorch_r65_BAG_L1","NeuralNetTorch_r91_BAG_L1"],"29":["LightGBM_r106_BAG_L1","LightGBM_r144_BAG_L1","LightGBM_r29_BAG_L1","LightGBM_r3_BAG_L1","LightGBM_r5_BAG_L1","LinearModel_r15_BAG_L1","NeuralNetFastAI_r147_BAG_L1","NeuralNetFastAI_r156_BAG_L1","NeuralNetFastAI_r162_BAG_L1","NeuralNetFastAI_r163_BAG_L1","NeuralNetFastAI_r169_BAG_L1","NeuralNetFastAI_r180_BAG_L1","NeuralNetFastAI_r190_BAG_L1","NeuralNetFastAI_r191_BAG_L1","NeuralNetFastAI_r53_BAG_L1","NeuralNetFastAI_r88_BAG_L1","NeuralNetFastAI_r98_BAG_L1","NeuralNetTorch_r117_BAG_L1","NeuralNetTorch_r142_BAG_L1","NeuralNetTorch_r144_BAG_L1","NeuralNetTorch_r157_BAG_L1","NeuralNetTorch_r168_BAG_L1","NeuralNetTorch_r169_BAG_L1","NeuralNetTorch_r176_BAG_L1","NeuralNetTorch_r181_BAG_L1","NeuralNetTorch_r184_BAG_L1","NeuralNetTorch_r185_BAG_L1","NeuralNetTorch_r42_BAG_L1","NeuralNetTorch_r59_BAG_L1","NeuralNetTorch_r65_BAG_L1","NeuralNetTorch_r91_BAG_L1"],"30":["LightGBM_r106_BAG_L1","LightGBM_r144_BAG_L1","LightGBM_r29_BAG_L1","LightGBM_r3_BAG_L1","LightGBM_r5_BAG_L1","LinearModel_r15_BAG_L1","NeuralNetFastAI_r147_BAG_L1","NeuralNetFastAI_r156_BAG_L1","NeuralNetFastAI_r162_BAG_L1","NeuralNetFastAI_r163_BAG_L1","NeuralNetFastAI_r169_BAG_L1","NeuralNetFastAI_r180_BAG_L1","NeuralNetFastAI_r190_BAG_L1","NeuralNetFastAI_r53_BAG_L1","NeuralNetFastAI_r88_BAG_L1","NeuralNetFastAI_r98_BAG_L1","NeuralNetTorch_r101_BAG_L1","NeuralNetTorch_r117_BAG_L1","NeuralNetTorch_r142_BAG_L1","NeuralNetTorch_r144_BAG_L1","NeuralNetTorch_r157_BAG_L1","NeuralNetTorch_r168_BAG_L1","NeuralNetTorch_r169_BAG_L1","NeuralNetTorch_r176_BAG_L1","NeuralNetTorch_r184_BAG_L1","NeuralNetTorch_r185_BAG_L1","NeuralNetTorch_r42_BAG_L1","NeuralNetTorch_r59_BAG_L1","NeuralNetTorch_r65_BAG_L1","NeuralNetTorch_r91_BAG_L1"],"31":["LightGBM_r106_BAG_L1","LightGBM_r144_BAG_L1","LightGBM_r29_BAG_L1","LightGBM_r3_BAG_L1","LightGBM_r5_BAG_L1","LinearModel_r15_BAG_L1","NeuralNetFastAI_r147_BAG_L1","NeuralNetFastAI_r156_BAG_L1","NeuralNetFastAI_r162_BAG_L1","NeuralNetFastAI_r163_BAG_L1","NeuralNetFastAI_r169_BAG_L1","NeuralNetFastAI_r180_BAG_L1","NeuralNetFastAI_r190_BAG_L1","NeuralNetFastAI_r53_BAG_L1","NeuralNetFastAI_r88_BAG_L1","NeuralNetFastAI_r98_BAG_L1","NeuralNetTorch_r117_BAG_L1","NeuralNetTorch_r142_BAG_L1","NeuralNetTorch_r144_BAG_L1","NeuralNetTorch_r145_BAG_L1","NeuralNetTorch_r157_BAG_L1","NeuralNetTorch_r168_BAG_L1","NeuralNetTorch_r169_BAG_L1","NeuralNetTorch_r176_BAG_L1","NeuralNetTorch_r184_BAG_L1","NeuralNetTorch_r185_BAG_L1","NeuralNetTorch_r42_BAG_L1","NeuralNetTorch_r59_BAG_L1","NeuralNetTorch_r65_BAG_L1","NeuralNetTorch_r68_BAG_L1","NeuralNetTorch_r91_BAG_L1","NeuralNetTorch_r98_BAG_L1"],"32":["ExtraTrees_r10_BAG_L1","LightGBM_r106_BAG_L1","LightGBM_r144_BAG_L1","LightGBM_r29_BAG_L1","LightGBM_r3_BAG_L1","LightGBM_r5_BAG_L1","LinearModel_r15_BAG_L1","NeuralNetFastAI_r147_BAG_L1","NeuralNetFastAI_r156_BAG_L1","NeuralNetFastAI_r162_BAG_L1","NeuralNetFastAI_r163_BAG_L1","NeuralNetFastAI_r169_BAG_L1","NeuralNetFastAI_r180_BAG_L1","NeuralNetFastAI_r190_BAG_L1","NeuralNetFastAI_r53_BAG_L1","NeuralNetFastAI_r88_BAG_L1","NeuralNetFastAI_r98_BAG_L1","NeuralNetTorch_r117_BAG_L1","NeuralNetTorch_r142_BAG_L1","NeuralNetTorch_r144_BAG_L1","NeuralNetTorch_r157_BAG_L1","NeuralNetTorch_r168_BAG_L1","NeuralNetTorch_r169_BAG_L1","NeuralNetTorch_r176_BAG_L1","NeuralNetTorch_r184_BAG_L1","NeuralNetTorch_r185_BAG_L1","NeuralNetTorch_r42_BAG_L1","NeuralNetTorch_r59_BAG_L1","NeuralNetTorch_r65_BAG_L1","NeuralNetTorch_r91_BAG_L1"],"33":["LightGBM_r106_BAG_L1","LightGBM_r144_BAG_L1","LightGBM_r29_BAG_L1","LightGBM_r3_BAG_L1","LightGBM_r5_BAG_L1","LinearModel_r15_BAG_L1","NeuralNetFastAI_r147_BAG_L1","NeuralNetFastAI_r156_BAG_L1","NeuralNetFastAI_r162_BAG_L1","NeuralNetFastAI_r163_BAG_L1","NeuralNetFastAI_r169_BAG_L1","NeuralNetFastAI_r180_BAG_L1","NeuralNetFastAI_r190_BAG_L1","NeuralNetFastAI_r53_BAG_L1","NeuralNetFastAI_r88_BAG_L1","NeuralNetFastAI_r98_BAG_L1","NeuralNetTorch_r117_BAG_L1","NeuralNetTorch_r142_BAG_L1","NeuralNetTorch_r144_BAG_L1","NeuralNetTorch_r157_BAG_L1","NeuralNetTorch_r168_BAG_L1","NeuralNetTorch_r169_BAG_L1","NeuralNetTorch_r176_BAG_L1","NeuralNetTorch_r184_BAG_L1","NeuralNetTorch_r185_BAG_L1","NeuralNetTorch_r42_BAG_L1","NeuralNetTorch_r59_BAG_L1","NeuralNetTorch_r65_BAG_L1","NeuralNetTorch_r85_BAG_L1","NeuralNetTorch_r91_BAG_L1"],"34":["LightGBM_r106_BAG_L1","LightGBM_r144_BAG_L1","LightGBM_r29_BAG_L1","LightGBM_r3_BAG_L1","LightGBM_r5_BAG_L1","LinearModel_r15_BAG_L1","NeuralNetFastAI_r102_BAG_L1","NeuralNetFastAI_r147_BAG_L1","NeuralNetFastAI_r156_BAG_L1","NeuralNetFastAI_r162_BAG_L1","NeuralNetFastAI_r163_BAG_L1","NeuralNetFastAI_r169_BAG_L1","NeuralNetFastAI_r180_BAG_L1","NeuralNetFastAI_r190_BAG_L1","NeuralNetFastAI_r53_BAG_L1","NeuralNetFastAI_r88_BAG_L1","NeuralNetFastAI_r98_BAG_L1","NeuralNetTorch_r117_BAG_L1","NeuralNetTorch_r142_BAG_L1","NeuralNetTorch_r144_BAG_L1","NeuralNetTorch_r157_BAG_L1","NeuralNetTorch_r168_BAG_L1","NeuralNetTorch_r169_BAG_L1","NeuralNetTorch_r176_BAG_L1","NeuralNetTorch_r184_BAG_L1","NeuralNetTorch_r185_BAG_L1","NeuralNetTorch_r42_BAG_L1","NeuralNetTorch_r59_BAG_L1","NeuralNetTorch_r65_BAG_L1","NeuralNetTorch_r91_BAG_L1"],"35":["LightGBM_r106_BAG_L1","LightGBM_r144_BAG_L1","LightGBM_r29_BAG_L1","LightGBM_r3_BAG_L1","LightGBM_r5_BAG_L1","LightGBM_r91_BAG_L1","LinearModel_r15_BAG_L1","NeuralNetFastAI_r147_BAG_L1","NeuralNetFastAI_r156_BAG_L1","NeuralNetFastAI_r162_BAG_L1","NeuralNetFastAI_r163_BAG_L1","NeuralNetFastAI_r169_BAG_L1","NeuralNetFastAI_r180_BAG_L1","NeuralNetFastAI_r190_BAG_L1","NeuralNetFastAI_r53_BAG_L1","NeuralNetFastAI_r88_BAG_L1","NeuralNetFastAI_r98_BAG_L1","NeuralNetTorch_r117_BAG_L1","NeuralNetTorch_r142_BAG_L1","NeuralNetTorch_r144_BAG_L1","NeuralNetTorch_r145_BAG_L1","NeuralNetTorch_r157_BAG_L1","NeuralNetTorch_r168_BAG_L1","NeuralNetTorch_r169_BAG_L1","NeuralNetTorch_r176_BAG_L1","NeuralNetTorch_r184_BAG_L1","NeuralNetTorch_r185_BAG_L1","NeuralNetTorch_r42_BAG_L1","NeuralNetTorch_r59_BAG_L1","NeuralNetTorch_r65_BAG_L1","NeuralNetTorch_r91_BAG_L1","NeuralNetTorch_r98_BAG_L1"],"36":["LightGBM_r106_BAG_L1","LightGBM_r144_BAG_L1","LightGBM_r29_BAG_L1","LightGBM_r3_BAG_L1","LightGBM_r5_BAG_L1","LinearModel_r15_BAG_L1","NeuralNetFastAI_r147_BAG_L1","NeuralNetFastAI_r156_BAG_L1","NeuralNetFastAI_r162_BAG_L1","NeuralNetFastAI_r163_BAG_L1","NeuralNetFastAI_r166_BAG_L1","NeuralNetFastAI_r169_BAG_L1","NeuralNetFastAI_r180_BAG_L1","NeuralNetFastAI_r190_BAG_L1","NeuralNetFastAI_r53_BAG_L1","NeuralNetFastAI_r88_BAG_L1","NeuralNetFastAI_r98_BAG_L1","NeuralNetTorch_r117_BAG_L1","NeuralNetTorch_r142_BAG_L1","NeuralNetTorch_r144_BAG_L1","NeuralNetTorch_r157_BAG_L1","NeuralNetTorch_r168_BAG_L1","NeuralNetTorch_r169_BAG_L1","NeuralNetTorch_r176_BAG_L1","NeuralNetTorch_r184_BAG_L1","NeuralNetTorch_r185_BAG_L1","NeuralNetTorch_r42_BAG_L1","NeuralNetTorch_r59_BAG_L1","NeuralNetTorch_r65_BAG_L1","NeuralNetTorch_r85_BAG_L1","NeuralNetTorch_r91_BAG_L1"],"37":["LightGBM_r106_BAG_L1","LightGBM_r144_BAG_L1","LightGBM_r29_BAG_L1","LightGBM_r3_BAG_L1","LinearModel_r15_BAG_L1","NeuralNetFastAI_r147_BAG_L1","NeuralNetFastAI_r156_BAG_L1","NeuralNetFastAI_r162_BAG_L1","NeuralNetFastAI_r163_BAG_L1","NeuralNetFastAI_r169_BAG_L1","NeuralNetFastAI_r180_BAG_L1","NeuralNetFastAI_r190_BAG_L1","NeuralNetFastAI_r53_BAG_L1","NeuralNetFastAI_r88_BAG_L1","NeuralNetFastAI_r98_BAG_L1","NeuralNetTorch_r115_BAG_L1","NeuralNetTorch_r117_BAG_L1","NeuralNetTorch_r142_BAG_L1","NeuralNetTorch_r144_BAG_L1","NeuralNetTorch_r157_BAG_L1","NeuralNetTorch_r168_BAG_L1","NeuralNetTorch_r169_BAG_L1","NeuralNetTorch_r176_BAG_L1","NeuralNetTorch_r184_BAG_L1","NeuralNetTorch_r185_BAG_L1","NeuralNetTorch_r42_BAG_L1","NeuralNetTorch_r59_BAG_L1","NeuralNetTorch_r65_BAG_L1","NeuralNetTorch_r91_BAG_L1"],"38":["LightGBM_r106_BAG_L1","LightGBM_r144_BAG_L1","LightGBM_r29_BAG_L1","LightGBM_r3_BAG_L1","LightGBM_r5_BAG_L1","LinearModel_r15_BAG_L1","NeuralNetFastAI_r147_BAG_L1","NeuralNetFastAI_r156_BAG_L1","NeuralNetFastAI_r162_BAG_L1","NeuralNetFastAI_r163_BAG_L1","NeuralNetFastAI_r169_BAG_L1","NeuralNetFastAI_r180_BAG_L1","NeuralNetFastAI_r190_BAG_L1","NeuralNetFastAI_r191_BAG_L1","NeuralNetFastAI_r53_BAG_L1","NeuralNetFastAI_r88_BAG_L1","NeuralNetFastAI_r98_BAG_L1","NeuralNetTorch_r115_BAG_L1","NeuralNetTorch_r117_BAG_L1","NeuralNetTorch_r142_BAG_L1","NeuralNetTorch_r144_BAG_L1","NeuralNetTorch_r157_BAG_L1","NeuralNetTorch_r168_BAG_L1","NeuralNetTorch_r169_BAG_L1","NeuralNetTorch_r176_BAG_L1","NeuralNetTorch_r184_BAG_L1","NeuralNetTorch_r185_BAG_L1","NeuralNetTorch_r42_BAG_L1","NeuralNetTorch_r59_BAG_L1","NeuralNetTorch_r65_BAG_L1","NeuralNetTorch_r91_BAG_L1"],"39":["LightGBM_r106_BAG_L1","LightGBM_r144_BAG_L1","LightGBM_r29_BAG_L1","LightGBM_r3_BAG_L1","LightGBM_r5_BAG_L1","LinearModel_r15_BAG_L1","NeuralNetFastAI_r147_BAG_L1","NeuralNetFastAI_r156_BAG_L1","NeuralNetFastAI_r162_BAG_L1","NeuralNetFastAI_r163_BAG_L1","NeuralNetFastAI_r169_BAG_L1","NeuralNetFastAI_r180_BAG_L1","NeuralNetFastAI_r190_BAG_L1","NeuralNetFastAI_r191_BAG_L1","NeuralNetFastAI_r53_BAG_L1","NeuralNetFastAI_r88_BAG_L1","NeuralNetFastAI_r98_BAG_L1","NeuralNetTorch_r117_BAG_L1","NeuralNetTorch_r142_BAG_L1","NeuralNetTorch_r144_BAG_L1","NeuralNetTorch_r157_BAG_L1","NeuralNetTorch_r168_BAG_L1","NeuralNetTorch_r169_BAG_L1","NeuralNetTorch_r176_BAG_L1","NeuralNetTorch_r184_BAG_L1","NeuralNetTorch_r185_BAG_L1","NeuralNetTorch_r42_BAG_L1","NeuralNetTorch_r59_BAG_L1","NeuralNetTorch_r65_BAG_L1","NeuralNetTorch_r91_BAG_L1"],"40":["LightGBM_r106_BAG_L1","LightGBM_r144_BAG_L1","LightGBM_r29_BAG_L1","LightGBM_r3_BAG_L1","LightGBM_r5_BAG_L1","LinearModel_r15_BAG_L1","NeuralNetFastAI_r147_BAG_L1","NeuralNetFastAI_r156_BAG_L1","NeuralNetFastAI_r162_BAG_L1","NeuralNetFastAI_r163_BAG_L1","NeuralNetFastAI_r169_BAG_L1","NeuralNetFastAI_r180_BAG_L1","NeuralNetFastAI_r190_BAG_L1","NeuralNetFastAI_r191_BAG_L1","NeuralNetFastAI_r53_BAG_L1","NeuralNetFastAI_r88_BAG_L1","NeuralNetFastAI_r98_BAG_L1","NeuralNetTorch_r117_BAG_L1","NeuralNetTorch_r142_BAG_L1","NeuralNetTorch_r144_BAG_L1","NeuralNetTorch_r157_BAG_L1","NeuralNetTorch_r168_BAG_L1","NeuralNetTorch_r169_BAG_L1","NeuralNetTorch_r176_BAG_L1","NeuralNetTorch_r184_BAG_L1","NeuralNetTorch_r185_BAG_L1","NeuralNetTorch_r42_BAG_L1","NeuralNetTorch_r59_BAG_L1","NeuralNetTorch_r65_BAG_L1","NeuralNetTorch_r91_BAG_L1"],"41":["LightGBM_r106_BAG_L1","LightGBM_r144_BAG_L1","LightGBM_r29_BAG_L1","LightGBM_r3_BAG_L1","LightGBM_r5_BAG_L1","LinearModel_r15_BAG_L1","NeuralNetFastAI_r126_BAG_L1","NeuralNetFastAI_r147_BAG_L1","NeuralNetFastAI_r156_BAG_L1","NeuralNetFastAI_r162_BAG_L1","NeuralNetFastAI_r163_BAG_L1","NeuralNetFastAI_r169_BAG_L1","NeuralNetFastAI_r180_BAG_L1","NeuralNetFastAI_r190_BAG_L1","NeuralNetFastAI_r53_BAG_L1","NeuralNetFastAI_r88_BAG_L1","NeuralNetFastAI_r98_BAG_L1","NeuralNetTorch_r105_BAG_L1","NeuralNetTorch_r117_BAG_L1","NeuralNetTorch_r142_BAG_L1","NeuralNetTorch_r144_BAG_L1","NeuralNetTorch_r145_BAG_L1","NeuralNetTorch_r157_BAG_L1","NeuralNetTorch_r168_BAG_L1","NeuralNetTorch_r169_BAG_L1","NeuralNetTorch_r176_BAG_L1","NeuralNetTorch_r184_BAG_L1","NeuralNetTorch_r185_BAG_L1","NeuralNetTorch_r42_BAG_L1","NeuralNetTorch_r59_BAG_L1","NeuralNetTorch_r65_BAG_L1","NeuralNetTorch_r91_BAG_L1","NeuralNetTorch_r98_BAG_L1"],"42":["LightGBM_r106_BAG_L1","LightGBM_r144_BAG_L1","LightGBM_r29_BAG_L1","LightGBM_r3_BAG_L1","LightGBM_r5_BAG_L1","LinearModel_r15_BAG_L1","NeuralNetFastAI_r147_BAG_L1","NeuralNetFastAI_r156_BAG_L1","NeuralNetFastAI_r162_BAG_L1","NeuralNetFastAI_r163_BAG_L1","NeuralNetFastAI_r169_BAG_L1","NeuralNetFastAI_r180_BAG_L1","NeuralNetFastAI_r190_BAG_L1","NeuralNetFastAI_r191_BAG_L1","NeuralNetFastAI_r53_BAG_L1","NeuralNetFastAI_r88_BAG_L1","NeuralNetFastAI_r98_BAG_L1","NeuralNetTorch_r117_BAG_L1","NeuralNetTorch_r142_BAG_L1","NeuralNetTorch_r144_BAG_L1","NeuralNetTorch_r145_BAG_L1","NeuralNetTorch_r157_BAG_L1","NeuralNetTorch_r168_BAG_L1","NeuralNetTorch_r169_BAG_L1","NeuralNetTorch_r176_BAG_L1","NeuralNetTorch_r184_BAG_L1","NeuralNetTorch_r185_BAG_L1","NeuralNetTorch_r42_BAG_L1","NeuralNetTorch_r59_BAG_L1","NeuralNetTorch_r65_BAG_L1","NeuralNetTorch_r91_BAG_L1"],"43":["LightGBM_r106_BAG_L1","LightGBM_r144_BAG_L1","LightGBM_r29_BAG_L1","LightGBM_r3_BAG_L1","LightGBM_r5_BAG_L1","LinearModel_r15_BAG_L1","NeuralNetFastAI_r147_BAG_L1","NeuralNetFastAI_r156_BAG_L1","NeuralNetFastAI_r162_BAG_L1","NeuralNetFastAI_r163_BAG_L1","NeuralNetFastAI_r169_BAG_L1","NeuralNetFastAI_r180_BAG_L1","NeuralNetFastAI_r190_BAG_L1","NeuralNetFastAI_r191_BAG_L1","NeuralNetFastAI_r53_BAG_L1","NeuralNetFastAI_r88_BAG_L1","NeuralNetFastAI_r95_BAG_L1","NeuralNetFastAI_r98_BAG_L1","NeuralNetTorch_r117_BAG_L1","NeuralNetTorch_r142_BAG_L1","NeuralNetTorch_r144_BAG_L1","NeuralNetTorch_r157_BAG_L1","NeuralNetTorch_r168_BAG_L1","NeuralNetTorch_r169_BAG_L1","NeuralNetTorch_r176_BAG_L1","NeuralNetTorch_r184_BAG_L1","NeuralNetTorch_r185_BAG_L1","NeuralNetTorch_r42_BAG_L1","NeuralNetTorch_r59_BAG_L1","NeuralNetTorch_r65_BAG_L1","NeuralNetTorch_r91_BAG_L1"],"44":["LightGBM_r106_BAG_L1","LightGBM_r144_BAG_L1","LightGBM_r29_BAG_L1","LightGBM_r3_BAG_L1","LinearModel_r15_BAG_L1","NeuralNetFastAI_r147_BAG_L1","NeuralNetFastAI_r156_BAG_L1","NeuralNetFastAI_r162_BAG_L1","NeuralNetFastAI_r163_BAG_L1","NeuralNetFastAI_r169_BAG_L1","NeuralNetFastAI_r180_BAG_L1","NeuralNetFastAI_r190_BAG_L1","NeuralNetFastAI_r53_BAG_L1","NeuralNetFastAI_r88_BAG_L1","NeuralNetFastAI_r98_BAG_L1","NeuralNetTorch_r117_BAG_L1","NeuralNetTorch_r142_BAG_L1","NeuralNetTorch_r144_BAG_L1","NeuralNetTorch_r145_BAG_L1","NeuralNetTorch_r157_BAG_L1","NeuralNetTorch_r168_BAG_L1","NeuralNetTorch_r169_BAG_L1","NeuralNetTorch_r176_BAG_L1","NeuralNetTorch_r184_BAG_L1","NeuralNetTorch_r185_BAG_L1","NeuralNetTorch_r42_BAG_L1","NeuralNetTorch_r59_BAG_L1","NeuralNetTorch_r65_BAG_L1","NeuralNetTorch_r91_BAG_L1"],"45":["LightGBM_r106_BAG_L1","LightGBM_r144_BAG_L1","LightGBM_r29_BAG_L1","LightGBM_r3_BAG_L1","LightGBM_r5_BAG_L1","LightGBM_r91_BAG_L1","LinearModel_r15_BAG_L1","NeuralNetFastAI_r147_BAG_L1","NeuralNetFastAI_r156_BAG_L1","NeuralNetFastAI_r162_BAG_L1","NeuralNetFastAI_r163_BAG_L1","NeuralNetFastAI_r169_BAG_L1","NeuralNetFastAI_r180_BAG_L1","NeuralNetFastAI_r190_BAG_L1","NeuralNetFastAI_r191_BAG_L1","NeuralNetFastAI_r53_BAG_L1","NeuralNetFastAI_r88_BAG_L1","NeuralNetFastAI_r98_BAG_L1","NeuralNetTorch_r117_BAG_L1","NeuralNetTorch_r142_BAG_L1","NeuralNetTorch_r144_BAG_L1","NeuralNetTorch_r145_BAG_L1","NeuralNetTorch_r157_BAG_L1","NeuralNetTorch_r168_BAG_L1","NeuralNetTorch_r169_BAG_L1","NeuralNetTorch_r176_BAG_L1","NeuralNetTorch_r184_BAG_L1","NeuralNetTorch_r185_BAG_L1","NeuralNetTorch_r42_BAG_L1","NeuralNetTorch_r59_BAG_L1","NeuralNetTorch_r65_BAG_L1","NeuralNetTorch_r91_BAG_L1","NeuralNetTorch_r98_BAG_L1"],"46":["ExtraTrees_r14_BAG_L1","LightGBM_r106_BAG_L1","LightGBM_r144_BAG_L1","LightGBM_r29_BAG_L1","LightGBM_r3_BAG_L1","LightGBM_r5_BAG_L1","LinearModel_r15_BAG_L1","NeuralNetFastAI_r147_BAG_L1","NeuralNetFastAI_r156_BAG_L1","NeuralNetFastAI_r162_BAG_L1","NeuralNetFastAI_r163_BAG_L1","NeuralNetFastAI_r169_BAG_L1","NeuralNetFastAI_r180_BAG_L1","NeuralNetFastAI_r190_BAG_L1","NeuralNetFastAI_r53_BAG_L1","NeuralNetFastAI_r88_BAG_L1","NeuralNetFastAI_r98_BAG_L1","NeuralNetTorch_r117_BAG_L1","NeuralNetTorch_r142_BAG_L1","NeuralNetTorch_r144_BAG_L1","NeuralNetTorch_r145_BAG_L1","NeuralNetTorch_r157_BAG_L1","NeuralNetTorch_r168_BAG_L1","NeuralNetTorch_r169_BAG_L1","NeuralNetTorch_r176_BAG_L1","NeuralNetTorch_r184_BAG_L1","NeuralNetTorch_r185_BAG_L1","NeuralNetTorch_r42_BAG_L1","NeuralNetTorch_r59_BAG_L1","NeuralNetTorch_r65_BAG_L1","NeuralNetTorch_r91_BAG_L1","NeuralNetTorch_r98_BAG_L1"],"47":["LightGBM_r106_BAG_L1","LightGBM_r144_BAG_L1","LightGBM_r29_BAG_L1","LightGBM_r3_BAG_L1","LightGBM_r5_BAG_L1","LinearModel_r15_BAG_L1","NeuralNetFastAI_r147_BAG_L1","NeuralNetFastAI_r156_BAG_L1","NeuralNetFastAI_r162_BAG_L1","NeuralNetFastAI_r163_BAG_L1","NeuralNetFastAI_r169_BAG_L1","NeuralNetFastAI_r180_BAG_L1","NeuralNetFastAI_r190_BAG_L1","NeuralNetFastAI_r53_BAG_L1","NeuralNetFastAI_r88_BAG_L1","NeuralNetFastAI_r98_BAG_L1","NeuralNetTorch_r117_BAG_L1","NeuralNetTorch_r142_BAG_L1","NeuralNetTorch_r144_BAG_L1","NeuralNetTorch_r145_BAG_L1","NeuralNetTorch_r157_BAG_L1","NeuralNetTorch_r168_BAG_L1","NeuralNetTorch_r169_BAG_L1","NeuralNetTorch_r176_BAG_L1","NeuralNetTorch_r184_BAG_L1","NeuralNetTorch_r185_BAG_L1","NeuralNetTorch_r42_BAG_L1","NeuralNetTorch_r59_BAG_L1","NeuralNetTorch_r65_BAG_L1","NeuralNetTorch_r91_BAG_L1"],"48":["CatBoost_r184_BAG_L1","LightGBM_r106_BAG_L1","LightGBM_r144_BAG_L1","LightGBM_r15_BAG_L1","LightGBM_r29_BAG_L1","LightGBM_r3_BAG_L1","LightGBM_r5_BAG_L1","LinearModel_r15_BAG_L1","NeuralNetFastAI_r147_BAG_L1","NeuralNetFastAI_r156_BAG_L1","NeuralNetFastAI_r162_BAG_L1","NeuralNetFastAI_r163_BAG_L1","NeuralNetFastAI_r169_BAG_L1","NeuralNetFastAI_r180_BAG_L1","NeuralNetFastAI_r190_BAG_L1","NeuralNetFastAI_r53_BAG_L1","NeuralNetFastAI_r88_BAG_L1","NeuralNetFastAI_r98_BAG_L1","NeuralNetTorch_r117_BAG_L1","NeuralNetTorch_r142_BAG_L1","NeuralNetTorch_r144_BAG_L1","NeuralNetTorch_r148_BAG_L1","NeuralNetTorch_r157_BAG_L1","NeuralNetTorch_r168_BAG_L1","NeuralNetTorch_r169_BAG_L1","NeuralNetTorch_r176_BAG_L1","NeuralNetTorch_r184_BAG_L1","NeuralNetTorch_r185_BAG_L1","NeuralNetTorch_r42_BAG_L1","NeuralNetTorch_r59_BAG_L1","NeuralNetTorch_r65_BAG_L1","NeuralNetTorch_r85_BAG_L1","NeuralNetTorch_r91_BAG_L1"]},"weights":{"0":[0.0322580645,0.0322580645,0.0322580645,0.0322580645,0.0322580645,0.0322580645,0.0322580645,0.0322580645,0.0322580645,0.0322580645,0.064516129,0.0322580645,0.0322580645,0.0322580645,0.0322580645,0.0322580645,0.0322580645,0.0322580645,0.0322580645,0.0322580645,0.0322580645,0.0322580645,0.0322580645,0.0322580645,0.0322580645,0.0322580645,0.0322580645,0.0322580645,0.0322580645,0.0322580645],"1":[0.0322580645,0.0322580645,0.0322580645,0.0322580645,0.0322580645,0.0322580645,0.0322580645,0.0322580645,0.0322580645,0.064516129,0.0322580645,0.0322580645,0.0322580645,0.0322580645,0.0322580645,0.0322580645,0.0322580645,0.0322580645,0.0322580645,0.0322580645,0.0322580645,0.0322580645,0.0322580645,0.0322580645,0.0322580645,0.0322580645,0.0322580645,0.0322580645,0.0322580645,0.0322580645],"2":[0.0322580645,0.0322580645,0.0322580645,0.0322580645,0.0322580645,0.0322580645,0.0322580645,0.0322580645,0.064516129,0.0322580645,0.0322580645,0.0322580645,0.0322580645,0.0322580645,0.064516129,0.0322580645,0.0322580645,0.0322580645,0.0322580645,0.0322580645,0.0322580645,0.0322580645,0.0322580645,0.0322580645,0.0322580645,0.0322580645,0.0322580645,0.0322580645,0.0322580645],"3":[0.0322580645,0.0322580645,0.0322580645,0.0322580645,0.0322580645,0.0322580645,0.0322580645,0.0322580645,0.0322580645,0.064516129,0.0322580645,0.0322580645,0.0322580645,0.0322580645,0.0322580645,0.0322580645,0.0322580645,0.0322580645,0.0322580645,0.0322580645,0.0322580645,0.0322580645,0.0322580645,0.0322580645,0.0322580645,0.0322580645,0.0322580645,0.0322580645,0.0322580645,0.0322580645],"4":[0.0333333333,0.0333333333,0.0333333333,0.0333333333,0.0333333333,0.0333333333,0.0333333333,0.0333333333,0.0333333333,0.0666666667,0.0333333333,0.0333333333,0.0333333333,0.0333333333,0.0333333333,0.0333333333,0.0333333333,0.0333333333,0.0333333333,0.0333333333,0.0333333333,0.0333333333,0.0333333333,0.0333333333,0.0333333333,0.0333333333,0.0333333333,0.0333333333,0.0333333333],"5":[0.0294117647,0.0294117647,0.0294117647,0.0294117647,0.0294117647,0.0294117647,0.0294117647,0.0294117647,0.0294117647,0.0588235294,0.0294117647,0.0294117647,0.0294117647,0.0294117647,0.0294117647,0.0294117647,0.0294117647,0.0294117647,0.0294117647,0.0294117647,0.0294117647,0.0294117647,0.0294117647,0.0294117647,0.0294117647,0.0294117647,0.0294117647,0.0294117647,0.0294117647,0.0294117647,0.0294117647,0.0294117647,0.0294117647],"6":[0.0303030303,0.0303030303,0.0303030303,0.0303030303,0.0303030303,0.0303030303,0.0303030303,0.0303030303,0.0303030303,0.0606060606,0.0303030303,0.0303030303,0.0303030303,0.0303030303,0.0303030303,0.0303030303,0.0303030303,0.0303030303,0.0303030303,0.0303030303,0.0303030303,0.0303030303,0.0303030303,0.0303030303,0.0303030303,0.0303030303,0.0303030303,0.0303030303,0.0303030303,0.0303030303,0.0303030303,0.0303030303],"7":[0.03125,0.03125,0.03125,0.03125,0.03125,0.03125,0.03125,0.03125,0.03125,0.0625,0.03125,0.03125,0.03125,0.03125,0.03125,0.03125,0.03125,0.03125,0.03125,0.03125,0.03125,0.03125,0.03125,0.03125,0.03125,0.03125,0.03125,0.03125,0.03125,0.03125,0.03125],"8":[0.0333333333,0.0333333333,0.0333333333,0.0333333333,0.0333333333,0.0333333333,0.0333333333,0.0333333333,0.0666666667,0.0333333333,0.0333333333,0.0333333333,0.0333333333,0.0333333333,0.0333333333,0.0333333333,0.0333333333,0.0333333333,0.0333333333,0.0333333333,0.0333333333,0.0333333333,0.0333333333,0.0333333333,0.0333333333,0.0333333333,0.0333333333,0.0333333333,0.0333333333],"9":[0.0303030303,0.0303030303,0.0303030303,0.0303030303,0.0303030303,0.0303030303,0.0303030303,0.0303030303,0.0303030303,0.0606060606,0.0303030303,0.0303030303,0.0303030303,0.0303030303,0.0303030303,0.0303030303,0.0303030303,0.0303030303,0.0303030303,0.0303030303,0.0303030303,0.0303030303,0.0303030303,0.0303030303,0.0303030303,0.0303030303,0.0303030303,0.0303030303,0.0303030303,0.0303030303,0.0303030303,0.0303030303],"10":[0.0322580645,0.0322580645,0.0322580645,0.0322580645,0.0322580645,0.0322580645,0.0322580645,0.0322580645,0.0322580645,0.0322580645,0.064516129,0.0322580645,0.0322580645,0.0322580645,0.0322580645,0.0322580645,0.0322580645,0.0322580645,0.0322580645,0.0322580645,0.0322580645,0.0322580645,0.0322580645,0.0322580645,0.0322580645,0.0322580645,0.0322580645,0.0322580645,0.0322580645,0.0322580645],"11":[0.03125,0.03125,0.03125,0.03125,0.03125,0.03125,0.03125,0.03125,0.03125,0.0625,0.03125,0.03125,0.03125,0.03125,0.03125,0.03125,0.03125,0.03125,0.03125,0.03125,0.03125,0.03125,0.03125,0.03125,0.03125,0.03125,0.03125,0.03125,0.03125,0.03125,0.03125],"12":[0.0322580645,0.0322580645,0.0322580645,0.0322580645,0.0322580645,0.0322580645,0.0322580645,0.0322580645,0.0322580645,0.064516129,0.0322580645,0.0322580645,0.0322580645,0.0322580645,0.0322580645,0.064516129,0.0322580645,0.0322580645,0.0322580645,0.0322580645,0.0322580645,0.0322580645,0.0322580645,0.0322580645,0.0322580645,0.0322580645,0.0322580645,0.0322580645,0.0322580645],"13":[0.0322580645,0.0322580645,0.0322580645,0.0322580645,0.0322580645,0.0322580645,0.0322580645,0.0322580645,0.0322580645,0.064516129,0.0322580645,0.0322580645,0.0322580645,0.0322580645,0.0322580645,0.0322580645,0.0322580645,0.0322580645,0.0322580645,0.0322580645,0.0322580645,0.0322580645,0.0322580645,0.0322580645,0.0322580645,0.0322580645,0.0322580645,0.0322580645,0.0322580645,0.0322580645],"14":[0.0303030303,0.0303030303,0.0303030303,0.0303030303,0.0303030303,0.0303030303,0.0303030303,0.0303030303,0.0303030303,0.0606060606,0.0303030303,0.0303030303,0.0303030303,0.0303030303,0.0303030303,0.0303030303,0.0303030303,0.0303030303,0.0606060606,0.0303030303,0.0303030303,0.0303030303,0.0303030303,0.0303030303,0.0303030303,0.0303030303,0.0303030303,0.0303030303,0.0303030303,0.0303030303,0.0303030303],"15":[0.0303030303,0.0303030303,0.0303030303,0.0303030303,0.0303030303,0.0303030303,0.0303030303,0.0303030303,0.0303030303,0.0606060606,0.0303030303,0.0303030303,0.0303030303,0.0303030303,0.0303030303,0.0303030303,0.0303030303,0.0303030303,0.0303030303,0.0303030303,0.0303030303,0.0303030303,0.0303030303,0.0303030303,0.0303030303,0.0303030303,0.0303030303,0.0303030303,0.0303030303,0.0303030303,0.0303030303,0.0303030303],"16":[0.0322580645,0.0322580645,0.0322580645,0.0322580645,0.0322580645,0.0322580645,0.0322580645,0.0322580645,0.0322580645,0.0322580645,0.064516129,0.0322580645,0.0322580645,0.0322580645,0.0322580645,0.0322580645,0.0322580645,0.0322580645,0.0322580645,0.0322580645,0.0322580645,0.0322580645,0.0322580645,0.0322580645,0.0322580645,0.0322580645,0.0322580645,0.0322580645,0.0322580645,0.0322580645],"17":[0.0322580645,0.0322580645,0.0322580645,0.0322580645,0.0322580645,0.0322580645,0.0322580645,0.0322580645,0.0322580645,0.064516129,0.0322580645,0.0322580645,0.0322580645,0.0322580645,0.0322580645,0.0322580645,0.0322580645,0.0322580645,0.0322580645,0.0322580645,0.0322580645,0.0322580645,0.0322580645,0.0322580645,0.0322580645,0.0322580645,0.0322580645,0.0322580645,0.0322580645,0.0322580645],"18":[0.0333333333,0.0333333333,0.0333333333,0.0333333333,0.0333333333,0.0333333333,0.0333333333,0.0333333333,0.0333333333,0.0666666667,0.0333333333,0.0333333333,0.0333333333,0.0333333333,0.0333333333,0.0333333333,0.0333333333,0.0333333333,0.0333333333,0.0333333333,0.0333333333,0.0333333333,0.0333333333,0.0333333333,0.0333333333,0.0333333333,0.0333333333,0.0333333333,0.0333333333],"19":[0.03125,0.03125,0.03125,0.03125,0.03125,0.03125,0.03125,0.03125,0.03125,0.03125,0.0625,0.03125,0.03125,0.03125,0.03125,0.03125,0.03125,0.03125,0.03125,0.03125,0.03125,0.03125,0.03125,0.03125,0.03125,0.03125,0.03125,0.03125,0.03125,0.03125,0.03125],"20":[0.0344827586,0.0344827586,0.0344827586,0.0344827586,0.0344827586,0.0344827586,0.0344827586,0.0344827586,0.0689655172,0.0344827586,0.0344827586,0.0344827586,0.0344827586,0.0344827586,0.0344827586,0.0344827586,0.0344827586,0.0344827586,0.0344827586,0.0344827586,0.0344827586,0.0344827586,0.0344827586,0.0344827586,0.0344827586,0.0344827586,0.0344827586,0.0344827586],"21":[0.0333333333,0.0333333333,0.0333333333,0.0333333333,0.0333333333,0.0333333333,0.0333333333,0.0333333333,0.0666666667,0.0333333333,0.0333333333,0.0333333333,0.0333333333,0.0333333333,0.0333333333,0.0333333333,0.0333333333,0.0333333333,0.0333333333,0.0333333333,0.0333333333,0.0333333333,0.0333333333,0.0333333333,0.0333333333,0.0333333333,0.0333333333,0.0333333333,0.0333333333],"22":[0.0303030303,0.0303030303,0.0303030303,0.0303030303,0.0303030303,0.0303030303,0.0303030303,0.0303030303,0.0303030303,0.0303030303,0.0606060606,0.0303030303,0.0303030303,0.0303030303,0.0303030303,0.0303030303,0.0303030303,0.0303030303,0.0303030303,0.0303030303,0.0303030303,0.0303030303,0.0303030303,0.0303030303,0.0303030303,0.0303030303,0.0303030303,0.0303030303,0.0303030303,0.0303030303,0.0303030303,0.0303030303],"23":[0.0333333333,0.0333333333,0.0333333333,0.0333333333,0.0333333333,0.0333333333,0.0333333333,0.0333333333,0.0666666667,0.0333333333,0.0333333333,0.0333333333,0.0333333333,0.0333333333,0.0333333333,0.0333333333,0.0666666667,0.0333333333,0.0333333333,0.0333333333,0.0333333333,0.0333333333,0.0333333333,0.0333333333,0.0333333333,0.0333333333,0.0333333333,0.0333333333],"24":[0.0333333333,0.0333333333,0.0333333333,0.0333333333,0.0333333333,0.0333333333,0.0333333333,0.0333333333,0.0333333333,0.0666666667,0.0333333333,0.0333333333,0.0333333333,0.0333333333,0.0333333333,0.0333333333,0.0333333333,0.0333333333,0.0333333333,0.0333333333,0.0333333333,0.0333333333,0.0333333333,0.0333333333,0.0333333333,0.0333333333,0.0333333333,0.0333333333,0.0333333333],"25":[0.0322580645,0.0322580645,0.0322580645,0.0322580645,0.0322580645,0.0322580645,0.0322580645,0.0322580645,0.0322580645,0.0322580645,0.064516129,0.0322580645,0.0322580645,0.0322580645,0.0322580645,0.0322580645,0.0322580645,0.0322580645,0.0322580645,0.0322580645,0.0322580645,0.0322580645,0.0322580645,0.0322580645,0.0322580645,0.0322580645,0.0322580645,0.0322580645,0.0322580645,0.0322580645],"26":[0.0333333333,0.0333333333,0.0333333333,0.0333333333,0.0333333333,0.0333333333,0.0333333333,0.0333333333,0.0666666667,0.0333333333,0.0333333333,0.0333333333,0.0333333333,0.0333333333,0.0666666667,0.0333333333,0.0333333333,0.0333333333,0.0333333333,0.0333333333,0.0333333333,0.0333333333,0.0333333333,0.0333333333,0.0333333333,0.0333333333,0.0333333333,0.0333333333],"27":[0.0322580645,0.0322580645,0.0322580645,0.0322580645,0.0322580645,0.0322580645,0.0322580645,0.0322580645,0.0322580645,0.064516129,0.0322580645,0.0322580645,0.0322580645,0.0322580645,0.0322580645,0.0322580645,0.0322580645,0.0322580645,0.0322580645,0.0322580645,0.0322580645,0.0322580645,0.0322580645,0.0322580645,0.0322580645,0.0322580645,0.0322580645,0.0322580645,0.0322580645,0.0322580645],"28":[0.0322580645,0.0322580645,0.0322580645,0.0322580645,0.0322580645,0.0322580645,0.0322580645,0.0322580645,0.0322580645,0.0322580645,0.064516129,0.0322580645,0.0322580645,0.0322580645,0.0322580645,0.0322580645,0.0322580645,0.0322580645,0.0322580645,0.0322580645,0.0322580645,0.0322580645,0.0322580645,0.0322580645,0.0322580645,0.0322580645,0.0322580645,0.0322580645,0.0322580645,0.0322580645],"29":[0.03125,0.03125,0.03125,0.03125,0.03125,0.03125,0.03125,0.03125,0.03125,0.0625,0.03125,0.03125,0.03125,0.03125,0.03125,0.03125,0.03125,0.03125,0.03125,0.03125,0.03125,0.03125,0.03125,0.03125,0.03125,0.03125,0.03125,0.03125,0.03125,0.03125,0.03125],"30":[0.0322580645,0.0322580645,0.0322580645,0.0322580645,0.0322580645,0.0322580645,0.0322580645,0.0322580645,0.0322580645,0.064516129,0.0322580645,0.0322580645,0.0322580645,0.0322580645,0.0322580645,0.0322580645,0.0322580645,0.0322580645,0.0322580645,0.0322580645,0.0322580645,0.0322580645,0.0322580645,0.0322580645,0.0322580645,0.0322580645,0.0322580645,0.0322580645,0.0322580645,0.0322580645],"31":[0.0303030303,0.0303030303,0.0303030303,0.0303030303,0.0303030303,0.0303030303,0.0303030303,0.0303030303,0.0303030303,0.0606060606,0.0303030303,0.0303030303,0.0303030303,0.0303030303,0.0303030303,0.0303030303,0.0303030303,0.0303030303,0.0303030303,0.0303030303,0.0303030303,0.0303030303,0.0303030303,0.0303030303,0.0303030303,0.0303030303,0.0303030303,0.0303030303,0.0303030303,0.0303030303,0.0303030303,0.0303030303],"32":[0.0322580645,0.0322580645,0.0322580645,0.0322580645,0.0322580645,0.0322580645,0.0322580645,0.0322580645,0.0322580645,0.0322580645,0.064516129,0.0322580645,0.0322580645,0.0322580645,0.0322580645,0.0322580645,0.0322580645,0.0322580645,0.0322580645,0.0322580645,0.0322580645,0.0322580645,0.0322580645,0.0322580645,0.0322580645,0.0322580645,0.0322580645,0.0322580645,0.0322580645,0.0322580645],"33":[0.0322580645,0.0322580645,0.0322580645,0.0322580645,0.0322580645,0.0322580645,0.0322580645,0.0322580645,0.0322580645,0.064516129,0.0322580645,0.0322580645,0.0322580645,0.0322580645,0.0322580645,0.0322580645,0.0322580645,0.0322580645,0.0322580645,0.0322580645,0.0322580645,0.0322580645,0.0322580645,0.0322580645,0.0322580645,0.0322580645,0.0322580645,0.0322580645,0.0322580645,0.0322580645],"34":[0.0322580645,0.0322580645,0.0322580645,0.0322580645,0.0322580645,0.0322580645,0.0322580645,0.0322580645,0.0322580645,0.0322580645,0.064516129,0.0322580645,0.0322580645,0.0322580645,0.0322580645,0.0322580645,0.0322580645,0.0322580645,0.0322580645,0.0322580645,0.0322580645,0.0322580645,0.0322580645,0.0322580645,0.0322580645,0.0322580645,0.0322580645,0.0322580645,0.0322580645,0.0322580645],"35":[0.0303030303,0.0303030303,0.0303030303,0.0303030303,0.0303030303,0.0303030303,0.0303030303,0.0303030303,0.0303030303,0.0303030303,0.0606060606,0.0303030303,0.0303030303,0.0303030303,0.0303030303,0.0303030303,0.0303030303,0.0303030303,0.0303030303,0.0303030303,0.0303030303,0.0303030303,0.0303030303,0.0303030303,0.0303030303,0.0303030303,0.0303030303,0.0303030303,0.0303030303,0.0303030303,0.0303030303,0.0303030303],"36":[0.03125,0.03125,0.03125,0.03125,0.03125,0.03125,0.03125,0.03125,0.03125,0.0625,0.03125,0.03125,0.03125,0.03125,0.03125,0.03125,0.03125,0.03125,0.03125,0.03125,0.03125,0.03125,0.03125,0.03125,0.03125,0.03125,0.03125,0.03125,0.03125,0.03125,0.03125],"37":[0.0333333333,0.0333333333,0.0333333333,0.0333333333,0.0333333333,0.0333333333,0.0333333333,0.0333333333,0.0666666667,0.0333333333,0.0333333333,0.0333333333,0.0333333333,0.0333333333,0.0333333333,0.0333333333,0.0333333333,0.0333333333,0.0333333333,0.0333333333,0.0333333333,0.0333333333,0.0333333333,0.0333333333,0.0333333333,0.0333333333,0.0333333333,0.0333333333,0.0333333333],"38":[0.0303030303,0.0303030303,0.0303030303,0.0303030303,0.0303030303,0.0303030303,0.0303030303,0.0303030303,0.0303030303,0.0606060606,0.0303030303,0.0303030303,0.0303030303,0.0303030303,0.0303030303,0.0303030303,0.0303030303,0.0303030303,0.0303030303,0.0303030303,0.0606060606,0.0303030303,0.0303030303,0.0303030303,0.0303030303,0.0303030303,0.0303030303,0.0303030303,0.0303030303,0.0303030303,0.0303030303],"39":[0.0322580645,0.0322580645,0.0322580645,0.0322580645,0.0322580645,0.0322580645,0.0322580645,0.0322580645,0.0322580645,0.064516129,0.0322580645,0.0322580645,0.0322580645,0.0322580645,0.0322580645,0.0322580645,0.0322580645,0.0322580645,0.0322580645,0.0322580645,0.0322580645,0.0322580645,0.0322580645,0.0322580645,0.0322580645,0.0322580645,0.0322580645,0.0322580645,0.0322580645,0.0322580645],"40":[0.03125,0.03125,0.03125,0.03125,0.03125,0.03125,0.03125,0.03125,0.03125,0.0625,0.03125,0.03125,0.03125,0.03125,0.03125,0.03125,0.03125,0.03125,0.03125,0.03125,0.03125,0.03125,0.03125,0.03125,0.03125,0.03125,0.03125,0.03125,0.0625,0.03125],"41":[0.0294117647,0.0294117647,0.0294117647,0.0294117647,0.0294117647,0.0294117647,0.0294117647,0.0294117647,0.0294117647,0.0294117647,0.0588235294,0.0294117647,0.0294117647,0.0294117647,0.0294117647,0.0294117647,0.0294117647,0.0294117647,0.0294117647,0.0294117647,0.0294117647,0.0294117647,0.0294117647,0.0294117647,0.0294117647,0.0294117647,0.0294117647,0.0294117647,0.0294117647,0.0294117647,0.0294117647,0.0294117647,0.0294117647],"42":[0.03125,0.03125,0.03125,0.03125,0.03125,0.03125,0.03125,0.03125,0.03125,0.0625,0.03125,0.03125,0.03125,0.03125,0.03125,0.03125,0.03125,0.03125,0.03125,0.03125,0.03125,0.03125,0.03125,0.03125,0.03125,0.03125,0.03125,0.03125,0.03125,0.03125,0.03125],"43":[0.03125,0.03125,0.03125,0.03125,0.03125,0.03125,0.03125,0.03125,0.03125,0.0625,0.03125,0.03125,0.03125,0.03125,0.03125,0.03125,0.03125,0.03125,0.03125,0.03125,0.03125,0.03125,0.03125,0.03125,0.03125,0.03125,0.03125,0.03125,0.03125,0.03125,0.03125],"44":[0.0333333333,0.0333333333,0.0333333333,0.0333333333,0.0333333333,0.0333333333,0.0333333333,0.0333333333,0.0666666667,0.0333333333,0.0333333333,0.0333333333,0.0333333333,0.0333333333,0.0333333333,0.0333333333,0.0333333333,0.0333333333,0.0333333333,0.0333333333,0.0333333333,0.0333333333,0.0333333333,0.0333333333,0.0333333333,0.0333333333,0.0333333333,0.0333333333,0.0333333333],"45":[0.0294117647,0.0294117647,0.0294117647,0.0294117647,0.0294117647,0.0294117647,0.0294117647,0.0294117647,0.0294117647,0.0294117647,0.0588235294,0.0294117647,0.0294117647,0.0294117647,0.0294117647,0.0294117647,0.0294117647,0.0294117647,0.0294117647,0.0294117647,0.0294117647,0.0294117647,0.0294117647,0.0294117647,0.0294117647,0.0294117647,0.0294117647,0.0294117647,0.0294117647,0.0294117647,0.0294117647,0.0294117647,0.0294117647],"46":[0.0303030303,0.0303030303,0.0303030303,0.0303030303,0.0303030303,0.0303030303,0.0303030303,0.0303030303,0.0303030303,0.0303030303,0.0606060606,0.0303030303,0.0303030303,0.0303030303,0.0303030303,0.0303030303,0.0303030303,0.0303030303,0.0303030303,0.0303030303,0.0303030303,0.0303030303,0.0303030303,0.0303030303,0.0303030303,0.0303030303,0.0303030303,0.0303030303,0.0303030303,0.0303030303,0.0303030303,0.0303030303],"47":[0.0322580645,0.0322580645,0.0322580645,0.0322580645,0.0322580645,0.0322580645,0.0322580645,0.0322580645,0.0322580645,0.064516129,0.0322580645,0.0322580645,0.0322580645,0.0322580645,0.0322580645,0.0322580645,0.0322580645,0.0322580645,0.0322580645,0.0322580645,0.0322580645,0.0322580645,0.0322580645,0.0322580645,0.0322580645,0.0322580645,0.0322580645,0.0322580645,0.0322580645,0.0322580645],"48":[0.0294117647,0.0294117647,0.0294117647,0.0294117647,0.0294117647,0.0294117647,0.0294117647,0.0294117647,0.0294117647,0.0294117647,0.0294117647,0.0588235294,0.0294117647,0.0294117647,0.0294117647,0.0294117647,0.0294117647,0.0294117647,0.0294117647,0.0294117647,0.0294117647,0.0294117647,0.0294117647,0.0294117647,0.0294117647,0.0294117647,0.0294117647,0.0294117647,0.0294117647,0.0294117647,0.0294117647,0.0294117647,0.0294117647]},"meta":{"0":32,"1":32,"2":31,"3":33,"4":30,"5":30,"6":31,"7":30,"8":34,"9":32,"10":31,"11":33,"12":32,"13":31,"14":29,"15":30,"16":31,"17":31,"18":31,"19":32,"20":30,"21":34,"22":31,"23":31,"24":33,"25":31,"26":31,"27":34,"28":30,"29":30,"30":31,"31":30,"32":31,"33":33,"34":31,"35":33,"36":34,"37":33,"38":32,"39":31,"40":30,"41":32,"42":31,"43":33,"44":33,"45":33,"46":31,"47":31,"48":32},"task":{"0":"9924_2","1":"9924_2","2":"9924_2","3":"9924_2","4":"9924_2","5":"9924_2","6":"9924_2","7":"9924_2","8":"9924_2","9":"9924_2","10":"9924_2","11":"9924_2","12":"9924_2","13":"9924_2","14":"9924_2","15":"9924_2","16":"9924_2","17":"9924_2","18":"9924_2","19":"9924_2","20":"9924_2","21":"9924_2","22":"9924_2","23":"9924_2","24":"9924_2","25":"9924_2","26":"9924_2","27":"9924_2","28":"9924_2","29":"9924_2","30":"9924_2","31":"9924_2","32":"9924_2","33":"9924_2","34":"9924_2","35":"9924_2","36":"9924_2","37":"9924_2","38":"9924_2","39":"9924_2","40":"9924_2","41":"9924_2","42":"9924_2","43":"9924_2","44":"9924_2","45":"9924_2","46":"9924_2","47":"9924_2","48":"9924_2"},"dataset":{"0":"volcanoes-a2","1":"volcanoes-a2","2":"volcanoes-a2","3":"volcanoes-a2","4":"volcanoes-a2","5":"volcanoes-a2","6":"volcanoes-a2","7":"volcanoes-a2","8":"volcanoes-a2","9":"volcanoes-a2","10":"volcanoes-a2","11":"volcanoes-a2","12":"volcanoes-a2","13":"volcanoes-a2","14":"volcanoes-a2","15":"volcanoes-a2","16":"volcanoes-a2","17":"volcanoes-a2","18":"volcanoes-a2","19":"volcanoes-a2","20":"volcanoes-a2","21":"volcanoes-a2","22":"volcanoes-a2","23":"volcanoes-a2","24":"volcanoes-a2","25":"volcanoes-a2","26":"volcanoes-a2","27":"volcanoes-a2","28":"volcanoes-a2","29":"volcanoes-a2","30":"volcanoes-a2","31":"volcanoes-a2","32":"volcanoes-a2","33":"volcanoes-a2","34":"volcanoes-a2","35":"volcanoes-a2","36":"volcanoes-a2","37":"volcanoes-a2","38":"volcanoes-a2","39":"volcanoes-a2","40":"volcanoes-a2","41":"volcanoes-a2","42":"volcanoes-a2","43":"volcanoes-a2","44":"volcanoes-a2","45":"volcanoes-a2","46":"volcanoes-a2","47":"volcanoes-a2","48":"volcanoes-a2"},"fold":{"0":2,"1":2,"2":2,"3":2,"4":2,"5":2,"6":2,"7":2,"8":2,"9":2,"10":2,"11":2,"12":2,"13":2,"14":2,"15":2,"16":2,"17":2,"18":2,"19":2,"20":2,"21":2,"22":2,"23":2,"24":2,"25":2,"26":2,"27":2,"28":2,"29":2,"30":2,"31":2,"32":2,"33":2,"34":2,"35":2,"36":2,"37":2,"38":2,"39":2,"40":2,"41":2,"42":2,"43":2,"44":2,"45":2,"46":2,"47":2,"48":2},"method":{"0":"QO","1":"QO","2":"QO","3":"QO","4":"QO","5":"QO","6":"QO","7":"QO","8":"QO","9":"QO","10":"QO","11":"QO","12":"QO","13":"QO","14":"QO","15":"QO","16":"QO","17":"QO","18":"QO","19":"QO","20":"QO","21":"QO","22":"QO","23":"QO","24":"QO","25":"QO","26":"QO","27":"QO","28":"QO","29":"QO","30":"QO","31":"QO","32":"QO","33":"QO","34":"QO","35":"QO","36":"QO","37":"QO","38":"QO","39":"QO","40":"QO","41":"QO","42":"QO","43":"QO","44":"QO","45":"QO","46":"QO","47":"QO","48":"QO"}}