{"name":{"0":"QO_0","1":"QO_1","2":"QO_2","3":"QO_3","4":"QO_4","5":"QO_5","6":"QO_6","7":"QO_7","8":"QO_8","9":"QO_9","10":"QO_10","11":"QO_11","12":"QO_12","13":"QO_13","14":"QO_14","15":"QO_15","16":"QO_16","17":"QO_17","18":"QO_18","19":"QO_19","20":"QO_20","21":"QO_21","22":"QO_22","23":"QO_23","24":"QO_24","25":"QO_25","26":"QO_26","27":"QO_27","28":"QO_28","29":"QO_29","30":"QO_30","31":"QO_31","32":"QO_32","33":"QO_33","34":"QO_34","35":"QO_35","36":"QO_36","37":"QO_37","38":"QO_38","39":"QO_39","40":"QO_40","41":"QO_41","42":"QO_42","43":"QO_43","44":"QO_44","45":"QO_45","46":"QO_46","47":"QO_47","48":"QO_48"},"roc_auc_val":{"0":0.8915416919,"1":0.8914465837,"2":0.8913983943,"3":0.8913211358,"4":0.8913411886,"5":0.8912963542,"6":0.8912065022,"7":0.89120055,"8":0.8912381488,"9":0.8915536236,"10":0.8912852171,"11":0.8911937076,"12":0.8911914438,"13":0.8912414932,"14":0.8911992167,"15":0.8912339369,"16":0.8911828082,"17":0.8913048275,"18":0.8913014321,"19":0.8912713124,"20":0.8915726033,"21":0.89163552,"22":0.8914514742,"23":0.8913479871,"24":0.8913130024,"25":0.8914023225,"26":0.8912586226,"27":0.891279495,"28":0.891274147,"29":0.8912608401,"30":0.8914465837,"31":0.8912862826,"32":0.8912065675,"33":0.8914612513,"34":0.8913055127,"35":0.8912066874,"36":0.8913106916,"37":0.8912885965,"38":0.8913048275,"39":0.8911842531,"40":0.8912365619,"41":0.8913994,"42":0.8913604807,"43":0.8913831903,"44":0.8916314514,"45":0.8914639528,"46":0.8914465837,"47":0.8914465837,"48":0.8912357733},"roc_auc_test":{"0":0.8027624739,"1":0.8027766507,"2":0.8045273609,"3":0.8046544026,"4":0.8021464528,"5":0.8036313516,"6":0.8036171747,"7":0.8026508358,"8":0.8039680519,"9":0.8013885456,"10":0.8043189291,"11":0.8043448338,"12":0.804513184,"13":0.8032650707,"14":0.8024824857,"15":0.8019219499,"16":0.8024677494,"17":0.8026083006,"18":0.80099636,"19":0.8040235372,"20":0.803784298,"21":0.8027766507,"22":0.8041493521,"23":0.798937308,"24":0.801067249,"25":0.8027211654,"26":0.8031121242,"27":0.8031133511,"28":0.8036325784,"29":0.8046944842,"30":0.8027766507,"31":0.80099636,"32":0.802930824,"33":0.8026083006,"34":0.8032650707,"35":0.8041493521,"36":0.8043590107,"37":0.8049195465,"38":0.8026083006,"39":0.8033371865,"40":0.8008280099,"41":0.8048227528,"42":0.8034630014,"43":0.8049911029,"44":0.8037997017,"45":0.8020194111,"46":0.8027766507,"47":0.8027766507,"48":0.803855187},"models_used":{"0":["ExtraTrees_r65_BAG_L1","KNeighbors_r10_BAG_L1","KNeighbors_r39_BAG_L1","LinearModel_r16_BAG_L1","NeuralNetFastAI_r120_BAG_L1","NeuralNetFastAI_r123_BAG_L1","NeuralNetFastAI_r134_BAG_L1","NeuralNetFastAI_r144_BAG_L1","NeuralNetFastAI_r147_BAG_L1","NeuralNetFastAI_r156_BAG_L1","NeuralNetFastAI_r163_BAG_L1","NeuralNetFastAI_r16_BAG_L1","NeuralNetFastAI_r171_BAG_L1","NeuralNetFastAI_r179_BAG_L1","NeuralNetFastAI_r17_BAG_L1","NeuralNetFastAI_r180_BAG_L1","NeuralNetFastAI_r196_BAG_L1","NeuralNetFastAI_r36_BAG_L1","NeuralNetFastAI_r64_BAG_L1","NeuralNetFastAI_r89_BAG_L1","NeuralNetTorch_r115_BAG_L1","NeuralNetTorch_r13_BAG_L1","NeuralNetTorch_r144_BAG_L1","NeuralNetTorch_r145_BAG_L1","NeuralNetTorch_r158_BAG_L1","NeuralNetTorch_r181_BAG_L1","NeuralNetTorch_r185_BAG_L1","NeuralNetTorch_r193_BAG_L1","NeuralNetTorch_r200_BAG_L1","NeuralNetTorch_r40_BAG_L1","NeuralNetTorch_r42_BAG_L1","NeuralNetTorch_r95_BAG_L1","NeuralNetTorch_r97_BAG_L1","XGBoost_r172_BAG_L1"],"1":["ExtraTrees_r65_BAG_L1","ExtraTrees_r94_BAG_L1","KNeighbors_r10_BAG_L1","KNeighbors_r39_BAG_L1","LinearModel_r16_BAG_L1","NeuralNetFastAI_r120_BAG_L1","NeuralNetFastAI_r123_BAG_L1","NeuralNetFastAI_r134_BAG_L1","NeuralNetFastAI_r144_BAG_L1","NeuralNetFastAI_r147_BAG_L1","NeuralNetFastAI_r156_BAG_L1","NeuralNetFastAI_r163_BAG_L1","NeuralNetFastAI_r16_BAG_L1","NeuralNetFastAI_r171_BAG_L1","NeuralNetFastAI_r179_BAG_L1","NeuralNetFastAI_r17_BAG_L1","NeuralNetFastAI_r180_BAG_L1","NeuralNetFastAI_r196_BAG_L1","NeuralNetFastAI_r36_BAG_L1","NeuralNetFastAI_r64_BAG_L1","NeuralNetFastAI_r89_BAG_L1","NeuralNetTorch_r115_BAG_L1","NeuralNetTorch_r13_BAG_L1","NeuralNetTorch_r144_BAG_L1","NeuralNetTorch_r145_BAG_L1","NeuralNetTorch_r158_BAG_L1","NeuralNetTorch_r181_BAG_L1","NeuralNetTorch_r185_BAG_L1","NeuralNetTorch_r193_BAG_L1","NeuralNetTorch_r200_BAG_L1","NeuralNetTorch_r40_BAG_L1","NeuralNetTorch_r42_BAG_L1","NeuralNetTorch_r95_BAG_L1","XGBoost_r172_BAG_L1"],"2":["ExtraTrees_r65_BAG_L1","KNeighbors_r10_BAG_L1","KNeighbors_r39_BAG_L1","LinearModel_r16_BAG_L1","NeuralNetFastAI_r120_BAG_L1","NeuralNetFastAI_r123_BAG_L1","NeuralNetFastAI_r134_BAG_L1","NeuralNetFastAI_r144_BAG_L1","NeuralNetFastAI_r147_BAG_L1","NeuralNetFastAI_r163_BAG_L1","NeuralNetFastAI_r16_BAG_L1","NeuralNetFastAI_r171_BAG_L1","NeuralNetFastAI_r179_BAG_L1","NeuralNetFastAI_r17_BAG_L1","NeuralNetFastAI_r180_BAG_L1","NeuralNetFastAI_r196_BAG_L1","NeuralNetFastAI_r36_BAG_L1","NeuralNetFastAI_r64_BAG_L1","NeuralNetFastAI_r89_BAG_L1","NeuralNetTorch_r115_BAG_L1","NeuralNetTorch_r13_BAG_L1","NeuralNetTorch_r144_BAG_L1","NeuralNetTorch_r145_BAG_L1","NeuralNetTorch_r158_BAG_L1","NeuralNetTorch_r181_BAG_L1","NeuralNetTorch_r185_BAG_L1","NeuralNetTorch_r193_BAG_L1","NeuralNetTorch_r200_BAG_L1","NeuralNetTorch_r40_BAG_L1","NeuralNetTorch_r42_BAG_L1","NeuralNetTorch_r43_BAG_L1","NeuralNetTorch_r95_BAG_L1","XGBoost_r172_BAG_L1"],"3":["ExtraTrees_r190_BAG_L1","ExtraTrees_r65_BAG_L1","KNeighbors_r10_BAG_L1","KNeighbors_r39_BAG_L1","LinearModel_r16_BAG_L1","NeuralNetFastAI_r120_BAG_L1","NeuralNetFastAI_r123_BAG_L1","NeuralNetFastAI_r134_BAG_L1","NeuralNetFastAI_r144_BAG_L1","NeuralNetFastAI_r147_BAG_L1","NeuralNetFastAI_r156_BAG_L1","NeuralNetFastAI_r163_BAG_L1","NeuralNetFastAI_r16_BAG_L1","NeuralNetFastAI_r171_BAG_L1","NeuralNetFastAI_r179_BAG_L1","NeuralNetFastAI_r17_BAG_L1","NeuralNetFastAI_r180_BAG_L1","NeuralNetFastAI_r196_BAG_L1","NeuralNetFastAI_r36_BAG_L1","NeuralNetFastAI_r64_BAG_L1","NeuralNetFastAI_r89_BAG_L1","NeuralNetTorch_r115_BAG_L1","NeuralNetTorch_r13_BAG_L1","NeuralNetTorch_r144_BAG_L1","NeuralNetTorch_r145_BAG_L1","NeuralNetTorch_r158_BAG_L1","NeuralNetTorch_r181_BAG_L1","NeuralNetTorch_r185_BAG_L1","NeuralNetTorch_r193_BAG_L1","NeuralNetTorch_r200_BAG_L1","NeuralNetTorch_r40_BAG_L1","NeuralNetTorch_r42_BAG_L1","NeuralNetTorch_r95_BAG_L1","XGBoost_r172_BAG_L1"],"4":["ExtraTrees_r65_BAG_L1","KNeighbors_r10_BAG_L1","KNeighbors_r39_BAG_L1","LinearModel_r16_BAG_L1","NeuralNetFastAI_r120_BAG_L1","NeuralNetFastAI_r123_BAG_L1","NeuralNetFastAI_r134_BAG_L1","NeuralNetFastAI_r144_BAG_L1","NeuralNetFastAI_r147_BAG_L1","NeuralNetFastAI_r156_BAG_L1","NeuralNetFastAI_r163_BAG_L1","NeuralNetFastAI_r16_BAG_L1","NeuralNetFastAI_r171_BAG_L1","NeuralNetFastAI_r179_BAG_L1","NeuralNetFastAI_r17_BAG_L1","NeuralNetFastAI_r180_BAG_L1","NeuralNetFastAI_r196_BAG_L1","NeuralNetFastAI_r197_BAG_L1","NeuralNetFastAI_r36_BAG_L1","NeuralNetFastAI_r64_BAG_L1","NeuralNetFastAI_r89_BAG_L1","NeuralNetTorch_r115_BAG_L1","NeuralNetTorch_r13_BAG_L1","NeuralNetTorch_r144_BAG_L1","NeuralNetTorch_r145_BAG_L1","NeuralNetTorch_r158_BAG_L1","NeuralNetTorch_r181_BAG_L1","NeuralNetTorch_r185_BAG_L1","NeuralNetTorch_r193_BAG_L1","NeuralNetTorch_r200_BAG_L1","NeuralNetTorch_r40_BAG_L1","NeuralNetTorch_r42_BAG_L1","NeuralNetTorch_r95_BAG_L1","XGBoost_r172_BAG_L1"],"5":["ExtraTrees_r187_BAG_L1","ExtraTrees_r65_BAG_L1","KNeighbors_r10_BAG_L1","KNeighbors_r39_BAG_L1","LinearModel_r16_BAG_L1","NeuralNetFastAI_r120_BAG_L1","NeuralNetFastAI_r123_BAG_L1","NeuralNetFastAI_r134_BAG_L1","NeuralNetFastAI_r144_BAG_L1","NeuralNetFastAI_r147_BAG_L1","NeuralNetFastAI_r156_BAG_L1","NeuralNetFastAI_r163_BAG_L1","NeuralNetFastAI_r16_BAG_L1","NeuralNetFastAI_r171_BAG_L1","NeuralNetFastAI_r179_BAG_L1","NeuralNetFastAI_r17_BAG_L1","NeuralNetFastAI_r180_BAG_L1","NeuralNetFastAI_r196_BAG_L1","NeuralNetFastAI_r36_BAG_L1","NeuralNetFastAI_r64_BAG_L1","NeuralNetFastAI_r89_BAG_L1","NeuralNetTorch_r115_BAG_L1","NeuralNetTorch_r13_BAG_L1","NeuralNetTorch_r144_BAG_L1","NeuralNetTorch_r145_BAG_L1","NeuralNetTorch_r158_BAG_L1","NeuralNetTorch_r181_BAG_L1","NeuralNetTorch_r185_BAG_L1","NeuralNetTorch_r193_BAG_L1","NeuralNetTorch_r200_BAG_L1","NeuralNetTorch_r40_BAG_L1","NeuralNetTorch_r42_BAG_L1","NeuralNetTorch_r95_BAG_L1","XGBoost_r172_BAG_L1"],"6":["ExtraTrees_r65_BAG_L1","KNeighbors_r10_BAG_L1","KNeighbors_r39_BAG_L1","LightGBM_r101_BAG_L1","LinearModel_r16_BAG_L1","NeuralNetFastAI_r120_BAG_L1","NeuralNetFastAI_r123_BAG_L1","NeuralNetFastAI_r134_BAG_L1","NeuralNetFastAI_r144_BAG_L1","NeuralNetFastAI_r147_BAG_L1","NeuralNetFastAI_r156_BAG_L1","NeuralNetFastAI_r163_BAG_L1","NeuralNetFastAI_r16_BAG_L1","NeuralNetFastAI_r171_BAG_L1","NeuralNetFastAI_r179_BAG_L1","NeuralNetFastAI_r17_BAG_L1","NeuralNetFastAI_r180_BAG_L1","NeuralNetFastAI_r196_BAG_L1","NeuralNetFastAI_r36_BAG_L1","NeuralNetFastAI_r64_BAG_L1","NeuralNetFastAI_r89_BAG_L1","NeuralNetTorch_r115_BAG_L1","NeuralNetTorch_r13_BAG_L1","NeuralNetTorch_r144_BAG_L1","NeuralNetTorch_r145_BAG_L1","NeuralNetTorch_r158_BAG_L1","NeuralNetTorch_r181_BAG_L1","NeuralNetTorch_r185_BAG_L1","NeuralNetTorch_r193_BAG_L1","NeuralNetTorch_r200_BAG_L1","NeuralNetTorch_r40_BAG_L1","NeuralNetTorch_r42_BAG_L1","NeuralNetTorch_r95_BAG_L1","XGBoost_r172_BAG_L1"],"7":["ExtraTrees_r65_BAG_L1","KNeighbors_r10_BAG_L1","KNeighbors_r39_BAG_L1","LightGBM_r139_BAG_L1","LinearModel_r16_BAG_L1","NeuralNetFastAI_r120_BAG_L1","NeuralNetFastAI_r123_BAG_L1","NeuralNetFastAI_r134_BAG_L1","NeuralNetFastAI_r144_BAG_L1","NeuralNetFastAI_r147_BAG_L1","NeuralNetFastAI_r156_BAG_L1","NeuralNetFastAI_r163_BAG_L1","NeuralNetFastAI_r16_BAG_L1","NeuralNetFastAI_r171_BAG_L1","NeuralNetFastAI_r179_BAG_L1","NeuralNetFastAI_r17_BAG_L1","NeuralNetFastAI_r180_BAG_L1","NeuralNetFastAI_r196_BAG_L1","NeuralNetFastAI_r36_BAG_L1","NeuralNetFastAI_r64_BAG_L1","NeuralNetFastAI_r89_BAG_L1","NeuralNetTorch_r115_BAG_L1","NeuralNetTorch_r13_BAG_L1","NeuralNetTorch_r144_BAG_L1","NeuralNetTorch_r145_BAG_L1","NeuralNetTorch_r158_BAG_L1","NeuralNetTorch_r181_BAG_L1","NeuralNetTorch_r185_BAG_L1","NeuralNetTorch_r193_BAG_L1","NeuralNetTorch_r200_BAG_L1","NeuralNetTorch_r40_BAG_L1","NeuralNetTorch_r42_BAG_L1","NeuralNetTorch_r95_BAG_L1","XGBoost_r172_BAG_L1"],"8":["ExtraTrees_r65_BAG_L1","ExtraTrees_r7_BAG_L1","KNeighbors_r10_BAG_L1","KNeighbors_r39_BAG_L1","LinearModel_r16_BAG_L1","NeuralNetFastAI_r120_BAG_L1","NeuralNetFastAI_r123_BAG_L1","NeuralNetFastAI_r134_BAG_L1","NeuralNetFastAI_r144_BAG_L1","NeuralNetFastAI_r147_BAG_L1","NeuralNetFastAI_r163_BAG_L1","NeuralNetFastAI_r16_BAG_L1","NeuralNetFastAI_r171_BAG_L1","NeuralNetFastAI_r179_BAG_L1","NeuralNetFastAI_r17_BAG_L1","NeuralNetFastAI_r180_BAG_L1","NeuralNetFastAI_r196_BAG_L1","NeuralNetFastAI_r36_BAG_L1","NeuralNetFastAI_r64_BAG_L1","NeuralNetFastAI_r89_BAG_L1","NeuralNetTorch_r115_BAG_L1","NeuralNetTorch_r13_BAG_L1","NeuralNetTorch_r144_BAG_L1","NeuralNetTorch_r145_BAG_L1","NeuralNetTorch_r158_BAG_L1","NeuralNetTorch_r181_BAG_L1","NeuralNetTorch_r185_BAG_L1","NeuralNetTorch_r193_BAG_L1","NeuralNetTorch_r200_BAG_L1","NeuralNetTorch_r40_BAG_L1","NeuralNetTorch_r42_BAG_L1","NeuralNetTorch_r95_BAG_L1","XGBoost_r172_BAG_L1"],"9":["ExtraTrees_r65_BAG_L1","KNeighbors_r10_BAG_L1","KNeighbors_r39_BAG_L1","LightGBM_r149_BAG_L1","LinearModel_r16_BAG_L1","NeuralNetFastAI_r120_BAG_L1","NeuralNetFastAI_r123_BAG_L1","NeuralNetFastAI_r134_BAG_L1","NeuralNetFastAI_r144_BAG_L1","NeuralNetFastAI_r147_BAG_L1","NeuralNetFastAI_r156_BAG_L1","NeuralNetFastAI_r163_BAG_L1","NeuralNetFastAI_r16_BAG_L1","NeuralNetFastAI_r171_BAG_L1","NeuralNetFastAI_r179_BAG_L1","NeuralNetFastAI_r17_BAG_L1","NeuralNetFastAI_r180_BAG_L1","NeuralNetFastAI_r196_BAG_L1","NeuralNetFastAI_r36_BAG_L1","NeuralNetFastAI_r64_BAG_L1","NeuralNetFastAI_r89_BAG_L1","NeuralNetTorch_r115_BAG_L1","NeuralNetTorch_r13_BAG_L1","NeuralNetTorch_r144_BAG_L1","NeuralNetTorch_r145_BAG_L1","NeuralNetTorch_r146_BAG_L1","NeuralNetTorch_r158_BAG_L1","NeuralNetTorch_r181_BAG_L1","NeuralNetTorch_r185_BAG_L1","NeuralNetTorch_r193_BAG_L1","NeuralNetTorch_r200_BAG_L1","NeuralNetTorch_r40_BAG_L1","NeuralNetTorch_r42_BAG_L1","NeuralNetTorch_r95_BAG_L1","XGBoost_r172_BAG_L1"],"10":["ExtraTrees_r65_BAG_L1","KNeighbors_r10_BAG_L1","KNeighbors_r39_BAG_L1","LinearModel_r16_BAG_L1","NeuralNetFastAI_r100_BAG_L1","NeuralNetFastAI_r120_BAG_L1","NeuralNetFastAI_r123_BAG_L1","NeuralNetFastAI_r134_BAG_L1","NeuralNetFastAI_r144_BAG_L1","NeuralNetFastAI_r147_BAG_L1","NeuralNetFastAI_r163_BAG_L1","NeuralNetFastAI_r16_BAG_L1","NeuralNetFastAI_r171_BAG_L1","NeuralNetFastAI_r179_BAG_L1","NeuralNetFastAI_r17_BAG_L1","NeuralNetFastAI_r180_BAG_L1","NeuralNetFastAI_r196_BAG_L1","NeuralNetFastAI_r36_BAG_L1","NeuralNetFastAI_r64_BAG_L1","NeuralNetFastAI_r89_BAG_L1","NeuralNetTorch_r115_BAG_L1","NeuralNetTorch_r13_BAG_L1","NeuralNetTorch_r144_BAG_L1","NeuralNetTorch_r145_BAG_L1","NeuralNetTorch_r158_BAG_L1","NeuralNetTorch_r181_BAG_L1","NeuralNetTorch_r185_BAG_L1","NeuralNetTorch_r193_BAG_L1","NeuralNetTorch_r200_BAG_L1","NeuralNetTorch_r40_BAG_L1","NeuralNetTorch_r42_BAG_L1","NeuralNetTorch_r95_BAG_L1","XGBoost_r172_BAG_L1"],"11":["ExtraTrees_r65_BAG_L1","KNeighbors_r10_BAG_L1","KNeighbors_r39_BAG_L1","LinearModel_r16_BAG_L1","NeuralNetFastAI_r120_BAG_L1","NeuralNetFastAI_r123_BAG_L1","NeuralNetFastAI_r134_BAG_L1","NeuralNetFastAI_r144_BAG_L1","NeuralNetFastAI_r147_BAG_L1","NeuralNetFastAI_r163_BAG_L1","NeuralNetFastAI_r16_BAG_L1","NeuralNetFastAI_r171_BAG_L1","NeuralNetFastAI_r179_BAG_L1","NeuralNetFastAI_r17_BAG_L1","NeuralNetFastAI_r180_BAG_L1","NeuralNetFastAI_r196_BAG_L1","NeuralNetFastAI_r36_BAG_L1","NeuralNetFastAI_r64_BAG_L1","NeuralNetFastAI_r89_BAG_L1","NeuralNetTorch_r109_BAG_L1","NeuralNetTorch_r115_BAG_L1","NeuralNetTorch_r13_BAG_L1","NeuralNetTorch_r144_BAG_L1","NeuralNetTorch_r145_BAG_L1","NeuralNetTorch_r158_BAG_L1","NeuralNetTorch_r181_BAG_L1","NeuralNetTorch_r185_BAG_L1","NeuralNetTorch_r193_BAG_L1","NeuralNetTorch_r200_BAG_L1","NeuralNetTorch_r40_BAG_L1","NeuralNetTorch_r42_BAG_L1","NeuralNetTorch_r95_BAG_L1","XGBoost_r172_BAG_L1"],"12":["ExtraTrees_r65_BAG_L1","KNeighbors_r10_BAG_L1","KNeighbors_r39_BAG_L1","LinearModel_r16_BAG_L1","NeuralNetFastAI_r120_BAG_L1","NeuralNetFastAI_r123_BAG_L1","NeuralNetFastAI_r134_BAG_L1","NeuralNetFastAI_r144_BAG_L1","NeuralNetFastAI_r147_BAG_L1","NeuralNetFastAI_r156_BAG_L1","NeuralNetFastAI_r163_BAG_L1","NeuralNetFastAI_r16_BAG_L1","NeuralNetFastAI_r171_BAG_L1","NeuralNetFastAI_r179_BAG_L1","NeuralNetFastAI_r17_BAG_L1","NeuralNetFastAI_r180_BAG_L1","NeuralNetFastAI_r196_BAG_L1","NeuralNetFastAI_r36_BAG_L1","NeuralNetFastAI_r64_BAG_L1","NeuralNetFastAI_r89_BAG_L1","NeuralNetTorch_r109_BAG_L1","NeuralNetTorch_r115_BAG_L1","NeuralNetTorch_r13_BAG_L1","NeuralNetTorch_r144_BAG_L1","NeuralNetTorch_r145_BAG_L1","NeuralNetTorch_r158_BAG_L1","NeuralNetTorch_r181_BAG_L1","NeuralNetTorch_r185_BAG_L1","NeuralNetTorch_r193_BAG_L1","NeuralNetTorch_r200_BAG_L1","NeuralNetTorch_r40_BAG_L1","NeuralNetTorch_r42_BAG_L1","NeuralNetTorch_r95_BAG_L1","XGBoost_r172_BAG_L1"],"13":["ExtraTrees_r65_BAG_L1","KNeighbors_r10_BAG_L1","KNeighbors_r39_BAG_L1","LinearModel_r16_BAG_L1","NeuralNetFastAI_r120_BAG_L1","NeuralNetFastAI_r123_BAG_L1","NeuralNetFastAI_r134_BAG_L1","NeuralNetFastAI_r144_BAG_L1","NeuralNetFastAI_r147_BAG_L1","NeuralNetFastAI_r156_BAG_L1","NeuralNetFastAI_r163_BAG_L1","NeuralNetFastAI_r16_BAG_L1","NeuralNetFastAI_r171_BAG_L1","NeuralNetFastAI_r179_BAG_L1","NeuralNetFastAI_r17_BAG_L1","NeuralNetFastAI_r180_BAG_L1","NeuralNetFastAI_r196_BAG_L1","NeuralNetFastAI_r36_BAG_L1","NeuralNetFastAI_r64_BAG_L1","NeuralNetFastAI_r89_BAG_L1","NeuralNetTorch_r115_BAG_L1","NeuralNetTorch_r13_BAG_L1","NeuralNetTorch_r144_BAG_L1","NeuralNetTorch_r145_BAG_L1","NeuralNetTorch_r158_BAG_L1","NeuralNetTorch_r181_BAG_L1","NeuralNetTorch_r185_BAG_L1","NeuralNetTorch_r193_BAG_L1","NeuralNetTorch_r199_BAG_L1","NeuralNetTorch_r200_BAG_L1","NeuralNetTorch_r40_BAG_L1","NeuralNetTorch_r42_BAG_L1","NeuralNetTorch_r95_BAG_L1","XGBoost_r172_BAG_L1"],"14":["ExtraTrees_r65_BAG_L1","KNeighbors_r10_BAG_L1","KNeighbors_r39_BAG_L1","LightGBM_r92_BAG_L1","LinearModel_r16_BAG_L1","NeuralNetFastAI_r120_BAG_L1","NeuralNetFastAI_r123_BAG_L1","NeuralNetFastAI_r134_BAG_L1","NeuralNetFastAI_r144_BAG_L1","NeuralNetFastAI_r147_BAG_L1","NeuralNetFastAI_r156_BAG_L1","NeuralNetFastAI_r163_BAG_L1","NeuralNetFastAI_r16_BAG_L1","NeuralNetFastAI_r171_BAG_L1","NeuralNetFastAI_r179_BAG_L1","NeuralNetFastAI_r17_BAG_L1","NeuralNetFastAI_r180_BAG_L1","NeuralNetFastAI_r196_BAG_L1","NeuralNetFastAI_r36_BAG_L1","NeuralNetFastAI_r64_BAG_L1","NeuralNetFastAI_r89_BAG_L1","NeuralNetTorch_r115_BAG_L1","NeuralNetTorch_r13_BAG_L1","NeuralNetTorch_r144_BAG_L1","NeuralNetTorch_r145_BAG_L1","NeuralNetTorch_r158_BAG_L1","NeuralNetTorch_r181_BAG_L1","NeuralNetTorch_r185_BAG_L1","NeuralNetTorch_r193_BAG_L1","NeuralNetTorch_r200_BAG_L1","NeuralNetTorch_r40_BAG_L1","NeuralNetTorch_r42_BAG_L1","NeuralNetTorch_r95_BAG_L1","XGBoost_r172_BAG_L1"],"15":["ExtraTrees_r65_BAG_L1","KNeighbors_r10_BAG_L1","KNeighbors_r39_BAG_L1","LinearModel_r16_BAG_L1","NeuralNetFastAI_r120_BAG_L1","NeuralNetFastAI_r123_BAG_L1","NeuralNetFastAI_r134_BAG_L1","NeuralNetFastAI_r144_BAG_L1","NeuralNetFastAI_r147_BAG_L1","NeuralNetFastAI_r156_BAG_L1","NeuralNetFastAI_r163_BAG_L1","NeuralNetFastAI_r16_BAG_L1","NeuralNetFastAI_r171_BAG_L1","NeuralNetFastAI_r179_BAG_L1","NeuralNetFastAI_r17_BAG_L1","NeuralNetFastAI_r180_BAG_L1","NeuralNetFastAI_r196_BAG_L1","NeuralNetFastAI_r36_BAG_L1","NeuralNetFastAI_r64_BAG_L1","NeuralNetFastAI_r66_BAG_L1","NeuralNetFastAI_r89_BAG_L1","NeuralNetTorch_r115_BAG_L1","NeuralNetTorch_r13_BAG_L1","NeuralNetTorch_r144_BAG_L1","NeuralNetTorch_r145_BAG_L1","NeuralNetTorch_r158_BAG_L1","NeuralNetTorch_r181_BAG_L1","NeuralNetTorch_r185_BAG_L1","NeuralNetTorch_r193_BAG_L1","NeuralNetTorch_r200_BAG_L1","NeuralNetTorch_r40_BAG_L1","NeuralNetTorch_r42_BAG_L1","NeuralNetTorch_r95_BAG_L1","XGBoost_r172_BAG_L1"],"16":["ExtraTrees_r65_BAG_L1","KNeighbors_r10_BAG_L1","KNeighbors_r39_BAG_L1","LinearModel_r16_BAG_L1","NeuralNetFastAI_r120_BAG_L1","NeuralNetFastAI_r123_BAG_L1","NeuralNetFastAI_r134_BAG_L1","NeuralNetFastAI_r144_BAG_L1","NeuralNetFastAI_r147_BAG_L1","NeuralNetFastAI_r156_BAG_L1","NeuralNetFastAI_r163_BAG_L1","NeuralNetFastAI_r16_BAG_L1","NeuralNetFastAI_r171_BAG_L1","NeuralNetFastAI_r179_BAG_L1","NeuralNetFastAI_r17_BAG_L1","NeuralNetFastAI_r180_BAG_L1","NeuralNetFastAI_r196_BAG_L1","NeuralNetFastAI_r36_BAG_L1","NeuralNetFastAI_r64_BAG_L1","NeuralNetFastAI_r89_BAG_L1","NeuralNetTorch_r115_BAG_L1","NeuralNetTorch_r13_BAG_L1","NeuralNetTorch_r144_BAG_L1","NeuralNetTorch_r145_BAG_L1","NeuralNetTorch_r158_BAG_L1","NeuralNetTorch_r181_BAG_L1","NeuralNetTorch_r185_BAG_L1","NeuralNetTorch_r193_BAG_L1","NeuralNetTorch_r200_BAG_L1","NeuralNetTorch_r40_BAG_L1","NeuralNetTorch_r42_BAG_L1","NeuralNetTorch_r95_BAG_L1","XGBoost_r151_BAG_L1","XGBoost_r172_BAG_L1"],"17":["ExtraTrees_r106_BAG_L1","ExtraTrees_r65_BAG_L1","KNeighbors_r10_BAG_L1","KNeighbors_r39_BAG_L1","LinearModel_r16_BAG_L1","NeuralNetFastAI_r120_BAG_L1","NeuralNetFastAI_r123_BAG_L1","NeuralNetFastAI_r134_BAG_L1","NeuralNetFastAI_r144_BAG_L1","NeuralNetFastAI_r147_BAG_L1","NeuralNetFastAI_r156_BAG_L1","NeuralNetFastAI_r163_BAG_L1","NeuralNetFastAI_r16_BAG_L1","NeuralNetFastAI_r171_BAG_L1","NeuralNetFastAI_r179_BAG_L1","NeuralNetFastAI_r17_BAG_L1","NeuralNetFastAI_r180_BAG_L1","NeuralNetFastAI_r196_BAG_L1","NeuralNetFastAI_r36_BAG_L1","NeuralNetFastAI_r64_BAG_L1","NeuralNetFastAI_r89_BAG_L1","NeuralNetTorch_r115_BAG_L1","NeuralNetTorch_r13_BAG_L1","NeuralNetTorch_r144_BAG_L1","NeuralNetTorch_r145_BAG_L1","NeuralNetTorch_r158_BAG_L1","NeuralNetTorch_r181_BAG_L1","NeuralNetTorch_r185_BAG_L1","NeuralNetTorch_r193_BAG_L1","NeuralNetTorch_r200_BAG_L1","NeuralNetTorch_r40_BAG_L1","NeuralNetTorch_r42_BAG_L1","NeuralNetTorch_r95_BAG_L1","XGBoost_r172_BAG_L1"],"18":["ExtraTrees_r65_BAG_L1","KNeighbors_r10_BAG_L1","KNeighbors_r39_BAG_L1","LinearModel_r16_BAG_L1","NeuralNetFastAI_r120_BAG_L1","NeuralNetFastAI_r123_BAG_L1","NeuralNetFastAI_r134_BAG_L1","NeuralNetFastAI_r144_BAG_L1","NeuralNetFastAI_r147_BAG_L1","NeuralNetFastAI_r156_BAG_L1","NeuralNetFastAI_r163_BAG_L1","NeuralNetFastAI_r16_BAG_L1","NeuralNetFastAI_r171_BAG_L1","NeuralNetFastAI_r179_BAG_L1","NeuralNetFastAI_r17_BAG_L1","NeuralNetFastAI_r180_BAG_L1","NeuralNetFastAI_r196_BAG_L1","NeuralNetFastAI_r36_BAG_L1","NeuralNetFastAI_r64_BAG_L1","NeuralNetFastAI_r89_BAG_L1","NeuralNetTorch_r115_BAG_L1","NeuralNetTorch_r13_BAG_L1","NeuralNetTorch_r144_BAG_L1","NeuralNetTorch_r145_BAG_L1","NeuralNetTorch_r158_BAG_L1","NeuralNetTorch_r181_BAG_L1","NeuralNetTorch_r185_BAG_L1","NeuralNetTorch_r193_BAG_L1","NeuralNetTorch_r200_BAG_L1","NeuralNetTorch_r40_BAG_L1","NeuralNetTorch_r42_BAG_L1","NeuralNetTorch_r95_BAG_L1","XGBoost_r172_BAG_L1","XGBoost_r53_BAG_L1"],"19":["ExtraTrees_r65_BAG_L1","KNeighbors_r10_BAG_L1","KNeighbors_r39_BAG_L1","LightGBM_r121_BAG_L1","LinearModel_r16_BAG_L1","NeuralNetFastAI_r120_BAG_L1","NeuralNetFastAI_r123_BAG_L1","NeuralNetFastAI_r134_BAG_L1","NeuralNetFastAI_r144_BAG_L1","NeuralNetFastAI_r147_BAG_L1","NeuralNetFastAI_r163_BAG_L1","NeuralNetFastAI_r16_BAG_L1","NeuralNetFastAI_r171_BAG_L1","NeuralNetFastAI_r179_BAG_L1","NeuralNetFastAI_r17_BAG_L1","NeuralNetFastAI_r180_BAG_L1","NeuralNetFastAI_r196_BAG_L1","NeuralNetFastAI_r36_BAG_L1","NeuralNetFastAI_r64_BAG_L1","NeuralNetFastAI_r89_BAG_L1","NeuralNetTorch_r115_BAG_L1","NeuralNetTorch_r13_BAG_L1","NeuralNetTorch_r144_BAG_L1","NeuralNetTorch_r145_BAG_L1","NeuralNetTorch_r158_BAG_L1","NeuralNetTorch_r181_BAG_L1","NeuralNetTorch_r185_BAG_L1","NeuralNetTorch_r193_BAG_L1","NeuralNetTorch_r200_BAG_L1","NeuralNetTorch_r40_BAG_L1","NeuralNetTorch_r42_BAG_L1","NeuralNetTorch_r95_BAG_L1","XGBoost_r172_BAG_L1"],"20":["ExtraTrees_r65_BAG_L1","KNeighbors_r10_BAG_L1","KNeighbors_r39_BAG_L1","LinearModel_r16_BAG_L1","NeuralNetFastAI_r120_BAG_L1","NeuralNetFastAI_r123_BAG_L1","NeuralNetFastAI_r134_BAG_L1","NeuralNetFastAI_r144_BAG_L1","NeuralNetFastAI_r147_BAG_L1","NeuralNetFastAI_r163_BAG_L1","NeuralNetFastAI_r16_BAG_L1","NeuralNetFastAI_r171_BAG_L1","NeuralNetFastAI_r179_BAG_L1","NeuralNetFastAI_r17_BAG_L1","NeuralNetFastAI_r180_BAG_L1","NeuralNetFastAI_r196_BAG_L1","NeuralNetFastAI_r36_BAG_L1","NeuralNetFastAI_r64_BAG_L1","NeuralNetFastAI_r89_BAG_L1","NeuralNetTorch_r115_BAG_L1","NeuralNetTorch_r13_BAG_L1","NeuralNetTorch_r144_BAG_L1","NeuralNetTorch_r145_BAG_L1","NeuralNetTorch_r158_BAG_L1","NeuralNetTorch_r181_BAG_L1","NeuralNetTorch_r185_BAG_L1","NeuralNetTorch_r193_BAG_L1","NeuralNetTorch_r200_BAG_L1","NeuralNetTorch_r40_BAG_L1","NeuralNetTorch_r42_BAG_L1","NeuralNetTorch_r95_BAG_L1","XGBoost_r172_BAG_L1"],"21":["ExtraTrees_r65_BAG_L1","KNeighbors_r10_BAG_L1","KNeighbors_r39_BAG_L1","LinearModel_r16_BAG_L1","NeuralNetFastAI_r120_BAG_L1","NeuralNetFastAI_r123_BAG_L1","NeuralNetFastAI_r134_BAG_L1","NeuralNetFastAI_r144_BAG_L1","NeuralNetFastAI_r147_BAG_L1","NeuralNetFastAI_r156_BAG_L1","NeuralNetFastAI_r163_BAG_L1","NeuralNetFastAI_r16_BAG_L1","NeuralNetFastAI_r171_BAG_L1","NeuralNetFastAI_r179_BAG_L1","NeuralNetFastAI_r17_BAG_L1","NeuralNetFastAI_r180_BAG_L1","NeuralNetFastAI_r196_BAG_L1","NeuralNetFastAI_r36_BAG_L1","NeuralNetFastAI_r64_BAG_L1","NeuralNetFastAI_r89_BAG_L1","NeuralNetTorch_r115_BAG_L1","NeuralNetTorch_r13_BAG_L1","NeuralNetTorch_r144_BAG_L1","NeuralNetTorch_r145_BAG_L1","NeuralNetTorch_r158_BAG_L1","NeuralNetTorch_r181_BAG_L1","NeuralNetTorch_r185_BAG_L1","NeuralNetTorch_r193_BAG_L1","NeuralNetTorch_r200_BAG_L1","NeuralNetTorch_r40_BAG_L1","NeuralNetTorch_r42_BAG_L1","NeuralNetTorch_r95_BAG_L1","XGBoost_r172_BAG_L1"],"22":["ExtraTrees_r65_BAG_L1","KNeighbors_r10_BAG_L1","KNeighbors_r39_BAG_L1","LinearModel_r16_BAG_L1","NeuralNetFastAI_r120_BAG_L1","NeuralNetFastAI_r123_BAG_L1","NeuralNetFastAI_r134_BAG_L1","NeuralNetFastAI_r144_BAG_L1","NeuralNetFastAI_r147_BAG_L1","NeuralNetFastAI_r163_BAG_L1","NeuralNetFastAI_r16_BAG_L1","NeuralNetFastAI_r171_BAG_L1","NeuralNetFastAI_r179_BAG_L1","NeuralNetFastAI_r17_BAG_L1","NeuralNetFastAI_r180_BAG_L1","NeuralNetFastAI_r196_BAG_L1","NeuralNetFastAI_r36_BAG_L1","NeuralNetFastAI_r64_BAG_L1","NeuralNetFastAI_r89_BAG_L1","NeuralNetTorch_r115_BAG_L1","NeuralNetTorch_r13_BAG_L1","NeuralNetTorch_r144_BAG_L1","NeuralNetTorch_r145_BAG_L1","NeuralNetTorch_r158_BAG_L1","NeuralNetTorch_r181_BAG_L1","NeuralNetTorch_r185_BAG_L1","NeuralNetTorch_r193_BAG_L1","NeuralNetTorch_r200_BAG_L1","NeuralNetTorch_r40_BAG_L1","NeuralNetTorch_r42_BAG_L1","NeuralNetTorch_r95_BAG_L1","XGBoost_r172_BAG_L1"],"23":["ExtraTrees_r65_BAG_L1","KNeighbors_r10_BAG_L1","KNeighbors_r39_BAG_L1","LinearModel_r16_BAG_L1","NeuralNetFastAI_r105_BAG_L1","NeuralNetFastAI_r120_BAG_L1","NeuralNetFastAI_r123_BAG_L1","NeuralNetFastAI_r134_BAG_L1","NeuralNetFastAI_r144_BAG_L1","NeuralNetFastAI_r147_BAG_L1","NeuralNetFastAI_r152_BAG_L1","NeuralNetFastAI_r156_BAG_L1","NeuralNetFastAI_r163_BAG_L1","NeuralNetFastAI_r16_BAG_L1","NeuralNetFastAI_r171_BAG_L1","NeuralNetFastAI_r179_BAG_L1","NeuralNetFastAI_r17_BAG_L1","NeuralNetFastAI_r180_BAG_L1","NeuralNetFastAI_r196_BAG_L1","NeuralNetFastAI_r36_BAG_L1","NeuralNetFastAI_r64_BAG_L1","NeuralNetFastAI_r89_BAG_L1","NeuralNetTorch_r115_BAG_L1","NeuralNetTorch_r13_BAG_L1","NeuralNetTorch_r144_BAG_L1","NeuralNetTorch_r145_BAG_L1","NeuralNetTorch_r158_BAG_L1","NeuralNetTorch_r181_BAG_L1","NeuralNetTorch_r185_BAG_L1","NeuralNetTorch_r193_BAG_L1","NeuralNetTorch_r200_BAG_L1","NeuralNetTorch_r40_BAG_L1","NeuralNetTorch_r42_BAG_L1","NeuralNetTorch_r95_BAG_L1","XGBoost_r172_BAG_L1"],"24":["ExtraTrees_r65_BAG_L1","KNeighbors_r10_BAG_L1","KNeighbors_r39_BAG_L1","LinearModel_r16_BAG_L1","NeuralNetFastAI_r120_BAG_L1","NeuralNetFastAI_r123_BAG_L1","NeuralNetFastAI_r134_BAG_L1","NeuralNetFastAI_r144_BAG_L1","NeuralNetFastAI_r147_BAG_L1","NeuralNetFastAI_r156_BAG_L1","NeuralNetFastAI_r163_BAG_L1","NeuralNetFastAI_r16_BAG_L1","NeuralNetFastAI_r171_BAG_L1","NeuralNetFastAI_r179_BAG_L1","NeuralNetFastAI_r17_BAG_L1","NeuralNetFastAI_r180_BAG_L1","NeuralNetFastAI_r196_BAG_L1","NeuralNetFastAI_r36_BAG_L1","NeuralNetFastAI_r64_BAG_L1","NeuralNetFastAI_r89_BAG_L1","NeuralNetFastAI_r94_BAG_L1","NeuralNetTorch_r115_BAG_L1","NeuralNetTorch_r13_BAG_L1","NeuralNetTorch_r144_BAG_L1","NeuralNetTorch_r145_BAG_L1","NeuralNetTorch_r158_BAG_L1","NeuralNetTorch_r181_BAG_L1","NeuralNetTorch_r185_BAG_L1","NeuralNetTorch_r193_BAG_L1","NeuralNetTorch_r200_BAG_L1","NeuralNetTorch_r40_BAG_L1","NeuralNetTorch_r42_BAG_L1","NeuralNetTorch_r95_BAG_L1","XGBoost_r172_BAG_L1"],"25":["ExtraTrees_r65_BAG_L1","KNeighbors_r10_BAG_L1","KNeighbors_r39_BAG_L1","LinearModel_r16_BAG_L1","NeuralNetFastAI_r120_BAG_L1","NeuralNetFastAI_r123_BAG_L1","NeuralNetFastAI_r134_BAG_L1","NeuralNetFastAI_r144_BAG_L1","NeuralNetFastAI_r147_BAG_L1","NeuralNetFastAI_r153_BAG_L1","NeuralNetFastAI_r156_BAG_L1","NeuralNetFastAI_r163_BAG_L1","NeuralNetFastAI_r16_BAG_L1","NeuralNetFastAI_r171_BAG_L1","NeuralNetFastAI_r179_BAG_L1","NeuralNetFastAI_r17_BAG_L1","NeuralNetFastAI_r180_BAG_L1","NeuralNetFastAI_r196_BAG_L1","NeuralNetFastAI_r36_BAG_L1","NeuralNetFastAI_r64_BAG_L1","NeuralNetFastAI_r89_BAG_L1","NeuralNetTorch_r115_BAG_L1","NeuralNetTorch_r13_BAG_L1","NeuralNetTorch_r144_BAG_L1","NeuralNetTorch_r145_BAG_L1","NeuralNetTorch_r158_BAG_L1","NeuralNetTorch_r181_BAG_L1","NeuralNetTorch_r185_BAG_L1","NeuralNetTorch_r193_BAG_L1","NeuralNetTorch_r200_BAG_L1","NeuralNetTorch_r40_BAG_L1","NeuralNetTorch_r42_BAG_L1","NeuralNetTorch_r95_BAG_L1","XGBoost_r172_BAG_L1"],"26":["ExtraTrees_r65_BAG_L1","KNeighbors_r10_BAG_L1","KNeighbors_r39_BAG_L1","LinearModel_r16_BAG_L1","NeuralNetFastAI_r120_BAG_L1","NeuralNetFastAI_r123_BAG_L1","NeuralNetFastAI_r134_BAG_L1","NeuralNetFastAI_r144_BAG_L1","NeuralNetFastAI_r147_BAG_L1","NeuralNetFastAI_r163_BAG_L1","NeuralNetFastAI_r16_BAG_L1","NeuralNetFastAI_r171_BAG_L1","NeuralNetFastAI_r179_BAG_L1","NeuralNetFastAI_r17_BAG_L1","NeuralNetFastAI_r180_BAG_L1","NeuralNetFastAI_r196_BAG_L1","NeuralNetFastAI_r25_BAG_L1","NeuralNetFastAI_r36_BAG_L1","NeuralNetFastAI_r64_BAG_L1","NeuralNetFastAI_r89_BAG_L1","NeuralNetTorch_r115_BAG_L1","NeuralNetTorch_r13_BAG_L1","NeuralNetTorch_r144_BAG_L1","NeuralNetTorch_r145_BAG_L1","NeuralNetTorch_r158_BAG_L1","NeuralNetTorch_r181_BAG_L1","NeuralNetTorch_r185_BAG_L1","NeuralNetTorch_r193_BAG_L1","NeuralNetTorch_r200_BAG_L1","NeuralNetTorch_r40_BAG_L1","NeuralNetTorch_r42_BAG_L1","NeuralNetTorch_r95_BAG_L1","XGBoost_r172_BAG_L1"],"27":["ExtraTrees_r65_BAG_L1","KNeighbors_r10_BAG_L1","KNeighbors_r39_BAG_L1","LinearModel_r16_BAG_L1","NeuralNetFastAI_r120_BAG_L1","NeuralNetFastAI_r123_BAG_L1","NeuralNetFastAI_r134_BAG_L1","NeuralNetFastAI_r144_BAG_L1","NeuralNetFastAI_r147_BAG_L1","NeuralNetFastAI_r156_BAG_L1","NeuralNetFastAI_r163_BAG_L1","NeuralNetFastAI_r16_BAG_L1","NeuralNetFastAI_r171_BAG_L1","NeuralNetFastAI_r179_BAG_L1","NeuralNetFastAI_r17_BAG_L1","NeuralNetFastAI_r180_BAG_L1","NeuralNetFastAI_r196_BAG_L1","NeuralNetFastAI_r36_BAG_L1","NeuralNetFastAI_r64_BAG_L1","NeuralNetFastAI_r89_BAG_L1","NeuralNetTorch_r115_BAG_L1","NeuralNetTorch_r121_BAG_L1","NeuralNetTorch_r13_BAG_L1","NeuralNetTorch_r144_BAG_L1","NeuralNetTorch_r145_BAG_L1","NeuralNetTorch_r158_BAG_L1","NeuralNetTorch_r181_BAG_L1","NeuralNetTorch_r185_BAG_L1","NeuralNetTorch_r193_BAG_L1","NeuralNetTorch_r200_BAG_L1","NeuralNetTorch_r40_BAG_L1","NeuralNetTorch_r42_BAG_L1","NeuralNetTorch_r95_BAG_L1","XGBoost_r172_BAG_L1"],"28":["ExtraTrees_r65_BAG_L1","KNeighbors_r10_BAG_L1","KNeighbors_r39_BAG_L1","LinearModel_r16_BAG_L1","NeuralNetFastAI_r120_BAG_L1","NeuralNetFastAI_r123_BAG_L1","NeuralNetFastAI_r134_BAG_L1","NeuralNetFastAI_r144_BAG_L1","NeuralNetFastAI_r147_BAG_L1","NeuralNetFastAI_r156_BAG_L1","NeuralNetFastAI_r163_BAG_L1","NeuralNetFastAI_r16_BAG_L1","NeuralNetFastAI_r171_BAG_L1","NeuralNetFastAI_r179_BAG_L1","NeuralNetFastAI_r17_BAG_L1","NeuralNetFastAI_r180_BAG_L1","NeuralNetFastAI_r196_BAG_L1","NeuralNetFastAI_r36_BAG_L1","NeuralNetFastAI_r64_BAG_L1","NeuralNetFastAI_r89_BAG_L1","NeuralNetFastAI_r96_BAG_L1","NeuralNetTorch_r115_BAG_L1","NeuralNetTorch_r13_BAG_L1","NeuralNetTorch_r144_BAG_L1","NeuralNetTorch_r145_BAG_L1","NeuralNetTorch_r158_BAG_L1","NeuralNetTorch_r181_BAG_L1","NeuralNetTorch_r185_BAG_L1","NeuralNetTorch_r193_BAG_L1","NeuralNetTorch_r200_BAG_L1","NeuralNetTorch_r40_BAG_L1","NeuralNetTorch_r42_BAG_L1","NeuralNetTorch_r95_BAG_L1","XGBoost_r172_BAG_L1"],"29":["ExtraTrees_r65_BAG_L1","KNeighbors_r10_BAG_L1","KNeighbors_r39_BAG_L1","LinearModel_r16_BAG_L1","NeuralNetFastAI_r120_BAG_L1","NeuralNetFastAI_r123_BAG_L1","NeuralNetFastAI_r134_BAG_L1","NeuralNetFastAI_r144_BAG_L1","NeuralNetFastAI_r147_BAG_L1","NeuralNetFastAI_r163_BAG_L1","NeuralNetFastAI_r16_BAG_L1","NeuralNetFastAI_r171_BAG_L1","NeuralNetFastAI_r179_BAG_L1","NeuralNetFastAI_r17_BAG_L1","NeuralNetFastAI_r180_BAG_L1","NeuralNetFastAI_r196_BAG_L1","NeuralNetFastAI_r36_BAG_L1","NeuralNetFastAI_r64_BAG_L1","NeuralNetFastAI_r89_BAG_L1","NeuralNetTorch_r115_BAG_L1","NeuralNetTorch_r13_BAG_L1","NeuralNetTorch_r144_BAG_L1","NeuralNetTorch_r145_BAG_L1","NeuralNetTorch_r158_BAG_L1","NeuralNetTorch_r181_BAG_L1","NeuralNetTorch_r185_BAG_L1","NeuralNetTorch_r193_BAG_L1","NeuralNetTorch_r199_BAG_L1","NeuralNetTorch_r200_BAG_L1","NeuralNetTorch_r40_BAG_L1","NeuralNetTorch_r42_BAG_L1","NeuralNetTorch_r95_BAG_L1","XGBoost_r172_BAG_L1"],"30":["ExtraTrees_r10_BAG_L1","ExtraTrees_r65_BAG_L1","KNeighbors_r10_BAG_L1","KNeighbors_r39_BAG_L1","LinearModel_r16_BAG_L1","NeuralNetFastAI_r120_BAG_L1","NeuralNetFastAI_r123_BAG_L1","NeuralNetFastAI_r134_BAG_L1","NeuralNetFastAI_r144_BAG_L1","NeuralNetFastAI_r147_BAG_L1","NeuralNetFastAI_r156_BAG_L1","NeuralNetFastAI_r163_BAG_L1","NeuralNetFastAI_r16_BAG_L1","NeuralNetFastAI_r171_BAG_L1","NeuralNetFastAI_r179_BAG_L1","NeuralNetFastAI_r17_BAG_L1","NeuralNetFastAI_r180_BAG_L1","NeuralNetFastAI_r196_BAG_L1","NeuralNetFastAI_r36_BAG_L1","NeuralNetFastAI_r64_BAG_L1","NeuralNetFastAI_r89_BAG_L1","NeuralNetTorch_r115_BAG_L1","NeuralNetTorch_r13_BAG_L1","NeuralNetTorch_r144_BAG_L1","NeuralNetTorch_r145_BAG_L1","NeuralNetTorch_r158_BAG_L1","NeuralNetTorch_r181_BAG_L1","NeuralNetTorch_r185_BAG_L1","NeuralNetTorch_r193_BAG_L1","NeuralNetTorch_r200_BAG_L1","NeuralNetTorch_r40_BAG_L1","NeuralNetTorch_r42_BAG_L1","NeuralNetTorch_r95_BAG_L1","XGBoost_r172_BAG_L1"],"31":["ExtraTrees_r65_BAG_L1","KNeighbors_r10_BAG_L1","KNeighbors_r39_BAG_L1","LinearModel_r16_BAG_L1","NeuralNetFastAI_r120_BAG_L1","NeuralNetFastAI_r123_BAG_L1","NeuralNetFastAI_r134_BAG_L1","NeuralNetFastAI_r144_BAG_L1","NeuralNetFastAI_r147_BAG_L1","NeuralNetFastAI_r156_BAG_L1","NeuralNetFastAI_r163_BAG_L1","NeuralNetFastAI_r16_BAG_L1","NeuralNetFastAI_r171_BAG_L1","NeuralNetFastAI_r179_BAG_L1","NeuralNetFastAI_r17_BAG_L1","NeuralNetFastAI_r180_BAG_L1","NeuralNetFastAI_r196_BAG_L1","NeuralNetFastAI_r36_BAG_L1","NeuralNetFastAI_r64_BAG_L1","NeuralNetFastAI_r89_BAG_L1","NeuralNetTorch_r115_BAG_L1","NeuralNetTorch_r13_BAG_L1","NeuralNetTorch_r144_BAG_L1","NeuralNetTorch_r145_BAG_L1","NeuralNetTorch_r158_BAG_L1","NeuralNetTorch_r181_BAG_L1","NeuralNetTorch_r185_BAG_L1","NeuralNetTorch_r193_BAG_L1","NeuralNetTorch_r200_BAG_L1","NeuralNetTorch_r40_BAG_L1","NeuralNetTorch_r42_BAG_L1","NeuralNetTorch_r95_BAG_L1","XGBoost_r151_BAG_L1","XGBoost_r172_BAG_L1"],"32":["ExtraTrees_r65_BAG_L1","KNeighbors_r10_BAG_L1","KNeighbors_r39_BAG_L1","LightGBM_r41_BAG_L1","LinearModel_r16_BAG_L1","NeuralNetFastAI_r120_BAG_L1","NeuralNetFastAI_r123_BAG_L1","NeuralNetFastAI_r134_BAG_L1","NeuralNetFastAI_r144_BAG_L1","NeuralNetFastAI_r147_BAG_L1","NeuralNetFastAI_r156_BAG_L1","NeuralNetFastAI_r163_BAG_L1","NeuralNetFastAI_r16_BAG_L1","NeuralNetFastAI_r171_BAG_L1","NeuralNetFastAI_r179_BAG_L1","NeuralNetFastAI_r17_BAG_L1","NeuralNetFastAI_r180_BAG_L1","NeuralNetFastAI_r196_BAG_L1","NeuralNetFastAI_r36_BAG_L1","NeuralNetFastAI_r64_BAG_L1","NeuralNetFastAI_r89_BAG_L1","NeuralNetTorch_r115_BAG_L1","NeuralNetTorch_r13_BAG_L1","NeuralNetTorch_r144_BAG_L1","NeuralNetTorch_r145_BAG_L1","NeuralNetTorch_r158_BAG_L1","NeuralNetTorch_r181_BAG_L1","NeuralNetTorch_r185_BAG_L1","NeuralNetTorch_r193_BAG_L1","NeuralNetTorch_r200_BAG_L1","NeuralNetTorch_r40_BAG_L1","NeuralNetTorch_r42_BAG_L1","NeuralNetTorch_r95_BAG_L1","XGBoost_r172_BAG_L1"],"33":["ExtraTrees_r65_BAG_L1","KNeighbors_r10_BAG_L1","KNeighbors_r39_BAG_L1","LinearModel_r16_BAG_L1","NeuralNetFastAI_r120_BAG_L1","NeuralNetFastAI_r123_BAG_L1","NeuralNetFastAI_r134_BAG_L1","NeuralNetFastAI_r144_BAG_L1","NeuralNetFastAI_r147_BAG_L1","NeuralNetFastAI_r156_BAG_L1","NeuralNetFastAI_r163_BAG_L1","NeuralNetFastAI_r16_BAG_L1","NeuralNetFastAI_r171_BAG_L1","NeuralNetFastAI_r179_BAG_L1","NeuralNetFastAI_r17_BAG_L1","NeuralNetFastAI_r180_BAG_L1","NeuralNetFastAI_r196_BAG_L1","NeuralNetFastAI_r36_BAG_L1","NeuralNetFastAI_r64_BAG_L1","NeuralNetFastAI_r89_BAG_L1","NeuralNetTorch_r115_BAG_L1","NeuralNetTorch_r13_BAG_L1","NeuralNetTorch_r144_BAG_L1","NeuralNetTorch_r145_BAG_L1","NeuralNetTorch_r158_BAG_L1","NeuralNetTorch_r181_BAG_L1","NeuralNetTorch_r185_BAG_L1","NeuralNetTorch_r193_BAG_L1","NeuralNetTorch_r200_BAG_L1","NeuralNetTorch_r40_BAG_L1","NeuralNetTorch_r42_BAG_L1","NeuralNetTorch_r95_BAG_L1","XGBoost_r172_BAG_L1"],"34":["ExtraTrees_r65_BAG_L1","KNeighbors_r10_BAG_L1","KNeighbors_r39_BAG_L1","LinearModel_r16_BAG_L1","NeuralNetFastAI_r120_BAG_L1","NeuralNetFastAI_r123_BAG_L1","NeuralNetFastAI_r134_BAG_L1","NeuralNetFastAI_r144_BAG_L1","NeuralNetFastAI_r147_BAG_L1","NeuralNetFastAI_r156_BAG_L1","NeuralNetFastAI_r163_BAG_L1","NeuralNetFastAI_r16_BAG_L1","NeuralNetFastAI_r171_BAG_L1","NeuralNetFastAI_r179_BAG_L1","NeuralNetFastAI_r17_BAG_L1","NeuralNetFastAI_r180_BAG_L1","NeuralNetFastAI_r196_BAG_L1","NeuralNetFastAI_r36_BAG_L1","NeuralNetFastAI_r64_BAG_L1","NeuralNetFastAI_r89_BAG_L1","NeuralNetTorch_r115_BAG_L1","NeuralNetTorch_r13_BAG_L1","NeuralNetTorch_r144_BAG_L1","NeuralNetTorch_r145_BAG_L1","NeuralNetTorch_r158_BAG_L1","NeuralNetTorch_r17_BAG_L1","NeuralNetTorch_r181_BAG_L1","NeuralNetTorch_r185_BAG_L1","NeuralNetTorch_r193_BAG_L1","NeuralNetTorch_r200_BAG_L1","NeuralNetTorch_r40_BAG_L1","NeuralNetTorch_r42_BAG_L1","NeuralNetTorch_r95_BAG_L1","XGBoost_r172_BAG_L1"],"35":["ExtraTrees_r124_BAG_L1","ExtraTrees_r65_BAG_L1","KNeighbors_r10_BAG_L1","KNeighbors_r39_BAG_L1","LinearModel_r16_BAG_L1","NeuralNetFastAI_r120_BAG_L1","NeuralNetFastAI_r123_BAG_L1","NeuralNetFastAI_r134_BAG_L1","NeuralNetFastAI_r144_BAG_L1","NeuralNetFastAI_r147_BAG_L1","NeuralNetFastAI_r163_BAG_L1","NeuralNetFastAI_r16_BAG_L1","NeuralNetFastAI_r171_BAG_L1","NeuralNetFastAI_r179_BAG_L1","NeuralNetFastAI_r17_BAG_L1","NeuralNetFastAI_r180_BAG_L1","NeuralNetFastAI_r196_BAG_L1","NeuralNetFastAI_r36_BAG_L1","NeuralNetFastAI_r64_BAG_L1","NeuralNetFastAI_r89_BAG_L1","NeuralNetTorch_r115_BAG_L1","NeuralNetTorch_r13_BAG_L1","NeuralNetTorch_r144_BAG_L1","NeuralNetTorch_r145_BAG_L1","NeuralNetTorch_r158_BAG_L1","NeuralNetTorch_r181_BAG_L1","NeuralNetTorch_r185_BAG_L1","NeuralNetTorch_r193_BAG_L1","NeuralNetTorch_r200_BAG_L1","NeuralNetTorch_r40_BAG_L1","NeuralNetTorch_r42_BAG_L1","NeuralNetTorch_r95_BAG_L1","XGBoost_r172_BAG_L1"],"36":["ExtraTrees_r65_BAG_L1","KNeighbors_r10_BAG_L1","KNeighbors_r39_BAG_L1","LightGBM_r159_BAG_L1","LinearModel_r16_BAG_L1","NeuralNetFastAI_r120_BAG_L1","NeuralNetFastAI_r123_BAG_L1","NeuralNetFastAI_r134_BAG_L1","NeuralNetFastAI_r144_BAG_L1","NeuralNetFastAI_r147_BAG_L1","NeuralNetFastAI_r163_BAG_L1","NeuralNetFastAI_r16_BAG_L1","NeuralNetFastAI_r171_BAG_L1","NeuralNetFastAI_r179_BAG_L1","NeuralNetFastAI_r17_BAG_L1","NeuralNetFastAI_r180_BAG_L1","NeuralNetFastAI_r196_BAG_L1","NeuralNetFastAI_r36_BAG_L1","NeuralNetFastAI_r64_BAG_L1","NeuralNetFastAI_r89_BAG_L1","NeuralNetTorch_r115_BAG_L1","NeuralNetTorch_r13_BAG_L1","NeuralNetTorch_r144_BAG_L1","NeuralNetTorch_r145_BAG_L1","NeuralNetTorch_r158_BAG_L1","NeuralNetTorch_r181_BAG_L1","NeuralNetTorch_r185_BAG_L1","NeuralNetTorch_r193_BAG_L1","NeuralNetTorch_r200_BAG_L1","NeuralNetTorch_r40_BAG_L1","NeuralNetTorch_r42_BAG_L1","NeuralNetTorch_r95_BAG_L1","XGBoost_r172_BAG_L1"],"37":["ExtraTrees_r65_BAG_L1","KNeighbors_r10_BAG_L1","KNeighbors_r39_BAG_L1","LinearModel_r16_BAG_L1","NeuralNetFastAI_r120_BAG_L1","NeuralNetFastAI_r123_BAG_L1","NeuralNetFastAI_r134_BAG_L1","NeuralNetFastAI_r143_BAG_L1","NeuralNetFastAI_r144_BAG_L1","NeuralNetFastAI_r147_BAG_L1","NeuralNetFastAI_r163_BAG_L1","NeuralNetFastAI_r16_BAG_L1","NeuralNetFastAI_r171_BAG_L1","NeuralNetFastAI_r179_BAG_L1","NeuralNetFastAI_r17_BAG_L1","NeuralNetFastAI_r180_BAG_L1","NeuralNetFastAI_r196_BAG_L1","NeuralNetFastAI_r36_BAG_L1","NeuralNetFastAI_r64_BAG_L1","NeuralNetFastAI_r89_BAG_L1","NeuralNetTorch_r109_BAG_L1","NeuralNetTorch_r115_BAG_L1","NeuralNetTorch_r13_BAG_L1","NeuralNetTorch_r144_BAG_L1","NeuralNetTorch_r145_BAG_L1","NeuralNetTorch_r158_BAG_L1","NeuralNetTorch_r181_BAG_L1","NeuralNetTorch_r185_BAG_L1","NeuralNetTorch_r193_BAG_L1","NeuralNetTorch_r200_BAG_L1","NeuralNetTorch_r40_BAG_L1","NeuralNetTorch_r42_BAG_L1","NeuralNetTorch_r95_BAG_L1","XGBoost_r172_BAG_L1"],"38":["ExtraTrees_r156_BAG_L1","ExtraTrees_r65_BAG_L1","KNeighbors_r10_BAG_L1","KNeighbors_r39_BAG_L1","LinearModel_r16_BAG_L1","NeuralNetFastAI_r120_BAG_L1","NeuralNetFastAI_r123_BAG_L1","NeuralNetFastAI_r134_BAG_L1","NeuralNetFastAI_r144_BAG_L1","NeuralNetFastAI_r147_BAG_L1","NeuralNetFastAI_r156_BAG_L1","NeuralNetFastAI_r163_BAG_L1","NeuralNetFastAI_r16_BAG_L1","NeuralNetFastAI_r171_BAG_L1","NeuralNetFastAI_r179_BAG_L1","NeuralNetFastAI_r17_BAG_L1","NeuralNetFastAI_r180_BAG_L1","NeuralNetFastAI_r196_BAG_L1","NeuralNetFastAI_r36_BAG_L1","NeuralNetFastAI_r64_BAG_L1","NeuralNetFastAI_r89_BAG_L1","NeuralNetTorch_r115_BAG_L1","NeuralNetTorch_r13_BAG_L1","NeuralNetTorch_r144_BAG_L1","NeuralNetTorch_r145_BAG_L1","NeuralNetTorch_r158_BAG_L1","NeuralNetTorch_r181_BAG_L1","NeuralNetTorch_r185_BAG_L1","NeuralNetTorch_r193_BAG_L1","NeuralNetTorch_r200_BAG_L1","NeuralNetTorch_r40_BAG_L1","NeuralNetTorch_r42_BAG_L1","NeuralNetTorch_r95_BAG_L1","XGBoost_r172_BAG_L1"],"39":["ExtraTrees_r65_BAG_L1","KNeighbors_r10_BAG_L1","KNeighbors_r39_BAG_L1","LightGBM_r138_BAG_L1","LightGBM_r149_BAG_L1","LinearModel_r16_BAG_L1","NeuralNetFastAI_r120_BAG_L1","NeuralNetFastAI_r123_BAG_L1","NeuralNetFastAI_r134_BAG_L1","NeuralNetFastAI_r144_BAG_L1","NeuralNetFastAI_r147_BAG_L1","NeuralNetFastAI_r163_BAG_L1","NeuralNetFastAI_r16_BAG_L1","NeuralNetFastAI_r171_BAG_L1","NeuralNetFastAI_r179_BAG_L1","NeuralNetFastAI_r17_BAG_L1","NeuralNetFastAI_r180_BAG_L1","NeuralNetFastAI_r196_BAG_L1","NeuralNetFastAI_r36_BAG_L1","NeuralNetFastAI_r64_BAG_L1","NeuralNetFastAI_r89_BAG_L1","NeuralNetTorch_r115_BAG_L1","NeuralNetTorch_r13_BAG_L1","NeuralNetTorch_r144_BAG_L1","NeuralNetTorch_r145_BAG_L1","NeuralNetTorch_r158_BAG_L1","NeuralNetTorch_r181_BAG_L1","NeuralNetTorch_r185_BAG_L1","NeuralNetTorch_r193_BAG_L1","NeuralNetTorch_r200_BAG_L1","NeuralNetTorch_r40_BAG_L1","NeuralNetTorch_r42_BAG_L1","NeuralNetTorch_r95_BAG_L1","XGBoost_r172_BAG_L1"],"40":["ExtraTrees_r65_BAG_L1","KNeighbors_r10_BAG_L1","KNeighbors_r39_BAG_L1","LinearModel_r16_BAG_L1","NeuralNetFastAI_r120_BAG_L1","NeuralNetFastAI_r123_BAG_L1","NeuralNetFastAI_r134_BAG_L1","NeuralNetFastAI_r144_BAG_L1","NeuralNetFastAI_r147_BAG_L1","NeuralNetFastAI_r156_BAG_L1","NeuralNetFastAI_r163_BAG_L1","NeuralNetFastAI_r16_BAG_L1","NeuralNetFastAI_r171_BAG_L1","NeuralNetFastAI_r179_BAG_L1","NeuralNetFastAI_r17_BAG_L1","NeuralNetFastAI_r180_BAG_L1","NeuralNetFastAI_r196_BAG_L1","NeuralNetFastAI_r36_BAG_L1","NeuralNetFastAI_r64_BAG_L1","NeuralNetFastAI_r89_BAG_L1","NeuralNetTorch_r115_BAG_L1","NeuralNetTorch_r13_BAG_L1","NeuralNetTorch_r144_BAG_L1","NeuralNetTorch_r145_BAG_L1","NeuralNetTorch_r158_BAG_L1","NeuralNetTorch_r181_BAG_L1","NeuralNetTorch_r185_BAG_L1","NeuralNetTorch_r193_BAG_L1","NeuralNetTorch_r200_BAG_L1","NeuralNetTorch_r40_BAG_L1","NeuralNetTorch_r42_BAG_L1","NeuralNetTorch_r95_BAG_L1","XGBoost_r172_BAG_L1","XGBoost_r32_BAG_L1"],"41":["ExtraTrees_r65_BAG_L1","KNeighbors_r10_BAG_L1","KNeighbors_r39_BAG_L1","LinearModel_r16_BAG_L1","NeuralNetFastAI_r120_BAG_L1","NeuralNetFastAI_r123_BAG_L1","NeuralNetFastAI_r134_BAG_L1","NeuralNetFastAI_r144_BAG_L1","NeuralNetFastAI_r147_BAG_L1","NeuralNetFastAI_r163_BAG_L1","NeuralNetFastAI_r16_BAG_L1","NeuralNetFastAI_r171_BAG_L1","NeuralNetFastAI_r179_BAG_L1","NeuralNetFastAI_r17_BAG_L1","NeuralNetFastAI_r180_BAG_L1","NeuralNetFastAI_r196_BAG_L1","NeuralNetFastAI_r36_BAG_L1","NeuralNetFastAI_r64_BAG_L1","NeuralNetFastAI_r89_BAG_L1","NeuralNetTorch_r115_BAG_L1","NeuralNetTorch_r13_BAG_L1","NeuralNetTorch_r144_BAG_L1","NeuralNetTorch_r145_BAG_L1","NeuralNetTorch_r158_BAG_L1","NeuralNetTorch_r181_BAG_L1","NeuralNetTorch_r185_BAG_L1","NeuralNetTorch_r193_BAG_L1","NeuralNetTorch_r200_BAG_L1","NeuralNetTorch_r40_BAG_L1","NeuralNetTorch_r42_BAG_L1","NeuralNetTorch_r95_BAG_L1","XGBoost_r172_BAG_L1"],"42":["ExtraTrees_r65_BAG_L1","KNeighbors_r10_BAG_L1","KNeighbors_r39_BAG_L1","LinearModel_r16_BAG_L1","NeuralNetFastAI_r120_BAG_L1","NeuralNetFastAI_r123_BAG_L1","NeuralNetFastAI_r134_BAG_L1","NeuralNetFastAI_r144_BAG_L1","NeuralNetFastAI_r147_BAG_L1","NeuralNetFastAI_r156_BAG_L1","NeuralNetFastAI_r163_BAG_L1","NeuralNetFastAI_r16_BAG_L1","NeuralNetFastAI_r171_BAG_L1","NeuralNetFastAI_r179_BAG_L1","NeuralNetFastAI_r17_BAG_L1","NeuralNetFastAI_r180_BAG_L1","NeuralNetFastAI_r196_BAG_L1","NeuralNetFastAI_r36_BAG_L1","NeuralNetFastAI_r64_BAG_L1","NeuralNetFastAI_r89_BAG_L1","NeuralNetTorch_r115_BAG_L1","NeuralNetTorch_r128_BAG_L1","NeuralNetTorch_r13_BAG_L1","NeuralNetTorch_r144_BAG_L1","NeuralNetTorch_r145_BAG_L1","NeuralNetTorch_r158_BAG_L1","NeuralNetTorch_r181_BAG_L1","NeuralNetTorch_r185_BAG_L1","NeuralNetTorch_r193_BAG_L1","NeuralNetTorch_r200_BAG_L1","NeuralNetTorch_r40_BAG_L1","NeuralNetTorch_r42_BAG_L1","NeuralNetTorch_r95_BAG_L1","XGBoost_r172_BAG_L1"],"43":["ExtraTrees_r65_BAG_L1","KNeighbors_r10_BAG_L1","KNeighbors_r39_BAG_L1","LinearModel_r16_BAG_L1","NeuralNetFastAI_r120_BAG_L1","NeuralNetFastAI_r123_BAG_L1","NeuralNetFastAI_r134_BAG_L1","NeuralNetFastAI_r144_BAG_L1","NeuralNetFastAI_r147_BAG_L1","NeuralNetFastAI_r156_BAG_L1","NeuralNetFastAI_r163_BAG_L1","NeuralNetFastAI_r16_BAG_L1","NeuralNetFastAI_r171_BAG_L1","NeuralNetFastAI_r179_BAG_L1","NeuralNetFastAI_r17_BAG_L1","NeuralNetFastAI_r180_BAG_L1","NeuralNetFastAI_r196_BAG_L1","NeuralNetFastAI_r36_BAG_L1","NeuralNetFastAI_r64_BAG_L1","NeuralNetFastAI_r89_BAG_L1","NeuralNetTorch_r115_BAG_L1","NeuralNetTorch_r13_BAG_L1","NeuralNetTorch_r144_BAG_L1","NeuralNetTorch_r145_BAG_L1","NeuralNetTorch_r158_BAG_L1","NeuralNetTorch_r181_BAG_L1","NeuralNetTorch_r185_BAG_L1","NeuralNetTorch_r193_BAG_L1","NeuralNetTorch_r200_BAG_L1","NeuralNetTorch_r40_BAG_L1","NeuralNetTorch_r42_BAG_L1","NeuralNetTorch_r43_BAG_L1","NeuralNetTorch_r95_BAG_L1","XGBoost_r172_BAG_L1"],"44":["ExtraTrees_r65_BAG_L1","KNeighbors_r10_BAG_L1","KNeighbors_r39_BAG_L1","LinearModel_r16_BAG_L1","NeuralNetFastAI_r120_BAG_L1","NeuralNetFastAI_r123_BAG_L1","NeuralNetFastAI_r134_BAG_L1","NeuralNetFastAI_r144_BAG_L1","NeuralNetFastAI_r147_BAG_L1","NeuralNetFastAI_r163_BAG_L1","NeuralNetFastAI_r16_BAG_L1","NeuralNetFastAI_r171_BAG_L1","NeuralNetFastAI_r179_BAG_L1","NeuralNetFastAI_r17_BAG_L1","NeuralNetFastAI_r180_BAG_L1","NeuralNetFastAI_r196_BAG_L1","NeuralNetFastAI_r36_BAG_L1","NeuralNetFastAI_r64_BAG_L1","NeuralNetFastAI_r89_BAG_L1","NeuralNetTorch_r115_BAG_L1","NeuralNetTorch_r13_BAG_L1","NeuralNetTorch_r144_BAG_L1","NeuralNetTorch_r145_BAG_L1","NeuralNetTorch_r158_BAG_L1","NeuralNetTorch_r181_BAG_L1","NeuralNetTorch_r185_BAG_L1","NeuralNetTorch_r193_BAG_L1","NeuralNetTorch_r200_BAG_L1","NeuralNetTorch_r40_BAG_L1","NeuralNetTorch_r42_BAG_L1","NeuralNetTorch_r95_BAG_L1","XGBoost_r172_BAG_L1"],"45":["ExtraTrees_r65_BAG_L1","KNeighbors_r10_BAG_L1","KNeighbors_r39_BAG_L1","LinearModel_r16_BAG_L1","NeuralNetFastAI_r105_BAG_L1","NeuralNetFastAI_r120_BAG_L1","NeuralNetFastAI_r123_BAG_L1","NeuralNetFastAI_r134_BAG_L1","NeuralNetFastAI_r144_BAG_L1","NeuralNetFastAI_r147_BAG_L1","NeuralNetFastAI_r156_BAG_L1","NeuralNetFastAI_r163_BAG_L1","NeuralNetFastAI_r16_BAG_L1","NeuralNetFastAI_r171_BAG_L1","NeuralNetFastAI_r179_BAG_L1","NeuralNetFastAI_r17_BAG_L1","NeuralNetFastAI_r180_BAG_L1","NeuralNetFastAI_r196_BAG_L1","NeuralNetFastAI_r36_BAG_L1","NeuralNetFastAI_r64_BAG_L1","NeuralNetFastAI_r89_BAG_L1","NeuralNetTorch_r115_BAG_L1","NeuralNetTorch_r13_BAG_L1","NeuralNetTorch_r144_BAG_L1","NeuralNetTorch_r145_BAG_L1","NeuralNetTorch_r158_BAG_L1","NeuralNetTorch_r181_BAG_L1","NeuralNetTorch_r185_BAG_L1","NeuralNetTorch_r193_BAG_L1","NeuralNetTorch_r200_BAG_L1","NeuralNetTorch_r40_BAG_L1","NeuralNetTorch_r42_BAG_L1","NeuralNetTorch_r95_BAG_L1","XGBoost_r172_BAG_L1"],"46":["ExtraTrees_r65_BAG_L1","ExtraTrees_r7_BAG_L1","KNeighbors_r10_BAG_L1","KNeighbors_r39_BAG_L1","LinearModel_r16_BAG_L1","NeuralNetFastAI_r120_BAG_L1","NeuralNetFastAI_r123_BAG_L1","NeuralNetFastAI_r134_BAG_L1","NeuralNetFastAI_r144_BAG_L1","NeuralNetFastAI_r147_BAG_L1","NeuralNetFastAI_r156_BAG_L1","NeuralNetFastAI_r163_BAG_L1","NeuralNetFastAI_r16_BAG_L1","NeuralNetFastAI_r171_BAG_L1","NeuralNetFastAI_r179_BAG_L1","NeuralNetFastAI_r17_BAG_L1","NeuralNetFastAI_r180_BAG_L1","NeuralNetFastAI_r196_BAG_L1","NeuralNetFastAI_r36_BAG_L1","NeuralNetFastAI_r64_BAG_L1","NeuralNetFastAI_r89_BAG_L1","NeuralNetTorch_r115_BAG_L1","NeuralNetTorch_r13_BAG_L1","NeuralNetTorch_r144_BAG_L1","NeuralNetTorch_r145_BAG_L1","NeuralNetTorch_r158_BAG_L1","NeuralNetTorch_r181_BAG_L1","NeuralNetTorch_r185_BAG_L1","NeuralNetTorch_r193_BAG_L1","NeuralNetTorch_r200_BAG_L1","NeuralNetTorch_r40_BAG_L1","NeuralNetTorch_r42_BAG_L1","NeuralNetTorch_r95_BAG_L1","XGBoost_r172_BAG_L1"],"47":["ExtraTrees_r51_BAG_L1","ExtraTrees_r65_BAG_L1","KNeighbors_r10_BAG_L1","KNeighbors_r39_BAG_L1","LinearModel_r16_BAG_L1","NeuralNetFastAI_r120_BAG_L1","NeuralNetFastAI_r123_BAG_L1","NeuralNetFastAI_r134_BAG_L1","NeuralNetFastAI_r144_BAG_L1","NeuralNetFastAI_r147_BAG_L1","NeuralNetFastAI_r156_BAG_L1","NeuralNetFastAI_r163_BAG_L1","NeuralNetFastAI_r16_BAG_L1","NeuralNetFastAI_r171_BAG_L1","NeuralNetFastAI_r179_BAG_L1","NeuralNetFastAI_r17_BAG_L1","NeuralNetFastAI_r180_BAG_L1","NeuralNetFastAI_r196_BAG_L1","NeuralNetFastAI_r36_BAG_L1","NeuralNetFastAI_r64_BAG_L1","NeuralNetFastAI_r89_BAG_L1","NeuralNetTorch_r115_BAG_L1","NeuralNetTorch_r13_BAG_L1","NeuralNetTorch_r144_BAG_L1","NeuralNetTorch_r145_BAG_L1","NeuralNetTorch_r158_BAG_L1","NeuralNetTorch_r181_BAG_L1","NeuralNetTorch_r185_BAG_L1","NeuralNetTorch_r193_BAG_L1","NeuralNetTorch_r200_BAG_L1","NeuralNetTorch_r40_BAG_L1","NeuralNetTorch_r42_BAG_L1","NeuralNetTorch_r95_BAG_L1","XGBoost_r172_BAG_L1"],"48":["ExtraTrees_r65_BAG_L1","KNeighbors_r10_BAG_L1","KNeighbors_r39_BAG_L1","LightGBM_r63_BAG_L1","LinearModel_r16_BAG_L1","NeuralNetFastAI_r120_BAG_L1","NeuralNetFastAI_r123_BAG_L1","NeuralNetFastAI_r134_BAG_L1","NeuralNetFastAI_r144_BAG_L1","NeuralNetFastAI_r147_BAG_L1","NeuralNetFastAI_r163_BAG_L1","NeuralNetFastAI_r16_BAG_L1","NeuralNetFastAI_r171_BAG_L1","NeuralNetFastAI_r179_BAG_L1","NeuralNetFastAI_r17_BAG_L1","NeuralNetFastAI_r180_BAG_L1","NeuralNetFastAI_r196_BAG_L1","NeuralNetFastAI_r36_BAG_L1","NeuralNetFastAI_r64_BAG_L1","NeuralNetFastAI_r89_BAG_L1","NeuralNetTorch_r115_BAG_L1","NeuralNetTorch_r13_BAG_L1","NeuralNetTorch_r144_BAG_L1","NeuralNetTorch_r145_BAG_L1","NeuralNetTorch_r158_BAG_L1","NeuralNetTorch_r181_BAG_L1","NeuralNetTorch_r185_BAG_L1","NeuralNetTorch_r193_BAG_L1","NeuralNetTorch_r200_BAG_L1","NeuralNetTorch_r40_BAG_L1","NeuralNetTorch_r42_BAG_L1","NeuralNetTorch_r95_BAG_L1","XGBoost_r172_BAG_L1"]},"weights":{"0":[0.027027027,0.027027027,0.027027027,0.027027027,0.027027027,0.027027027,0.027027027,0.027027027,0.027027027,0.027027027,0.027027027,0.027027027,0.027027027,0.027027027,0.027027027,0.0540540541,0.027027027,0.027027027,0.027027027,0.027027027,0.027027027,0.027027027,0.027027027,0.027027027,0.027027027,0.0540540541,0.0540540541,0.027027027,0.027027027,0.027027027,0.027027027,0.027027027,0.027027027,0.027027027],"1":[0.027027027,0.027027027,0.027027027,0.027027027,0.027027027,0.027027027,0.027027027,0.027027027,0.027027027,0.027027027,0.027027027,0.027027027,0.027027027,0.027027027,0.027027027,0.027027027,0.0540540541,0.027027027,0.027027027,0.027027027,0.027027027,0.027027027,0.027027027,0.027027027,0.027027027,0.027027027,0.0540540541,0.0540540541,0.027027027,0.027027027,0.027027027,0.027027027,0.027027027,0.027027027],"2":[0.0277777778,0.0277777778,0.0277777778,0.0277777778,0.0277777778,0.0277777778,0.0277777778,0.0277777778,0.0277777778,0.0277777778,0.0277777778,0.0277777778,0.0277777778,0.0277777778,0.0555555556,0.0277777778,0.0277777778,0.0277777778,0.0277777778,0.0277777778,0.0277777778,0.0277777778,0.0277777778,0.0277777778,0.0555555556,0.0555555556,0.0277777778,0.0277777778,0.0277777778,0.0277777778,0.0277777778,0.0277777778,0.0277777778],"3":[0.0263157895,0.0263157895,0.0263157895,0.0263157895,0.0263157895,0.0263157895,0.0526315789,0.0263157895,0.0263157895,0.0263157895,0.0263157895,0.0263157895,0.0263157895,0.0263157895,0.0263157895,0.0263157895,0.0526315789,0.0263157895,0.0263157895,0.0263157895,0.0263157895,0.0263157895,0.0263157895,0.0263157895,0.0263157895,0.0263157895,0.0526315789,0.0526315789,0.0263157895,0.0263157895,0.0263157895,0.0263157895,0.0263157895,0.0263157895],"4":[0.027027027,0.027027027,0.027027027,0.027027027,0.027027027,0.027027027,0.027027027,0.027027027,0.027027027,0.027027027,0.027027027,0.027027027,0.027027027,0.027027027,0.027027027,0.0540540541,0.027027027,0.027027027,0.027027027,0.027027027,0.027027027,0.027027027,0.027027027,0.027027027,0.027027027,0.027027027,0.0540540541,0.0540540541,0.027027027,0.027027027,0.027027027,0.027027027,0.027027027,0.027027027],"5":[0.027027027,0.027027027,0.027027027,0.027027027,0.027027027,0.027027027,0.027027027,0.027027027,0.027027027,0.027027027,0.027027027,0.027027027,0.027027027,0.027027027,0.027027027,0.027027027,0.0540540541,0.027027027,0.027027027,0.027027027,0.027027027,0.027027027,0.027027027,0.027027027,0.027027027,0.027027027,0.0540540541,0.0540540541,0.027027027,0.027027027,0.027027027,0.027027027,0.027027027,0.027027027],"6":[0.027027027,0.027027027,0.027027027,0.027027027,0.027027027,0.027027027,0.027027027,0.027027027,0.027027027,0.027027027,0.027027027,0.027027027,0.027027027,0.027027027,0.027027027,0.027027027,0.0540540541,0.027027027,0.027027027,0.027027027,0.027027027,0.027027027,0.027027027,0.027027027,0.027027027,0.027027027,0.0540540541,0.0540540541,0.027027027,0.027027027,0.027027027,0.027027027,0.027027027,0.027027027],"7":[0.027027027,0.027027027,0.027027027,0.027027027,0.027027027,0.027027027,0.027027027,0.027027027,0.027027027,0.027027027,0.027027027,0.027027027,0.027027027,0.027027027,0.027027027,0.027027027,0.0540540541,0.027027027,0.027027027,0.027027027,0.027027027,0.027027027,0.027027027,0.027027027,0.027027027,0.027027027,0.0540540541,0.0540540541,0.027027027,0.027027027,0.027027027,0.027027027,0.027027027,0.027027027],"8":[0.0277777778,0.0277777778,0.0277777778,0.0277777778,0.0277777778,0.0277777778,0.0277777778,0.0277777778,0.0277777778,0.0277777778,0.0277777778,0.0277777778,0.0277777778,0.0277777778,0.0277777778,0.0555555556,0.0277777778,0.0277777778,0.0277777778,0.0277777778,0.0277777778,0.0277777778,0.0277777778,0.0277777778,0.0277777778,0.0555555556,0.0555555556,0.0277777778,0.0277777778,0.0277777778,0.0277777778,0.0277777778,0.0277777778],"9":[0.0263157895,0.0263157895,0.0263157895,0.0263157895,0.0263157895,0.0263157895,0.0263157895,0.0263157895,0.0263157895,0.0263157895,0.0263157895,0.0263157895,0.0263157895,0.0263157895,0.0263157895,0.0263157895,0.0526315789,0.0263157895,0.0263157895,0.0263157895,0.0263157895,0.0263157895,0.0263157895,0.0263157895,0.0263157895,0.0263157895,0.0263157895,0.0526315789,0.0526315789,0.0263157895,0.0263157895,0.0263157895,0.0263157895,0.0263157895,0.0263157895],"10":[0.0277777778,0.0277777778,0.0277777778,0.0277777778,0.0277777778,0.0277777778,0.0277777778,0.0277777778,0.0277777778,0.0277777778,0.0277777778,0.0277777778,0.0277777778,0.0277777778,0.0277777778,0.0555555556,0.0277777778,0.0277777778,0.0277777778,0.0277777778,0.0277777778,0.0277777778,0.0277777778,0.0277777778,0.0277777778,0.0555555556,0.0555555556,0.0277777778,0.0277777778,0.0277777778,0.0277777778,0.0277777778,0.0277777778],"11":[0.0277777778,0.0277777778,0.0277777778,0.0277777778,0.0277777778,0.0277777778,0.0277777778,0.0277777778,0.0277777778,0.0277777778,0.0277777778,0.0277777778,0.0277777778,0.0277777778,0.0555555556,0.0277777778,0.0277777778,0.0277777778,0.0277777778,0.0277777778,0.0277777778,0.0277777778,0.0277777778,0.0277777778,0.0277777778,0.0555555556,0.0555555556,0.0277777778,0.0277777778,0.0277777778,0.0277777778,0.0277777778,0.0277777778],"12":[0.027027027,0.027027027,0.027027027,0.027027027,0.027027027,0.027027027,0.027027027,0.027027027,0.027027027,0.027027027,0.027027027,0.027027027,0.027027027,0.027027027,0.027027027,0.0540540541,0.027027027,0.027027027,0.027027027,0.027027027,0.027027027,0.027027027,0.027027027,0.027027027,0.027027027,0.027027027,0.0540540541,0.0540540541,0.027027027,0.027027027,0.027027027,0.027027027,0.027027027,0.027027027],"13":[0.027027027,0.027027027,0.027027027,0.027027027,0.027027027,0.027027027,0.027027027,0.027027027,0.027027027,0.027027027,0.027027027,0.027027027,0.027027027,0.027027027,0.027027027,0.0540540541,0.027027027,0.027027027,0.027027027,0.027027027,0.027027027,0.027027027,0.027027027,0.027027027,0.027027027,0.0540540541,0.0540540541,0.027027027,0.027027027,0.027027027,0.027027027,0.027027027,0.027027027,0.027027027],"14":[0.027027027,0.027027027,0.027027027,0.027027027,0.027027027,0.027027027,0.027027027,0.027027027,0.027027027,0.027027027,0.027027027,0.027027027,0.027027027,0.027027027,0.027027027,0.027027027,0.0540540541,0.027027027,0.027027027,0.027027027,0.027027027,0.027027027,0.027027027,0.027027027,0.027027027,0.027027027,0.0540540541,0.0540540541,0.027027027,0.027027027,0.027027027,0.027027027,0.027027027,0.027027027],"15":[0.027027027,0.027027027,0.027027027,0.027027027,0.027027027,0.027027027,0.027027027,0.027027027,0.027027027,0.027027027,0.027027027,0.027027027,0.027027027,0.027027027,0.027027027,0.0540540541,0.027027027,0.027027027,0.027027027,0.027027027,0.027027027,0.027027027,0.027027027,0.027027027,0.027027027,0.027027027,0.0540540541,0.0540540541,0.027027027,0.027027027,0.027027027,0.027027027,0.027027027,0.027027027],"16":[0.0263157895,0.0263157895,0.0263157895,0.0263157895,0.0263157895,0.0526315789,0.0263157895,0.0263157895,0.0263157895,0.0263157895,0.0263157895,0.0263157895,0.0263157895,0.0263157895,0.0263157895,0.0526315789,0.0263157895,0.0263157895,0.0263157895,0.0263157895,0.0263157895,0.0263157895,0.0263157895,0.0263157895,0.0263157895,0.0526315789,0.0526315789,0.0263157895,0.0263157895,0.0263157895,0.0263157895,0.0263157895,0.0263157895,0.0263157895],"17":[0.027027027,0.027027027,0.027027027,0.027027027,0.027027027,0.027027027,0.027027027,0.027027027,0.027027027,0.027027027,0.027027027,0.027027027,0.027027027,0.027027027,0.027027027,0.027027027,0.0540540541,0.027027027,0.027027027,0.027027027,0.027027027,0.027027027,0.027027027,0.027027027,0.027027027,0.027027027,0.0540540541,0.0540540541,0.027027027,0.027027027,0.027027027,0.027027027,0.027027027,0.027027027],"18":[0.027027027,0.027027027,0.027027027,0.027027027,0.027027027,0.027027027,0.027027027,0.027027027,0.027027027,0.027027027,0.027027027,0.027027027,0.027027027,0.027027027,0.027027027,0.0540540541,0.027027027,0.027027027,0.027027027,0.027027027,0.027027027,0.027027027,0.027027027,0.027027027,0.027027027,0.0540540541,0.0540540541,0.027027027,0.027027027,0.027027027,0.027027027,0.027027027,0.027027027,0.027027027],"19":[0.0285714286,0.0285714286,0.0285714286,0.0285714286,0.0285714286,0.0285714286,0.0285714286,0.0285714286,0.0285714286,0.0285714286,0.0285714286,0.0285714286,0.0285714286,0.0285714286,0.0285714286,0.0571428571,0.0285714286,0.0285714286,0.0285714286,0.0285714286,0.0285714286,0.0285714286,0.0285714286,0.0285714286,0.0285714286,0.0571428571,0.0285714286,0.0285714286,0.0285714286,0.0285714286,0.0285714286,0.0285714286,0.0285714286],"20":[0.0285714286,0.0285714286,0.0285714286,0.0285714286,0.0285714286,0.0285714286,0.0285714286,0.0285714286,0.0285714286,0.0285714286,0.0285714286,0.0285714286,0.0285714286,0.0285714286,0.0571428571,0.0285714286,0.0285714286,0.0285714286,0.0285714286,0.0285714286,0.0285714286,0.0285714286,0.0571428571,0.0285714286,0.0571428571,0.0285714286,0.0285714286,0.0285714286,0.0285714286,0.0285714286,0.0285714286,0.0285714286],"21":[0.0277777778,0.0277777778,0.0277777778,0.0277777778,0.0277777778,0.0277777778,0.0277777778,0.0277777778,0.0277777778,0.0277777778,0.0277777778,0.0277777778,0.0277777778,0.0277777778,0.0277777778,0.0555555556,0.0277777778,0.0277777778,0.0277777778,0.0277777778,0.0277777778,0.0277777778,0.0277777778,0.0277777778,0.0277777778,0.0555555556,0.0555555556,0.0277777778,0.0277777778,0.0277777778,0.0277777778,0.0277777778,0.0277777778],"22":[0.0294117647,0.0294117647,0.0294117647,0.0294117647,0.0294117647,0.0294117647,0.0294117647,0.0294117647,0.0294117647,0.0294117647,0.0294117647,0.0294117647,0.0294117647,0.0294117647,0.0588235294,0.0294117647,0.0294117647,0.0294117647,0.0294117647,0.0294117647,0.0294117647,0.0294117647,0.0294117647,0.0294117647,0.0588235294,0.0294117647,0.0294117647,0.0294117647,0.0294117647,0.0294117647,0.0294117647,0.0294117647],"23":[0.0263157895,0.0263157895,0.0263157895,0.0263157895,0.0263157895,0.0263157895,0.0263157895,0.0263157895,0.0263157895,0.0263157895,0.0263157895,0.0263157895,0.0263157895,0.0263157895,0.0263157895,0.0263157895,0.0263157895,0.0526315789,0.0263157895,0.0263157895,0.0263157895,0.0263157895,0.0263157895,0.0263157895,0.0263157895,0.0263157895,0.0263157895,0.0526315789,0.0526315789,0.0263157895,0.0263157895,0.0263157895,0.0263157895,0.0263157895,0.0263157895],"24":[0.027027027,0.027027027,0.027027027,0.027027027,0.027027027,0.027027027,0.027027027,0.027027027,0.027027027,0.027027027,0.027027027,0.027027027,0.027027027,0.027027027,0.027027027,0.0540540541,0.027027027,0.027027027,0.027027027,0.027027027,0.027027027,0.027027027,0.027027027,0.027027027,0.027027027,0.027027027,0.0540540541,0.0540540541,0.027027027,0.027027027,0.027027027,0.027027027,0.027027027,0.027027027],"25":[0.027027027,0.027027027,0.027027027,0.027027027,0.027027027,0.027027027,0.027027027,0.027027027,0.027027027,0.027027027,0.027027027,0.027027027,0.027027027,0.027027027,0.027027027,0.027027027,0.0540540541,0.027027027,0.027027027,0.027027027,0.027027027,0.027027027,0.027027027,0.027027027,0.027027027,0.027027027,0.0540540541,0.0540540541,0.027027027,0.027027027,0.027027027,0.027027027,0.027027027,0.027027027],"26":[0.0277777778,0.0277777778,0.0277777778,0.0277777778,0.0277777778,0.0277777778,0.0277777778,0.0277777778,0.0277777778,0.0277777778,0.0277777778,0.0277777778,0.0277777778,0.0277777778,0.0555555556,0.0277777778,0.0277777778,0.0277777778,0.0277777778,0.0277777778,0.0277777778,0.0277777778,0.0277777778,0.0277777778,0.0277777778,0.0555555556,0.0555555556,0.0277777778,0.0277777778,0.0277777778,0.0277777778,0.0277777778,0.0277777778],"27":[0.027027027,0.027027027,0.027027027,0.027027027,0.027027027,0.027027027,0.027027027,0.027027027,0.027027027,0.027027027,0.027027027,0.027027027,0.027027027,0.027027027,0.027027027,0.0540540541,0.027027027,0.027027027,0.027027027,0.027027027,0.027027027,0.027027027,0.027027027,0.027027027,0.027027027,0.027027027,0.0540540541,0.0540540541,0.027027027,0.027027027,0.027027027,0.027027027,0.027027027,0.027027027],"28":[0.027027027,0.027027027,0.027027027,0.027027027,0.027027027,0.027027027,0.027027027,0.027027027,0.027027027,0.027027027,0.027027027,0.027027027,0.027027027,0.027027027,0.027027027,0.0540540541,0.027027027,0.027027027,0.027027027,0.027027027,0.027027027,0.027027027,0.027027027,0.027027027,0.027027027,0.027027027,0.0540540541,0.0540540541,0.027027027,0.027027027,0.027027027,0.027027027,0.027027027,0.027027027],"29":[0.0285714286,0.0285714286,0.0285714286,0.0285714286,0.0285714286,0.0285714286,0.0285714286,0.0285714286,0.0285714286,0.0285714286,0.0285714286,0.0285714286,0.0285714286,0.0285714286,0.0571428571,0.0285714286,0.0285714286,0.0285714286,0.0285714286,0.0285714286,0.0285714286,0.0285714286,0.0285714286,0.0285714286,0.0571428571,0.0285714286,0.0285714286,0.0285714286,0.0285714286,0.0285714286,0.0285714286,0.0285714286,0.0285714286],"30":[0.027027027,0.027027027,0.027027027,0.027027027,0.027027027,0.027027027,0.027027027,0.027027027,0.027027027,0.027027027,0.027027027,0.027027027,0.027027027,0.027027027,0.027027027,0.027027027,0.0540540541,0.027027027,0.027027027,0.027027027,0.027027027,0.027027027,0.027027027,0.027027027,0.027027027,0.027027027,0.0540540541,0.0540540541,0.027027027,0.027027027,0.027027027,0.027027027,0.027027027,0.027027027],"31":[0.027027027,0.027027027,0.027027027,0.027027027,0.027027027,0.027027027,0.027027027,0.027027027,0.027027027,0.027027027,0.027027027,0.027027027,0.027027027,0.027027027,0.027027027,0.0540540541,0.027027027,0.027027027,0.027027027,0.027027027,0.027027027,0.027027027,0.027027027,0.027027027,0.027027027,0.0540540541,0.0540540541,0.027027027,0.027027027,0.027027027,0.027027027,0.027027027,0.027027027,0.027027027],"32":[0.027027027,0.027027027,0.027027027,0.027027027,0.027027027,0.027027027,0.027027027,0.027027027,0.027027027,0.027027027,0.027027027,0.027027027,0.027027027,0.027027027,0.027027027,0.027027027,0.0540540541,0.027027027,0.027027027,0.027027027,0.027027027,0.027027027,0.027027027,0.027027027,0.027027027,0.027027027,0.0540540541,0.0540540541,0.027027027,0.027027027,0.027027027,0.027027027,0.027027027,0.027027027],"33":[0.027027027,0.027027027,0.027027027,0.027027027,0.027027027,0.027027027,0.027027027,0.027027027,0.027027027,0.027027027,0.027027027,0.027027027,0.027027027,0.027027027,0.027027027,0.0540540541,0.027027027,0.027027027,0.027027027,0.0540540541,0.027027027,0.027027027,0.027027027,0.027027027,0.027027027,0.0540540541,0.0540540541,0.027027027,0.027027027,0.027027027,0.027027027,0.027027027,0.027027027],"34":[0.027027027,0.027027027,0.027027027,0.027027027,0.027027027,0.027027027,0.027027027,0.027027027,0.027027027,0.027027027,0.027027027,0.027027027,0.027027027,0.027027027,0.027027027,0.0540540541,0.027027027,0.027027027,0.027027027,0.027027027,0.027027027,0.027027027,0.027027027,0.027027027,0.027027027,0.027027027,0.0540540541,0.0540540541,0.027027027,0.027027027,0.027027027,0.027027027,0.027027027,0.027027027],"35":[0.0285714286,0.0285714286,0.0285714286,0.0285714286,0.0285714286,0.0285714286,0.0285714286,0.0285714286,0.0285714286,0.0285714286,0.0285714286,0.0285714286,0.0285714286,0.0285714286,0.0285714286,0.0571428571,0.0285714286,0.0285714286,0.0285714286,0.0285714286,0.0285714286,0.0285714286,0.0285714286,0.0285714286,0.0285714286,0.0571428571,0.0285714286,0.0285714286,0.0285714286,0.0285714286,0.0285714286,0.0285714286,0.0285714286],"36":[0.0285714286,0.0285714286,0.0285714286,0.0285714286,0.0285714286,0.0285714286,0.0285714286,0.0285714286,0.0285714286,0.0285714286,0.0285714286,0.0285714286,0.0285714286,0.0285714286,0.0285714286,0.0571428571,0.0285714286,0.0285714286,0.0285714286,0.0285714286,0.0285714286,0.0285714286,0.0285714286,0.0285714286,0.0285714286,0.0571428571,0.0285714286,0.0285714286,0.0285714286,0.0285714286,0.0285714286,0.0285714286,0.0285714286],"37":[0.027027027,0.027027027,0.027027027,0.027027027,0.027027027,0.027027027,0.027027027,0.027027027,0.027027027,0.027027027,0.027027027,0.027027027,0.027027027,0.027027027,0.027027027,0.0540540541,0.027027027,0.027027027,0.027027027,0.027027027,0.027027027,0.027027027,0.027027027,0.027027027,0.027027027,0.027027027,0.0540540541,0.0540540541,0.027027027,0.027027027,0.027027027,0.027027027,0.027027027,0.027027027],"38":[0.027027027,0.027027027,0.027027027,0.027027027,0.027027027,0.027027027,0.027027027,0.027027027,0.027027027,0.027027027,0.027027027,0.027027027,0.027027027,0.027027027,0.027027027,0.027027027,0.0540540541,0.027027027,0.027027027,0.027027027,0.027027027,0.027027027,0.027027027,0.027027027,0.027027027,0.027027027,0.0540540541,0.0540540541,0.027027027,0.027027027,0.027027027,0.027027027,0.027027027,0.027027027],"39":[0.027027027,0.027027027,0.027027027,0.027027027,0.027027027,0.027027027,0.027027027,0.027027027,0.027027027,0.027027027,0.027027027,0.027027027,0.027027027,0.027027027,0.027027027,0.027027027,0.0540540541,0.027027027,0.027027027,0.027027027,0.027027027,0.027027027,0.027027027,0.027027027,0.027027027,0.027027027,0.0540540541,0.0540540541,0.027027027,0.027027027,0.027027027,0.027027027,0.027027027,0.027027027],"40":[0.027027027,0.027027027,0.027027027,0.027027027,0.027027027,0.027027027,0.027027027,0.027027027,0.027027027,0.027027027,0.027027027,0.027027027,0.027027027,0.027027027,0.027027027,0.0540540541,0.027027027,0.027027027,0.027027027,0.027027027,0.027027027,0.027027027,0.027027027,0.027027027,0.027027027,0.0540540541,0.0540540541,0.027027027,0.027027027,0.027027027,0.027027027,0.027027027,0.027027027,0.027027027],"41":[0.0277777778,0.0277777778,0.0277777778,0.0277777778,0.0277777778,0.0555555556,0.0277777778,0.0277777778,0.0277777778,0.0277777778,0.0277777778,0.0277777778,0.0277777778,0.0277777778,0.0555555556,0.0277777778,0.0277777778,0.0277777778,0.0277777778,0.0277777778,0.0277777778,0.0277777778,0.0277777778,0.0277777778,0.0555555556,0.0555555556,0.0277777778,0.0277777778,0.0277777778,0.0277777778,0.0277777778,0.0277777778],"42":[0.027027027,0.027027027,0.027027027,0.027027027,0.027027027,0.027027027,0.027027027,0.027027027,0.027027027,0.027027027,0.027027027,0.027027027,0.027027027,0.027027027,0.027027027,0.0540540541,0.027027027,0.027027027,0.027027027,0.027027027,0.027027027,0.027027027,0.027027027,0.027027027,0.027027027,0.027027027,0.0540540541,0.0540540541,0.027027027,0.027027027,0.027027027,0.027027027,0.027027027,0.027027027],"43":[0.027027027,0.027027027,0.027027027,0.027027027,0.027027027,0.027027027,0.027027027,0.027027027,0.027027027,0.027027027,0.027027027,0.027027027,0.027027027,0.027027027,0.027027027,0.0540540541,0.027027027,0.027027027,0.027027027,0.027027027,0.027027027,0.027027027,0.027027027,0.027027027,0.027027027,0.0540540541,0.0540540541,0.027027027,0.027027027,0.027027027,0.027027027,0.027027027,0.027027027,0.027027027],"44":[0.0285714286,0.0285714286,0.0285714286,0.0285714286,0.0285714286,0.0285714286,0.0285714286,0.0285714286,0.0285714286,0.0285714286,0.0285714286,0.0285714286,0.0285714286,0.0285714286,0.0571428571,0.0285714286,0.0285714286,0.0285714286,0.0285714286,0.0285714286,0.0285714286,0.0285714286,0.0285714286,0.0285714286,0.0571428571,0.0571428571,0.0285714286,0.0285714286,0.0285714286,0.0285714286,0.0285714286,0.0285714286],"45":[0.027027027,0.027027027,0.027027027,0.027027027,0.027027027,0.027027027,0.027027027,0.027027027,0.027027027,0.027027027,0.027027027,0.027027027,0.027027027,0.027027027,0.027027027,0.027027027,0.0540540541,0.027027027,0.027027027,0.027027027,0.027027027,0.027027027,0.027027027,0.027027027,0.027027027,0.027027027,0.0540540541,0.0540540541,0.027027027,0.027027027,0.027027027,0.027027027,0.027027027,0.027027027],"46":[0.027027027,0.027027027,0.027027027,0.027027027,0.027027027,0.027027027,0.027027027,0.027027027,0.027027027,0.027027027,0.027027027,0.027027027,0.027027027,0.027027027,0.027027027,0.027027027,0.0540540541,0.027027027,0.027027027,0.027027027,0.027027027,0.027027027,0.027027027,0.027027027,0.027027027,0.027027027,0.0540540541,0.0540540541,0.027027027,0.027027027,0.027027027,0.027027027,0.027027027,0.027027027],"47":[0.027027027,0.027027027,0.027027027,0.027027027,0.027027027,0.027027027,0.027027027,0.027027027,0.027027027,0.027027027,0.027027027,0.027027027,0.027027027,0.027027027,0.027027027,0.027027027,0.0540540541,0.027027027,0.027027027,0.027027027,0.027027027,0.027027027,0.027027027,0.027027027,0.027027027,0.027027027,0.0540540541,0.0540540541,0.027027027,0.027027027,0.027027027,0.027027027,0.027027027,0.027027027],"48":[0.0277777778,0.0277777778,0.0277777778,0.0277777778,0.0277777778,0.0277777778,0.0277777778,0.0277777778,0.0277777778,0.0277777778,0.0277777778,0.0277777778,0.0277777778,0.0277777778,0.0277777778,0.0555555556,0.0277777778,0.0277777778,0.0277777778,0.0277777778,0.0277777778,0.0277777778,0.0277777778,0.0277777778,0.0277777778,0.0555555556,0.0555555556,0.0277777778,0.0277777778,0.0277777778,0.0277777778,0.0277777778,0.0277777778]},"meta":{"0":36,"1":37,"2":37,"3":37,"4":37,"5":37,"6":36,"7":37,"8":35,"9":38,"10":38,"11":34,"12":37,"13":36,"14":36,"15":37,"16":37,"17":36,"18":38,"19":37,"20":37,"21":37,"22":37,"23":36,"24":37,"25":35,"26":37,"27":38,"28":35,"29":37,"30":37,"31":35,"32":35,"33":37,"34":36,"35":36,"36":37,"37":37,"38":37,"39":37,"40":37,"41":37,"42":35,"43":37,"44":37,"45":37,"46":37,"47":37,"48":37},"task":{"0":"9915_0","1":"9915_0","2":"9915_0","3":"9915_0","4":"9915_0","5":"9915_0","6":"9915_0","7":"9915_0","8":"9915_0","9":"9915_0","10":"9915_0","11":"9915_0","12":"9915_0","13":"9915_0","14":"9915_0","15":"9915_0","16":"9915_0","17":"9915_0","18":"9915_0","19":"9915_0","20":"9915_0","21":"9915_0","22":"9915_0","23":"9915_0","24":"9915_0","25":"9915_0","26":"9915_0","27":"9915_0","28":"9915_0","29":"9915_0","30":"9915_0","31":"9915_0","32":"9915_0","33":"9915_0","34":"9915_0","35":"9915_0","36":"9915_0","37":"9915_0","38":"9915_0","39":"9915_0","40":"9915_0","41":"9915_0","42":"9915_0","43":"9915_0","44":"9915_0","45":"9915_0","46":"9915_0","47":"9915_0","48":"9915_0"},"dataset":{"0":"volcanoes-e1","1":"volcanoes-e1","2":"volcanoes-e1","3":"volcanoes-e1","4":"volcanoes-e1","5":"volcanoes-e1","6":"volcanoes-e1","7":"volcanoes-e1","8":"volcanoes-e1","9":"volcanoes-e1","10":"volcanoes-e1","11":"volcanoes-e1","12":"volcanoes-e1","13":"volcanoes-e1","14":"volcanoes-e1","15":"volcanoes-e1","16":"volcanoes-e1","17":"volcanoes-e1","18":"volcanoes-e1","19":"volcanoes-e1","20":"volcanoes-e1","21":"volcanoes-e1","22":"volcanoes-e1","23":"volcanoes-e1","24":"volcanoes-e1","25":"volcanoes-e1","26":"volcanoes-e1","27":"volcanoes-e1","28":"volcanoes-e1","29":"volcanoes-e1","30":"volcanoes-e1","31":"volcanoes-e1","32":"volcanoes-e1","33":"volcanoes-e1","34":"volcanoes-e1","35":"volcanoes-e1","36":"volcanoes-e1","37":"volcanoes-e1","38":"volcanoes-e1","39":"volcanoes-e1","40":"volcanoes-e1","41":"volcanoes-e1","42":"volcanoes-e1","43":"volcanoes-e1","44":"volcanoes-e1","45":"volcanoes-e1","46":"volcanoes-e1","47":"volcanoes-e1","48":"volcanoes-e1"},"fold":{"0":0,"1":0,"2":0,"3":0,"4":0,"5":0,"6":0,"7":0,"8":0,"9":0,"10":0,"11":0,"12":0,"13":0,"14":0,"15":0,"16":0,"17":0,"18":0,"19":0,"20":0,"21":0,"22":0,"23":0,"24":0,"25":0,"26":0,"27":0,"28":0,"29":0,"30":0,"31":0,"32":0,"33":0,"34":0,"35":0,"36":0,"37":0,"38":0,"39":0,"40":0,"41":0,"42":0,"43":0,"44":0,"45":0,"46":0,"47":0,"48":0},"method":{"0":"QO","1":"QO","2":"QO","3":"QO","4":"QO","5":"QO","6":"QO","7":"QO","8":"QO","9":"QO","10":"QO","11":"QO","12":"QO","13":"QO","14":"QO","15":"QO","16":"QO","17":"QO","18":"QO","19":"QO","20":"QO","21":"QO","22":"QO","23":"QO","24":"QO","25":"QO","26":"QO","27":"QO","28":"QO","29":"QO","30":"QO","31":"QO","32":"QO","33":"QO","34":"QO","35":"QO","36":"QO","37":"QO","38":"QO","39":"QO","40":"QO","41":"QO","42":"QO","43":"QO","44":"QO","45":"QO","46":"QO","47":"QO","48":"QO"}}